# mit_dome — converted + decimated for MAMABEAVER
o mit_dome
v 1.93418 9.79692 104.70518
v 1.92986 8.79518 104.71190
v 2.06429 8.80271 104.51060
v 2.06429 9.80446 104.51060
v 1.98873 9.80001 105.13136
v 1.93524 8.79547 105.06353
v 2.11083 9.80729 105.27214
v 2.12540 8.80632 105.28478
v 2.32954 9.26526 105.36921
v 1.86018 9.23598 105.42263
v 1.64831 9.78234 105.14560
v 1.64238 8.78103 105.15506
v 1.56736 9.27910 105.30245
v 1.23253 9.76596 105.41625
v 1.22783 8.76533 105.41631
v 1.04455 9.20442 105.42450
v 2.17456 9.81128 104.36146
v 2.17937 8.80962 104.35554
v 2.33840 9.82217 104.21877
v 2.33948 8.81993 104.21826
v 2.42339 9.54267 104.19516
v 2.04895 9.80354 104.15466
v 2.04895 8.80182 104.15466
v 1.73494 9.24098 104.16370
v 1.85755 9.45797 104.23021
v 1.63698 9.78181 104.67510
v 1.63698 8.78079 104.67510
v 1.52656 9.27621 104.52953
v 1.49250 8.77472 104.48224
v 1.38458 9.77128 104.28858
v 1.44449 9.27402 104.22180
v 1.45639 8.77329 104.21731
v 1.48091 9.77505 104.20993
v 1.21663 9.76545 104.15395
v 1.21629 8.76495 104.15394
v 1.02144 9.26041 104.17119
v 1.15640 8.76315 104.22610
v 1.15675 9.76359 104.22624
v 4.24714 9.00666 104.15081
v 4.20807 9.00168 104.23396
v 4.16078 8.99567 104.14411
v 4.25261 9.00739 104.72125
v 4.37745 9.02377 105.41535
v 4.25116 10.01578 105.02592
v 4.24832 10.01540 105.12545
v 4.25186 10.01588 104.61735
v 4.21648 9.33995 104.24426
v 4.23568 9.67760 104.29906
v 4.10326 9.99642 104.19397
v 4.14068 9.49960 104.20077
v 4.13344 10.00031 104.19910
v 4.18434 9.49960 104.21670
v 4.19038 10.00774 104.22015
v 4.62096 9.05719 104.14028
v 4.62096 10.06746 104.14028
v 4.67505 9.57218 104.13984
v 4.67505 9.74185 104.13984
v 4.22825 9.76134 105.29923
v 4.22825 9.50809 105.29923
v 4.18268 9.49987 105.35636
v 4.14276 10.00152 105.36681
v 4.11381 9.99778 105.37029
v 4.11381 8.98978 105.37029
v 4.67177 9.06442 105.42302
v 4.67177 10.07492 105.42302
v 4.68054 9.96757 105.42262
v 4.68054 9.51599 105.42262
v 0.22088 9.75001 104.17363
v 0.22088 8.75001 104.17363
v 0.22100 9.32144 104.17461
v 0.57692 9.75177 104.15466
v 0.57692 8.75171 104.15466
v 0.83158 9.50597 104.20387
v 0.69872 9.75333 104.26491
v 0.69872 8.75322 104.26491
v 0.70893 9.25431 104.25138
v 0.66181 8.75271 104.93600
v 0.66181 9.75280 104.93600
v 0.66868 9.75290 105.15150
v 0.66868 8.75280 105.15150
v 0.37878 8.75027 105.41727
v 0.37878 9.75027 105.41727
v 0.01517 9.75091 104.55156
v 0.01517 8.75088 104.55156
v 0.10948 9.75033 104.76494
v 0.10948 8.75032 104.76494
v -0.05972 9.75159 104.68770
v -0.05972 8.75153 104.68770
v -0.01785 9.75119 104.61367
v -0.01328 8.75111 104.60544
v -0.34100 8.75559 105.22888
v -0.34100 9.75577 105.22888
v -0.43316 9.75771 105.41727
v -0.43316 8.75747 105.41727
v -0.85775 8.76964 105.42686
v -0.85775 9.77029 105.42686
v -0.89211 9.32627 105.40326
v -0.74894 9.26802 105.32734
v 0.34875 9.41689 104.23110
v -0.02588 8.75122 104.19109
v -0.02588 9.75126 104.19109
v -0.05648 9.25140 104.15002
v -0.60234 9.76201 105.01359
v -0.60375 8.76166 104.84989
v -0.60464 9.76207 104.53368
v -0.60464 8.76169 104.53368
v -0.57733 9.42686 104.25766
v -0.54325 9.76040 104.22432
v -0.53513 9.42686 104.21999
v -0.49618 9.09231 104.20647
v -0.85390 8.76950 104.14507
v -0.85390 9.77015 104.14507
v -0.88693 9.21479 104.16636
v -2.06752 8.83605 104.31572
v -2.06592 8.83593 105.24231
v -2.14122 8.84162 105.14216
v -2.10905 8.83917 104.36386
v -2.19668 8.84593 105.02897
v -1.90597 8.82446 104.19584
v -1.91069 8.82478 104.71706
v -1.59200 8.80433 104.12973
v -1.62416 8.80625 104.25803
v -1.24296 8.78568 104.34018
v -2.19833 9.84924 105.02458
v -2.17294 9.84719 105.08365
v -2.06592 9.83878 105.24231
v -2.06752 9.83891 104.31572
v -2.10836 9.84207 104.36348
v -1.59200 9.80613 104.12973
v -1.72319 9.81443 104.13948
v -1.21379 9.78544 104.26779
v -1.26336 9.78787 104.22750
v -1.06339 9.28151 104.46091
v -1.91106 9.82729 104.72046
v -1.66330 9.81057 105.34810
v -1.66243 8.80857 105.34840
v -1.09731 8.77906 105.05967
v -1.09731 9.78002 105.05967
v -1.12236 9.28014 104.98313
v 3.48787 9.92379 105.37604
v 3.49757 9.42482 105.37533
v 3.48787 8.91819 105.37604
v 3.47944 8.91732 104.91107
v 3.47944 9.92288 104.91107
v 3.31866 8.90103 104.48349
v 3.31866 9.90605 104.48349
v 3.09121 9.88373 105.13443
v 3.09118 8.87943 105.13453
v 3.14723 8.88460 104.94964
v 3.14730 9.88908 104.94942
v 3.14972 9.55357 105.37157
v 2.85896 8.85910 105.42206
v 2.85896 9.86272 105.42206
v 2.59158 9.17099 105.43121
v 3.43378 8.91261 104.54006
v 3.43378 9.91801 104.54006
v 3.30457 8.89964 104.21008
v 3.26924 9.90105 104.12877
v 2.84896 9.86185 105.01509
v 2.84896 8.85826 105.01509
v 4.79026 10.09267 102.89028
v 4.79026 10.09267 103.39333
v 4.79026 9.08158 102.89028
v 4.79026 9.08158 103.39333
v 5.07969 9.12547 103.27567
v 5.07972 10.13804 103.27566
v 5.36869 9.17206 103.15817
v 5.65724 9.22137 103.04086
v 5.65724 10.23720 103.04086
v 5.65724 10.23720 106.55695
v 5.65724 9.22137 106.55695
v 5.36872 10.18622 106.43965
v 5.36869 9.17206 106.43964
v 5.07969 9.12547 106.32214
v 4.79026 10.09267 106.20448
v 4.79026 9.08158 106.20448
v 4.79026 10.09267 106.70753
v 4.79026 9.08158 106.70753
v 3.49907 9.92499 106.70753
v 2.20185 9.81304 106.70753
v 0.90102 9.75701 106.70753
v -0.40102 9.75701 106.70753
v 0.90087 8.75678 106.70753
v 2.20147 8.81099 106.70753
v 3.49868 8.91932 106.70753
v -1.70185 9.81304 106.70753
v -4.29026 9.08158 106.70753
v -2.99868 8.91932 106.70753
v -1.70147 8.81099 106.70753
v -2.99907 9.92499 106.70753
v -4.29026 10.09267 106.70753
v -0.40087 8.75678 106.70753
v -4.04747 9.04690 103.75413
v -4.29026 9.08158 103.39333
v -4.04747 9.04690 103.13308
v -4.29026 9.08158 102.89028
v -2.99868 8.91932 102.89028
v -4.57969 9.12547 103.27567
v -4.62587 9.13273 103.51899
v -4.86869 9.17206 103.15817
v -4.91444 9.17970 103.40166
v -5.15724 9.22137 103.04086
v -4.91444 9.17970 106.19615
v -5.15724 9.22137 106.55695
v -4.86869 9.17206 106.43964
v -4.62587 9.13273 106.07883
v -4.33687 9.08846 105.96133
v -4.04747 9.04690 105.84368
v -4.04747 9.04690 106.46474
v -2.62004 8.88207 106.46474
v -1.18654 8.78303 106.46474
v 0.25000 8.75000 106.46474
v 1.68654 8.78303 106.46474
v 3.12004 8.88207 106.46474
v 4.54747 9.04690 106.46474
v 4.54747 9.04690 105.84368
v 5.12587 9.13273 106.07883
v 5.41444 9.17970 106.19615
v 5.41444 9.17970 103.40166
v 5.12587 9.13273 103.51899
v 4.54747 9.04690 103.75413
v 4.54747 9.04690 103.13308
v 3.12004 8.88207 103.13308
v 3.49868 8.91932 102.89028
v 2.20147 8.81099 102.89028
v 1.68654 8.78303 103.13308
v 0.90087 8.75678 102.89028
v 0.25000 8.75000 103.13308
v -0.40087 8.75678 102.89028
v -1.18654 8.78303 103.13308
v -1.70147 8.81099 102.89028
v -2.62004 8.88207 103.13308
v 4.54747 10.05682 103.13308
v 4.54747 10.05682 103.75413
v -0.36596 9.75627 103.13308
v -1.59687 9.80643 103.13308
v -2.82472 9.90667 103.13308
v 0.86596 9.75627 103.13308
v 2.09687 9.80643 103.13308
v 3.32472 9.90667 103.13308
v -4.04747 10.05682 103.13308
v -4.04747 10.05682 103.75413
v -4.62590 10.14555 103.51897
v -4.33690 10.09978 103.63647
v -4.91444 10.19411 106.19615
v -4.04747 10.05682 105.84368
v -4.33690 10.09978 105.96134
v 5.12590 10.14555 103.51897
v 5.41444 10.19411 106.19615
v 4.54747 10.05682 105.84368
v 4.54747 10.05682 106.46474
v 3.32472 9.90667 106.46474
v -1.59687 9.80643 106.46474
v -2.82472 9.90667 106.46474
v -4.04747 10.05682 106.46474
v -4.29026 10.09267 102.89028
v -2.99907 9.92499 102.89028
v -1.70185 9.81304 102.89028
v -0.40102 9.75701 102.89028
v 0.90102 9.75701 102.89028
v 2.20185 9.81304 102.89028
v 3.49907 9.92499 102.89028
v -5.15724 10.23720 103.04086
v -4.86872 10.18622 103.15816
v -4.57972 10.13804 103.27566
v -5.15724 10.23720 106.55695
v -4.86872 10.18622 106.43965
v -2.45857 9.87151 104.17671
v -2.51804 9.87691 105.42877
v -2.94293 9.91898 105.41727
v -3.52974 9.98707 104.96716
v -3.11950 9.93825 104.98016
v -3.33953 9.96373 104.61361
v -2.53554 9.87852 104.20852
v -2.58531 9.88317 104.22777
v -2.65990 9.89028 104.93600
v -3.08272 9.93415 104.14507
v -3.37872 9.96843 104.14995
v -3.73270 10.01333 104.16371
v -3.57932 9.99335 104.51392
v -3.68889 10.00755 104.72681
v -3.76816 10.01806 104.19876
v -3.92155 10.03901 105.17567
v -3.89819 10.03577 104.25616
v -3.92405 10.03936 105.01359
v -4.18816 10.07734 104.14628
v -4.21329 10.08108 105.39317
v -3.75487 10.01628 105.41727
v -3.30654 8.95304 104.55156
v -3.10625 8.93075 105.01147
v -3.01878 8.92142 105.22265
v -3.38143 8.96171 104.68770
v -3.66271 8.99592 105.22888
v -3.85308 9.02055 105.41751
v -4.21383 9.07046 105.40313
v -4.21382 9.62977 105.40326
v -4.18754 9.51692 105.42644
v -4.07064 9.56260 105.32734
v -4.05165 9.71987 105.31085
v -4.00400 9.04090 104.97883
v -4.00879 9.04156 104.43096
v -4.15739 9.06236 104.20451
v -4.11536 9.55913 104.21513
v -4.08130 9.55913 104.22970
v -4.20101 9.06861 104.19157
v -4.19855 9.46912 104.19292
v -4.19855 9.67250 104.19292
v -4.18347 9.97892 104.14550
v -3.76145 9.00854 104.14699
v -3.73219 9.46491 104.16607
v -3.89905 9.69404 104.25766
v -2.73034 8.89245 105.41991
v -2.45202 9.37074 105.40277
v -2.65990 8.88578 104.93600
v -2.66086 8.88587 104.46624
v -2.61278 9.37898 104.25138
v -2.57326 9.37898 104.22105
v -2.56860 8.87737 104.21887
v -2.49980 8.87122 104.20451
v -2.45873 9.37142 104.17996
v -3.08272 8.92822 104.14507
v -3.10062 9.21621 104.16835
v -2.97296 9.41824 104.23110
v -3.51990 8.97824 104.39777
v -29.97005 9.75000 49.00000
v -52.71558 9.75000 49.00000
v -29.97005 9.75000 96.89333
v -52.71558 9.75000 96.89333
v 52.71558 9.75000 49.00000
v 30.47005 9.75000 49.00000
v 52.71558 9.75000 96.89333
v 30.47005 9.75000 96.89333
v -52.71558 -12.54573 96.89333
v -52.71558 -10.74573 95.52231
v -52.71558 -10.74573 49.00000
v -52.71558 -11.74573 95.83777
v -52.71558 -11.94573 96.27334
v -52.71558 -11.94573 95.83777
v -29.97005 41.65427 96.89333
v -29.84473 43.06097 96.89333
v -29.97005 73.65427 96.89333
v -29.66926 44.46101 96.89333
v -29.42868 45.85135 96.89333
v -29.12354 47.22895 96.89333
v -28.75449 48.59083 96.89333
v -28.32233 49.93401 96.89333
v -27.82801 51.25558 96.89333
v -27.27259 52.55267 96.89333
v -26.65730 53.82244 96.89333
v -25.98346 55.06214 96.89333
v -25.25255 56.26906 96.89333
v -24.46615 57.44060 96.89333
v -23.62598 58.57418 96.89333
v -22.73386 59.66735 96.89333
v -21.79173 60.71774 96.89333
v -20.80165 61.72304 96.89333
v -19.76576 62.68109 96.89333
v -18.68633 63.58978 96.89333
v -17.56570 64.44716 96.89333
v -16.40630 65.25134 96.89333
v -15.21067 66.00058 96.89333
v -13.98139 66.69326 96.89333
v -12.72116 67.32785 96.89333
v -11.43270 67.90299 96.89333
v -10.11883 68.41742 96.89333
v -8.78239 68.87003 96.89333
v -7.42631 69.25982 96.89333
v -6.05352 69.58595 96.89333
v -4.66702 69.84771 96.89333
v -3.26982 70.04452 96.89333
v -1.86496 70.17597 96.89333
v -0.45550 70.24177 96.89333
v 0.95550 70.24177 96.89333
v 30.47005 73.65427 96.89333
v 2.36496 70.17597 96.89333
v 3.76982 70.04452 96.89333
v 5.16702 69.84771 96.89333
v 6.55352 69.58595 96.89333
v 7.92631 69.25982 96.89333
v 9.28239 68.87003 96.89333
v 10.61883 68.41742 96.89333
v 11.93270 67.90299 96.89333
v 13.22116 67.32785 96.89333
v 14.48139 66.69326 96.89333
v 15.71067 66.00058 96.89333
v 16.90630 65.25134 96.89333
v 18.06570 64.44716 96.89333
v 19.18633 63.58978 96.89333
v 20.26576 62.68109 96.89333
v 21.30165 61.72304 96.89333
v 22.29173 60.71774 96.89333
v 23.23386 59.66735 96.89333
v 24.12598 58.57418 96.89333
v 24.96615 57.44060 96.89333
v 25.75255 56.26906 96.89333
v 26.48346 55.06214 96.89333
v 27.15730 53.82244 96.89333
v 27.77259 52.55267 96.89333
v 28.32801 51.25558 96.89333
v 28.82233 49.93401 96.89333
v 29.25449 48.59083 96.89333
v 29.62354 47.22895 96.89333
v 29.92868 45.85135 96.89333
v 30.16926 44.46101 96.89333
v 30.34473 43.06097 96.89333
v 30.47005 41.65427 96.89333
v -29.97005 38.65427 96.89333
v -29.87356 37.23705 96.89333
v -29.71063 35.82593 96.89333
v -29.48165 34.42401 96.89333
v -29.18710 33.03439 96.89333
v -28.82764 31.66012 96.89333
v -28.40406 30.30425 96.89333
v -27.91729 28.96976 96.89333
v -27.36841 27.65959 96.89333
v -26.75863 26.37663 96.89333
v -26.08930 25.12371 96.89333
v -25.36188 23.90360 96.89333
v -24.57798 22.71898 96.89333
v -23.73934 21.57247 96.89333
v -22.84780 20.46659 96.89333
v -21.90532 19.40378 96.89333
v -20.91399 18.38640 96.89333
v -19.87599 17.41667 96.89333
v -18.79361 16.49674 96.89333
v -17.66924 15.62864 96.89333
v -16.50536 14.81428 96.89333
v -15.30452 14.05546 96.89333
v -14.06939 13.35384 96.89333
v -12.80268 12.71099 96.89333
v -11.50719 12.12831 96.89333
v -10.18577 11.60709 96.89333
v -8.84134 11.14848 96.89333
v -7.47686 10.75349 96.89333
v -6.09535 10.42300 96.89333
v -4.69984 10.15772 96.89333
v -3.29342 9.95825 96.89333
v -1.87918 9.82503 96.89333
v -0.46025 9.75834 96.89333
v 52.71558 -12.54573 96.89333
v 0.96025 9.75834 96.89333
v 2.37918 9.82503 96.89333
v 3.79342 9.95825 96.89333
v 5.19984 10.15772 96.89333
v 6.59535 10.42300 96.89333
v 7.97686 10.75349 96.89333
v 9.34134 11.14848 96.89333
v 10.68577 11.60709 96.89333
v 12.00719 12.12831 96.89333
v 13.30268 12.71099 96.89333
v 14.56939 13.35384 96.89333
v 15.80452 14.05546 96.89333
v 17.00536 14.81428 96.89333
v 18.16924 15.62864 96.89333
v 19.29361 16.49674 96.89333
v 20.37599 17.41667 96.89333
v 21.41399 18.38640 96.89333
v 22.40532 19.40378 96.89333
v 23.34780 20.46659 96.89333
v 24.23934 21.57247 96.89333
v 25.07798 22.71898 96.89333
v 25.86188 23.90360 96.89333
v 26.58930 25.12371 96.89333
v 27.25863 26.37663 96.89333
v 27.86841 27.65959 96.89333
v 28.41729 28.96976 96.89333
v 28.90406 30.30425 96.89333
v 29.32764 31.66012 96.89333
v 29.68710 33.03439 96.89333
v 29.98165 34.42401 96.89333
v 30.21063 35.82593 96.89333
v 30.37356 37.23705 96.89333
v 30.47005 38.65427 96.89333
v -29.97005 73.65427 49.00000
v 30.47005 73.65427 49.00000
v 52.71558 -10.74573 49.00000
v 52.71558 -10.74573 95.52231
v 52.71558 -11.94573 96.27334
v 52.71558 -11.74573 95.83777
v 52.71558 -11.94573 95.83777
v -51.71558 -10.74573 49.00000
v -51.71558 -27.65427 49.00000
v -51.71558 -10.74573 49.42667
v -51.71558 -27.65427 49.42667
v 51.71558 -27.65427 49.00000
v 51.71558 -27.65427 49.42667
v 51.71558 -10.74573 49.00000
v 51.71558 -10.74573 49.42667
v 35.61291 -19.25427 82.32257
v 35.60665 -19.25427 82.57442
v 35.53108 -19.25427 82.55208
v 35.36886 -19.25427 82.30695
v 35.12930 -19.25427 82.33786
v 35.12106 -19.25427 82.70724
v 34.70403 -19.25427 82.69657
v 35.03938 -19.25427 82.90789
v 34.63704 -19.25427 82.92229
v 35.01819 -19.25427 83.31237
v 34.65847 -19.25427 83.37910
v 34.98838 -19.25427 83.83807
v 35.15034 -19.25427 83.62702
v 35.22565 -19.25427 83.93762
v 35.62309 -19.25427 83.70539
v 35.84383 -19.25427 83.94063
v 35.99946 -19.25427 83.74437
v 35.98133 -19.25427 82.43944
v 31.39327 -19.25427 82.31780
v 31.45497 -19.25427 82.55755
v 31.34307 -19.25427 82.32007
v 31.20260 -19.25427 82.62594
v 31.27138 -19.25427 82.91442
v 31.48387 -19.25427 82.93692
v 30.95140 -19.25427 82.53443
v 30.70891 -19.25427 82.33694
v 30.45817 -19.25427 82.60498
v 30.80265 -19.25427 83.15410
v 30.46641 -19.25427 83.64939
v 30.81117 -19.25427 83.38506
v 30.64641 -19.25427 83.94187
v 30.46014 -19.25427 83.72606
v 30.41175 -19.25427 82.32444
v 26.60392 -19.25427 82.92442
v 26.33679 -19.25427 82.70442
v 26.47142 -19.25427 82.49514
v 26.87891 -19.25427 82.30194
v 26.91141 -19.25427 83.62939
v 26.21347 -19.25427 82.89308
v 26.29045 -19.25427 83.39389
v 25.90183 -19.25427 83.35712
v 25.91405 -19.25427 83.95031
v 25.92235 -19.25427 82.49838
v 25.92049 -19.25427 82.33194
v 26.00615 -19.25427 82.32850
v 25.51461 -19.25427 82.32694
v 25.50949 -19.25427 82.50636
v 26.61393 -19.25427 82.26944
v 26.62392 -19.25427 83.67189
v 26.61527 -19.25427 83.73116
v 26.78641 -19.25427 83.94187
v 21.67820 -19.25427 82.73071
v 21.91646 -19.25427 82.43694
v 21.94427 -19.25427 82.74847
v 21.96462 -19.25427 82.89283
v 21.73270 -19.25427 82.35693
v 21.31151 -19.25427 82.55272
v 21.25735 -19.25427 82.31043
v 20.90443 -19.25427 82.42770
v 20.79776 -19.25427 82.51818
v 21.01729 -19.25427 82.91000
v 20.61206 -19.25427 82.92229
v 20.99553 -19.25427 83.31022
v 20.63392 -19.25427 83.37539
v 20.83588 -19.25427 83.73407
v 20.96204 -19.25427 83.83543
v 21.33959 -19.25427 83.72724
v 21.55510 -19.25427 83.70117
v 21.79145 -19.25427 83.94063
v 21.91795 -19.25427 83.59001
v 16.78906 -19.25427 82.74942
v 17.12467 -19.25427 83.26472
v 16.78906 -19.25427 83.74438
v 17.13342 -19.25427 83.53537
v 16.73211 -19.25427 82.53337
v 16.93905 -19.25427 82.33694
v 16.67659 -19.25427 82.32944
v 17.20528 -19.25427 82.33194
v 17.17785 -19.25427 82.51869
v 17.34654 -19.25427 83.94187
v 16.56907 -19.25427 83.94187
v 17.37591 -19.25427 83.68595
v 17.60403 -19.25427 83.96937
v 17.64590 -19.25427 83.58691
v 16.31658 -19.25427 83.96937
v 16.54126 -19.25427 83.68595
v 16.27346 -19.25427 83.58128
v 11.95101 -19.25427 82.83028
v 12.27483 -19.25427 82.74989
v 11.97008 -19.25427 82.93642
v 12.33281 -19.25427 82.91117
v 11.71746 -19.25427 82.32313
v 11.68515 -19.25427 82.53337
v 11.63035 -19.25427 82.31103
v 11.23925 -19.25427 82.36183
v 11.06246 -19.25427 82.47080
v 11.23561 -19.25427 82.90622
v 10.87114 -19.25427 82.76782
v 10.83419 -19.25427 82.92301
v 11.21533 -19.25427 83.31812
v 10.85486 -19.25427 83.37353
v 11.10250 -19.25427 83.78637
v 11.30502 -19.25427 83.59158
v 11.30463 -19.25427 83.90934
v 11.72469 -19.25427 83.96845
v 11.74349 -19.25427 83.68654
v 12.17468 -19.25427 83.76345
v 12.21863 -19.25427 83.71011
v 5.89417 -19.25427 82.74942
v 6.22978 -19.25427 83.26472
v 5.89417 -19.25427 83.74438
v 6.23853 -19.25427 83.53537
v 6.04416 -19.25427 82.33694
v 5.85167 -19.25427 82.54600
v 5.78169 -19.25427 82.32944
v 6.31038 -19.25427 82.33194
v 6.28295 -19.25427 82.51869
v 6.45164 -19.25427 83.94187
v 5.67418 -19.25427 83.94187
v 6.48102 -19.25427 83.68595
v 6.70913 -19.25427 83.96937
v 6.75100 -19.25427 83.58691
v 5.42168 -19.25427 83.96937
v 5.64637 -19.25427 83.68595
v 5.37857 -19.25427 83.58128
v 1.46921 -19.25427 82.74942
v 1.79668 -19.25427 82.67442
v 1.80481 -19.25427 83.26472
v 1.46921 -19.25427 83.74438
v 1.81356 -19.25427 83.53537
v 1.61919 -19.25427 82.33694
v 1.24517 -19.25427 82.32429
v 1.21921 -19.25427 82.48693
v 1.74199 -19.25427 82.33538
v 1.82419 -19.25427 83.74438
v 1.24921 -19.25427 83.94187
v 2.28416 -19.25427 83.96937
v 2.09910 -19.25427 83.58513
v 1.23844 -19.25427 83.70114
v 1.25867 -19.25427 83.71340
v -2.23074 -19.25427 82.74942
v -1.90325 -19.25427 82.67442
v -1.89513 -19.25427 83.26472
v -2.23074 -19.25427 83.74438
v -1.88638 -19.25427 83.53537
v -2.08075 -19.25427 82.33694
v -2.34321 -19.25427 82.32944
v -1.67141 -19.25427 82.50818
v -1.65914 -19.25427 82.32737
v -1.87575 -19.25427 83.74438
v -1.67326 -19.25427 83.94187
v -1.66909 -19.25427 83.70808
v -2.70322 -19.25427 83.96937
v -2.47854 -19.25427 83.68595
v -2.74634 -19.25427 83.58128
v -5.98322 -19.25427 82.92442
v -6.14072 -19.25427 82.49514
v -5.73323 -19.25427 82.30194
v -5.70073 -19.25427 83.62939
v -6.39867 -19.25427 82.89308
v -6.32169 -19.25427 83.39389
v -6.71031 -19.25427 83.35712
v -6.69809 -19.25427 83.95031
v -6.67569 -19.25427 83.95188
v -6.72255 -19.25427 82.51078
v -6.89318 -19.25427 82.33694
v -6.69165 -19.25427 82.33194
v -6.68979 -19.25427 82.49838
v -7.11579 -19.25427 82.50025
v -7.17159 -19.25427 82.32007
v -5.99821 -19.25427 82.26944
v -5.98822 -19.25427 83.67189
v -5.99688 -19.25427 83.73116
v -5.82572 -19.25427 83.94187
v -11.37458 -19.25427 83.33647
v -11.41122 -19.25427 82.95535
v -11.25064 -19.25427 83.27690
v -11.75880 -19.25427 83.14342
v -11.90882 -19.25427 83.31475
v -11.83475 -19.25427 83.75863
v -11.70909 -19.25427 83.86299
v -11.11143 -19.25427 83.62470
v -10.87140 -19.25427 83.60505
v -10.85160 -19.25427 83.74218
v -10.96692 -19.25427 83.93813
v -11.18024 -19.25427 82.74694
v -10.86657 -19.25427 83.01040
v -10.80835 -19.25427 82.85724
v -11.21592 -19.25427 82.34296
v -11.33107 -19.25427 82.54299
v -11.35187 -19.25427 82.31614
v -11.82154 -19.25427 82.35443
v -11.94405 -19.25427 82.57258
v -15.72307 -19.25427 82.74942
v -15.39558 -19.25427 82.67442
v -15.38746 -19.25427 83.26472
v -15.72307 -19.25427 83.74438
v -15.37871 -19.25427 83.53537
v -15.57307 -19.25427 82.33694
v -15.94710 -19.25427 82.32429
v -15.97305 -19.25427 82.48693
v -15.45027 -19.25427 82.33538
v -15.36808 -19.25427 83.74438
v -15.94306 -19.25427 83.94187
v -14.90810 -19.25427 83.96937
v -14.86623 -19.25427 83.58691
v -15.90980 -19.25427 83.72309
v -19.50990 -19.25427 83.19722
v -19.71020 -19.25427 82.88879
v -19.66315 -19.25427 82.85288
v -19.93737 -19.25427 83.43337
v -20.10949 -19.25427 83.09890
v -20.32620 -19.25427 83.31475
v -20.25213 -19.25427 83.75863
v -20.07559 -19.25427 83.89080
v -19.62423 -19.25427 83.71662
v -19.52037 -19.25427 83.96133
v -19.23354 -19.25427 82.89957
v -19.22572 -19.25427 82.85724
v -19.63329 -19.25427 82.34296
v -19.66645 -19.25427 82.58162
v -19.76924 -19.25427 82.31614
v -20.09999 -19.25427 82.32179
v -20.08648 -19.25427 82.62287
v -24.09939 -19.25427 83.71294
v -23.72893 -19.25427 83.71599
v -23.93553 -19.25427 83.94187
v -23.72454 -19.25427 83.72735
v -24.09552 -19.25427 83.26940
v -23.75866 -19.25427 83.15378
v -24.09552 -19.25427 82.72692
v -23.76804 -19.25427 82.66943
v -25.05049 -19.25427 82.68692
v -24.71050 -19.25427 83.25690
v -25.04799 -19.25427 83.64939
v -24.68307 -19.25427 83.71024
v -25.05426 -19.25427 83.72606
v -24.67256 -19.25427 83.73515
v -24.85050 -19.25427 82.33694
v -25.10454 -19.25427 82.32850
v -25.10981 -19.25427 82.51965
v -24.66239 -19.25427 82.33319
v -24.68188 -19.25427 82.51117
v -23.94803 -19.25427 82.33694
v -23.70650 -19.25427 82.33319
v -29.07047 -19.25427 83.61189
v -29.21297 -19.25427 83.92938
v -29.25047 -19.25427 83.05191
v -29.65795 -19.25427 82.66193
v -29.29548 -19.25427 82.32944
v -29.27297 -19.25427 82.49693
v -29.20752 -19.25427 82.32429
v -28.81548 -19.25427 83.96937
v -28.65892 -19.25427 83.47031
v -28.84548 -19.25427 82.85192
v -28.54225 -19.25427 83.04671
v -29.70651 -19.25427 82.56468
v -29.73981 -19.25427 82.33319
v -28.41669 -19.25427 82.62619
v -28.55049 -19.25427 82.33694
v -28.35552 -19.25427 82.33319
v -38.09756 -19.25427 82.65068
v -37.80292 -19.25427 82.31945
v -37.71785 -19.25427 82.58666
v -37.84792 -19.25427 82.92442
v -37.62418 -19.25427 82.87001
v -37.42294 -19.25427 83.44939
v -37.67766 -19.25427 83.38108
v -37.12210 -19.25427 83.50881
v -37.10733 -19.25427 83.26284
v -37.38462 -19.25427 83.20931
v -37.06796 -19.25427 82.72943
v -37.23056 -19.25427 82.33452
v -37.34888 -19.25427 82.32882
v -37.35701 -19.25427 83.94125
v -37.11433 -19.25427 83.72909
v -38.20197 -19.25427 82.96879
v -38.33332 -19.25427 83.35250
v -38.57039 -19.25427 83.66439
v -38.25574 -19.25427 83.94688
v -38.58316 -19.25427 83.73023
v -38.61570 -19.25427 83.17378
v -38.64949 -19.25427 82.85091
v -38.58539 -19.25427 82.33694
v -38.40573 -19.25427 82.33194
v -32.91483 -19.25427 83.19722
v -33.11513 -19.25427 82.88879
v -33.06808 -19.25427 82.85288
v -33.04849 -19.25427 82.83380
v -33.34229 -19.25427 83.43337
v -33.51441 -19.25427 83.09890
v -33.73112 -19.25427 83.31475
v -33.65705 -19.25427 83.75863
v -33.36676 -19.25427 83.93489
v -33.02916 -19.25427 83.71662
v -32.92530 -19.25427 83.96133
v -32.63065 -19.25427 82.85724
v -32.91909 -19.25427 82.38631
v -33.17416 -19.25427 82.31614
v -33.50491 -19.25427 82.32179
v -33.47668 -19.25427 82.60131
v -30.88234 -19.25427 83.19722
v -31.08264 -19.25427 82.88879
v -31.03559 -19.25427 82.85288
v -31.30981 -19.25427 83.43337
v -31.48193 -19.25427 83.09890
v -31.69863 -19.25427 83.31475
v -31.62457 -19.25427 83.75863
v -31.33428 -19.25427 83.93489
v -30.89282 -19.25427 83.96133
v -30.95915 -19.25427 83.69885
v -30.59817 -19.25427 82.85724
v -30.78578 -19.25427 82.44506
v -31.00573 -19.25427 82.34296
v -31.47243 -19.25427 82.32179
v -31.38478 -19.25427 82.55522
v -35.38044 -19.25427 83.61189
v -35.52293 -19.25427 83.92938
v -35.56043 -19.25427 83.05191
v -35.96791 -19.25427 82.66193
v -35.99928 -19.25427 82.59150
v -35.84792 -19.25427 82.33694
v -35.51749 -19.25427 82.32429
v -35.46543 -19.25427 82.47944
v -35.12545 -19.25427 83.96937
v -34.96889 -19.25427 83.47031
v -34.85221 -19.25427 83.04671
v -34.79386 -19.25427 82.84365
v -36.04977 -19.25427 82.33319
v -35.01716 -19.25427 82.33382
v -34.66549 -19.25427 82.33319
v -34.67203 -19.25427 82.54037
v -26.41627 -19.25427 82.73071
v -26.17800 -19.25427 82.43694
v -26.15019 -19.25427 82.74847
v -26.12984 -19.25427 82.89283
v -26.36175 -19.25427 82.35693
v -26.78295 -19.25427 82.55272
v -26.83712 -19.25427 82.31043
v -27.24599 -19.25427 82.46999
v -27.29670 -19.25427 82.51818
v -27.07718 -19.25427 82.91000
v -27.48241 -19.25427 82.92229
v -27.09894 -19.25427 83.31022
v -27.46054 -19.25427 83.37539
v -27.25858 -19.25427 83.73407
v -27.13242 -19.25427 83.83543
v -26.75487 -19.25427 83.72724
v -26.53937 -19.25427 83.70117
v -26.30301 -19.25427 83.94063
v -26.17651 -19.25427 83.59001
v -22.24301 -19.25427 82.92691
v -22.58049 -19.25427 83.64439
v -22.58049 -19.25427 82.84692
v -22.39629 -19.25427 82.41030
v -22.16251 -19.25427 82.63629
v -22.13597 -19.25427 82.31538
v -21.72361 -19.25427 82.34484
v -21.74753 -19.25427 82.57991
v -21.62959 -19.25427 83.05167
v -21.63303 -19.25427 83.31376
v -17.81631 -19.25427 82.91223
v -18.14802 -19.25427 82.69693
v -17.81866 -19.25427 82.81630
v -17.91303 -19.25427 82.33694
v -18.07485 -19.25427 82.33304
v -18.14552 -19.25427 83.64439
v -17.78804 -19.25427 83.64939
v -17.83803 -19.25427 83.94187
v -17.21122 -19.25427 83.95875
v -17.35353 -19.25427 83.66469
v -17.08213 -19.25427 83.80405
v -17.10130 -19.25427 83.65856
v -18.15383 -19.25427 83.73434
v -17.40682 -19.25427 82.32819
v -17.08908 -19.25427 82.52084
v -17.32759 -19.25427 82.61939
v -17.11056 -19.25427 82.34694
v -13.61810 -19.25427 82.74942
v -13.29061 -19.25427 82.67442
v -13.28249 -19.25427 83.26472
v -13.61810 -19.25427 83.74438
v -13.27374 -19.25427 83.53537
v -13.46810 -19.25427 82.33694
v -13.84214 -19.25427 82.32429
v -13.86809 -19.25427 82.48693
v -13.34530 -19.25427 82.33538
v -13.26311 -19.25427 83.74438
v -13.83809 -19.25427 83.94187
v -12.80313 -19.25427 83.96937
v -12.76126 -19.25427 83.58691
v -13.82864 -19.25427 83.71340
v -13.80483 -19.25427 83.72309
v -8.25316 -19.25427 83.65689
v -8.33130 -19.25427 83.94461
v -8.43316 -19.25427 83.94187
v -8.61065 -19.25427 83.64939
v -8.27461 -19.25427 83.15311
v -8.61315 -19.25427 82.68692
v -8.28317 -19.25427 82.66943
v -8.46316 -19.25427 82.33694
v -8.35751 -19.25427 82.33577
v -8.79565 -19.25427 82.47694
v -8.81314 -19.25427 82.31444
v -4.16131 -19.25427 82.95535
v -4.12467 -19.25427 83.33647
v -4.29822 -19.25427 83.02191
v -4.22915 -19.25427 83.39908
v -4.61964 -19.25427 83.25020
v -4.65891 -19.25427 83.31475
v -4.58483 -19.25427 83.75863
v -4.16638 -19.25427 83.96239
v -3.71700 -19.25427 83.93813
v -3.62148 -19.25427 83.60505
v -3.94631 -19.25427 82.79274
v -3.69949 -19.25427 83.10066
v -3.55843 -19.25427 82.85724
v -3.74605 -19.25427 82.44506
v -3.79408 -19.25427 82.41383
v -4.18822 -19.25427 82.52943
v -4.25322 -19.25427 82.30695
v -4.69413 -19.25427 82.57258
v -4.66135 -19.25427 82.38708
v -0.03721 -19.25427 83.15313
v -0.37326 -19.25427 83.64939
v -0.37576 -19.25427 82.68692
v -0.12011 -19.25427 82.33577
v 0.00265 -19.25427 82.33319
v 0.00169 -19.25427 82.50666
v -0.45324 -19.25427 82.32569
v -0.42278 -19.25427 82.53040
v 3.59917 -19.25427 83.65439
v 3.24418 -19.25427 83.64439
v 3.58166 -19.25427 82.92691
v 3.24418 -19.25427 82.84692
v 3.58675 -19.25427 82.83850
v 3.45917 -19.25427 83.94187
v 3.23600 -19.25427 83.73544
v 3.68871 -19.25427 82.31538
v 3.78986 -19.25427 82.54889
v 3.82416 -19.25427 82.30695
v 4.21169 -19.25427 82.39158
v 4.34164 -19.25427 82.49530
v 4.19508 -19.25427 83.05167
v 4.19164 -19.25427 83.31376
v 4.33163 -19.25427 83.94187
v 4.17671 -19.25427 83.73544
v 4.18188 -19.25427 83.71188
v 8.08085 -19.25427 82.91223
v 7.74914 -19.25427 82.69693
v 8.07850 -19.25427 82.81630
v 7.98414 -19.25427 82.33694
v 7.82231 -19.25427 82.33304
v 7.75165 -19.25427 83.64439
v 8.10913 -19.25427 83.64939
v 8.05913 -19.25427 83.94187
v 8.68594 -19.25427 83.95875
v 8.54363 -19.25427 83.66469
v 8.81504 -19.25427 83.80405
v 8.79586 -19.25427 83.65856
v 7.74334 -19.25427 83.73434
v 8.49034 -19.25427 82.32819
v 8.80809 -19.25427 82.52084
v 8.56957 -19.25427 82.61939
v 8.78660 -19.25427 82.34694
v 13.40908 -19.25427 82.69693
v 13.75157 -19.25427 83.21941
v 13.41159 -19.25427 83.64439
v 13.71907 -19.25427 83.94187
v 13.80867 -19.25427 83.72556
v 14.13850 -19.25427 83.68925
v 14.29456 -19.25427 83.95875
v 14.40213 -19.25427 83.65539
v 13.38109 -19.25427 82.55633
v 13.61158 -19.25427 82.33694
v 13.34004 -19.25427 82.32319
v 13.85435 -19.25427 82.33194
v 13.81505 -19.25427 82.53358
v 18.97575 -19.25427 82.91223
v 18.64404 -19.25427 82.69693
v 18.97340 -19.25427 82.81630
v 18.87904 -19.25427 82.33694
v 18.71721 -19.25427 82.33304
v 18.64655 -19.25427 83.64439
v 19.00402 -19.25427 83.64939
v 18.95403 -19.25427 83.94187
v 19.58084 -19.25427 83.95875
v 19.43853 -19.25427 83.66469
v 19.70993 -19.25427 83.80405
v 19.69075 -19.25427 83.65856
v 18.63824 -19.25427 83.73434
v 19.38524 -19.25427 82.32819
v 19.70298 -19.25427 82.52084
v 19.46447 -19.25427 82.61939
v 19.68150 -19.25427 82.34694
v 23.99507 -19.25427 83.71294
v 24.36552 -19.25427 83.71599
v 24.15893 -19.25427 83.94187
v 24.36991 -19.25427 83.72735
v 23.99894 -19.25427 83.26940
v 24.33579 -19.25427 83.15378
v 23.99894 -19.25427 82.72692
v 24.32643 -19.25427 82.66943
v 23.04397 -19.25427 82.68692
v 23.38396 -19.25427 83.25690
v 23.04648 -19.25427 83.64939
v 23.24396 -19.25427 82.33694
v 23.00835 -19.25427 82.54068
v 22.98991 -19.25427 82.32850
v 23.43206 -19.25427 82.33319
v 23.43141 -19.25427 82.50334
v 24.14643 -19.25427 82.33694
v 24.38796 -19.25427 82.33319
v 29.00834 -19.25427 82.83028
v 29.33216 -19.25427 82.74989
v 29.02742 -19.25427 82.93642
v 29.39015 -19.25427 82.91117
v 29.00877 -19.25427 82.40487
v 28.85001 -19.25427 82.57945
v 28.85750 -19.25427 82.34297
v 28.43782 -19.25427 82.32089
v 28.42596 -19.25427 82.62120
v 27.95572 -19.25427 82.69768
v 28.29294 -19.25427 82.90622
v 27.89152 -19.25427 82.92301
v 28.27266 -19.25427 83.31812
v 27.91220 -19.25427 83.37353
v 28.36196 -19.25427 83.90934
v 28.47629 -19.25427 83.69435
v 28.52156 -19.25427 83.95592
v 28.93476 -19.25427 83.94144
v 28.87020 -19.25427 83.63328
v 29.41139 -19.25427 83.36299
v 33.38581 -19.25427 82.83028
v 33.70963 -19.25427 82.74989
v 33.40489 -19.25427 82.93642
v 33.76761 -19.25427 82.91117
v 33.45431 -19.25427 82.44642
v 33.03637 -19.25427 82.52443
v 32.97387 -19.25427 82.30695
v 32.61029 -19.25427 82.39198
v 32.49726 -19.25427 82.47080
v 32.67041 -19.25427 82.90622
v 32.26899 -19.25427 82.92301
v 32.65013 -19.25427 83.31812
v 32.28966 -19.25427 83.37353
v 32.48077 -19.25427 83.73220
v 32.66686 -19.25427 83.87519
v 33.44613 -19.25427 83.88858
v 33.27803 -19.25427 83.59879
v 33.50570 -19.25427 83.85283
v 33.65343 -19.25427 83.71011
v 37.18886 -19.25427 83.93938
v 37.08238 -19.25427 83.62216
v 37.43930 -19.25427 83.72591
v 37.43885 -19.25427 83.71689
v 37.38136 -19.25427 83.04691
v 37.80567 -19.25427 82.94571
v 37.79290 -19.25427 82.87411
v 37.45061 -19.25427 82.85215
v 37.60134 -19.25427 82.33694
v 37.71852 -19.25427 82.33538
v 37.22886 -19.25427 82.48193
v 37.22229 -19.25427 82.31063
v 38.14320 -19.25427 83.58322
v 37.90884 -19.25427 83.73438
v 37.90653 -19.25427 83.70825
v 38.12633 -19.25427 83.93938
v 50.71558 -10.74573 49.85333
v 50.71558 -26.65427 49.85333
v 50.71558 -10.74573 49.42667
v 50.71558 -26.65427 49.42667
v 49.71558 -10.74573 50.28000
v 49.71558 -25.65427 50.28000
v 49.71558 -10.74573 49.85333
v 49.71558 -25.65427 49.85333
v -50.71558 -26.65427 49.42667
v -50.71558 -10.74573 49.42667
v 48.71558 -10.74573 50.70667
v 48.71558 -24.65427 50.70667
v 48.71558 -10.74573 50.28000
v 48.71558 -24.65427 50.28000
v -49.71558 -25.65427 49.85333
v -50.71558 -26.65427 49.85333
v -50.71558 -10.74573 49.85333
v -49.71558 -10.74573 49.85333
v 47.71558 -10.74573 51.13333
v 47.71558 -23.65427 51.13333
v 47.71558 -10.74573 50.70667
v 47.71558 -23.65427 50.70667
v -48.71558 -24.65427 50.28000
v -49.71558 -25.65427 50.28000
v -49.71558 -10.74573 50.28000
v -48.71558 -10.74573 50.28000
v 43.36268 -17.95427 51.13333
v 43.33381 -18.28420 51.13333
v 43.24809 -18.60411 51.13333
v 43.10813 -18.90427 51.13333
v 42.91816 -19.17557 51.13333
v 42.68397 -19.40976 51.13333
v 42.41268 -19.59972 51.13333
v 42.11252 -19.73969 51.13333
v 41.79261 -19.82541 51.13333
v 32.18731 -19.85427 51.13333
v 22.91195 -19.85427 51.13333
v 23.24188 -19.82541 51.13333
v 23.56179 -19.73969 51.13333
v 31.53748 -19.73969 51.13333
v 23.86195 -19.59972 51.13333
v 31.23731 -19.59972 51.13333
v 24.36744 -19.17557 51.13333
v 30.73183 -19.17557 51.13333
v 24.69737 -18.60411 51.13333
v 30.40190 -18.60411 51.13333
v 24.78309 -18.28420 51.13333
v 30.31618 -18.28420 51.13333
v 24.81195 -17.95427 51.13333
v 30.28731 -17.95427 51.13333
v 24.69737 -17.30443 51.13333
v 30.40190 -17.30443 51.13333
v 24.55740 -17.00427 51.13333
v 30.54187 -17.00427 51.13333
v 24.36744 -16.73297 51.13333
v 30.73183 -16.73297 51.13333
v 24.13325 -16.49879 51.13333
v 30.96602 -16.49879 51.13333
v 23.86195 -16.30882 51.13333
v 31.23731 -16.30882 51.13333
v 23.56179 -16.16886 51.13333
v 31.53748 -16.16886 51.13333
v 23.24188 -16.08314 51.13333
v 31.85738 -16.08314 51.13333
v 22.91195 -16.05427 51.13333
v 41.46268 -16.05427 51.13333
v 32.51725 -19.82541 51.13333
v 41.13275 -19.82541 51.13333
v 32.83715 -19.73969 51.13333
v 40.81284 -19.73969 51.13333
v 33.13732 -19.59972 51.13333
v 40.51268 -19.59972 51.13333
v 33.64280 -19.17557 51.13333
v 40.00719 -19.17557 51.13333
v 33.97273 -18.60411 51.13333
v 39.67726 -18.60411 51.13333
v 34.05845 -18.28420 51.13333
v 39.59154 -18.28420 51.13333
v 34.08731 -17.95427 51.13333
v 39.56268 -17.95427 51.13333
v 33.97273 -17.30443 51.13333
v 39.67726 -17.30443 51.13333
v 33.83276 -17.00427 51.13333
v 39.81723 -17.00427 51.13333
v 33.64280 -16.73297 51.13333
v 40.00719 -16.73297 51.13333
v 33.40861 -16.49879 51.13333
v 40.24138 -16.49879 51.13333
v 33.13732 -16.30882 51.13333
v 40.51268 -16.30882 51.13333
v 32.83715 -16.16886 51.13333
v 40.81284 -16.16886 51.13333
v 32.51725 -16.08314 51.13333
v 41.13275 -16.08314 51.13333
v 42.11252 -16.16886 51.13333
v 42.41268 -16.30882 51.13333
v 42.68397 -16.49879 51.13333
v 43.10813 -17.00427 51.13333
v 43.24809 -17.30443 51.13333
v 22.58202 -19.82541 51.13333
v 13.96652 -19.82541 51.13333
v 13.63659 -19.85427 51.13333
v 4.36123 -19.85427 51.13333
v -47.71558 -23.65427 51.13333
v -4.91413 -19.85427 51.13333
v -14.18950 -19.85427 51.13333
v -5.24407 -19.82541 51.13333
v -13.53966 -19.73969 51.13333
v -5.56397 -19.73969 51.13333
v -13.23950 -19.59972 51.13333
v -5.86413 -19.59972 51.13333
v -12.96820 -19.40976 51.13333
v -12.73401 -19.17557 51.13333
v -6.36962 -19.17557 51.13333
v -12.54405 -18.90427 51.13333
v -12.40408 -18.60411 51.13333
v -6.69955 -18.60411 51.13333
v -12.31836 -18.28420 51.13333
v -6.78527 -18.28420 51.13333
v -12.28950 -17.95427 51.13333
v -6.81413 -17.95427 51.13333
v -12.40408 -17.30443 51.13333
v -6.69955 -17.30443 51.13333
v -12.54405 -17.00427 51.13333
v -6.55958 -17.00427 51.13333
v -12.73401 -16.73297 51.13333
v -6.36962 -16.73297 51.13333
v -6.13543 -16.49879 51.13333
v -13.23950 -16.30882 51.13333
v -5.86413 -16.30882 51.13333
v -13.53966 -16.16886 51.13333
v -5.56397 -16.16886 51.13333
v -13.85956 -16.08314 51.13333
v -5.24407 -16.08314 51.13333
v -4.91413 -16.05427 51.13333
v -47.71558 -10.74573 51.13333
v -49.00000 -8.94573 51.13333
v -49.00000 -10.74573 51.13333
v 14.28643 -19.73969 51.13333
v 14.58659 -19.59972 51.13333
v 21.96195 -19.59972 51.13333
v 14.85789 -19.40976 51.13333
v 21.69066 -19.40976 51.13333
v 15.09207 -19.17557 51.13333
v 21.45647 -19.17557 51.13333
v 21.26650 -18.90427 51.13333
v 15.42201 -18.60411 51.13333
v 21.12654 -18.60411 51.13333
v 15.50773 -18.28420 51.13333
v 21.04082 -18.28420 51.13333
v 15.53659 -17.95427 51.13333
v 21.01195 -17.95427 51.13333
v 15.42201 -17.30443 51.13333
v 21.12654 -17.30443 51.13333
v 15.28204 -17.00427 51.13333
v 21.26650 -17.00427 51.13333
v 15.09207 -16.73297 51.13333
v 21.45647 -16.73297 51.13333
v 14.85789 -16.49879 51.13333
v 14.58659 -16.30882 51.13333
v 21.96195 -16.30882 51.13333
v 22.26211 -16.16886 51.13333
v 13.96652 -16.08314 51.13333
v 13.63659 -16.05427 51.13333
v 6.23236 -18.28420 51.13333
v 11.76545 -18.28420 51.13333
v 6.26123 -17.95427 51.13333
v 11.73659 -17.95427 51.13333
v 6.14664 -17.30443 51.13333
v 11.85117 -17.30443 51.13333
v 6.00668 -17.00427 51.13333
v 11.99114 -17.00427 51.13333
v 5.81671 -16.73297 51.13333
v 12.18111 -16.73297 51.13333
v 5.31123 -16.30882 51.13333
v 12.68659 -16.30882 51.13333
v 5.01107 -16.16886 51.13333
v 12.98675 -16.16886 51.13333
v 4.36123 -16.05427 51.13333
v 11.85117 -18.60411 51.13333
v 6.14664 -18.60411 51.13333
v 11.99114 -18.90427 51.13333
v 6.00668 -18.90427 51.13333
v 12.18111 -19.17557 51.13333
v 5.81671 -19.17557 51.13333
v 12.41529 -19.40976 51.13333
v 5.58252 -19.40976 51.13333
v 12.68659 -19.59972 51.13333
v 5.31123 -19.59972 51.13333
v 12.98675 -19.73969 51.13333
v 5.01107 -19.73969 51.13333
v -4.58420 -19.82541 51.13333
v 4.03130 -19.82541 51.13333
v 3.71139 -19.73969 51.13333
v -3.96413 -19.59972 51.13333
v 3.41123 -19.59972 51.13333
v -3.69284 -19.40976 51.13333
v 3.13993 -19.40976 51.13333
v -3.45865 -19.17557 51.13333
v 2.90574 -19.17557 51.13333
v -3.26869 -18.90427 51.13333
v -3.12872 -18.60411 51.13333
v 2.57581 -18.60411 51.13333
v -3.04300 -18.28420 51.13333
v 2.49009 -18.28420 51.13333
v -3.01413 -17.95427 51.13333
v 2.46123 -17.95427 51.13333
v -3.12872 -17.30443 51.13333
v 2.57581 -17.30443 51.13333
v -3.26869 -17.00427 51.13333
v 2.71578 -17.00427 51.13333
v -3.45865 -16.73297 51.13333
v 2.90574 -16.73297 51.13333
v 3.13993 -16.49879 51.13333
v -3.96413 -16.30882 51.13333
v 3.41123 -16.30882 51.13333
v -4.26430 -16.16886 51.13333
v 4.03130 -16.08314 51.13333
v 49.00000 -8.94573 51.13333
v 49.00000 -10.74573 51.13333
v -14.51943 -19.82541 51.13333
v -23.13493 -19.82541 51.13333
v -23.46486 -19.85427 51.13333
v -32.74022 -19.85427 51.13333
v -42.01558 -19.85427 51.13333
v -41.68565 -19.82541 51.13333
v -33.07015 -19.82541 51.13333
v -41.36574 -19.73969 51.13333
v -41.06558 -19.59972 51.13333
v -33.69022 -19.59972 51.13333
v -40.79429 -19.40976 51.13333
v -33.96152 -19.40976 51.13333
v -40.56010 -19.17557 51.13333
v -34.19571 -19.17557 51.13333
v -34.38567 -18.90427 51.13333
v -40.23017 -18.60411 51.13333
v -34.52564 -18.60411 51.13333
v -40.14445 -18.28420 51.13333
v -34.61136 -18.28420 51.13333
v -40.11558 -17.95427 51.13333
v -34.64022 -17.95427 51.13333
v -40.23017 -17.30443 51.13333
v -34.52564 -17.30443 51.13333
v -40.37013 -17.00427 51.13333
v -34.38567 -17.00427 51.13333
v -40.56010 -16.73297 51.13333
v -34.19571 -16.73297 51.13333
v -40.79429 -16.49879 51.13333
v -41.06558 -16.30882 51.13333
v -33.69022 -16.30882 51.13333
v -33.39006 -16.16886 51.13333
v -41.68565 -16.08314 51.13333
v -42.01558 -16.05427 51.13333
v -32.74022 -16.05427 51.13333
v -23.46486 -16.05427 51.13333
v -14.51943 -16.08314 51.13333
v -23.13493 -16.08314 51.13333
v -14.83934 -16.16886 51.13333
v -22.81502 -16.16886 51.13333
v -15.13950 -16.30882 51.13333
v -22.51486 -16.30882 51.13333
v -15.41079 -16.49879 51.13333
v -22.24356 -16.49879 51.13333
v -15.64498 -16.73297 51.13333
v -22.00937 -16.73297 51.13333
v -15.83494 -17.00427 51.13333
v -21.81941 -17.00427 51.13333
v -15.97491 -17.30443 51.13333
v -21.67944 -17.30443 51.13333
v -16.06063 -17.62434 51.13333
v -21.59372 -17.62434 51.13333
v -16.06063 -18.28420 51.13333
v -21.59372 -18.28420 51.13333
v -15.97491 -18.60411 51.13333
v -21.67944 -18.60411 51.13333
v -15.83494 -18.90427 51.13333
v -21.81941 -18.90427 51.13333
v -15.41079 -19.40976 51.13333
v -22.24356 -19.40976 51.13333
v -14.83934 -19.73969 51.13333
v -22.81502 -19.73969 51.13333
v -30.86909 -18.28420 51.13333
v -25.33599 -18.28420 51.13333
v -30.84022 -17.95427 51.13333
v -25.36486 -17.95427 51.13333
v -30.95481 -17.30443 51.13333
v -25.25027 -17.30443 51.13333
v -31.09477 -17.00427 51.13333
v -25.11031 -17.00427 51.13333
v -31.28474 -16.73297 51.13333
v -24.92034 -16.73297 51.13333
v -31.51892 -16.49879 51.13333
v -31.79022 -16.30882 51.13333
v -24.41486 -16.30882 51.13333
v -32.09038 -16.16886 51.13333
v -24.11470 -16.16886 51.13333
v -32.41029 -16.08314 51.13333
v -25.25027 -18.60411 51.13333
v -30.95481 -18.60411 51.13333
v -25.11031 -18.90427 51.13333
v -31.09477 -18.90427 51.13333
v -24.92034 -19.17557 51.13333
v -24.68616 -19.40976 51.13333
v -31.51892 -19.40976 51.13333
v -24.41486 -19.59972 51.13333
v -24.11470 -19.73969 51.13333
v -32.09038 -19.73969 51.13333
v -32.41029 -19.82541 51.13333
v -42.34551 -19.82541 51.13333
v -42.96558 -19.59972 51.13333
v -43.23688 -19.40976 51.13333
v -43.47107 -19.17557 51.13333
v -43.66103 -18.90427 51.13333
v -43.80100 -18.60411 51.13333
v -43.88672 -18.28420 51.13333
v -43.91558 -17.95427 51.13333
v -43.80100 -17.30443 51.13333
v -43.66103 -17.00427 51.13333
v -43.47107 -16.73297 51.13333
v -42.96558 -16.30882 51.13333
v -42.66542 -16.16886 51.13333
v -47.71558 -10.74573 50.70667
v -47.71558 -23.65427 50.70667
v -48.71558 -24.65427 50.70667
v -48.71558 -10.74573 50.70667
v 33.40489 -19.95427 82.93642
v 33.38581 -19.95427 82.83028
v 33.03637 -19.95427 82.52443
v 32.67041 -19.95427 82.90622
v 32.65013 -19.95427 83.31812
v 32.96481 -19.95427 83.72717
v 33.05335 -19.95427 83.72669
v 33.09770 -19.95427 83.71864
v 32.26899 -19.95427 82.92301
v 32.30594 -19.95427 82.76782
v 32.55132 -19.95427 82.42836
v 32.67405 -19.95427 82.36183
v 33.06515 -19.95427 82.31103
v 33.51704 -19.95427 82.49469
v 33.76761 -19.95427 82.91117
v 33.78886 -19.95427 83.36299
v 33.60948 -19.95427 83.76345
v 32.59941 -19.95427 83.83411
v 32.43004 -19.95427 83.67185
v 24.38484 -19.95427 83.95063
v 24.26380 -19.95427 83.94461
v 23.83894 -19.25427 83.94438
v 23.83894 -19.95427 83.94438
v 23.85990 -19.60427 83.77814
v 23.99507 -19.95427 83.71294
v 23.99507 -19.60427 83.71294
v 23.99894 -19.95427 83.26940
v 23.70395 -19.95427 83.25191
v 23.70395 -19.25427 83.25191
v 23.38396 -19.95427 83.25690
v 23.39896 -19.95427 83.61439
v 23.42190 -19.95427 83.73515
v 23.42190 -19.25427 83.73515
v 22.99774 -19.95427 83.94312
v 22.99774 -19.25427 83.94312
v 22.90650 -19.60427 83.77814
v 23.01681 -19.60427 83.76594
v 23.04261 -19.60427 83.71399
v 23.04397 -19.95427 82.68692
v 23.00835 -19.95427 82.54068
v 22.84649 -19.95427 82.31444
v 23.24396 -19.95427 82.33694
v 23.43206 -19.95427 82.33319
v 23.57145 -19.95427 82.48943
v 23.53175 -19.60427 82.50318
v 23.42142 -19.60427 82.50666
v 23.99894 -19.95427 82.72692
v 23.93521 -19.95427 82.33444
v 24.38796 -19.95427 82.33319
v 24.53390 -19.95427 82.48943
v 24.32900 -19.95427 82.89403
v 24.34540 -19.95427 83.41823
v 13.74407 -19.95427 82.98941
v 13.82688 -19.95427 83.00097
v 13.82688 -19.25427 83.00097
v 14.23155 -19.95427 82.99942
v 14.23155 -19.25427 82.99942
v 13.76906 -19.95427 83.64939
v 13.77066 -19.60427 83.67446
v 13.80867 -19.95427 83.72556
v 13.80867 -19.60427 83.72556
v 14.08648 -19.95427 83.71765
v 14.08648 -19.60427 83.71765
v 14.38905 -19.95427 83.48689
v 14.41873 -19.95427 83.80186
v 13.71907 -19.95427 83.94187
v 13.30251 -19.95427 83.94820
v 13.30251 -19.25427 83.94820
v 13.28130 -19.60427 83.77688
v 13.39067 -19.60427 83.75920
v 13.40908 -19.95427 82.69693
v 13.38109 -19.95427 82.55633
v 13.20909 -19.95427 82.30944
v 13.61158 -19.95427 82.33694
v 13.85435 -19.95427 82.33194
v 14.02906 -19.95427 82.51944
v 3.61270 -19.95427 83.72137
v 3.61797 -19.95427 83.73146
v 3.22701 -19.95427 83.94562
v 3.11389 -19.48760 83.77688
v 3.24082 -19.72094 83.71188
v 3.24082 -19.48760 83.71188
v 3.24418 -19.95427 82.84692
v 3.35573 -19.95427 82.47779
v 3.38980 -19.95427 82.44194
v 3.82416 -19.95427 82.30695
v 4.21169 -19.95427 82.39158
v 4.34164 -19.95427 82.49530
v 4.46913 -19.95427 83.66439
v 4.48205 -19.95427 83.73184
v 4.61412 -19.95427 83.78938
v 4.61412 -19.25427 83.78938
v 4.14979 -19.95427 83.94562
v 4.05511 -19.60427 83.77688
v 4.18188 -19.95427 83.71188
v 4.18188 -19.60427 83.71188
v 4.19508 -19.95427 83.05167
v 4.17746 -19.95427 82.71689
v 3.58166 -19.95427 82.92691
v -3.82823 -19.95427 83.42690
v -3.63824 -19.95427 83.44190
v -3.60168 -19.95427 83.74218
v -3.85308 -19.95427 83.96133
v -4.29454 -19.95427 83.93489
v -4.61694 -19.95427 83.71747
v -4.64087 -19.95427 83.28143
v -4.56883 -19.95427 83.19347
v -4.16131 -19.95427 82.95535
v -3.99586 -19.95427 82.85288
v -4.18822 -19.95427 82.52943
v -4.67319 -19.95427 82.86192
v -4.71157 -19.95427 82.44680
v -4.57163 -19.95427 82.35443
v -4.10195 -19.95427 82.31614
v -3.74605 -19.95427 82.44506
v -3.70297 -19.95427 82.47987
v -3.56625 -19.95427 82.89957
v -4.22915 -19.95427 83.39908
v -13.86809 -19.95427 82.48693
v -13.88809 -19.95427 82.32194
v -13.73058 -19.95427 82.32944
v -13.34530 -19.95427 82.33538
v -13.01062 -19.95427 82.49944
v -13.28249 -19.95427 83.26472
v -13.27374 -19.95427 83.53537
v -13.26311 -19.95427 83.74438
v -12.96063 -19.95427 83.40440
v -12.76962 -19.95427 83.75478
v -13.83809 -19.95427 83.94187
v -14.13370 -19.95427 83.58128
v -13.80483 -19.95427 83.72309
v -13.77704 -19.95427 83.73052
v -13.61810 -19.95427 82.74942
v -22.21197 -19.95427 83.72137
v -22.20670 -19.95427 83.73146
v -22.20670 -19.25427 83.73146
v -22.16350 -19.95427 83.76824
v -22.16350 -19.25427 83.76824
v -22.59766 -19.25427 83.94562
v -22.59766 -19.95427 83.94562
v -22.71078 -19.48760 83.77688
v -22.58385 -19.48760 83.71188
v -22.58866 -19.48760 83.73544
v -22.58049 -19.95427 82.84692
v -22.43487 -19.95427 82.44194
v -22.13597 -19.95427 82.31538
v -21.72361 -19.95427 82.34484
v -21.48303 -19.95427 82.49530
v -21.35554 -19.95427 83.66439
v -21.34262 -19.95427 83.73184
v -21.34262 -19.25427 83.73184
v -21.33694 -19.95427 83.73957
v -21.33694 -19.25427 83.73957
v -21.76957 -19.60427 83.77688
v -21.71803 -19.60427 83.77939
v -21.64280 -19.60427 83.71188
v -21.62959 -19.95427 83.05167
v -21.77256 -19.95427 82.56600
v -22.24301 -19.95427 82.92691
v -30.66122 -19.95427 83.60505
v -30.64142 -19.95427 83.74218
v -31.06546 -19.95427 83.97188
v -31.44803 -19.95427 83.89080
v -31.65667 -19.95427 83.71747
v -31.68059 -19.95427 83.28143
v -31.33795 -19.95427 83.02191
v -31.03559 -19.95427 82.85288
v -31.38478 -19.95427 82.55522
v -31.75132 -19.95427 82.44680
v -31.29295 -19.95427 82.30695
v -30.88660 -19.95427 82.38631
v -30.74271 -19.95427 82.47987
v -30.60599 -19.95427 82.89957
v -31.16440 -19.95427 83.33647
v -37.39263 -19.95427 83.33184
v -37.38462 -19.95427 83.20931
v -37.35825 -19.95427 82.78180
v -37.50794 -19.95427 82.31694
v -37.50579 -19.60427 82.31744
v -37.23056 -19.95427 82.33452
v -37.23056 -19.60427 82.33452
v -36.86546 -19.95427 82.49194
v -37.08788 -19.95427 82.98266
v -37.12210 -19.95427 83.50881
v -37.11433 -19.95427 83.72909
v -37.35701 -19.95427 83.94125
v -37.67766 -19.95427 83.38108
v -37.72699 -19.95427 83.22911
v -38.15791 -19.95427 83.95188
v -38.51902 -19.95427 83.94383
v -38.57824 -19.95427 83.71977
v -38.61570 -19.95427 83.17378
v -38.64949 -19.95427 82.85091
v -38.83788 -19.95427 82.31694
v -38.40573 -19.95427 82.33194
v -38.26041 -19.95427 82.48943
v -38.41290 -19.95427 83.03814
v -38.39572 -19.95427 83.32227
v -37.98542 -19.95427 82.29694
v -37.71785 -19.95427 82.58666
v -29.03547 -19.95427 83.61189
v -28.89048 -19.95427 83.06191
v -28.81548 -19.95427 83.96937
v -29.21297 -19.95427 83.92938
v -29.65795 -19.95427 82.66193
v -29.70651 -19.95427 82.56468
v -29.84044 -19.95427 82.32944
v -29.53796 -19.95427 82.33694
v -29.20752 -19.95427 82.32429
v -29.15547 -19.95427 82.47944
v -29.32679 -19.60427 82.50057
v -28.84548 -19.95427 82.85192
v -28.78642 -19.60427 82.61506
v -28.87685 -19.60427 82.49892
v -28.84234 -19.95427 82.32694
v -28.35552 -19.95427 82.33319
v -28.22551 -19.95427 82.47694
v -28.54225 -19.95427 83.04671
v -28.65892 -19.95427 83.47031
v -19.28878 -19.95427 83.60505
v -19.26897 -19.95427 83.74218
v -19.69302 -19.95427 83.97188
v -20.12646 -19.95427 83.86299
v -20.28423 -19.95427 83.71747
v -20.30816 -19.95427 83.28143
v -19.96551 -19.95427 83.02191
v -19.66315 -19.95427 82.85288
v -19.66645 -19.95427 82.58162
v -20.08648 -19.95427 82.62287
v -20.37887 -19.95427 82.44680
v -19.92051 -19.95427 82.30695
v -19.63329 -19.95427 82.34296
v -19.23568 -19.95427 82.70266
v -19.23354 -19.95427 82.89957
v -19.24610 -19.95427 82.93909
v -19.79196 -19.95427 83.33647
v -10.88816 -19.95427 83.44190
v -10.87140 -19.95427 83.60505
v -10.85160 -19.95427 83.74218
v -10.96692 -19.95427 83.93813
v -11.41629 -19.95427 83.96239
v -11.75563 -19.95427 83.83157
v -11.86686 -19.95427 83.71747
v -11.89078 -19.95427 83.28143
v -11.69211 -19.95427 83.09890
v -11.29283 -19.95427 82.88879
v -11.24578 -19.95427 82.85288
v -11.33107 -19.95427 82.54299
v -11.92311 -19.95427 82.86192
v -11.96149 -19.95427 82.44680
v -11.68262 -19.95427 82.32179
v -11.21592 -19.95427 82.34296
v -10.85523 -19.95427 82.60435
v -10.81617 -19.95427 82.89957
v -11.37458 -19.95427 83.33647
v -2.48073 -19.95427 82.48693
v -2.50072 -19.95427 82.32194
v -2.08075 -19.95427 82.33694
v -1.65914 -19.95427 82.32737
v -1.62326 -19.95427 82.49944
v -1.76576 -19.95427 82.50444
v -1.89513 -19.95427 83.26472
v -1.88638 -19.95427 83.53537
v -1.87575 -19.95427 83.74438
v -1.66909 -19.95427 83.70808
v -1.38226 -19.95427 83.75478
v -2.45073 -19.95427 83.94187
v -2.70322 -19.95427 83.96937
v -2.74634 -19.95427 83.58128
v -2.50468 -19.95427 83.64549
v 5.64417 -19.95427 82.48693
v 5.62418 -19.95427 82.32194
v 6.04416 -19.95427 82.33694
v 6.31038 -19.95427 82.33194
v 6.50164 -19.95427 82.49944
v 6.27170 -19.95427 82.52526
v 6.22978 -19.95427 83.26472
v 6.23853 -19.95427 83.53537
v 6.24915 -19.95427 83.74438
v 6.33310 -19.95427 83.74013
v 6.42364 -19.95427 83.72364
v 6.76163 -19.95427 83.41940
v 6.74265 -19.95427 83.75478
v 5.67418 -19.95427 83.94187
v 5.42168 -19.95427 83.96937
v 5.37857 -19.95427 83.58128
v 5.57668 -19.95427 83.41940
v 16.53907 -19.95427 82.48693
v 16.51908 -19.95427 82.32194
v 16.93905 -19.95427 82.33694
v 17.20528 -19.95427 82.33194
v 17.39653 -19.95427 82.49944
v 17.14780 -19.95427 82.54256
v 17.12467 -19.95427 83.26472
v 17.13342 -19.95427 83.53537
v 17.14405 -19.95427 83.74438
v 17.22800 -19.95427 83.74013
v 17.31853 -19.95427 83.72364
v 17.65653 -19.95427 83.41940
v 17.63754 -19.95427 83.75478
v 16.56907 -19.95427 83.94187
v 16.31658 -19.95427 83.96937
v 16.27346 -19.95427 83.58128
v 16.47158 -19.95427 83.41940
v 25.69646 -19.95427 83.94187
v 25.50555 -19.95427 83.94812
v 25.50555 -19.25427 83.94812
v 25.59023 -19.95427 83.72105
v 25.57896 -19.95427 82.64193
v 25.50949 -19.95427 82.50636
v 25.41147 -19.95427 82.31694
v 25.71896 -19.95427 82.33694
v 26.00615 -19.95427 82.32850
v 26.06644 -19.95427 82.48693
v 26.00799 -19.60427 82.50068
v 25.92235 -19.60427 82.49838
v 25.94564 -19.95427 83.29314
v 26.47142 -19.95427 82.49514
v 26.61393 -19.95427 82.26944
v 26.87891 -19.95427 82.30194
v 26.91141 -19.95427 83.62939
v 26.94098 -19.95427 83.73013
v 26.58395 -19.95427 83.94688
v 26.48955 -19.60427 83.77813
v 26.61807 -19.95427 83.72138
v 26.61807 -19.60427 83.72138
v 26.62893 -19.95427 82.92442
v 26.29045 -19.95427 83.39389
v 35.56136 -19.25427 82.95942
v 35.56136 -19.95427 82.95942
v 35.59192 -19.60427 82.95826
v 35.59192 -19.95427 82.95826
v 35.67032 -19.95427 82.87257
v 35.67032 -19.60427 82.87257
v 35.66682 -19.25427 82.89930
v 35.53108 -19.95427 82.55208
v 35.12106 -19.95427 82.70724
v 35.03938 -19.95427 82.90789
v 35.01819 -19.95427 83.31237
v 35.15034 -19.95427 83.62702
v 35.45385 -19.95427 83.72938
v 35.57686 -19.95427 83.71899
v 35.99946 -19.95427 83.74437
v 35.96241 -19.95427 83.91915
v 35.14067 -19.95427 83.91145
v 34.71853 -19.95427 83.54023
v 34.63938 -19.95427 83.29026
v 34.65323 -19.95427 82.84206
v 34.87483 -19.95427 82.46999
v 35.20479 -19.95427 82.32079
v 35.61291 -19.95427 82.32257
v 35.98133 -19.95427 82.43944
v 35.98227 -19.95427 82.94848
v 35.98227 -19.25427 82.94848
v 31.43387 -19.95427 82.34444
v 31.45497 -19.95427 82.55755
v 31.49950 -19.95427 82.89962
v 31.27138 -19.95427 82.91442
v 31.25722 -19.95427 82.80550
v 30.95140 -19.95427 82.53443
v 30.80265 -19.95427 83.15410
v 30.81117 -19.95427 83.38506
v 30.85796 -19.95427 83.73188
v 31.01390 -19.95427 83.78188
v 31.01390 -19.25427 83.78188
v 30.45766 -19.95427 83.94313
v 30.32863 -19.60427 83.77814
v 30.46255 -19.95427 83.71399
v 30.46255 -19.60427 83.71399
v 30.46641 -19.95427 82.69693
v 30.28142 -19.95427 82.31194
v 30.54826 -19.95427 82.33304
v 31.17074 -19.95427 82.32694
v 21.91646 -19.95427 82.43694
v 21.94427 -19.95427 82.74847
v 21.96462 -19.95427 82.89283
v 21.71898 -19.95427 82.88692
v 21.31151 -19.95427 82.55272
v 21.01729 -19.95427 82.91000
v 20.99553 -19.95427 83.31022
v 21.33959 -19.95427 83.72724
v 21.50816 -19.95427 83.71696
v 21.90147 -19.95427 83.40440
v 21.93959 -19.95427 83.73999
v 21.28279 -19.95427 83.95612
v 20.89593 -19.95427 83.78798
v 20.78210 -19.95427 83.67392
v 20.61467 -19.95427 83.28739
v 20.62812 -19.95427 82.84206
v 20.84848 -19.95427 82.46999
v 20.96546 -19.95427 82.39147
v 21.34149 -19.95427 82.30695
v 11.97008 -19.95427 82.93642
v 11.95101 -19.95427 82.83028
v 11.68515 -19.95427 82.53337
v 11.28879 -19.95427 82.74067
v 11.23561 -19.95427 82.90622
v 11.21533 -19.95427 83.31812
v 11.30502 -19.95427 83.59158
v 11.53002 -19.95427 83.72717
v 11.74349 -19.95427 83.68654
v 10.83419 -19.95427 82.92301
v 10.87114 -19.95427 82.76782
v 11.11652 -19.95427 82.42836
v 11.30762 -19.95427 82.33807
v 11.71746 -19.95427 82.32313
v 12.13937 -19.95427 82.54944
v 12.33281 -19.95427 82.91117
v 12.35406 -19.95427 83.36299
v 12.17468 -19.95427 83.76345
v 12.12539 -19.95427 83.81107
v 11.23206 -19.95427 83.87519
v 10.85486 -19.95427 83.37353
v 1.21921 -19.95427 82.48693
v 1.19921 -19.95427 82.32194
v 1.35673 -19.95427 82.32944
v 1.74199 -19.95427 82.33538
v 2.07667 -19.95427 82.49944
v 1.80481 -19.95427 83.26472
v 1.81356 -19.95427 83.53537
v 1.82419 -19.95427 83.74438
v 2.09910 -19.95427 83.58513
v 2.31768 -19.95427 83.75478
v 1.24921 -19.95427 83.94187
v 0.95360 -19.95427 83.58128
v 1.25867 -19.95427 83.71340
v 1.31027 -19.95427 83.73052
v 1.46921 -19.95427 82.74942
v -6.67569 -19.95427 83.95188
v -6.69809 -19.95427 83.95031
v -7.17756 -19.95427 83.95242
v -7.17756 -19.25427 83.95242
v -7.02190 -19.95427 83.72105
v -7.03317 -19.95427 82.64193
v -7.11579 -19.95427 82.50025
v -7.20067 -19.95427 82.31694
v -7.09753 -19.95427 82.32694
v -6.69165 -19.95427 82.33194
v -6.54569 -19.95427 82.48693
v -6.60415 -19.60427 82.50068
v -6.69924 -19.60427 82.50025
v -6.66650 -19.95427 83.29314
v -6.27535 -19.95427 82.70442
v -5.99821 -19.95427 82.26944
v -5.73323 -19.95427 82.30194
v -5.70073 -19.95427 83.62939
v -5.67116 -19.95427 83.73013
v -6.02820 -19.95427 83.94688
v -6.12259 -19.60427 83.77813
v -5.99408 -19.95427 83.72138
v -5.99408 -19.60427 83.72138
v -5.98322 -19.95427 82.92442
v -6.32169 -19.95427 83.39389
v -15.97305 -19.95427 82.48693
v -15.99306 -19.95427 82.32194
v -15.83555 -19.95427 82.32944
v -15.45027 -19.95427 82.33538
v -15.11559 -19.95427 82.49944
v -15.38746 -19.95427 83.26472
v -15.37871 -19.95427 83.53537
v -15.36808 -19.95427 83.74438
v -14.85560 -19.95427 83.41940
v -14.87459 -19.95427 83.75478
v -15.94306 -19.95427 83.94187
v -16.23867 -19.95427 83.58128
v -15.88201 -19.95427 83.73052
v -15.72307 -19.95427 82.74942
v -23.83066 -19.95427 83.94461
v -23.93553 -19.95427 83.94187
v -24.27552 -19.95427 83.79688
v -24.23456 -19.60427 83.77814
v -24.09939 -19.95427 83.71294
v -24.09939 -19.60427 83.71294
v -24.09552 -19.95427 83.26940
v -24.39051 -19.95427 83.25191
v -24.39051 -19.25427 83.25191
v -24.71050 -19.95427 83.25690
v -24.69550 -19.95427 83.61439
v -24.68307 -19.95427 83.71024
v -24.91049 -19.95427 83.94187
v -25.17554 -19.95427 83.94399
v -25.17554 -19.25427 83.94399
v -25.18796 -19.60427 83.77814
v -25.09333 -19.60427 83.77384
v -25.05185 -19.60427 83.71399
v -25.05049 -19.95427 82.68692
v -25.10981 -19.95427 82.51965
v -25.24798 -19.95427 82.31444
v -24.85050 -19.95427 82.33694
v -24.66239 -19.95427 82.33319
v -24.52301 -19.95427 82.48943
v -24.56271 -19.60427 82.50318
v -24.68588 -19.60427 82.51390
v -24.09552 -19.95427 82.72692
v -24.25526 -19.95427 82.33272
v -23.70650 -19.95427 82.33319
v -23.56055 -19.95427 82.48943
v -23.76546 -19.95427 82.89403
v -23.74905 -19.95427 83.41823
v -32.69370 -19.95427 83.60505
v -32.67390 -19.95427 83.74218
v -33.09795 -19.95427 83.97188
v -33.48051 -19.95427 83.89080
v -33.68915 -19.95427 83.71747
v -33.71308 -19.95427 83.28143
v -33.37043 -19.95427 83.02191
v -33.06808 -19.95427 82.85288
v -33.04849 -19.95427 82.83380
v -33.47668 -19.95427 82.60131
v -33.78380 -19.95427 82.44680
v -33.32543 -19.95427 82.30695
v -33.03822 -19.95427 82.34296
v -32.63115 -19.95427 82.75599
v -32.63847 -19.95427 82.89957
v -33.19688 -19.95427 83.33647
v -35.34544 -19.95427 83.61189
v -35.20044 -19.95427 83.06191
v -35.12545 -19.95427 83.96937
v -35.52293 -19.95427 83.92938
v -35.96791 -19.95427 82.66193
v -35.99928 -19.95427 82.59150
v -36.15041 -19.95427 82.32944
v -35.84792 -19.95427 82.33694
v -35.51749 -19.95427 82.32429
v -35.46543 -19.95427 82.47944
v -35.63676 -19.60427 82.50057
v -35.10545 -19.95427 82.66193
v -35.09638 -19.60427 82.61506
v -35.15313 -19.60427 82.50631
v -35.01716 -19.95427 82.33382
v -34.66549 -19.95427 82.33319
v -34.53547 -19.95427 82.47694
v -34.85221 -19.95427 83.04671
v -34.96889 -19.95427 83.47031
v -26.17800 -19.95427 82.43694
v -26.15019 -19.95427 82.74847
v -26.12984 -19.95427 82.89283
v -26.37549 -19.95427 82.88692
v -26.78295 -19.95427 82.55272
v -27.07718 -19.95427 82.91000
v -27.09894 -19.95427 83.31022
v -26.75487 -19.95427 83.72724
v -26.58630 -19.95427 83.71696
v -26.19300 -19.95427 83.40440
v -26.15488 -19.95427 83.73999
v -26.81167 -19.95427 83.95612
v -27.19853 -19.95427 83.78798
v -27.31236 -19.95427 83.67392
v -27.47979 -19.95427 83.28739
v -27.46635 -19.95427 82.84206
v -27.24599 -19.95427 82.46999
v -27.19004 -19.95427 82.42770
v -26.75297 -19.95427 82.30695
v -17.49293 -19.25427 83.26253
v -17.49293 -19.95427 83.26253
v -17.57304 -19.95427 83.25941
v -17.78804 -19.95427 83.64939
v -17.74844 -19.95427 83.72556
v -17.56161 -19.95427 83.73076
v -17.43283 -19.95427 83.71831
v -17.11556 -19.95427 83.48939
v -17.08213 -19.95427 83.80405
v -18.13956 -19.95427 83.94562
v -18.27581 -19.60427 83.77688
v -18.14892 -19.95427 83.71083
v -18.14892 -19.60427 83.71083
v -18.14802 -19.95427 82.69693
v -18.34801 -19.95427 82.31194
v -17.91303 -19.95427 82.33694
v -17.40682 -19.95427 82.32819
v -17.13306 -19.95427 82.31945
v -17.08908 -19.95427 82.52084
v -17.27055 -19.95427 82.81942
v -17.66054 -19.95427 82.53443
v -17.74565 -19.60427 82.53924
v -17.81631 -19.60427 82.91223
v -8.33130 -19.95427 83.94461
v -8.43316 -19.95427 83.94187
v -8.80064 -19.95427 83.79688
v -8.80064 -19.25427 83.79688
v -8.75750 -19.60427 83.77814
v -8.61452 -19.95427 83.71294
v -8.61452 -19.60427 83.71294
v -8.61315 -19.95427 82.68692
v -8.79565 -19.95427 82.47694
v -8.81314 -19.95427 82.31444
v -8.77812 -19.95427 82.31796
v -8.35751 -19.95427 82.33577
v -8.06817 -19.95427 82.48943
v -8.11382 -19.60427 82.50319
v -8.28096 -19.95427 82.89187
v -8.26493 -19.95427 83.41954
v 0.02295 -19.25427 83.95063
v 0.02295 -19.95427 83.95063
v -0.09391 -19.25427 83.94461
v -0.09391 -19.95427 83.94461
v -0.48052 -19.95427 83.94399
v -0.48052 -19.25427 83.94399
v -0.52011 -19.60427 83.77814
v -0.41026 -19.60427 83.76988
v -0.37713 -19.95427 83.71294
v -0.37713 -19.60427 83.71294
v -0.37576 -19.95427 82.68692
v -0.42278 -19.95427 82.53040
v -0.57576 -19.95427 82.31444
v -0.22577 -19.95427 82.33694
v 0.00265 -19.95427 82.33319
v 0.16921 -19.95427 82.48943
v 0.12358 -19.60427 82.50319
v -0.00715 -19.60427 82.51117
v -0.04356 -19.95427 82.89189
v 8.40422 -19.25427 83.26253
v 8.40422 -19.95427 83.26253
v 8.32412 -19.95427 83.25941
v 8.10913 -19.95427 83.64939
v 8.14873 -19.95427 83.72556
v 8.40896 -19.95427 83.72661
v 8.46433 -19.95427 83.71831
v 8.79586 -19.95427 83.65856
v 8.81504 -19.95427 83.80405
v 7.75760 -19.95427 83.94562
v 7.62136 -19.60427 83.77688
v 7.74825 -19.95427 83.71083
v 7.74825 -19.60427 83.71083
v 7.74914 -19.95427 82.69693
v 7.54915 -19.95427 82.31194
v 7.98414 -19.95427 82.33694
v 8.49034 -19.95427 82.32819
v 8.78660 -19.95427 82.34694
v 8.80809 -19.95427 82.52084
v 8.62661 -19.95427 82.81942
v 8.34094 -19.95427 82.53642
v 8.15151 -19.60427 82.53924
v 8.08085 -19.60427 82.91223
v 19.29912 -19.25427 83.26253
v 19.29912 -19.95427 83.26253
v 19.21902 -19.95427 83.25941
v 19.00402 -19.95427 83.64939
v 19.04363 -19.95427 83.72556
v 19.30386 -19.95427 83.72661
v 19.35923 -19.95427 83.71831
v 19.67649 -19.95427 83.48939
v 19.70993 -19.95427 83.80405
v 18.65250 -19.95427 83.94562
v 18.51625 -19.60427 83.77688
v 18.64315 -19.95427 83.71083
v 18.64315 -19.60427 83.71083
v 18.64404 -19.95427 82.69693
v 18.44405 -19.95427 82.31194
v 18.87904 -19.95427 82.33694
v 19.38524 -19.95427 82.32819
v 19.68150 -19.95427 82.34694
v 19.70298 -19.95427 82.52084
v 19.52151 -19.95427 82.81942
v 19.23584 -19.95427 82.53642
v 19.04640 -19.60427 82.53924
v 18.97575 -19.60427 82.91223
v 29.02742 -19.95427 82.93642
v 29.00834 -19.95427 82.83028
v 28.85001 -19.95427 82.57945
v 28.42596 -19.95427 82.62120
v 28.29294 -19.95427 82.90622
v 28.27266 -19.95427 83.31812
v 28.47629 -19.95427 83.69435
v 28.58734 -19.95427 83.72717
v 28.87020 -19.95427 83.63328
v 27.89152 -19.95427 82.92301
v 27.92847 -19.95427 82.76782
v 28.17385 -19.95427 82.42836
v 28.51502 -19.95427 82.31046
v 28.93558 -19.95427 82.37030
v 29.29323 -19.95427 82.67729
v 29.39015 -19.95427 82.91117
v 29.41139 -19.95427 83.36299
v 29.23201 -19.95427 83.76345
v 28.43943 -19.95427 83.93633
v 28.00787 -19.95427 83.60556
v 37.30514 -19.95427 83.94250
v 37.18886 -19.95427 83.93938
v 36.99159 -19.95427 83.72055
v 37.38136 -19.95427 83.04691
v 37.45061 -19.95427 82.85215
v 37.22886 -19.95427 82.48193
v 37.21137 -19.95427 82.30944
v 37.25228 -19.95427 82.31374
v 37.71852 -19.95427 82.33538
v 38.03633 -19.95427 82.49944
v 37.80567 -19.95427 82.94571
v 38.07133 -19.95427 83.45940
v 38.14320 -19.95427 83.58322
v 38.28225 -19.95427 83.73712
v 37.94227 -19.95427 83.94438
v 37.83923 -19.60427 83.78571
v 37.90653 -19.60427 83.70825
v 37.53572 -19.95427 83.46033
v 40.83196 -19.95427 82.93233
v 40.81601 -19.95427 82.75000
v 41.06166 -19.95427 83.42493
v 41.50689 -19.95427 83.73668
v 41.86601 -19.95427 83.80000
v 43.31601 -19.95427 84.20000
v 42.39101 -19.95427 83.65933
v 42.77534 -19.95427 83.27500
v 42.91601 -19.95427 82.75000
v 43.31601 -19.95427 78.86667
v 42.85269 -19.95427 82.39088
v 42.67036 -19.95427 82.07507
v 42.54094 -19.95427 81.94565
v 42.22513 -19.95427 81.76332
v 41.68368 -19.95427 81.71595
v 24.76529 -19.95427 78.86667
v 30.33398 -19.95427 78.86667
v 41.34101 -19.95427 81.84067
v 41.06166 -19.95427 82.07507
v 40.95668 -19.95427 82.22500
v 33.35306 -19.95427 77.82891
v 34.74788 -19.95427 77.88056
v 33.31330 -19.95427 77.95124
v 32.95433 -19.95427 78.10294
v 32.57578 -19.95427 78.19554
v 32.18731 -19.95427 78.22667
v 34.73854 -19.95427 78.38545
v 29.63609 -19.95427 78.38545
v 34.68263 -19.95427 78.50128
v 29.76697 -19.95427 78.60580
v 29.96464 -19.95427 78.76892
v 34.40999 -19.95427 78.76892
v 34.29314 -19.95427 78.82268
v 39.60934 -19.95427 78.86667
v 43.56850 -19.95427 78.82268
v 34.69629 -19.95427 77.76273
v 33.49200 -19.95427 77.61355
v 34.31896 -19.95427 77.42714
v 33.81433 -19.95427 77.40846
v 34.19592 -19.95427 77.38966
v 39.24001 -19.95427 78.76892
v 43.79124 -19.95427 78.69591
v 39.13412 -19.95427 78.69591
v 43.95799 -19.95427 78.50128
v 41.46268 -19.95427 78.22667
v 38.87625 -19.95427 78.26173
v 41.07421 -19.95427 78.19554
v 40.69566 -19.95427 78.10294
v 40.33669 -19.95427 77.95124
v 40.29693 -19.95427 77.82891
v 38.95370 -19.95427 77.76273
v 40.15800 -19.95427 77.61355
v 39.33103 -19.95427 77.42714
v 39.83566 -19.95427 77.40846
v 44.04910 -19.95427 78.26173
v 41.85114 -19.95427 78.19554
v 42.58867 -19.95427 77.95124
v 42.62842 -19.95427 77.82891
v 43.97166 -19.95427 77.76273
v 42.68858 -19.95427 77.71523
v 43.90061 -19.95427 77.65551
v 43.59432 -19.95427 77.42714
v 43.08970 -19.95427 77.40846
v 43.47129 -19.95427 77.38966
v -43.86892 -19.95427 84.20000
v -43.86892 -19.95427 78.86667
v -43.45296 -19.95427 82.56767
v -43.45296 -19.95427 82.93233
v -44.12141 -19.95427 78.82268
v -39.90976 -19.95427 78.82268
v -39.68702 -19.95427 78.69591
v -44.34414 -19.95427 78.69591
v -44.43593 -19.95427 78.60580
v -42.01558 -19.95427 78.22667
v -44.60201 -19.95427 78.26173
v -42.40405 -19.95427 78.19554
v -42.78260 -19.95427 78.10294
v -43.14157 -19.95427 77.95124
v -43.18133 -19.95427 77.82891
v -44.52456 -19.95427 77.76273
v -44.26201 -19.95427 77.48519
v -43.52384 -19.95427 77.45786
v -44.14723 -19.95427 77.42714
v -43.64260 -19.95427 77.40846
v -39.42916 -19.95427 78.26173
v -41.62712 -19.95427 78.19554
v -41.24857 -19.95427 78.10294
v -40.88959 -19.95427 77.95124
v -40.84984 -19.95427 77.82891
v -39.50661 -19.95427 77.76273
v -39.76915 -19.95427 77.48519
v -40.50732 -19.95427 77.45786
v -39.88394 -19.95427 77.42714
v -40.38856 -19.95427 77.40846
v -42.41892 -19.95427 81.70000
v -34.59356 -19.95427 78.86667
v -30.88689 -19.95427 78.86667
v -34.84604 -19.95427 78.82268
v -30.51755 -19.95427 78.76892
v -30.41166 -19.95427 78.69591
v -35.06878 -19.95427 78.69591
v -35.16057 -19.95427 78.60580
v -32.74022 -19.95427 78.22667
v -35.32665 -19.95427 78.26173
v -33.12869 -19.95427 78.19554
v -33.50724 -19.95427 78.10294
v -33.90597 -19.95427 77.82891
v -35.24920 -19.95427 77.76273
v -35.08977 -19.95427 77.56207
v -34.87187 -19.95427 77.42714
v -34.36724 -19.95427 77.40846
v -30.15380 -19.95427 78.26173
v -32.35175 -19.95427 78.19554
v -31.97321 -19.95427 78.10294
v -31.61423 -19.95427 77.95124
v -31.57448 -19.95427 77.82891
v -30.23124 -19.95427 77.76273
v -31.34048 -19.95427 77.52690
v -30.60857 -19.95427 77.42714
v -31.11320 -19.95427 77.40846
v -25.31819 -19.95427 78.86667
v -42.23659 -19.95427 81.71595
v -25.57068 -19.95427 78.82268
v -21.35904 -19.95427 78.82268
v -21.24219 -19.95427 78.76892
v -21.13630 -19.95427 78.69591
v -25.79342 -19.95427 78.69591
v -25.96017 -19.95427 78.50128
v -20.91364 -19.95427 78.38545
v -23.46486 -19.95427 78.22667
v -26.05128 -19.95427 78.26173
v -23.85333 -19.95427 78.19554
v -24.59085 -19.95427 77.95124
v -24.63060 -19.95427 77.82891
v -25.97384 -19.95427 77.76273
v -24.69076 -19.95427 77.71523
v -25.90280 -19.95427 77.65551
v -25.59651 -19.95427 77.42714
v -25.09188 -19.95427 77.40846
v -25.47347 -19.95427 77.38966
v -20.87843 -19.95427 78.26173
v -23.07639 -19.95427 78.19554
v -22.69784 -19.95427 78.10294
v -22.33887 -19.95427 77.95124
v -22.29912 -19.95427 77.82891
v -20.95588 -19.95427 77.76273
v -22.16018 -19.95427 77.61355
v -21.33321 -19.95427 77.42714
v -21.83784 -19.95427 77.40846
v -21.45625 -19.95427 77.38966
v -16.04283 -19.95427 78.86667
v -12.08368 -19.95427 78.82268
v -12.33616 -19.95427 78.86667
v -16.41217 -19.95427 78.76892
v -11.86094 -19.95427 78.69591
v -16.51806 -19.95427 78.69591
v -11.69419 -19.95427 78.50128
v -16.74072 -19.95427 78.38545
v -14.18950 -19.95427 78.22667
v -16.77592 -19.95427 78.26173
v -14.57796 -19.95427 78.19554
v -14.95651 -19.95427 78.10294
v -15.31549 -19.95427 77.95124
v -15.35524 -19.95427 77.82891
v -16.69848 -19.95427 77.76273
v -15.49418 -19.95427 77.61355
v -16.32115 -19.95427 77.42714
v -15.81652 -19.95427 77.40846
v -16.19811 -19.95427 77.38966
v -11.60307 -19.95427 78.26173
v -13.80103 -19.95427 78.19554
v -13.06351 -19.95427 77.95124
v -13.02375 -19.95427 77.82891
v -11.68052 -19.95427 77.76273
v -12.96359 -19.95427 77.71523
v -11.75156 -19.95427 77.65551
v -12.05785 -19.95427 77.42714
v -12.56248 -19.95427 77.40846
v -12.18089 -19.95427 77.38966
v -6.76747 -19.95427 78.86667
v -2.80831 -19.95427 78.82268
v -3.06080 -19.95427 78.86667
v -7.13680 -19.95427 78.76892
v -2.58557 -19.95427 78.69591
v -7.24270 -19.95427 78.69591
v -2.49378 -19.95427 78.60580
v -4.91413 -19.95427 78.22667
v -7.50056 -19.95427 78.26173
v -5.30260 -19.95427 78.19554
v -5.68115 -19.95427 78.10294
v -6.04012 -19.95427 77.95124
v -6.07988 -19.95427 77.82891
v -7.42311 -19.95427 77.76273
v -6.31388 -19.95427 77.52690
v -7.04578 -19.95427 77.42714
v -6.54115 -19.95427 77.40846
v -2.32771 -19.95427 78.26173
v -4.52567 -19.95427 78.19554
v -4.14712 -19.95427 78.10294
v -3.74839 -19.95427 77.82891
v -2.40516 -19.95427 77.76273
v -2.56459 -19.95427 77.56207
v -2.78249 -19.95427 77.42714
v -3.28712 -19.95427 77.40846
v 2.50789 -19.95427 78.86667
v 6.46705 -19.95427 78.82268
v 6.21456 -19.95427 78.86667
v 6.68979 -19.95427 78.69591
v 2.03267 -19.95427 78.69591
v 6.78158 -19.95427 78.60580
v 4.36123 -19.95427 78.22667
v 1.77480 -19.95427 78.26173
v 3.97276 -19.95427 78.19554
v 3.59421 -19.95427 78.10294
v 3.23524 -19.95427 77.95124
v 3.19548 -19.95427 77.82891
v 1.85225 -19.95427 77.76273
v 2.11480 -19.95427 77.48519
v 2.85297 -19.95427 77.45786
v 2.22958 -19.95427 77.42714
v 2.73421 -19.95427 77.40846
v 6.94765 -19.95427 78.26173
v 4.74969 -19.95427 78.19554
v 5.12824 -19.95427 78.10294
v 5.48722 -19.95427 77.95124
v 5.52697 -19.95427 77.82891
v 6.87021 -19.95427 77.76273
v 6.60766 -19.95427 77.48519
v 5.86949 -19.95427 77.45786
v 6.49288 -19.95427 77.42714
v 5.98825 -19.95427 77.40846
v 11.78326 -19.95427 78.86667
v 11.53077 -19.95427 78.82268
v 15.74241 -19.95427 78.82268
v 15.96515 -19.95427 78.69591
v 11.30803 -19.95427 78.69591
v 11.21624 -19.95427 78.60580
v 13.63659 -19.95427 78.22667
v 11.05017 -19.95427 78.26173
v 13.24812 -19.95427 78.19554
v 12.86957 -19.95427 78.10294
v 12.51060 -19.95427 77.95124
v 12.47085 -19.95427 77.82891
v 11.12761 -19.95427 77.76273
v 11.39016 -19.95427 77.48519
v 12.12833 -19.95427 77.45786
v 11.50494 -19.95427 77.42714
v 12.00957 -19.95427 77.40846
v 16.22302 -19.95427 78.26173
v 14.02506 -19.95427 78.19554
v 14.40361 -19.95427 78.10294
v 14.76258 -19.95427 77.95124
v 14.80233 -19.95427 77.82891
v 16.14557 -19.95427 77.76273
v 15.88302 -19.95427 77.48519
v 15.14485 -19.95427 77.45786
v 15.76824 -19.95427 77.42714
v 15.26361 -19.95427 77.40846
v 21.05862 -19.95427 78.86667
v 20.80613 -19.95427 78.82268
v 25.13462 -19.95427 78.76892
v 25.24051 -19.95427 78.69591
v 20.58339 -19.95427 78.69591
v 20.49160 -19.95427 78.60580
v 22.91195 -19.95427 78.22667
v 20.32553 -19.95427 78.26173
v 22.52349 -19.95427 78.19554
v 22.14494 -19.95427 78.10294
v 21.74621 -19.95427 77.82891
v 20.40297 -19.95427 77.76273
v 20.56241 -19.95427 77.56207
v 20.78030 -19.95427 77.42714
v 21.28493 -19.95427 77.40846
v 25.49838 -19.95427 78.26173
v 23.30042 -19.95427 78.19554
v 23.67897 -19.95427 78.10294
v 24.03794 -19.95427 77.95124
v 24.07770 -19.95427 77.82891
v 25.42093 -19.95427 77.76273
v 24.31169 -19.95427 77.52690
v 25.04360 -19.95427 77.42714
v 24.53897 -19.95427 77.40846
v 29.60089 -19.95427 78.26173
v 31.42030 -19.95427 78.10294
v 31.06133 -19.95427 77.95124
v 31.02157 -19.95427 77.82891
v 29.67834 -19.95427 77.76273
v 29.74938 -19.95427 77.65551
v 30.88263 -19.95427 77.61355
v 30.05567 -19.95427 77.42714
v 30.56030 -19.95427 77.40846
v 30.17871 -19.95427 77.38966
v -43.22326 -19.95427 83.42493
v -42.94392 -19.95427 83.65933
v -42.77804 -19.95427 83.73668
v -42.60125 -19.95427 83.78405
v -42.23659 -19.95427 83.78405
v -41.89392 -19.95427 83.65933
v -41.74399 -19.95427 83.55435
v -41.50959 -19.95427 83.27500
v -41.38487 -19.95427 82.93233
v -41.36892 -19.95427 82.75000
v -41.43224 -19.95427 82.39088
v -41.74399 -19.95427 81.94565
v -42.77804 -19.95427 81.76332
v -43.09384 -19.95427 81.94565
v -43.22326 -19.95427 82.07507
v 40.81601 -20.15427 82.75000
v 40.83196 -20.15427 82.93233
v 41.06166 -20.15427 83.42493
v 41.50689 -20.15427 83.73668
v 41.86601 -20.15427 83.80000
v 42.39101 -20.15427 83.65933
v 42.77534 -20.15427 83.27500
v 42.91601 -20.15427 82.75000
v 42.85269 -20.15427 82.39088
v 42.67036 -20.15427 82.07507
v 42.54094 -20.15427 81.94565
v 42.22513 -20.15427 81.76332
v 41.68368 -20.15427 81.71595
v 41.34101 -20.15427 81.84067
v 41.06166 -20.15427 82.07507
v 40.95668 -20.15427 82.22500
v 41.51102 -20.22267 83.72534
v 42.22101 -20.22267 83.72534
v 41.01855 -20.30748 83.23928
v 42.66137 -20.34221 83.20920
v 41.02892 -20.35427 82.60240
v 42.66889 -20.35123 82.60843
v 41.47521 -20.34221 82.07312
v 42.24101 -20.32748 82.10048
v 41.43097 -20.25427 83.26846
v 41.25521 -19.95427 82.52769
v 41.44820 -19.95427 82.25207
v 41.86601 -19.95427 82.10000
v 42.47681 -19.95427 82.52769
v 42.47681 -19.95427 82.97231
v 42.19101 -19.95427 83.31292
v 41.75314 -19.95427 83.39012
v 41.44820 -19.95427 83.24793
v 41.36808 -19.95427 83.16781
v -43.46892 -20.15427 82.75000
v -43.45296 -20.15427 82.93233
v -43.22326 -20.15427 83.42493
v -42.94392 -20.15427 83.65933
v -42.77804 -20.15427 83.73668
v -42.60125 -20.15427 83.78405
v -42.23659 -20.15427 83.78405
v -41.89392 -20.15427 83.65933
v -41.74399 -20.15427 83.55435
v -41.50959 -20.15427 83.27500
v -41.38487 -20.15427 82.93233
v -41.36892 -20.15427 82.75000
v -41.43224 -20.15427 82.39088
v -41.74399 -20.15427 81.94565
v -41.89392 -20.15427 81.84067
v -42.41892 -20.15427 81.70000
v -42.77804 -20.15427 81.76332
v -43.09384 -20.15427 81.94565
v -43.22326 -20.15427 82.07507
v -41.43095 -20.28283 82.57579
v -42.58884 -20.30748 83.71369
v -42.98761 -20.35123 82.07226
v -41.85022 -20.35123 82.07226
v -43.07006 -20.35427 83.29637
v -41.84438 -20.32748 83.23209
v -42.66566 -20.30748 82.07207
v -43.07369 -20.28283 82.51168
v -43.02972 -19.95427 82.52769
v -42.98183 -19.95427 82.42500
v -42.64123 -19.95427 82.13920
v -42.19660 -19.95427 82.13920
v -41.80812 -19.95427 82.52769
v -41.85600 -19.95427 83.07500
v -42.30605 -19.95427 83.39012
v -42.83673 -19.95427 83.24793
v -46.00570 -22.09106 86.20000
v -46.00570 -15.95427 86.20000
v -44.00570 -20.09106 84.20000
v -44.00570 -15.95427 84.20000
v 45.45279 -22.09106 86.20000
v 43.45279 -15.95427 84.20000
v 45.45279 -15.95427 86.20000
v -43.86892 -15.95427 84.20000
v 43.31601 -15.95427 78.86667
v 39.60934 -15.95427 78.86667
v 34.04065 -15.95427 78.86667
v 30.33398 -15.95427 78.86667
v 29.96464 -15.95427 78.76892
v 43.68535 -15.95427 78.76892
v 39.24001 -15.95427 78.76892
v 39.13412 -15.95427 78.69591
v 43.79124 -15.95427 78.69591
v 43.95799 -15.95427 78.50128
v 41.46268 -15.95427 78.22667
v 41.85114 -15.95427 78.19554
v 44.04910 -15.95427 78.26173
v 42.58867 -15.95427 77.95124
v 42.62842 -15.95427 77.82891
v 43.97166 -15.95427 77.76273
v 42.68858 -15.95427 77.71523
v 43.90061 -15.95427 77.65551
v 43.59432 -15.95427 77.42714
v 43.08970 -15.95427 77.40846
v 43.47129 -15.95427 77.38966
v 41.07421 -15.95427 78.19554
v 38.87625 -15.95427 78.26173
v 40.69566 -15.95427 78.10294
v 40.33669 -15.95427 77.95124
v 40.29693 -15.95427 77.82891
v 38.95370 -15.95427 77.76273
v 40.15800 -15.95427 77.61355
v 39.33103 -15.95427 77.42714
v 39.83566 -15.95427 77.40846
v 34.40999 -15.95427 78.76892
v 29.85875 -15.95427 78.69591
v 34.51588 -15.95427 78.69591
v 29.69200 -15.95427 78.50128
v 32.18731 -15.95427 78.22667
v 34.73854 -15.95427 78.38545
v 32.57578 -15.95427 78.19554
v 34.77374 -15.95427 78.26173
v 32.95433 -15.95427 78.10294
v 33.31330 -15.95427 77.95124
v 33.35306 -15.95427 77.82891
v 34.69629 -15.95427 77.76273
v 33.49200 -15.95427 77.61355
v 34.31896 -15.95427 77.42714
v 33.81433 -15.95427 77.40846
v 34.19592 -15.95427 77.38966
v 29.60089 -15.95427 78.26173
v 31.42030 -15.95427 78.10294
v 31.06133 -15.95427 77.95124
v 31.02157 -15.95427 77.82891
v 29.67834 -15.95427 77.76273
v 29.74938 -15.95427 77.65551
v 30.88263 -15.95427 77.61355
v 30.05567 -15.95427 77.42714
v 30.56030 -15.95427 77.40846
v 30.17871 -15.95427 77.38966
v 24.76529 -15.95427 78.86667
v 21.05862 -15.95427 78.86667
v 15.48992 -15.95427 78.86667
v 25.13462 -15.95427 78.76892
v 20.68928 -15.95427 78.76892
v 20.58339 -15.95427 78.69591
v 25.24051 -15.95427 78.69591
v 20.49160 -15.95427 78.60580
v 22.91195 -15.95427 78.22667
v 23.30042 -15.95427 78.19554
v 25.49838 -15.95427 78.26173
v 23.67897 -15.95427 78.10294
v 24.03794 -15.95427 77.95124
v 24.07770 -15.95427 77.82891
v 25.42093 -15.95427 77.76273
v 24.31169 -15.95427 77.52690
v 25.04360 -15.95427 77.42714
v 24.53897 -15.95427 77.40846
v 22.52349 -15.95427 78.19554
v 20.32553 -15.95427 78.26173
v 22.14494 -15.95427 78.10294
v 21.74621 -15.95427 77.82891
v 20.40297 -15.95427 77.76273
v 20.56241 -15.95427 77.56207
v 20.78030 -15.95427 77.42714
v 21.28493 -15.95427 77.40846
v 11.41392 -15.95427 78.76892
v 11.30803 -15.95427 78.69591
v 15.96515 -15.95427 78.69591
v 11.21624 -15.95427 78.60580
v 13.63659 -15.95427 78.22667
v 14.02506 -15.95427 78.19554
v 16.22302 -15.95427 78.26173
v 14.40361 -15.95427 78.10294
v 14.76258 -15.95427 77.95124
v 14.80233 -15.95427 77.82891
v 16.14557 -15.95427 77.76273
v 15.88302 -15.95427 77.48519
v 15.14485 -15.95427 77.45786
v 15.76824 -15.95427 77.42714
v 15.26361 -15.95427 77.40846
v 13.24812 -15.95427 78.19554
v 11.05017 -15.95427 78.26173
v 12.86957 -15.95427 78.10294
v 12.51060 -15.95427 77.95124
v 12.47085 -15.95427 77.82891
v 11.12761 -15.95427 77.76273
v 11.39016 -15.95427 77.48519
v 12.12833 -15.95427 77.45786
v 11.50494 -15.95427 77.42714
v 12.00957 -15.95427 77.40846
v 11.78326 -15.95427 78.86667
v 6.21456 -15.95427 78.86667
v 2.50789 -15.95427 78.86667
v 6.58390 -15.95427 78.76892
v 2.03267 -15.95427 78.69591
v 6.68979 -15.95427 78.69591
v 6.78158 -15.95427 78.60580
v 4.36123 -15.95427 78.22667
v 4.74969 -15.95427 78.19554
v 6.94765 -15.95427 78.26173
v 5.12824 -15.95427 78.10294
v 5.48722 -15.95427 77.95124
v 5.52697 -15.95427 77.82891
v 6.87021 -15.95427 77.76273
v 6.60766 -15.95427 77.48519
v 5.86949 -15.95427 77.45786
v 6.49288 -15.95427 77.42714
v 5.98825 -15.95427 77.40846
v 3.97276 -15.95427 78.19554
v 1.77480 -15.95427 78.26173
v 3.59421 -15.95427 78.10294
v 3.23524 -15.95427 77.95124
v 3.19548 -15.95427 77.82891
v 1.85225 -15.95427 77.76273
v 2.11480 -15.95427 77.48519
v 2.85297 -15.95427 77.45786
v 2.22958 -15.95427 77.42714
v 2.73421 -15.95427 77.40846
v -3.06080 -15.95427 78.86667
v -2.69146 -15.95427 78.76892
v -7.13680 -15.95427 78.76892
v -7.24270 -15.95427 78.69591
v -2.58557 -15.95427 78.69591
v -2.49378 -15.95427 78.60580
v -4.91413 -15.95427 78.22667
v -4.52567 -15.95427 78.19554
v -2.32771 -15.95427 78.26173
v -4.14712 -15.95427 78.10294
v -3.74839 -15.95427 77.82891
v -2.40516 -15.95427 77.76273
v -2.56459 -15.95427 77.56207
v -2.78249 -15.95427 77.42714
v -3.28712 -15.95427 77.40846
v -5.30260 -15.95427 78.19554
v -7.50056 -15.95427 78.26173
v -5.68115 -15.95427 78.10294
v -6.04012 -15.95427 77.95124
v -6.07988 -15.95427 77.82891
v -7.42311 -15.95427 77.76273
v -6.31388 -15.95427 77.52690
v -7.04578 -15.95427 77.42714
v -6.54115 -15.95427 77.40846
v -6.76747 -15.95427 78.86667
v -12.33616 -15.95427 78.86667
v -16.04283 -15.95427 78.86667
v -16.41217 -15.95427 78.76892
v -11.96683 -15.95427 78.76892
v -16.51806 -15.95427 78.69591
v -11.86094 -15.95427 78.69591
v -11.69419 -15.95427 78.50128
v -14.18950 -15.95427 78.22667
v -13.80103 -15.95427 78.19554
v -11.60307 -15.95427 78.26173
v -13.06351 -15.95427 77.95124
v -13.02375 -15.95427 77.82891
v -11.68052 -15.95427 77.76273
v -12.96359 -15.95427 77.71523
v -11.75156 -15.95427 77.65551
v -12.05785 -15.95427 77.42714
v -12.56248 -15.95427 77.40846
v -12.18089 -15.95427 77.38966
v -16.74072 -15.95427 78.38545
v -14.57796 -15.95427 78.19554
v -16.77592 -15.95427 78.26173
v -14.95651 -15.95427 78.10294
v -15.31549 -15.95427 77.95124
v -15.35524 -15.95427 77.82891
v -16.69848 -15.95427 77.76273
v -15.49418 -15.95427 77.61355
v -16.32115 -15.95427 77.42714
v -15.81652 -15.95427 77.40846
v -16.19811 -15.95427 77.38966
v -21.61153 -15.95427 78.86667
v -25.31819 -15.95427 78.86667
v -30.88689 -15.95427 78.86667
v -21.24219 -15.95427 78.76892
v -25.68753 -15.95427 78.76892
v -25.79342 -15.95427 78.69591
v -21.13630 -15.95427 78.69591
v -25.96017 -15.95427 78.50128
v -23.46486 -15.95427 78.22667
v -20.91364 -15.95427 78.38545
v -23.07639 -15.95427 78.19554
v -20.87843 -15.95427 78.26173
v -22.69784 -15.95427 78.10294
v -22.33887 -15.95427 77.95124
v -22.29912 -15.95427 77.82891
v -20.95588 -15.95427 77.76273
v -22.16018 -15.95427 77.61355
v -21.33321 -15.95427 77.42714
v -21.83784 -15.95427 77.40846
v -21.45625 -15.95427 77.38966
v -23.85333 -15.95427 78.19554
v -26.05128 -15.95427 78.26173
v -24.59085 -15.95427 77.95124
v -24.63060 -15.95427 77.82891
v -25.97384 -15.95427 77.76273
v -24.69076 -15.95427 77.71523
v -25.90280 -15.95427 77.65551
v -25.59651 -15.95427 77.42714
v -25.09188 -15.95427 77.40846
v -25.47347 -15.95427 77.38966
v -30.51755 -15.95427 78.76892
v -34.96289 -15.95427 78.76892
v -35.06878 -15.95427 78.69591
v -30.41166 -15.95427 78.69591
v -35.16057 -15.95427 78.60580
v -32.74022 -15.95427 78.22667
v -32.35175 -15.95427 78.19554
v -30.15380 -15.95427 78.26173
v -31.97321 -15.95427 78.10294
v -31.61423 -15.95427 77.95124
v -31.57448 -15.95427 77.82891
v -30.23124 -15.95427 77.76273
v -31.34048 -15.95427 77.52690
v -30.60857 -15.95427 77.42714
v -31.11320 -15.95427 77.40846
v -33.12869 -15.95427 78.19554
v -35.32665 -15.95427 78.26173
v -33.50724 -15.95427 78.10294
v -33.90597 -15.95427 77.82891
v -35.24920 -15.95427 77.76273
v -35.08977 -15.95427 77.56207
v -34.87187 -15.95427 77.42714
v -34.36724 -15.95427 77.40846
v -34.59356 -15.95427 78.86667
v -40.16225 -15.95427 78.86667
v -43.86892 -15.95427 78.86667
v -44.23826 -15.95427 78.76892
v -44.34414 -15.95427 78.69591
v -39.68702 -15.95427 78.69591
v -44.43593 -15.95427 78.60580
v -42.01558 -15.95427 78.22667
v -41.62712 -15.95427 78.19554
v -39.42916 -15.95427 78.26173
v -41.24857 -15.95427 78.10294
v -40.88959 -15.95427 77.95124
v -40.84984 -15.95427 77.82891
v -39.50661 -15.95427 77.76273
v -39.76915 -15.95427 77.48519
v -40.50732 -15.95427 77.45786
v -39.88394 -15.95427 77.42714
v -40.38856 -15.95427 77.40846
v -42.40405 -15.95427 78.19554
v -44.60201 -15.95427 78.26173
v -42.78260 -15.95427 78.10294
v -43.14157 -15.95427 77.95124
v -43.18133 -15.95427 77.82891
v -44.52456 -15.95427 77.76273
v -44.26201 -15.95427 77.48519
v -43.52384 -15.95427 77.45786
v -44.14723 -15.95427 77.42714
v -43.64260 -15.95427 77.40846
v -46.00570 -15.95427 87.20000
v 45.45279 -15.95427 87.20000
v 45.45279 -22.09106 87.20000
v -46.00570 -22.09106 87.20000
v 40.65172 -16.69239 78.08792
v 40.82567 -16.70344 74.66096
v 40.82567 -16.70344 71.09524
v 40.82567 -16.70344 67.52953
v 40.99889 -16.68411 63.96381
v 41.16614 -16.63501 63.96381
v 41.16614 -16.63501 60.39810
v 41.32231 -16.55761 56.83238
v 41.46268 -16.45427 53.26667
v 41.32231 -16.55761 53.26667
v 41.16614 -16.63501 71.09524
v 41.16614 -16.63501 67.52953
v 41.07341 -16.66595 78.19528
v 41.16614 -16.63501 74.66096
v 41.46268 -16.45427 78.22667
v 40.99889 -16.68411 56.83238
v 40.99889 -16.68411 53.26667
v 40.82567 -16.70344 60.39810
v 41.60304 -16.55761 74.66096
v 41.60304 -16.55761 71.09524
v 41.60304 -16.55761 67.52953
v 41.75922 -16.63501 63.96381
v 41.92646 -16.68411 63.96381
v 41.92646 -16.68411 60.39810
v 42.09969 -16.70344 56.83238
v 42.27364 -16.69239 53.26667
v 42.09969 -16.70344 53.26667
v 41.92646 -16.68411 71.09524
v 41.92646 -16.68411 67.52953
v 41.85195 -16.66595 78.19528
v 41.92646 -16.68411 74.66096
v 42.27364 -16.69239 78.08792
v 41.75922 -16.63501 56.83238
v 41.60304 -16.55761 60.39810
v 42.32653 -16.83536 78.06858
v 42.33585 -16.85521 74.54203
v 42.33585 -16.85521 70.99613
v 42.33585 -16.85521 67.45024
v 42.53953 -17.13649 60.35845
v 42.53953 -17.13649 63.90435
v 42.67482 -17.24640 60.35845
v 42.67482 -17.24640 56.81256
v 42.82713 -17.33115 53.26667
v 42.67482 -17.24640 67.45024
v 42.67482 -17.24640 63.90435
v 42.67482 -17.24640 70.99613
v 42.74733 -17.29102 77.63626
v 42.67482 -17.24640 74.54203
v 42.62520 -17.21055 77.83665
v 42.53953 -17.13649 56.81256
v 42.53953 -17.13649 53.26667
v 42.79143 -17.50176 74.11959
v 42.79143 -17.50176 70.64410
v 42.79143 -17.50176 67.16862
v 42.78591 -17.67597 67.16862
v 42.78591 -17.67597 63.69313
v 42.86510 -18.01410 56.74215
v 42.86510 -18.01410 60.21764
v 42.94741 -18.16774 53.26667
v 42.86510 -18.01410 53.26667
v 42.78591 -17.67597 74.11959
v 42.78591 -17.67597 70.64410
v 42.78498 -17.65550 77.59508
v 42.89317 -18.07409 77.50460
v 42.79143 -17.50176 60.21764
v 42.82515 -18.29197 74.39911
v 42.82515 -18.29197 70.87703
v 42.82515 -18.29197 67.35496
v 42.72631 -18.43554 63.83289
v 42.65390 -18.59409 63.83289
v 42.65390 -18.59409 60.31081
v 42.61012 -18.76281 56.78874
v 42.59630 -18.93656 53.26667
v 42.61012 -18.76281 53.26667
v 42.65390 -18.59409 70.87703
v 42.65390 -18.59409 67.35496
v 42.68357 -18.52004 77.72311
v 42.65390 -18.59409 74.39911
v 42.64595 -18.61730 77.79063
v 42.60936 -18.76737 77.87884
v 42.59765 -18.87580 77.91636
v 42.72631 -18.43554 56.78874
v 42.82515 -18.29197 60.31081
v 42.42628 -18.97497 74.62934
v 42.42628 -18.97497 71.06889
v 42.26552 -19.04231 67.50845
v 42.11888 -19.13655 67.50845
v 42.11888 -19.13655 63.94800
v 41.99084 -19.25481 60.38756
v 41.88528 -19.39351 53.26667
v 41.99084 -19.25481 56.82711
v 41.99084 -19.25481 53.26667
v 42.26552 -19.04231 56.82711
v 42.11888 -19.13655 71.06889
v 42.19260 -19.08507 78.11480
v 42.11888 -19.13655 74.62934
v 41.95048 -19.30213 78.17739
v 42.42628 -18.97497 63.94800
v 42.42628 -18.97497 60.38756
v 40.88124 -16.35679 53.06667
v 40.88228 -16.35965 53.10140
v 41.16748 -16.28010 53.06667
v 42.04411 -16.35679 53.06667
v 41.75735 -16.28309 53.10140
v 42.04307 -16.35965 53.10140
v 42.31268 -16.48203 53.06667
v 40.20080 -17.14331 53.26667
v 40.13356 -17.18691 53.26363
v 40.09823 -17.33115 53.26667
v 40.20080 -18.76523 53.26667
v 40.13356 -18.72164 53.26363
v 40.28701 -18.94078 53.26363
v 40.16273 -16.86349 53.10140
v 40.16964 -16.86929 53.13507
v 40.37189 -16.65432 53.10140
v 40.16273 -19.04506 53.10140
v 40.16964 -19.03926 53.13507
v 39.99307 -18.80275 53.10140
v 39.81489 -17.66372 53.16667
v 39.83458 -17.66719 53.19522
v 39.89038 -17.38200 53.16667
v 40.40002 -16.68784 53.19522
v 41.17560 -16.32618 53.19522
v 41.46268 -16.30106 53.19522
v 42.74443 -16.87876 53.16667
v 42.72911 -16.89161 53.19522
v 43.03498 -17.38200 53.16667
v 43.11046 -17.66372 53.16667
v 43.11589 -17.95427 53.19522
v 43.11046 -18.24482 53.16667
v 43.03498 -18.52654 53.16667
v 43.01619 -18.51970 53.19522
v 42.74443 -19.02979 53.16667
v 42.72911 -19.01693 53.19522
v 42.53819 -19.23602 53.16667
v 42.29928 -19.40331 53.16667
v 42.28928 -19.38599 53.19522
v 42.03495 -19.52657 53.16667
v 41.75323 -19.60206 53.16667
v 41.74975 -19.58236 53.19522
v 41.17213 -19.60206 53.16667
v 41.17560 -19.58236 53.19522
v 40.89041 -19.52657 53.16667
v 40.89725 -19.50778 53.19522
v 39.81489 -18.24482 53.16667
v 39.83458 -18.24135 53.19522
v 40.69531 -19.28339 53.26363
v 40.58950 -16.85521 53.26667
v 40.25054 -17.24640 53.26667
v 40.19904 -18.43554 53.26667
v 40.66268 -19.45427 52.71008
v 40.41436 -19.29256 52.71008
v 40.19789 -19.09019 52.71008
v 40.01986 -18.85331 52.71008
v 39.79938 -18.30562 52.71008
v 39.76364 -18.01145 52.71008
v 39.84655 -17.42690 52.71008
v 39.96268 -17.15427 52.71008
v 40.32675 -16.68949 52.71008
v 40.82784 -16.37725 52.71008
v 41.11133 -16.29097 52.71008
v 41.70140 -16.27112 52.71008
v 41.99005 -16.33814 52.71008
v 42.26268 -16.45427 52.71008
v 42.72746 -16.81835 52.71008
v 43.03969 -17.31943 52.71008
v 43.12597 -17.60292 52.71008
v 43.16172 -17.89709 52.71008
v 43.14583 -18.19299 52.71008
v 43.07881 -18.48165 52.71008
v 42.80097 -19.00259 52.71008
v 42.59860 -19.21906 52.71008
v 42.36171 -19.39709 52.71008
v 42.09751 -19.53129 52.71008
v 41.81402 -19.61757 52.71008
v 41.22395 -19.63743 52.71008
v 40.47279 -19.41425 52.20849
v 40.63644 -19.51272 52.20849
v 40.89099 -19.70621 51.96777
v 41.20389 -19.77887 51.96777
v 41.17731 -19.69495 52.20849
v 42.11557 -19.59291 52.20849
v 42.28891 -19.51272 52.20849
v 41.55817 -19.71560 52.20849
v 41.74805 -19.69495 52.20849
v 41.84355 -19.75734 51.96777
v 42.69406 -19.32534 51.96777
v 42.74327 -19.16732 52.20849
v 43.13426 -18.51749 52.20849
v 43.18536 -18.33346 52.20849
v 43.13426 -17.39105 52.20849
v 43.06357 -17.21362 52.20849
v 43.02674 -16.97968 51.96777
v 42.74327 -16.74122 52.20849
v 42.70852 -16.77415 52.45726
v 42.28891 -16.39583 52.20849
v 42.32990 -16.32822 51.96777
v 42.11557 -16.31563 52.20849
v 42.09785 -16.36011 52.45726
v 41.74805 -16.21359 52.20849
v 41.36718 -16.19294 52.20849
v 40.80978 -16.31563 52.20849
v 40.63644 -16.39583 52.20849
v 40.48809 -16.39021 51.96777
v 40.05843 -16.88679 52.20849
v 39.86179 -17.21362 52.20849
v 39.71074 -17.38258 51.96777
v 39.74000 -18.33346 52.20849
v 39.79109 -18.51749 52.20849
v 39.70910 -17.76356 52.20849
v 40.05843 -19.02175 52.20849
v 40.09655 -18.99278 52.45726
v 40.18208 -19.16732 52.20849
v 43.21626 -17.76356 52.20849
v 42.97410 -18.86367 52.20849
v 40.52437 -19.57695 51.87148
v 40.82040 -19.71523 51.87148
v 41.13595 -19.80001 51.87148
v 41.46142 -19.82870 51.87148
v 42.10259 -19.71609 51.87148
v 42.39881 -19.57821 51.87148
v 42.89777 -19.16009 51.87148
v 43.22364 -18.59654 51.87148
v 43.30841 -18.28100 51.87148
v 43.33711 -17.95553 51.87148
v 43.22450 -17.31436 51.87148
v 43.08661 -17.01814 51.87148
v 42.89938 -16.75037 51.87148
v 42.66850 -16.51918 51.87148
v 42.40098 -16.33159 51.87148
v 42.10495 -16.19331 51.87148
v 41.78941 -16.10853 51.87148
v 41.13842 -16.10810 51.87148
v 40.82276 -16.19245 51.87148
v 40.52655 -16.33034 51.87148
v 40.25878 -16.51757 51.87148
v 40.02759 -16.74845 51.87148
v 39.84000 -17.01597 51.87148
v 39.70172 -17.31200 51.87148
v 39.61694 -17.62754 51.87148
v 39.61650 -18.27852 51.87148
v 39.70086 -18.59418 51.87148
v 39.83874 -18.89040 51.87148
v 42.67888 -19.40565 51.77198
v 43.10193 -18.90216 51.77198
v 43.10320 -17.00858 51.77198
v 40.49996 -17.00476 74.54203
v 40.52589 -16.96667 78.03957
v 40.58950 -16.85521 74.54203
v 40.59882 -16.83536 78.06858
v 40.58950 -16.85521 70.99613
v 40.58950 -16.85521 67.45024
v 40.58950 -16.85521 63.90435
v 40.49996 -17.00476 67.45024
v 40.49996 -17.00476 63.90435
v 40.25054 -17.24640 67.45024
v 40.25054 -17.24640 63.90435
v 40.17803 -17.29102 77.63626
v 40.25054 -17.24640 60.35845
v 40.25054 -17.24640 56.81256
v 40.38582 -17.13649 56.81256
v 40.58950 -16.85521 56.81256
v 40.58950 -16.85521 60.35845
v 40.09823 -17.33115 77.55564
v 40.25054 -17.24640 74.54203
v 40.25054 -17.24640 70.99613
v 40.38582 -17.13649 70.99613
v 40.38582 -17.13649 60.35845
v 39.97794 -18.16774 77.47066
v 40.06026 -18.01410 74.11959
v 40.06026 -18.01410 70.64410
v 40.06026 -18.01410 67.16862
v 40.13945 -17.67597 60.21764
v 40.13945 -17.67597 63.69313
v 40.13392 -17.50176 60.21764
v 40.13392 -17.50176 56.74215
v 40.07599 -17.97510 77.53713
v 40.13392 -17.50176 67.16862
v 40.13392 -17.50176 63.69313
v 40.13392 -17.50176 74.11959
v 40.13392 -17.50176 70.64410
v 40.13945 -17.67597 56.74215
v 40.32905 -18.93656 77.92118
v 40.31523 -18.76281 74.39911
v 40.31523 -18.76281 70.87703
v 40.27145 -18.59409 67.35496
v 40.19904 -18.43554 67.35496
v 40.19904 -18.43554 63.83289
v 40.10021 -18.29197 63.83289
v 40.10021 -18.29197 60.31081
v 40.10021 -18.29197 56.78874
v 40.19904 -18.43554 56.78874
v 40.27145 -18.59409 56.78874
v 40.32316 -18.82002 77.90097
v 40.30631 -18.71649 77.85215
v 40.19904 -18.43554 74.39911
v 40.19278 -18.42477 77.65435
v 40.10021 -18.29197 74.39911
v 40.10021 -18.29197 70.87703
v 40.10021 -18.29197 67.35496
v 40.19904 -18.43554 70.87703
v 40.31523 -18.76281 63.83289
v 40.31523 -18.76281 60.31081
v 40.19904 -18.43554 60.31081
v 40.49907 -18.97497 67.50845
v 40.49907 -18.97497 71.06889
v 40.65984 -19.04231 71.06889
v 40.65984 -19.04231 74.62934
v 40.90222 -19.22092 78.16141
v 40.97488 -19.30213 78.17739
v 41.04008 -19.39351 78.18979
v 40.93451 -19.25481 67.50845
v 40.65984 -19.04231 60.38756
v 40.65984 -19.04231 63.94800
v 40.49907 -18.97497 60.38756
v 40.49907 -18.97497 56.82711
v 40.65984 -19.04231 56.82711
v 40.49907 -18.97497 74.62934
v 40.49907 -18.97497 63.94800
v 41.78291 -19.35258 78.20550
v 41.72148 -19.33390 74.66096
v 41.72148 -19.33390 71.09524
v 41.72148 -19.33390 67.52953
v 41.54983 -19.30364 63.96381
v 41.37553 -19.30364 63.96381
v 41.37553 -19.30364 60.39810
v 41.20387 -19.33390 56.83238
v 41.37553 -19.30364 71.09524
v 41.37553 -19.30364 67.52953
v 41.37553 -19.30364 74.66096
v 41.54983 -19.30364 56.83238
v 41.72148 -19.33390 60.39810
v 43.08970 -17.95427 77.40846
v 43.21517 -17.95427 77.38017
v 43.59432 -17.95427 77.42714
v 43.70911 -17.95427 77.48519
v 43.97166 -17.95427 77.76273
v 44.02324 -17.95427 77.88056
v 44.01390 -17.95427 78.38545
v 43.88303 -17.95427 78.60580
v 43.68535 -17.95427 78.76892
v 43.44416 -17.95427 78.85559
v 39.83566 -17.95427 77.40846
v 39.71018 -17.95427 77.38017
v 39.21625 -17.95427 77.48519
v 38.90211 -17.95427 77.88056
v 38.91145 -17.95427 78.38545
v 39.24001 -17.95427 78.76892
v 39.35686 -17.95427 78.82268
v 22.20459 -16.70264 78.12185
v 22.27494 -16.70344 74.66096
v 22.10099 -16.69239 78.08792
v 22.27494 -16.70344 71.09524
v 22.27494 -16.70344 67.52953
v 22.44817 -16.68411 63.96381
v 22.61541 -16.63501 63.96381
v 22.61541 -16.63501 60.39810
v 22.77159 -16.55761 56.83238
v 22.91195 -16.45427 53.26667
v 22.61541 -16.63501 71.09524
v 22.61541 -16.63501 67.52953
v 22.61541 -16.63501 74.66096
v 22.62857 -16.62975 78.21016
v 22.44817 -16.68411 56.83238
v 22.44817 -16.68411 53.26667
v 22.10099 -16.69239 53.26667
v 22.27494 -16.70344 60.39810
v 23.05232 -16.55761 74.66096
v 23.05232 -16.55761 71.09524
v 23.05232 -16.55761 67.52953
v 23.37573 -16.68411 60.39810
v 23.37573 -16.68411 63.96381
v 23.54896 -16.70344 60.39810
v 23.54896 -16.70344 56.83238
v 23.72291 -16.69239 53.26667
v 23.09376 -16.58139 78.21985
v 23.54896 -16.70344 67.52953
v 23.54896 -16.70344 63.96381
v 23.51556 -16.70200 78.15076
v 23.54896 -16.70344 74.66096
v 23.54896 -16.70344 71.09524
v 23.37573 -16.68411 56.83238
v 23.37573 -16.68411 53.26667
v 23.77580 -16.83536 78.06858
v 23.78513 -16.85521 74.54203
v 23.78513 -16.85521 70.99613
v 23.78513 -16.85521 67.45024
v 23.87467 -17.00476 67.45024
v 23.87467 -17.00476 63.90435
v 23.98881 -17.13649 60.35845
v 24.12409 -17.24640 60.35845
v 24.12409 -17.24640 56.81256
v 24.27640 -17.33115 53.26667
v 24.12409 -17.24640 53.26667
v 23.84874 -16.96667 78.03957
v 23.87467 -17.00476 74.54203
v 23.87467 -17.00476 70.99613
v 24.12409 -17.24640 67.45024
v 24.12409 -17.24640 63.90435
v 24.12409 -17.24640 70.99613
v 24.19660 -17.29102 77.63626
v 24.27640 -17.33115 77.55564
v 24.12409 -17.24640 74.54203
v 23.98881 -17.13649 56.81256
v 23.98881 -17.13649 53.26667
v 23.78513 -16.85521 56.81256
v 23.78513 -16.85521 53.26667
v 23.78513 -16.85521 63.90435
v 23.78513 -16.85521 60.35845
v 24.24071 -17.50176 74.11959
v 24.24071 -17.50176 70.64410
v 24.24071 -17.50176 67.16862
v 24.23518 -17.67597 67.16862
v 24.23518 -17.67597 63.69313
v 24.25999 -17.84850 60.21764
v 24.31437 -18.01410 60.21764
v 24.31437 -18.01410 56.74215
v 24.39669 -18.16774 53.26667
v 24.31437 -18.01410 53.26667
v 24.23518 -17.67597 74.11959
v 24.23518 -17.67597 70.64410
v 24.31437 -18.01410 67.16862
v 24.31437 -18.01410 63.69313
v 24.23426 -17.65550 77.59508
v 24.29864 -17.97510 77.53713
v 24.31437 -18.01410 74.11959
v 24.34245 -18.07409 77.50460
v 24.31437 -18.01410 70.64410
v 24.25999 -17.84850 56.74215
v 24.25999 -17.84850 53.26667
v 24.24071 -17.50176 60.21764
v 24.27442 -18.29197 74.39911
v 24.27442 -18.29197 70.87703
v 24.27442 -18.29197 67.35496
v 24.17559 -18.43554 67.35496
v 24.17559 -18.43554 63.83289
v 24.10318 -18.59409 63.83289
v 24.10318 -18.59409 60.31081
v 24.05940 -18.76281 56.78874
v 24.04558 -18.93656 53.26667
v 24.05940 -18.76281 53.26667
v 24.24221 -18.33327 77.58751
v 24.17559 -18.43554 74.39911
v 24.17559 -18.43554 70.87703
v 24.10318 -18.59409 70.87703
v 24.10318 -18.59409 67.35496
v 24.13285 -18.52004 77.72311
v 24.10318 -18.59409 74.39911
v 24.05864 -18.76737 77.87884
v 24.04692 -18.87580 77.91636
v 24.17559 -18.43554 56.78874
v 24.17559 -18.43554 53.26667
v 24.27442 -18.29197 56.78874
v 24.27442 -18.29197 63.83289
v 24.27442 -18.29197 60.31081
v 24.17559 -18.43554 60.31081
v 23.87556 -18.97497 74.62934
v 23.87556 -18.97497 71.06889
v 23.71479 -19.04231 71.06889
v 23.71479 -19.04231 67.50845
v 23.44012 -19.25481 60.38756
v 23.44012 -19.25481 63.94800
v 23.33455 -19.39351 53.26667
v 23.44012 -19.25481 56.82711
v 23.44012 -19.25481 53.26667
v 23.87556 -18.97497 56.82711
v 23.83619 -18.98847 78.04479
v 23.71479 -19.04231 74.62934
v 23.39975 -19.30213 78.17739
v 23.87556 -18.97497 63.94800
v 23.87556 -18.97497 60.38756
v 23.87556 -18.97497 67.50845
v 22.33052 -16.35679 53.06667
v 22.06347 -16.48466 53.10140
v 22.33156 -16.35965 53.10140
v 22.61675 -16.28010 53.06667
v 23.49339 -16.35679 53.06667
v 23.20663 -16.28309 53.10140
v 23.49235 -16.35965 53.10140
v 21.65007 -18.76523 53.26667
v 21.73628 -18.94078 53.26363
v 21.77833 -18.93656 53.26667
v 21.32581 -17.37696 53.13507
v 21.26417 -17.66372 53.16667
v 21.33965 -17.38200 53.16667
v 21.45015 -17.11030 53.13507
v 21.32581 -18.53158 53.13507
v 21.33965 -18.52654 53.16667
v 21.24966 -18.24738 53.13507
v 21.28386 -17.66719 53.19522
v 21.35844 -17.38884 53.19522
v 21.48023 -17.12767 53.19522
v 22.62488 -16.32618 53.19522
v 23.19903 -16.32618 53.19522
v 23.98747 -16.67252 53.16667
v 23.97462 -16.68784 53.19522
v 24.19370 -16.87876 53.16667
v 24.36099 -17.11767 53.16667
v 24.34367 -17.12767 53.19522
v 24.48425 -17.38200 53.16667
v 24.55974 -17.66372 53.16667
v 24.55974 -18.24482 53.16667
v 24.48425 -18.52654 53.16667
v 24.46546 -18.51970 53.19522
v 24.19370 -19.02979 53.16667
v 23.74855 -19.40331 53.16667
v 23.73856 -19.38599 53.19522
v 23.20250 -19.60206 53.16667
v 22.91195 -19.62748 53.16667
v 22.91195 -19.60748 53.19522
v 22.33968 -19.52657 53.16667
v 22.34652 -19.50778 53.19522
v 22.07535 -19.40331 53.16667
v 22.08535 -19.38599 53.19522
v 21.83644 -19.23602 53.16667
v 21.63020 -19.02979 53.16667
v 21.28386 -18.24135 53.19522
v 21.36738 -17.68192 53.25460
v 21.36738 -18.22662 53.25460
v 21.92545 -16.77860 53.26363
v 21.76451 -18.76281 53.26667
v 22.38379 -19.25481 53.26667
v 22.38458 -19.57040 52.71008
v 22.11195 -19.45427 52.71008
v 21.64717 -19.09019 52.71008
v 21.46913 -18.85331 52.71008
v 21.33494 -18.58911 52.71008
v 21.24866 -18.30562 52.71008
v 21.21291 -18.01145 52.71008
v 21.29582 -17.42690 52.71008
v 21.41195 -17.15427 52.71008
v 21.77603 -16.68949 52.71008
v 22.27712 -16.37725 52.71008
v 22.56061 -16.29097 52.71008
v 22.85477 -16.25523 52.71008
v 23.15068 -16.27112 52.71008
v 23.43933 -16.33814 52.71008
v 23.71195 -16.45427 52.71008
v 23.96027 -16.61598 52.71008
v 24.17674 -16.81835 52.71008
v 24.35477 -17.05523 52.71008
v 24.48897 -17.31943 52.71008
v 24.61099 -17.89709 52.71008
v 24.59511 -18.19299 52.71008
v 24.52808 -18.48165 52.71008
v 24.25025 -19.00259 52.71008
v 23.81099 -19.39709 52.71008
v 23.26330 -19.61757 52.71008
v 22.96913 -19.65331 52.71008
v 22.34026 -19.70621 51.96777
v 22.25906 -19.59291 52.20849
v 22.04473 -19.58032 51.96777
v 22.65317 -19.77887 51.96777
v 22.62658 -19.69495 52.20849
v 23.19732 -19.69495 52.20849
v 23.29282 -19.75734 51.96777
v 23.60014 -19.66381 51.96777
v 24.05389 -19.29866 52.20849
v 24.19255 -19.16732 52.20849
v 24.27808 -18.99278 52.45726
v 24.58354 -18.51749 52.20849
v 24.63463 -18.33346 52.20849
v 24.73655 -18.21306 51.96777
v 24.36271 -19.09068 51.96777
v 24.75377 -17.89229 51.96777
v 24.67587 -17.95427 52.20849
v 24.71502 -17.57340 51.96777
v 24.63463 -17.57508 52.20849
v 24.42338 -17.04488 52.20849
v 24.28302 -16.72289 51.96777
v 24.19255 -16.74122 52.20849
v 23.77918 -16.32822 51.96777
v 23.73819 -16.39583 52.20849
v 23.19732 -16.21359 52.20849
v 23.00745 -16.19294 52.20849
v 22.25906 -16.31563 52.20849
v 22.08572 -16.39583 52.20849
v 21.66611 -16.77415 52.45726
v 21.63135 -16.74122 52.20849
v 21.50771 -16.88679 52.20849
v 21.28590 -17.08704 51.96777
v 21.31106 -17.21362 52.20849
v 21.18927 -18.33346 52.20849
v 21.24037 -18.51749 52.20849
v 21.15837 -17.76356 52.20849
v 21.34789 -18.92886 51.96777
v 21.40053 -18.86367 52.20849
v 21.80101 -19.26217 52.45726
v 21.35451 -17.23372 52.45726
v 23.87497 -19.37462 52.45726
v 21.97365 -19.57695 51.87148
v 22.26968 -19.71523 51.87148
v 22.91070 -19.82870 51.87148
v 23.23621 -19.80044 51.87148
v 23.55186 -19.71609 51.87148
v 23.84808 -19.57821 51.87148
v 24.34704 -19.16009 51.87148
v 24.67291 -18.59654 51.87148
v 24.75769 -18.28100 51.87148
v 24.78638 -17.95553 51.87148
v 24.67377 -17.31436 51.87148
v 24.53589 -17.01814 51.87148
v 24.34866 -16.75037 51.87148
v 24.11778 -16.51918 51.87148
v 23.85026 -16.33159 51.87148
v 23.55423 -16.19331 51.87148
v 23.23868 -16.10853 51.87148
v 22.91321 -16.07984 51.87148
v 22.58770 -16.10810 51.87148
v 21.97583 -16.33034 51.87148
v 21.70805 -16.51757 51.87148
v 21.28927 -17.01597 51.87148
v 21.15099 -17.31200 51.87148
v 21.06622 -17.62754 51.87148
v 21.06578 -18.27852 51.87148
v 21.15013 -18.59418 51.87148
v 21.28802 -18.89040 51.87148
v 21.47525 -19.15817 51.87148
v 21.70613 -19.38936 51.87148
v 24.69090 -18.60311 51.77198
v 24.69177 -17.30782 51.77198
v 22.03878 -16.85521 74.54203
v 22.04810 -16.83536 78.06858
v 22.03878 -16.85521 70.99613
v 22.03878 -16.85521 67.45024
v 22.03878 -16.85521 63.90435
v 21.69981 -17.24640 67.45024
v 21.69981 -17.24640 63.90435
v 21.62730 -17.29102 77.63626
v 21.69981 -17.24640 60.35845
v 21.69981 -17.24640 56.81256
v 21.83510 -17.13649 56.81256
v 22.03878 -16.85521 60.35845
v 21.69981 -17.24640 74.54203
v 21.69981 -17.24640 70.99613
v 21.42722 -18.16774 77.47066
v 21.50953 -18.01410 74.11959
v 21.50953 -18.01410 70.64410
v 21.50953 -18.01410 67.16862
v 21.58872 -17.67597 60.21764
v 21.58872 -17.67597 63.69313
v 21.58319 -17.50176 60.21764
v 21.52527 -17.97510 77.53713
v 21.58319 -17.50176 67.16862
v 21.58319 -17.50176 74.11959
v 21.58319 -17.50176 70.64410
v 21.58872 -17.67597 56.74215
v 21.77833 -18.93656 77.92118
v 21.76451 -18.76281 74.39911
v 21.76451 -18.76281 70.87703
v 21.72073 -18.59409 70.87703
v 21.72073 -18.59409 67.35496
v 21.64832 -18.43554 67.35496
v 21.64832 -18.43554 63.83289
v 21.54948 -18.29197 60.31081
v 21.54948 -18.29197 56.78874
v 21.72073 -18.59409 56.78874
v 21.76451 -18.76281 56.78874
v 21.77244 -18.82002 77.90097
v 21.75559 -18.71649 77.85215
v 21.72073 -18.59409 74.39911
v 21.64832 -18.43554 74.39911
v 21.54948 -18.29197 70.87703
v 21.76451 -18.76281 63.83289
v 21.76451 -18.76281 60.31081
v 21.76451 -18.76281 67.35496
v 21.72073 -18.59409 63.83289
v 21.72073 -18.59409 60.31081
v 21.94835 -18.97497 67.50845
v 21.94835 -18.97497 71.06889
v 22.10911 -19.04231 74.62934
v 22.25575 -19.13655 74.62934
v 22.18203 -19.08507 78.11480
v 22.42415 -19.30213 78.17739
v 22.38379 -19.25481 71.06889
v 22.38379 -19.25481 67.50845
v 22.25575 -19.13655 63.94800
v 22.10911 -19.04231 63.94800
v 22.10911 -19.04231 60.38756
v 21.94835 -18.97497 56.82711
v 22.25575 -19.13655 56.82711
v 22.38379 -19.25481 60.38756
v 23.17076 -19.33390 74.66096
v 23.17076 -19.33390 71.09524
v 23.17076 -19.33390 67.52953
v 22.99910 -19.30364 67.52953
v 22.99910 -19.30364 63.96381
v 22.65315 -19.33390 56.83238
v 22.65315 -19.33390 60.39810
v 22.99910 -19.30364 74.66096
v 22.99910 -19.30364 71.09524
v 22.91195 -19.29984 78.22667
v 23.17076 -19.33390 56.83238
v 23.17076 -19.33390 63.96381
v 23.17076 -19.33390 60.39810
v 24.53897 -17.95427 77.40846
v 24.79291 -17.95427 77.37385
v 25.15838 -17.95427 77.48519
v 25.47252 -17.95427 77.88056
v 25.46317 -17.95427 78.38545
v 25.13462 -17.95427 78.76892
v 25.01777 -17.95427 78.82268
v 21.28493 -17.95427 77.40846
v 20.90334 -17.95427 77.38966
v 20.66552 -17.95427 77.48519
v 20.47402 -17.95427 77.65551
v 20.35139 -17.95427 77.88056
v 20.36073 -17.95427 78.38545
v 20.58339 -17.95427 78.69591
v 20.68928 -17.95427 78.76892
v 20.93047 -17.95427 78.85559
v 3.55027 -16.69239 78.08792
v 3.72422 -16.70344 74.66096
v 3.72422 -16.70344 71.09524
v 3.72422 -16.70344 67.52953
v 3.89745 -16.68411 67.52953
v 3.89745 -16.68411 63.96381
v 4.06469 -16.63501 60.39810
v 4.22086 -16.55761 60.39810
v 4.22086 -16.55761 56.83238
v 4.36123 -16.45427 53.26667
v 3.89745 -16.68411 74.66096
v 3.89745 -16.68411 71.09524
v 4.22086 -16.55761 67.52953
v 4.22086 -16.55761 63.96381
v 3.86431 -16.68991 78.17533
v 4.22086 -16.55761 74.66096
v 4.27457 -16.52231 78.22510
v 4.22086 -16.55761 71.09524
v 4.06469 -16.63501 56.83238
v 4.06469 -16.63501 53.26667
v 3.72422 -16.70344 56.83238
v 3.72422 -16.70344 53.26667
v 3.72422 -16.70344 63.96381
v 3.72422 -16.70344 60.39810
v 4.65777 -16.63501 67.52953
v 4.65777 -16.63501 63.96381
v 4.99824 -16.70344 56.83238
v 4.99824 -16.70344 60.39810
v 5.17219 -16.69239 53.26667
v 4.99824 -16.70344 53.26667
v 4.65777 -16.63501 74.66096
v 4.65777 -16.63501 71.09524
v 4.64461 -16.62975 78.21016
v 5.06859 -16.70264 78.12185
v 5.22508 -16.83536 78.06858
v 5.23440 -16.85521 74.54203
v 5.23440 -16.85521 70.99613
v 5.23440 -16.85521 67.45024
v 5.43808 -17.13649 60.35845
v 5.43808 -17.13649 63.90435
v 5.57337 -17.24640 60.35845
v 5.57337 -17.24640 56.81256
v 5.72568 -17.33115 53.26667
v 5.57337 -17.24640 67.45024
v 5.57337 -17.24640 63.90435
v 5.57337 -17.24640 70.99613
v 5.64588 -17.29102 77.63626
v 5.48722 -17.18102 77.95124
v 5.57337 -17.24640 74.54203
v 5.43808 -17.13649 56.81256
v 5.43808 -17.13649 53.26667
v 5.68999 -17.50176 74.11959
v 5.68999 -17.50176 70.64410
v 5.68999 -17.50176 67.16862
v 5.68446 -17.67597 67.16862
v 5.68446 -17.67597 63.69313
v 5.76365 -18.01410 56.74215
v 5.76365 -18.01410 60.21764
v 5.84596 -18.16774 53.26667
v 5.76365 -18.01410 53.26667
v 5.68446 -17.67597 74.11959
v 5.68446 -17.67597 70.64410
v 5.68353 -17.65550 77.59508
v 5.79172 -18.07409 77.50460
v 5.68999 -17.50176 60.21764
v 5.72370 -18.29197 74.39911
v 5.72370 -18.29197 70.87703
v 5.72370 -18.29197 67.35496
v 5.62486 -18.43554 63.83289
v 5.55245 -18.59409 63.83289
v 5.55245 -18.59409 60.31081
v 5.50867 -18.76281 56.78874
v 5.49485 -18.93656 53.26667
v 5.50867 -18.76281 53.26667
v 5.55245 -18.59409 70.87703
v 5.55245 -18.59409 67.35496
v 5.58212 -18.52004 77.72311
v 5.55245 -18.59409 74.39911
v 5.50791 -18.76737 77.87884
v 5.49620 -18.87580 77.91636
v 5.62486 -18.43554 56.78874
v 5.72370 -18.29197 60.31081
v 5.38662 -18.95743 78.00065
v 5.32484 -18.97497 74.62934
v 5.32484 -18.97497 71.06889
v 5.16407 -19.04231 67.50845
v 5.01744 -19.13655 67.50845
v 5.01744 -19.13655 63.94800
v 4.88939 -19.25481 60.38756
v 4.78383 -19.39351 53.26667
v 4.88939 -19.25481 56.82711
v 4.88939 -19.25481 53.26667
v 5.16407 -19.04231 56.82711
v 5.16407 -19.04231 53.26667
v 5.01744 -19.13655 71.06889
v 5.01744 -19.13655 74.62934
v 5.00228 -19.14880 78.14086
v 4.84903 -19.30213 78.17739
v 5.32484 -18.97497 63.94800
v 5.32484 -18.97497 60.38756
v 3.77979 -16.35679 53.06667
v 3.51275 -16.48466 53.10140
v 3.78083 -16.35965 53.10140
v 4.94266 -16.35679 53.06667
v 4.94162 -16.35965 53.10140
v 5.21123 -16.48203 53.06667
v 2.99678 -17.33115 53.26667
v 3.03211 -17.18691 53.26363
v 2.91905 -17.42936 53.26363
v 2.92199 -18.37687 53.26667
v 2.91905 -18.47918 53.26363
v 2.99678 -18.57739 53.26667
v 3.73811 -19.31872 53.26667
v 3.59386 -19.28339 53.26363
v 3.83632 -19.39644 53.26363
v 5.87264 -18.22077 53.26363
v 5.89596 -17.95427 53.26363
v 5.44621 -16.66124 53.13507
v 5.65426 -16.86929 53.13507
v 5.44621 -19.24731 53.13507
v 5.43674 -19.23602 53.16667
v 5.20520 -19.41607 53.13507
v 2.71344 -17.66372 53.16667
v 2.73313 -17.66719 53.19522
v 2.78893 -17.38200 53.16667
v 2.91219 -17.11767 53.16667
v 3.07948 -16.87876 53.16667
v 3.28571 -16.67252 53.16667
v 3.29857 -16.68784 53.19522
v 4.07415 -16.32618 53.19522
v 4.36123 -16.28107 53.16667
v 4.36123 -16.30106 53.19522
v 4.64830 -16.32618 53.19522
v 5.62766 -16.89161 53.19522
v 5.93353 -17.38200 53.16667
v 5.91474 -17.38884 53.19522
v 6.00901 -17.66372 53.16667
v 6.00901 -18.24482 53.16667
v 5.93353 -18.52654 53.16667
v 5.91474 -18.51970 53.19522
v 5.81027 -18.79087 53.16667
v 5.18783 -19.38599 53.19522
v 4.93350 -19.52657 53.16667
v 4.36123 -19.62748 53.16667
v 4.36123 -19.60748 53.19522
v 4.07068 -19.60206 53.16667
v 3.52462 -19.40331 53.16667
v 3.28571 -19.23602 53.16667
v 3.29857 -19.22070 53.19522
v 2.91219 -18.79087 53.16667
v 2.71344 -18.24482 53.16667
v 3.37472 -16.77860 53.26363
v 3.03800 -17.67597 53.26667
v 2.99876 -18.29197 53.26667
v 3.83306 -19.25481 53.26667
v 3.83385 -19.57040 52.71008
v 3.56123 -19.45427 52.71008
v 3.31291 -19.29256 52.71008
v 3.09644 -19.09019 52.71008
v 2.91841 -18.85331 52.71008
v 2.69793 -18.30562 52.71008
v 2.66219 -18.01145 52.71008
v 2.74510 -17.42690 52.71008
v 2.86123 -17.15427 52.71008
v 3.02293 -16.90595 52.71008
v 3.22531 -16.68949 52.71008
v 3.46219 -16.51145 52.71008
v 4.00988 -16.29097 52.71008
v 4.30405 -16.25523 52.71008
v 4.88860 -16.33814 52.71008
v 5.16123 -16.45427 52.71008
v 5.62601 -16.81835 52.71008
v 5.93825 -17.31943 52.71008
v 6.06027 -17.89709 52.71008
v 6.04438 -18.19299 52.71008
v 5.97736 -18.48165 52.71008
v 5.69952 -19.00259 52.71008
v 5.26027 -19.39709 52.71008
v 4.99606 -19.53129 52.71008
v 4.41841 -19.65331 52.71008
v 3.70833 -19.59291 52.20849
v 3.78954 -19.70621 51.96777
v 3.88933 -19.65389 52.20849
v 4.26573 -19.71560 52.20849
v 5.01412 -19.59291 52.20849
v 5.18746 -19.51272 52.20849
v 4.74210 -19.75734 51.96777
v 5.50317 -19.29866 52.20849
v 5.64182 -19.16732 52.20849
v 5.83163 -18.83898 52.45726
v 6.03281 -18.51749 52.20849
v 6.08391 -18.33346 52.20849
v 5.87265 -17.04488 52.20849
v 5.76547 -16.88679 52.20849
v 5.73230 -16.72289 51.96777
v 5.96212 -17.21362 52.20849
v 5.60707 -16.77415 52.45726
v 5.35112 -16.49429 52.20849
v 5.22846 -16.32822 51.96777
v 5.01412 -16.31563 52.20849
v 4.99640 -16.36011 52.45726
v 4.45672 -16.19294 52.20849
v 3.70833 -16.31563 52.20849
v 3.53499 -16.39583 52.20849
v 3.21929 -16.60988 52.20849
v 2.91047 -16.81786 51.96777
v 2.95698 -16.88679 52.20849
v 2.63855 -17.57508 52.20849
v 2.63855 -18.33346 52.20849
v 2.68964 -18.51749 52.20849
v 2.60765 -17.76356 52.20849
v 2.79716 -18.92886 51.96777
v 2.95698 -19.02175 52.20849
v 3.88933 -16.25465 52.20849
v 6.11481 -17.76356 52.20849
v 3.21929 -19.29866 52.20849
v 3.42292 -19.57695 51.87148
v 3.71895 -19.71523 51.87148
v 4.03450 -19.80001 51.87148
v 4.35997 -19.82870 51.87148
v 4.68548 -19.80044 51.87148
v 5.29736 -19.57821 51.87148
v 5.56513 -19.39098 51.87148
v 5.79632 -19.16009 51.87148
v 5.98391 -18.89258 51.87148
v 6.12219 -18.59654 51.87148
v 6.20697 -18.28100 51.87148
v 6.23566 -17.95553 51.87148
v 6.12305 -17.31436 51.87148
v 5.98516 -17.01814 51.87148
v 5.79793 -16.75037 51.87148
v 5.29953 -16.33159 51.87148
v 5.00350 -16.19331 51.87148
v 4.36248 -16.07984 51.87148
v 4.03697 -16.10810 51.87148
v 3.72132 -16.19245 51.87148
v 3.15733 -16.51757 51.87148
v 2.92614 -16.74845 51.87148
v 2.73855 -17.01597 51.87148
v 2.60027 -17.31200 51.87148
v 2.51549 -17.62754 51.87148
v 2.48680 -17.95301 51.87148
v 2.51505 -18.27852 51.87148
v 2.59941 -18.59418 51.87148
v 2.73729 -18.89040 51.87148
v 3.15540 -19.38936 51.87148
v 2.49619 -18.28184 51.77198
v 3.28437 -17.13649 74.54203
v 3.33678 -17.08167 78.00111
v 3.39852 -17.00476 74.54203
v 3.42444 -16.96667 78.03957
v 3.48805 -16.85521 70.99613
v 3.48805 -16.85521 67.45024
v 3.48805 -16.85521 63.90435
v 3.28437 -17.13649 67.45024
v 3.28437 -17.13649 63.90435
v 3.14909 -17.24640 67.45024
v 3.14909 -17.24640 63.90435
v 3.07658 -17.29102 77.63626
v 3.14909 -17.24640 60.35845
v 3.14909 -17.24640 56.81256
v 3.28437 -17.13649 56.81256
v 3.39852 -17.00476 56.81256
v 3.48805 -16.85521 60.35845
v 3.14909 -17.24640 74.54203
v 3.14909 -17.24640 70.99613
v 3.28437 -17.13649 70.99613
v 3.28437 -17.13649 60.35845
v 2.93073 -18.07409 77.50460
v 2.95881 -18.01410 74.11959
v 2.87650 -18.16774 77.47066
v 2.95881 -18.01410 70.64410
v 2.95881 -18.01410 67.16862
v 3.03800 -17.67597 60.21764
v 3.03800 -17.67597 63.69313
v 3.03247 -17.50176 60.21764
v 2.97454 -17.97510 77.53713
v 3.03247 -17.50176 67.16862
v 3.03247 -17.50176 74.11959
v 3.03247 -17.50176 70.64410
v 3.03800 -17.67597 56.74215
v 3.22760 -18.93656 77.92118
v 3.21378 -18.76281 74.39911
v 3.21378 -18.76281 70.87703
v 3.17000 -18.59409 67.35496
v 3.09760 -18.43554 67.35496
v 3.09760 -18.43554 63.83289
v 2.99876 -18.29197 60.31081
v 2.99876 -18.29197 56.78874
v 3.17000 -18.59409 56.78874
v 3.22171 -18.82002 77.90097
v 3.20486 -18.71649 77.85215
v 3.09760 -18.43554 74.39911
v 2.99876 -18.29197 70.87703
v 3.21378 -18.76281 63.83289
v 3.21378 -18.76281 60.31081
v 3.39762 -18.97497 67.50845
v 3.39762 -18.97497 71.06889
v 3.72018 -19.14880 78.14086
v 3.70502 -19.13655 74.62934
v 3.80077 -19.22092 78.16141
v 3.83306 -19.25481 74.62934
v 3.87343 -19.30213 78.17739
v 3.83306 -19.25481 71.06889
v 3.83306 -19.25481 67.50845
v 3.70502 -19.13655 63.94800
v 3.39762 -18.97497 56.82711
v 3.39762 -18.97497 60.38756
v 3.83306 -19.25481 56.82711
v 3.83306 -19.25481 63.94800
v 3.83306 -19.25481 60.38756
v 4.62003 -19.33390 74.66096
v 4.62003 -19.33390 71.09524
v 4.62003 -19.33390 67.52953
v 4.44838 -19.30364 67.52953
v 4.44838 -19.30364 63.96381
v 4.27408 -19.30364 60.39810
v 4.10242 -19.33390 60.39810
v 4.10242 -19.33390 56.83238
v 4.57531 -19.32329 78.21708
v 4.44838 -19.30364 74.66096
v 4.44838 -19.30364 71.09524
v 4.10242 -19.33390 67.52953
v 4.10242 -19.33390 63.96381
v 4.10242 -19.33390 74.66096
v 4.10242 -19.33390 71.09524
v 4.27408 -19.30364 56.83238
v 4.62003 -19.33390 56.83238
v 4.62003 -19.33390 63.96381
v 4.62003 -19.33390 60.39810
v 5.98825 -17.95427 77.40846
v 5.86949 -17.95427 77.45786
v 6.36984 -17.95427 77.38966
v 6.60766 -17.95427 77.48519
v 6.71077 -17.95427 77.56207
v 6.92179 -17.95427 77.88056
v 6.91245 -17.95427 78.38545
v 6.68979 -17.95427 78.69591
v 6.58390 -17.95427 78.76892
v 2.85297 -17.95427 77.45786
v 2.73421 -17.95427 77.40846
v 2.48027 -17.95427 77.37385
v 2.11480 -17.95427 77.48519
v 2.01168 -17.95427 77.56207
v 1.80066 -17.95427 77.88056
v 1.81001 -17.95427 78.38545
v 2.13856 -17.95427 78.76892
v -15.00046 -16.69239 78.08792
v -14.82651 -16.70344 74.66096
v -14.82651 -16.70344 71.09524
v -14.82651 -16.70344 67.52953
v -14.65328 -16.68411 63.96381
v -14.48604 -16.63501 63.96381
v -14.48604 -16.63501 60.39810
v -14.32986 -16.55761 56.83238
v -14.18950 -16.45427 53.26667
v -14.32986 -16.55761 53.26667
v -14.48604 -16.63501 71.09524
v -14.48604 -16.63501 67.52953
v -14.57877 -16.66595 78.19528
v -14.48604 -16.63501 74.66096
v -14.18950 -16.45427 78.22667
v -14.65328 -16.68411 56.83238
v -14.65328 -16.68411 53.26667
v -14.82651 -16.70344 60.39810
v -14.04913 -16.55761 74.66096
v -14.04913 -16.55761 71.09524
v -14.04913 -16.55761 67.52953
v -13.89296 -16.63501 63.96381
v -13.72571 -16.68411 63.96381
v -13.72571 -16.68411 60.39810
v -13.55249 -16.70344 56.83238
v -13.37854 -16.69239 53.26667
v -13.55249 -16.70344 53.26667
v -13.72571 -16.68411 71.09524
v -13.72571 -16.68411 67.52953
v -13.80022 -16.66595 78.19528
v -13.72571 -16.68411 74.66096
v -13.37854 -16.69239 78.08792
v -13.89296 -16.63501 56.83238
v -14.04913 -16.55761 60.39810
v -13.32564 -16.83536 78.06858
v -13.31632 -16.85521 74.54203
v -13.31632 -16.85521 70.99613
v -13.31632 -16.85521 67.45024
v -13.11264 -17.13649 60.35845
v -13.11264 -17.13649 63.90435
v -12.97736 -17.24640 60.35845
v -12.97736 -17.24640 56.81256
v -12.82505 -17.33115 53.26667
v -12.97736 -17.24640 53.26667
v -12.97736 -17.24640 67.45024
v -12.97736 -17.24640 63.90435
v -12.97736 -17.24640 70.99613
v -12.90485 -17.29102 77.63626
v -12.97736 -17.24640 74.54203
v -13.02698 -17.21055 77.83665
v -13.11264 -17.13649 56.81256
v -13.11264 -17.13649 53.26667
v -12.86074 -17.50176 74.11959
v -12.86074 -17.50176 70.64410
v -12.86074 -17.50176 67.16862
v -12.86627 -17.67597 67.16862
v -12.86627 -17.67597 63.69313
v -12.78708 -18.01410 56.74215
v -12.78708 -18.01410 60.21764
v -12.70477 -18.16774 53.26667
v -12.78708 -18.01410 53.26667
v -12.86627 -17.67597 74.11959
v -12.86627 -17.67597 70.64410
v -12.86719 -17.65550 77.59508
v -12.75900 -18.07409 77.50460
v -12.86074 -17.50176 56.74215
v -12.86074 -17.50176 63.69313
v -12.86074 -17.50176 60.21764
v -12.82703 -18.29197 74.39911
v -12.82703 -18.29197 70.87703
v -12.82703 -18.29197 67.35496
v -12.92586 -18.43554 63.83289
v -12.99827 -18.59409 63.83289
v -12.99827 -18.59409 60.31081
v -13.04205 -18.76281 56.78874
v -13.05587 -18.93656 53.26667
v -13.04205 -18.76281 53.26667
v -12.99827 -18.59409 70.87703
v -12.99827 -18.59409 67.35496
v -12.96860 -18.52004 77.72311
v -12.99827 -18.59409 74.39911
v -13.00622 -18.61730 77.79063
v -13.04281 -18.76737 77.87884
v -13.05453 -18.87580 77.91636
v -12.92586 -18.43554 56.78874
v -12.82703 -18.29197 60.31081
v -13.22589 -18.97497 74.62934
v -13.22589 -18.97497 71.06889
v -13.38666 -19.04231 67.50845
v -13.53329 -19.13655 67.50845
v -13.53329 -19.13655 63.94800
v -13.66133 -19.25481 60.38756
v -13.76690 -19.39351 53.26667
v -13.66133 -19.25481 56.82711
v -13.66133 -19.25481 53.26667
v -13.38666 -19.04231 56.82711
v -13.53329 -19.13655 71.06889
v -13.45957 -19.08507 78.11480
v -13.53329 -19.13655 74.62934
v -13.70170 -19.30213 78.17739
v -13.22589 -18.97497 63.94800
v -13.22589 -18.97497 60.38756
v -14.77093 -16.35679 53.06667
v -14.76989 -16.35965 53.10140
v -14.48470 -16.28010 53.06667
v -13.60806 -16.35679 53.06667
v -13.89482 -16.28309 53.10140
v -13.60910 -16.35965 53.10140
v -13.33950 -16.48203 53.06667
v -15.45138 -17.14331 53.26667
v -15.51861 -17.18691 53.26363
v -15.55395 -17.33115 53.26667
v -15.45138 -18.76523 53.26667
v -15.51861 -18.72164 53.26363
v -15.36517 -18.94078 53.26363
v -15.48253 -16.86929 53.13507
v -15.47125 -16.87876 53.16667
v -15.27448 -16.66124 53.13507
v -15.48253 -19.03926 53.13507
v -15.47125 -19.02979 53.16667
v -15.65129 -18.79824 53.13507
v -15.83728 -17.66372 53.16667
v -15.81759 -17.66719 53.19522
v -15.76179 -17.38200 53.16667
v -15.25216 -16.68784 53.19522
v -14.47657 -16.32618 53.19522
v -14.18950 -16.30106 53.19522
v -12.90775 -16.87876 53.16667
v -12.92306 -16.89161 53.19522
v -12.61720 -17.38200 53.16667
v -12.54171 -17.66372 53.16667
v -12.53629 -17.95427 53.19522
v -12.54171 -18.24482 53.16667
v -12.61720 -18.52654 53.16667
v -12.63599 -18.51970 53.19522
v -12.90775 -19.02979 53.16667
v -12.92306 -19.01693 53.19522
v -13.11398 -19.23602 53.16667
v -13.35289 -19.40331 53.16667
v -13.36289 -19.38599 53.19522
v -13.61723 -19.52657 53.16667
v -13.89895 -19.60206 53.16667
v -13.90242 -19.58236 53.19522
v -14.48005 -19.60206 53.16667
v -14.47657 -19.58236 53.19522
v -14.76177 -19.52657 53.16667
v -14.75493 -19.50778 53.19522
v -15.83728 -18.24482 53.16667
v -15.81759 -18.24135 53.19522
v -14.95686 -19.28339 53.26363
v -15.40164 -17.24640 53.26667
v -15.45313 -18.43554 53.26667
v -14.98950 -19.45427 52.71008
v -15.23781 -19.29256 52.71008
v -15.45428 -19.09019 52.71008
v -15.63232 -18.85331 52.71008
v -15.85279 -18.30562 52.71008
v -15.88853 -18.01145 52.71008
v -15.80563 -17.42690 52.71008
v -15.68950 -17.15427 52.71008
v -15.32542 -16.68949 52.71008
v -14.82433 -16.37725 52.71008
v -14.54084 -16.29097 52.71008
v -13.95077 -16.27112 52.71008
v -13.66212 -16.33814 52.71008
v -13.38950 -16.45427 52.71008
v -13.14118 -16.61598 52.71008
v -12.92471 -16.81835 52.71008
v -12.61248 -17.31943 52.71008
v -12.52620 -17.60292 52.71008
v -12.49046 -17.89709 52.71008
v -12.50634 -18.19299 52.71008
v -12.57337 -18.48165 52.71008
v -12.85120 -19.00259 52.71008
v -13.05357 -19.21906 52.71008
v -13.29046 -19.39709 52.71008
v -13.55466 -19.53129 52.71008
v -13.83815 -19.61757 52.71008
v -14.42822 -19.63743 52.71008
v -15.17938 -19.41425 52.20849
v -15.01573 -19.51272 52.20849
v -14.76119 -19.70621 51.96777
v -14.44828 -19.77887 51.96777
v -14.47487 -19.69495 52.20849
v -13.53660 -19.59291 52.20849
v -13.36326 -19.51272 52.20849
v -14.09400 -19.71560 52.20849
v -13.90413 -19.69495 52.20849
v -12.95812 -19.32534 51.96777
v -12.90890 -19.16732 52.20849
v -12.51791 -18.51749 52.20849
v -12.46682 -18.33346 52.20849
v -12.51791 -17.39105 52.20849
v -12.58861 -17.21362 52.20849
v -12.62543 -16.97968 51.96777
v -12.90890 -16.74122 52.20849
v -12.94366 -16.77415 52.45726
v -13.36326 -16.39583 52.20849
v -13.32227 -16.32822 51.96777
v -13.53660 -16.31563 52.20849
v -13.90413 -16.21359 52.20849
v -14.28499 -16.19294 52.20849
v -14.84239 -16.31563 52.20849
v -15.01573 -16.39583 52.20849
v -15.16408 -16.39021 51.96777
v -15.59374 -16.88679 52.20849
v -15.79039 -17.21362 52.20849
v -15.94144 -17.38258 51.96777
v -15.90554 -17.95427 52.45726
v -15.91218 -18.33346 52.20849
v -15.86108 -18.51749 52.20849
v -15.89904 -18.64246 51.96777
v -15.94308 -17.76356 52.20849
v -15.75356 -18.92886 51.96777
v -15.55563 -18.99278 52.45726
v -15.47009 -19.16732 52.20849
v -14.64859 -16.30078 52.45726
v -12.43592 -17.76356 52.20849
v -12.67807 -18.86367 52.20849
v -15.12780 -19.57695 51.87148
v -14.83177 -19.71523 51.87148
v -14.51623 -19.80001 51.87148
v -14.19075 -19.82870 51.87148
v -13.54958 -19.71609 51.87148
v -13.25337 -19.57821 51.87148
v -12.75441 -19.16009 51.87148
v -12.42854 -18.59654 51.87148
v -12.34376 -18.28100 51.87148
v -12.31507 -17.95553 51.87148
v -12.42768 -17.31436 51.87148
v -12.56556 -17.01814 51.87148
v -12.75279 -16.75037 51.87148
v -12.98367 -16.51918 51.87148
v -13.25119 -16.33159 51.87148
v -13.54722 -16.19331 51.87148
v -13.86277 -16.10853 51.87148
v -14.51375 -16.10810 51.87148
v -14.82941 -16.19245 51.87148
v -15.12562 -16.33034 51.87148
v -15.39340 -16.51757 51.87148
v -15.62459 -16.74845 51.87148
v -15.81217 -17.01597 51.87148
v -15.95046 -17.31200 51.87148
v -16.03523 -17.62754 51.87148
v -16.03567 -18.27852 51.87148
v -15.95132 -18.59418 51.87148
v -15.81343 -18.89040 51.87148
v -12.96918 -19.41057 51.67085
v -12.55024 -18.90216 51.77198
v -12.54897 -17.00858 51.77198
v -15.06267 -16.85521 74.54203
v -15.12629 -16.96667 78.03957
v -15.05335 -16.83536 78.06858
v -15.06267 -16.85521 70.99613
v -15.06267 -16.85521 67.45024
v -15.06267 -16.85521 63.90435
v -15.40164 -17.24640 67.45024
v -15.40164 -17.24640 63.90435
v -15.47415 -17.29102 77.63626
v -15.40164 -17.24640 60.35845
v -15.40164 -17.24640 56.81256
v -15.26635 -17.13649 56.81256
v -15.06267 -16.85521 60.35845
v -15.55395 -17.33115 77.55564
v -15.40164 -17.24640 74.54203
v -15.40164 -17.24640 70.99613
v -15.67423 -18.16774 77.47066
v -15.59192 -18.01410 74.11959
v -15.59192 -18.01410 70.64410
v -15.59192 -18.01410 67.16862
v -15.51273 -17.67597 60.21764
v -15.51273 -17.67597 63.69313
v -15.51825 -17.50176 60.21764
v -15.51825 -17.50176 56.74215
v -15.57618 -17.97510 77.53713
v -15.51825 -17.50176 67.16862
v -15.51825 -17.50176 63.69313
v -15.51825 -17.50176 74.11959
v -15.51825 -17.50176 70.64410
v -15.51273 -17.67597 56.74215
v -15.32312 -18.93656 77.92118
v -15.33694 -18.76281 74.39911
v -15.33694 -18.76281 70.87703
v -15.38072 -18.59409 67.35496
v -15.45313 -18.43554 67.35496
v -15.45313 -18.43554 63.83289
v -15.55197 -18.29197 63.83289
v -15.55197 -18.29197 60.31081
v -15.55197 -18.29197 56.78874
v -15.45313 -18.43554 56.78874
v -15.38072 -18.59409 56.78874
v -15.32901 -18.82002 77.90097
v -15.34586 -18.71649 77.85215
v -15.45313 -18.43554 74.39911
v -15.45940 -18.42477 77.65435
v -15.55197 -18.29197 74.39911
v -15.55197 -18.29197 70.87703
v -15.55197 -18.29197 67.35496
v -15.45313 -18.43554 70.87703
v -15.33694 -18.76281 63.83289
v -15.33694 -18.76281 60.31081
v -15.45313 -18.43554 60.31081
v -15.15310 -18.97497 67.50845
v -15.15310 -18.97497 71.06889
v -14.99234 -19.04231 71.06889
v -14.99234 -19.04231 74.62934
v -14.74995 -19.22092 78.16141
v -14.67730 -19.30213 78.17739
v -14.61210 -19.39351 78.18979
v -14.71766 -19.25481 67.50845
v -14.99234 -19.04231 60.38756
v -14.99234 -19.04231 63.94800
v -15.15310 -18.97497 60.38756
v -15.15310 -18.97497 56.82711
v -14.99234 -19.04231 56.82711
v -15.15310 -18.97497 74.62934
v -15.15310 -18.97497 63.94800
v -13.86927 -19.35258 78.20550
v -13.93069 -19.33390 74.66096
v -13.93069 -19.33390 71.09524
v -13.93069 -19.33390 67.52953
v -14.10235 -19.30364 63.96381
v -14.27665 -19.30364 63.96381
v -14.27665 -19.30364 60.39810
v -14.44830 -19.33390 56.83238
v -14.27665 -19.30364 71.09524
v -14.27665 -19.30364 67.52953
v -14.27665 -19.30364 74.66096
v -14.10235 -19.30364 56.83238
v -13.93069 -19.33390 60.39810
v -12.56248 -17.95427 77.40846
v -12.43700 -17.95427 77.38017
v -12.05785 -17.95427 77.42714
v -11.94307 -17.95427 77.48519
v -11.68052 -17.95427 77.76273
v -11.62893 -17.95427 77.88056
v -11.63827 -17.95427 78.38545
v -11.76915 -17.95427 78.60580
v -11.96683 -17.95427 78.76892
v -12.20802 -17.95427 78.85559
v -15.81652 -17.95427 77.40846
v -15.94199 -17.95427 77.38017
v -16.32115 -17.95427 77.42714
v -16.43593 -17.95427 77.48519
v -16.75006 -17.95427 77.88056
v -16.74072 -17.95427 78.38545
v -16.68481 -17.95427 78.50128
v -16.41217 -17.95427 78.76892
v -16.29532 -17.95427 78.82268
v -33.44759 -16.70264 78.12185
v -33.37723 -16.70344 74.66096
v -33.55118 -16.69239 78.08792
v -33.37723 -16.70344 71.09524
v -33.37723 -16.70344 67.52953
v -33.20400 -16.68411 63.96381
v -33.03676 -16.63501 63.96381
v -33.03676 -16.63501 60.39810
v -32.88059 -16.55761 56.83238
v -32.74022 -16.45427 53.26667
v -33.03676 -16.63501 71.09524
v -33.03676 -16.63501 67.52953
v -33.03676 -16.63501 74.66096
v -33.02361 -16.62975 78.21016
v -33.20400 -16.68411 56.83238
v -33.20400 -16.68411 53.26667
v -33.55118 -16.69239 53.26667
v -33.37723 -16.70344 60.39810
v -32.59986 -16.55761 74.66096
v -32.59986 -16.55761 71.09524
v -32.59986 -16.55761 67.52953
v -32.27644 -16.68411 60.39810
v -32.27644 -16.68411 63.96381
v -32.10321 -16.70344 60.39810
v -32.10321 -16.70344 56.83238
v -31.92926 -16.69239 53.26667
v -32.55842 -16.58139 78.21985
v -32.10321 -16.70344 67.52953
v -32.10321 -16.70344 63.96381
v -32.13661 -16.70200 78.15076
v -32.10321 -16.70344 74.66096
v -32.10321 -16.70344 71.09524
v -32.27644 -16.68411 56.83238
v -32.27644 -16.68411 53.26667
v -31.87637 -16.83536 78.06858
v -31.86705 -16.85521 74.54203
v -31.86705 -16.85521 70.99613
v -31.86705 -16.85521 67.45024
v -31.77751 -17.00476 67.45024
v -31.77751 -17.00476 63.90435
v -31.66336 -17.13649 60.35845
v -31.52808 -17.24640 60.35845
v -31.52808 -17.24640 56.81256
v -31.37577 -17.33115 53.26667
v -31.52808 -17.24640 53.26667
v -31.77751 -17.00476 74.54203
v -31.77751 -17.00476 70.99613
v -31.52808 -17.24640 67.45024
v -31.52808 -17.24640 63.90435
v -31.71577 -17.08167 78.00111
v -31.52808 -17.24640 70.99613
v -31.45557 -17.29102 77.63626
v -31.37577 -17.33115 77.55564
v -31.52808 -17.24640 74.54203
v -31.66336 -17.13649 56.81256
v -31.66336 -17.13649 53.26667
v -31.86705 -16.85521 56.81256
v -31.86705 -16.85521 53.26667
v -31.86705 -16.85521 63.90435
v -31.86705 -16.85521 60.35845
v -31.41146 -17.50176 74.11959
v -31.41146 -17.50176 70.64410
v -31.41146 -17.50176 67.16862
v -31.41699 -17.67597 67.16862
v -31.41699 -17.67597 63.69313
v -31.39219 -17.84850 60.21764
v -31.33780 -18.01410 60.21764
v -31.33780 -18.01410 56.74215
v -31.25549 -18.16774 53.26667
v -31.33780 -18.01410 53.26667
v -31.41699 -17.67597 74.11959
v -31.41699 -17.67597 70.64410
v -31.33780 -18.01410 67.16862
v -31.33780 -18.01410 63.69313
v -31.41792 -17.65550 77.59508
v -31.35354 -17.97510 77.53713
v -31.33780 -18.01410 74.11959
v -31.30973 -18.07409 77.50460
v -31.33780 -18.01410 70.64410
v -31.39219 -17.84850 56.74215
v -31.39219 -17.84850 53.26667
v -31.41146 -17.50176 60.21764
v -31.37775 -18.29197 74.39911
v -31.37775 -18.29197 70.87703
v -31.37775 -18.29197 67.35496
v -31.47659 -18.43554 67.35496
v -31.47659 -18.43554 63.83289
v -31.54900 -18.59409 63.83289
v -31.54900 -18.59409 60.31081
v -31.59278 -18.76281 56.78874
v -31.60660 -18.93656 53.26667
v -31.59278 -18.76281 53.26667
v -31.40996 -18.33327 77.58751
v -31.47659 -18.43554 74.39911
v -31.47659 -18.43554 70.87703
v -31.54900 -18.59409 70.87703
v -31.54900 -18.59409 67.35496
v -31.51933 -18.52004 77.72311
v -31.54900 -18.59409 74.39911
v -31.59354 -18.76737 77.87884
v -31.60525 -18.87580 77.91636
v -31.47659 -18.43554 56.78874
v -31.47659 -18.43554 53.26667
v -31.37775 -18.29197 56.78874
v -31.37775 -18.29197 63.83289
v -31.37775 -18.29197 60.31081
v -31.47659 -18.43554 60.31081
v -31.77661 -18.97497 74.62934
v -31.77661 -18.97497 71.06889
v -31.93738 -19.04231 71.06889
v -31.93738 -19.04231 67.50845
v -32.21206 -19.25481 60.38756
v -32.21206 -19.25481 63.94800
v -32.31762 -19.39351 53.26667
v -32.21206 -19.25481 56.82711
v -32.21206 -19.25481 53.26667
v -31.77661 -18.97497 56.82711
v -31.81598 -18.98847 78.04479
v -31.93738 -19.04231 74.62934
v -32.25242 -19.30213 78.17739
v -31.77661 -18.97497 63.94800
v -31.77661 -18.97497 60.38756
v -31.77661 -18.97497 67.50845
v -33.32166 -16.35679 53.06667
v -33.58870 -16.48466 53.10140
v -33.32062 -16.35965 53.10140
v -33.03542 -16.28010 53.06667
v -32.15879 -16.35679 53.06667
v -32.44555 -16.28309 53.10140
v -32.15983 -16.35965 53.10140
v -34.00210 -18.76523 53.26667
v -33.91589 -18.94078 53.26363
v -33.87385 -18.93656 53.26667
v -32.11710 -19.31872 53.26667
v -34.38801 -17.66372 53.16667
v -34.36831 -17.66719 53.19522
v -34.31252 -17.38200 53.16667
v -34.29373 -17.38884 53.19522
v -34.18926 -17.11767 53.16667
v -34.17194 -17.12767 53.19522
v -33.02730 -16.32618 53.19522
v -32.45314 -16.32618 53.19522
v -31.66471 -16.67252 53.16667
v -31.67756 -16.68784 53.19522
v -31.45847 -16.87876 53.16667
v -31.29118 -17.11767 53.16667
v -31.30850 -17.12767 53.19522
v -31.16792 -17.38200 53.16667
v -31.09244 -17.66372 53.16667
v -31.09244 -18.24482 53.16667
v -31.16792 -18.52654 53.16667
v -31.18671 -18.51970 53.19522
v -31.45847 -19.02979 53.16667
v -31.90362 -19.40331 53.16667
v -32.44967 -19.60206 53.16667
v -32.74022 -19.62748 53.16667
v -32.74022 -19.60748 53.19522
v -33.31249 -19.52657 53.16667
v -33.30565 -19.50778 53.19522
v -33.57682 -19.40331 53.16667
v -33.56683 -19.38599 53.19522
v -33.81574 -19.23602 53.16667
v -34.02197 -19.02979 53.16667
v -34.18926 -18.79087 53.16667
v -34.31252 -18.52654 53.16667
v -34.38801 -18.24482 53.16667
v -34.36831 -18.24135 53.19522
v -34.28480 -17.68192 53.25460
v -34.28480 -18.22662 53.25460
v -33.72673 -16.77860 53.26363
v -33.88767 -18.76281 53.26667
v -33.26839 -19.25481 53.26667
v -33.26760 -19.57040 52.71008
v -33.54022 -19.45427 52.71008
v -34.00501 -19.09019 52.71008
v -34.18304 -18.85331 52.71008
v -34.31724 -18.58911 52.71008
v -34.40352 -18.30562 52.71008
v -34.43926 -18.01145 52.71008
v -34.35635 -17.42690 52.71008
v -34.24022 -17.15427 52.71008
v -33.87614 -16.68949 52.71008
v -33.37506 -16.37725 52.71008
v -33.09157 -16.29097 52.71008
v -32.79740 -16.25523 52.71008
v -32.50150 -16.27112 52.71008
v -32.21285 -16.33814 52.71008
v -31.94022 -16.45427 52.71008
v -31.69190 -16.61598 52.71008
v -31.47544 -16.81835 52.71008
v -31.29740 -17.05523 52.71008
v -31.16320 -17.31943 52.71008
v -31.04118 -17.89709 52.71008
v -31.05707 -18.19299 52.71008
v -31.12409 -18.48165 52.71008
v -31.40193 -19.00259 52.71008
v -31.84118 -19.39709 52.71008
v -32.38888 -19.61757 52.71008
v -32.68304 -19.65331 52.71008
v -33.31191 -19.70621 51.96777
v -33.39312 -19.59291 52.20849
v -33.60745 -19.58032 51.96777
v -32.99901 -19.77887 51.96777
v -33.02559 -19.69495 52.20849
v -32.45485 -19.69495 52.20849
v -32.35935 -19.75734 51.96777
v -32.05204 -19.66381 51.96777
v -31.59828 -19.29866 52.20849
v -31.45962 -19.16732 52.20849
v -31.37409 -18.99278 52.45726
v -31.06864 -18.51749 52.20849
v -31.01754 -18.33346 52.20849
v -30.91562 -18.21306 51.96777
v -31.28947 -19.09068 51.96777
v -30.89841 -17.89229 51.96777
v -30.97630 -17.95427 52.20849
v -30.93715 -17.57340 51.96777
v -31.01754 -17.57508 52.20849
v -31.22880 -17.04488 52.20849
v -31.36915 -16.72289 51.96777
v -31.45962 -16.74122 52.20849
v -31.87299 -16.32822 51.96777
v -31.91399 -16.39583 52.20849
v -32.45485 -16.21359 52.20849
v -32.64473 -16.19294 52.20849
v -33.39312 -16.31563 52.20849
v -33.56646 -16.39583 52.20849
v -33.98606 -16.77415 52.45726
v -34.02082 -16.74122 52.20849
v -34.14446 -16.88679 52.20849
v -34.36627 -17.08704 51.96777
v -34.34111 -17.21362 52.20849
v -34.46290 -18.33346 52.20849
v -34.41181 -18.51749 52.20849
v -34.49380 -17.76356 52.20849
v -34.30429 -18.92886 51.96777
v -34.25165 -18.86367 52.20849
v -33.85117 -19.26217 52.45726
v -34.29766 -17.23372 52.45726
v -31.77720 -19.37462 52.45726
v -33.67853 -19.57695 51.87148
v -33.38250 -19.71523 51.87148
v -32.74148 -19.82870 51.87148
v -32.41597 -19.80044 51.87148
v -32.10031 -19.71609 51.87148
v -31.80409 -19.57821 51.87148
v -31.53632 -19.39098 51.87148
v -31.30513 -19.16009 51.87148
v -30.97926 -18.59654 51.87148
v -30.89448 -18.28100 51.87148
v -30.86579 -17.95553 51.87148
v -30.97840 -17.31436 51.87148
v -31.11629 -17.01814 51.87148
v -31.30352 -16.75037 51.87148
v -31.53440 -16.51918 51.87148
v -31.80192 -16.33159 51.87148
v -32.41349 -16.10853 51.87148
v -32.73897 -16.07984 51.87148
v -33.06448 -16.10810 51.87148
v -33.67635 -16.33034 51.87148
v -33.94412 -16.51757 51.87148
v -34.36290 -17.01597 51.87148
v -34.50118 -17.31200 51.87148
v -34.58596 -17.62754 51.87148
v -34.58640 -18.27852 51.87148
v -34.50204 -18.59418 51.87148
v -34.36415 -18.89040 51.87148
v -34.17693 -19.15817 51.87148
v -33.94604 -19.38936 51.87148
v -30.95437 -17.30563 51.67085
v -30.95524 -18.60531 51.67085
v -31.79233 -16.31501 51.77198
v -33.61340 -16.85521 74.54203
v -33.60407 -16.83536 78.06858
v -33.61340 -16.85521 70.99613
v -33.61340 -16.85521 67.45024
v -33.61340 -16.85521 63.90435
v -33.95236 -17.24640 67.45024
v -33.95236 -17.24640 63.90435
v -34.02487 -17.29102 77.63626
v -33.95236 -17.24640 60.35845
v -33.95236 -17.24640 56.81256
v -33.81708 -17.13649 56.81256
v -33.61340 -16.85521 60.35845
v -33.95236 -17.24640 74.54203
v -33.95236 -17.24640 70.99613
v -34.22495 -18.16774 77.47066
v -34.14264 -18.01410 74.11959
v -34.14264 -18.01410 70.64410
v -34.14264 -18.01410 67.16862
v -34.06345 -17.67597 60.21764
v -34.06345 -17.67597 63.69313
v -34.06898 -17.50176 60.21764
v -34.12691 -17.97510 77.53713
v -34.06898 -17.50176 67.16862
v -34.06898 -17.50176 74.11959
v -34.06898 -17.50176 70.64410
v -34.06345 -17.67597 56.74215
v -33.87385 -18.93656 77.92118
v -33.88767 -18.76281 74.39911
v -33.88767 -18.76281 70.87703
v -33.93145 -18.59409 70.87703
v -33.93145 -18.59409 67.35496
v -34.00385 -18.43554 67.35496
v -34.00385 -18.43554 63.83289
v -34.10269 -18.29197 60.31081
v -34.10269 -18.29197 56.78874
v -33.93145 -18.59409 56.78874
v -33.88767 -18.76281 56.78874
v -33.87973 -18.82002 77.90097
v -33.89659 -18.71649 77.85215
v -33.93145 -18.59409 74.39911
v -34.00385 -18.43554 74.39911
v -34.10269 -18.29197 70.87703
v -33.88767 -18.76281 63.83289
v -33.88767 -18.76281 60.31081
v -33.88767 -18.76281 67.35496
v -33.93145 -18.59409 63.83289
v -33.93145 -18.59409 60.31081
v -33.70383 -18.97497 67.50845
v -33.70383 -18.97497 71.06889
v -33.54306 -19.04231 74.62934
v -33.39643 -19.13655 74.62934
v -33.47014 -19.08507 78.11480
v -33.22802 -19.30213 78.17739
v -33.26839 -19.25481 71.06889
v -33.26839 -19.25481 67.50845
v -33.39643 -19.13655 63.94800
v -33.54306 -19.04231 63.94800
v -33.54306 -19.04231 60.38756
v -33.70383 -18.97497 56.82711
v -33.39643 -19.13655 56.82711
v -33.26839 -19.25481 60.38756
v -32.48142 -19.33390 74.66096
v -32.48142 -19.33390 71.09524
v -32.48142 -19.33390 67.52953
v -32.65307 -19.30364 67.52953
v -32.65307 -19.30364 63.96381
v -32.99903 -19.33390 56.83238
v -32.99903 -19.33390 60.39810
v -32.65307 -19.30364 74.66096
v -32.65307 -19.30364 71.09524
v -32.63368 -19.30570 78.22423
v -32.48142 -19.33390 56.83238
v -32.48142 -19.33390 63.96381
v -32.48142 -19.33390 60.39810
v -31.11320 -17.95427 77.40846
v -30.85926 -17.95427 77.37385
v -30.49379 -17.95427 77.48519
v -30.17966 -17.95427 77.88056
v -30.18900 -17.95427 78.38545
v -30.51755 -17.95427 78.76892
v -30.63440 -17.95427 78.82268
v -34.36724 -17.95427 77.40846
v -34.74883 -17.95427 77.38966
v -34.98665 -17.95427 77.48519
v -35.17816 -17.95427 77.65551
v -35.30079 -17.95427 77.88056
v -35.29144 -17.95427 78.38545
v -35.06878 -17.95427 78.69591
v -34.96289 -17.95427 78.76892
v -34.72170 -17.95427 78.85559
v -42.82655 -16.69239 78.08792
v -42.65259 -16.70344 74.66096
v -42.65259 -16.70344 71.09524
v -42.65259 -16.70344 67.52953
v -42.31212 -16.63501 60.39810
v -42.31212 -16.63501 63.96381
v -42.15595 -16.55761 60.39810
v -42.15595 -16.55761 56.83238
v -42.01558 -16.45427 53.26667
v -42.61919 -16.70200 78.15076
v -42.15595 -16.55761 67.52953
v -42.15595 -16.55761 63.96381
v -42.19739 -16.58139 78.21985
v -42.15595 -16.55761 74.66096
v -42.15595 -16.55761 71.09524
v -42.31212 -16.63501 56.83238
v -42.31212 -16.63501 53.26667
v -42.82655 -16.69239 53.26667
v -41.71904 -16.63501 67.52953
v -41.71904 -16.63501 63.96381
v -41.55180 -16.68411 60.39810
v -41.37857 -16.70344 60.39810
v -41.37857 -16.70344 56.83238
v -41.20462 -16.69239 53.26667
v -41.83378 -16.58139 78.21985
v -41.71904 -16.63501 74.66096
v -41.71904 -16.63501 71.09524
v -41.37857 -16.70344 67.52953
v -41.37857 -16.70344 63.96381
v -41.41197 -16.70200 78.15076
v -41.37857 -16.70344 74.66096
v -41.37857 -16.70344 71.09524
v -41.55180 -16.68411 56.83238
v -41.55180 -16.68411 53.26667
v -41.15173 -16.83536 78.06858
v -41.14241 -16.85521 74.54203
v -41.14241 -16.85521 70.99613
v -41.14241 -16.85521 67.45024
v -41.05287 -17.00476 63.90435
v -40.93873 -17.13649 63.90435
v -40.93873 -17.13649 60.35845
v -40.80345 -17.24640 60.35845
v -40.80345 -17.24640 56.81256
v -40.65114 -17.33115 53.26667
v -40.93873 -17.13649 70.99613
v -40.93873 -17.13649 67.45024
v -40.80345 -17.24640 67.45024
v -40.80345 -17.24640 63.90435
v -40.99113 -17.08167 78.00111
v -40.93873 -17.13649 74.54203
v -40.80345 -17.24640 70.99613
v -40.73093 -17.29102 77.63626
v -40.80345 -17.24640 74.54203
v -40.93873 -17.13649 56.81256
v -40.93873 -17.13649 53.26667
v -41.05287 -17.00476 56.81256
v -41.05287 -17.00476 53.26667
v -41.14241 -16.85521 60.35845
v -40.68683 -17.50176 74.11959
v -40.68683 -17.50176 70.64410
v -40.68683 -17.50176 67.16862
v -40.69235 -17.67597 67.16862
v -40.69235 -17.67597 63.69313
v -40.61316 -18.01410 56.74215
v -40.61316 -18.01410 60.21764
v -40.53085 -18.16774 53.26667
v -40.61316 -18.01410 53.26667
v -40.69235 -17.67597 74.11959
v -40.69235 -17.67597 70.64410
v -40.69328 -17.65550 77.59508
v -40.58509 -18.07409 77.50460
v -40.53085 -18.16774 77.47066
v -40.68683 -17.50176 60.21764
v -40.65311 -18.29197 74.39911
v -40.65311 -18.29197 70.87703
v -40.65311 -18.29197 67.35496
v -40.75195 -18.43554 63.83289
v -40.82436 -18.59409 63.83289
v -40.82436 -18.59409 60.31081
v -40.86814 -18.76281 56.78874
v -40.88196 -18.93656 53.26667
v -40.86814 -18.76281 53.26667
v -40.82436 -18.59409 70.87703
v -40.82436 -18.59409 67.35496
v -40.79469 -18.52004 77.72311
v -40.82436 -18.59409 74.39911
v -40.86890 -18.76737 77.87884
v -40.88061 -18.87580 77.91636
v -40.75195 -18.43554 56.78874
v -40.75195 -18.43554 53.26667
v -40.65311 -18.29197 60.31081
v -41.05198 -18.97497 74.62934
v -41.05198 -18.97497 71.06889
v -41.35938 -19.13655 63.94800
v -41.35938 -19.13655 67.50845
v -41.48742 -19.25481 63.94800
v -41.48742 -19.25481 60.38756
v -41.59298 -19.39351 53.26667
v -41.48742 -19.25481 56.82711
v -41.48742 -19.25481 53.26667
v -41.35938 -19.13655 56.82711
v -41.35938 -19.13655 53.26667
v -41.09134 -18.98847 78.04479
v -41.48742 -19.25481 67.50845
v -41.45513 -19.22092 78.16141
v -41.48742 -19.25481 74.62934
v -41.52779 -19.30213 78.17739
v -41.48742 -19.25481 71.06889
v -41.05198 -18.97497 60.38756
v -42.59702 -16.35679 53.06667
v -42.86406 -16.48466 53.10140
v -42.59598 -16.35965 53.10140
v -41.43415 -16.35679 53.06667
v -41.43519 -16.35965 53.10140
v -41.16558 -16.48203 53.06667
v -40.57341 -17.42936 53.26363
v -43.45482 -17.53167 53.26667
v -43.52700 -17.68777 53.26363
v -43.50032 -17.74080 53.26667
v -43.50032 -18.16774 53.26667
v -43.52700 -18.22077 53.26363
v -43.45776 -18.47918 53.26363
v -41.39246 -19.31872 53.26667
v -40.57341 -18.47918 53.26363
v -43.10057 -16.66124 53.13507
v -43.29733 -16.87876 53.16667
v -43.10057 -19.24731 53.13507
v -42.85219 -19.40331 53.16667
v -43.09110 -19.23602 53.16667
v -43.66337 -17.66372 53.16667
v -43.58788 -17.38200 53.16667
v -43.56909 -17.38884 53.19522
v -43.44731 -17.12767 53.19522
v -42.30266 -16.32618 53.19522
v -42.01558 -16.28107 53.16667
v -42.01558 -16.30106 53.19522
v -41.72851 -16.32618 53.19522
v -40.94007 -16.67252 53.16667
v -40.95292 -16.68784 53.19522
v -40.73383 -16.87876 53.16667
v -40.56655 -17.11767 53.16667
v -40.44329 -17.38200 53.16667
v -40.36780 -17.66372 53.16667
v -40.38749 -17.66719 53.19522
v -40.36780 -18.24482 53.16667
v -40.44329 -18.52654 53.16667
v -40.73383 -19.02979 53.16667
v -41.17898 -19.40331 53.16667
v -41.44331 -19.52657 53.16667
v -42.01558 -19.62748 53.16667
v -42.01558 -19.60748 53.19522
v -42.30613 -19.60206 53.16667
v -42.30266 -19.58236 53.19522
v -42.84219 -19.38599 53.19522
v -43.07825 -19.22070 53.19522
v -43.28202 -19.01693 53.19522
v -43.46462 -18.79087 53.16667
v -43.58788 -18.52654 53.16667
v -43.56909 -18.51970 53.19522
v -43.66337 -18.24482 53.16667
v -43.00209 -16.77860 53.26363
v -42.54375 -19.25481 53.26667
v -42.54296 -19.57040 52.71008
v -42.81558 -19.45427 52.71008
v -43.28037 -19.09019 52.71008
v -43.45840 -18.85331 52.71008
v -43.59260 -18.58911 52.71008
v -43.67888 -18.30562 52.71008
v -43.71462 -18.01145 52.71008
v -43.63171 -17.42690 52.71008
v -43.51558 -17.15427 52.71008
v -43.35388 -16.90595 52.71008
v -43.15151 -16.68949 52.71008
v -42.91462 -16.51145 52.71008
v -42.65042 -16.37725 52.71008
v -42.36693 -16.29097 52.71008
v -42.07276 -16.25523 52.71008
v -41.77686 -16.27112 52.71008
v -41.21558 -16.45427 52.71008
v -40.96726 -16.61598 52.71008
v -40.75080 -16.81835 52.71008
v -40.57276 -17.05523 52.71008
v -40.43857 -17.31943 52.71008
v -40.31655 -17.89709 52.71008
v -40.33243 -18.19299 52.71008
v -40.39945 -18.48165 52.71008
v -40.67729 -19.00259 52.71008
v -41.11655 -19.39709 52.71008
v -41.66424 -19.61757 52.71008
v -41.95840 -19.65331 52.71008
v -42.58727 -19.70621 51.96777
v -42.66848 -19.59291 52.20849
v -42.88281 -19.58032 51.96777
v -42.11108 -19.71560 52.20849
v -41.73021 -19.69495 52.20849
v -41.63471 -19.75734 51.96777
v -41.32740 -19.66381 51.96777
v -40.87365 -19.29866 52.20849
v -40.73499 -19.16732 52.20849
v -40.34400 -18.51749 52.20849
v -40.29290 -18.33346 52.20849
v -40.56483 -19.09068 51.96777
v -40.50416 -17.04488 52.20849
v -40.61134 -16.88679 52.20849
v -40.64451 -16.72289 51.96777
v -40.41469 -17.21362 52.20849
v -41.02569 -16.49429 52.20849
v -41.14836 -16.32822 51.96777
v -41.73021 -16.21359 52.20849
v -41.92009 -16.19294 52.20849
v -42.66848 -16.31563 52.20849
v -42.70377 -16.24473 51.96777
v -42.84182 -16.39583 52.20849
v -43.15752 -16.60988 52.20849
v -43.41983 -16.88679 52.20849
v -43.73826 -17.57508 52.20849
v -43.73826 -18.33346 52.20849
v -43.68717 -18.51749 52.20849
v -43.76916 -17.76356 52.20849
v -43.57965 -18.92886 51.96777
v -43.41983 -19.02175 52.20849
v -40.26201 -17.76356 52.20849
v -43.15752 -19.29866 52.20849
v -43.52701 -17.04488 52.20849
v -42.95389 -19.57695 51.87148
v -42.65786 -19.71523 51.87148
v -42.01684 -19.82870 51.87148
v -41.69133 -19.80044 51.87148
v -41.37567 -19.71609 51.87148
v -41.07946 -19.57821 51.87148
v -40.81168 -19.39098 51.87148
v -40.58049 -19.16009 51.87148
v -40.25462 -18.59654 51.87148
v -40.16985 -18.28100 51.87148
v -40.14115 -17.95553 51.87148
v -40.16941 -17.63002 51.87148
v -40.25376 -17.31436 51.87148
v -40.39165 -17.01814 51.87148
v -40.57888 -16.75037 51.87148
v -40.80976 -16.51918 51.87148
v -41.07728 -16.33159 51.87148
v -41.68885 -16.10853 51.87148
v -42.01433 -16.07984 51.87148
v -42.33984 -16.10810 51.87148
v -42.95171 -16.33034 51.87148
v -43.21948 -16.51757 51.87148
v -43.63826 -17.01597 51.87148
v -43.77654 -17.31200 51.87148
v -43.86132 -17.62754 51.87148
v -43.86176 -18.27852 51.87148
v -43.77740 -18.59418 51.87148
v -43.63952 -18.89040 51.87148
v -43.45229 -19.15817 51.87148
v -43.22141 -19.38936 51.87148
v -40.15099 -18.28434 51.77198
v -43.09244 -17.13649 74.54203
v -43.14157 -17.18102 77.95124
v -43.04004 -17.08167 78.00111
v -42.88876 -16.85521 70.99613
v -42.88876 -16.85521 67.45024
v -42.88876 -16.85521 63.90435
v -43.22772 -17.24640 67.45024
v -43.22772 -17.24640 63.90435
v -43.30023 -17.29102 77.63626
v -43.22772 -17.24640 60.35845
v -43.22772 -17.24640 56.81256
v -43.09244 -17.13649 56.81256
v -42.88876 -16.85521 60.35845
v -43.22772 -17.24640 74.54203
v -43.22772 -17.24640 70.99613
v -43.50032 -18.16774 77.47066
v -43.41801 -18.01410 74.11959
v -43.41801 -18.01410 70.64410
v -43.41801 -18.01410 67.16862
v -43.33881 -17.67597 60.21764
v -43.33881 -17.67597 63.69313
v -43.34434 -17.50176 60.21764
v -43.40227 -17.97510 77.53713
v -43.34434 -17.50176 67.16862
v -43.34434 -17.50176 74.11959
v -43.34434 -17.50176 70.64410
v -43.33881 -17.67597 56.74215
v -43.14921 -18.93656 77.92118
v -43.16303 -18.76281 74.39911
v -43.16303 -18.76281 70.87703
v -43.20681 -18.59409 67.35496
v -43.27922 -18.43554 67.35496
v -43.27922 -18.43554 63.83289
v -43.37805 -18.29197 60.31081
v -43.37805 -18.29197 56.78874
v -43.20681 -18.59409 56.78874
v -43.15510 -18.82002 77.90097
v -43.17195 -18.71649 77.85215
v -43.27922 -18.43554 74.39911
v -43.37805 -18.29197 70.87703
v -43.16303 -18.76281 63.83289
v -43.16303 -18.76281 60.31081
v -42.97919 -18.97497 67.50845
v -42.97919 -18.97497 71.06889
v -42.81842 -19.04231 74.62934
v -42.67179 -19.13655 74.62934
v -42.74551 -19.08507 78.11480
v -42.65664 -19.14880 78.14086
v -42.50338 -19.30213 78.17739
v -42.54375 -19.25481 71.06889
v -42.54375 -19.25481 67.50845
v -42.67179 -19.13655 63.94800
v -42.81842 -19.04231 63.94800
v -42.81842 -19.04231 60.38756
v -42.97919 -18.97497 56.82711
v -42.67179 -19.13655 56.82711
v -42.54375 -19.25481 60.38756
v -41.75678 -19.33390 74.66096
v -41.75678 -19.33390 71.09524
v -41.75678 -19.33390 67.52953
v -41.92843 -19.30364 67.52953
v -41.92843 -19.30364 63.96381
v -42.10274 -19.30364 60.39810
v -42.27439 -19.33390 60.39810
v -42.27439 -19.33390 56.83238
v -41.92843 -19.30364 74.66096
v -41.92843 -19.30364 71.09524
v -42.27439 -19.33390 67.52953
v -42.27439 -19.33390 63.96381
v -41.90905 -19.30570 78.22423
v -42.27439 -19.33390 74.66096
v -42.27439 -19.33390 71.09524
v -42.10274 -19.30364 56.83238
v -41.75678 -19.33390 56.83238
v -41.75678 -19.33390 63.96381
v -41.75678 -19.33390 60.39810
v -40.38856 -17.95427 77.40846
v -40.50732 -17.95427 77.45786
v -40.13462 -17.95427 77.37385
v -39.76915 -17.95427 77.48519
v -39.66604 -17.95427 77.56207
v -39.45502 -17.95427 77.88056
v -39.46436 -17.95427 78.38545
v -39.79291 -17.95427 78.76892
v -43.52384 -17.95427 77.45786
v -43.64260 -17.95427 77.40846
v -44.02419 -17.95427 77.38966
v -44.26201 -17.95427 77.48519
v -44.36513 -17.95427 77.56207
v -44.57615 -17.95427 77.88056
v -44.56681 -17.95427 78.38545
v -44.34414 -17.95427 78.69591
v -44.23826 -17.95427 78.76892
v -24.17223 -16.70264 78.12185
v -24.10187 -16.70344 74.66096
v -24.27582 -16.69239 78.08792
v -24.10187 -16.70344 71.09524
v -24.10187 -16.70344 67.52953
v -23.92864 -16.68411 63.96381
v -23.76140 -16.63501 63.96381
v -23.76140 -16.63501 60.39810
v -23.60522 -16.55761 56.83238
v -23.46486 -16.45427 53.26667
v -23.76140 -16.63501 71.09524
v -23.76140 -16.63501 67.52953
v -23.76140 -16.63501 74.66096
v -23.74825 -16.62975 78.21016
v -23.92864 -16.68411 56.83238
v -23.92864 -16.68411 53.26667
v -24.27582 -16.69239 53.26667
v -24.10187 -16.70344 60.39810
v -23.37821 -16.52231 78.22510
v -23.32449 -16.55761 74.66096
v -23.32449 -16.55761 71.09524
v -23.32449 -16.55761 67.52953
v -23.16832 -16.63501 63.96381
v -23.00108 -16.68411 63.96381
v -23.00108 -16.68411 60.39810
v -22.82785 -16.70344 56.83238
v -22.65390 -16.69239 53.26667
v -23.00108 -16.68411 71.09524
v -23.00108 -16.68411 67.52953
v -23.00108 -16.68411 74.66096
v -22.96794 -16.68991 78.17533
v -23.16832 -16.63501 56.83238
v -23.16832 -16.63501 53.26667
v -23.32449 -16.55761 60.39810
v -22.60101 -16.83536 78.06858
v -22.59168 -16.85521 74.54203
v -22.59168 -16.85521 70.99613
v -22.59168 -16.85521 67.45024
v -22.38800 -17.13649 60.35845
v -22.38800 -17.13649 63.90435
v -22.25272 -17.24640 60.35845
v -22.25272 -17.24640 56.81256
v -22.10041 -17.33115 53.26667
v -22.25272 -17.24640 53.26667
v -22.52807 -16.96667 78.03957
v -22.25272 -17.24640 67.45024
v -22.25272 -17.24640 63.90435
v -22.25272 -17.24640 70.99613
v -22.18021 -17.29102 77.63626
v -22.10041 -17.33115 77.55564
v -22.25272 -17.24640 74.54203
v -22.38800 -17.13649 56.81256
v -22.38800 -17.13649 53.26667
v -22.13610 -17.50176 74.11959
v -22.13610 -17.50176 70.64410
v -22.13610 -17.50176 67.16862
v -22.14163 -17.67597 67.16862
v -22.14163 -17.67597 63.69313
v -22.06244 -18.01410 56.74215
v -22.06244 -18.01410 60.21764
v -21.98013 -18.16774 53.26667
v -22.06244 -18.01410 53.26667
v -22.14163 -17.67597 74.11959
v -22.14163 -17.67597 70.64410
v -22.14255 -17.65550 77.59508
v -22.03436 -18.07409 77.50460
v -22.13610 -17.50176 56.74215
v -22.13610 -17.50176 63.69313
v -22.13610 -17.50176 60.21764
v -22.10239 -18.29197 74.39911
v -22.10239 -18.29197 70.87703
v -22.10239 -18.29197 67.35496
v -22.20123 -18.43554 67.35496
v -22.20123 -18.43554 63.83289
v -22.27363 -18.59409 63.83289
v -22.27363 -18.59409 60.31081
v -22.31741 -18.76281 56.78874
v -22.33123 -18.93656 53.26667
v -22.31741 -18.76281 53.26667
v -22.20123 -18.43554 74.39911
v -22.20123 -18.43554 70.87703
v -22.27363 -18.59409 70.87703
v -22.27363 -18.59409 67.35496
v -22.19496 -18.42477 77.65435
v -22.24397 -18.52004 77.72311
v -22.27363 -18.59409 74.39911
v -22.31818 -18.76737 77.87884
v -22.32989 -18.87580 77.91636
v -22.20123 -18.43554 56.78874
v -22.20123 -18.43554 53.26667
v -22.10239 -18.29197 56.78874
v -22.10239 -18.29197 63.83289
v -22.10239 -18.29197 60.31081
v -22.20123 -18.43554 60.31081
v -22.50125 -18.97497 74.62934
v -22.50125 -18.97497 71.06889
v -22.66202 -19.04231 71.06889
v -22.66202 -19.04231 67.50845
v -22.93670 -19.25481 60.38756
v -22.93670 -19.25481 63.94800
v -23.04226 -19.39351 53.26667
v -22.93670 -19.25481 56.82711
v -22.93670 -19.25481 53.26667
v -22.50125 -18.97497 56.82711
v -22.66202 -19.04231 74.62934
v -22.63985 -19.03116 78.08288
v -22.97706 -19.30213 78.17739
v -23.04226 -19.39351 78.18979
v -22.50125 -18.97497 63.94800
v -22.50125 -18.97497 60.38756
v -22.50125 -18.97497 67.50845
v -24.04629 -16.35679 53.06667
v -24.31334 -16.48466 53.10140
v -24.04525 -16.35965 53.10140
v -23.76006 -16.28010 53.06667
v -22.88342 -16.35679 53.06667
v -23.17019 -16.28309 53.10140
v -22.88446 -16.35965 53.10140
v -22.13574 -17.18691 53.26363
v -24.45136 -16.77860 53.26363
v -24.27582 -19.21615 53.26667
v -24.23222 -19.28339 53.26363
v -24.08798 -19.31872 53.26667
v -22.13574 -18.72164 53.26363
v -22.17182 -16.86929 53.13507
v -22.38934 -16.67252 53.16667
v -22.18311 -16.87876 53.16667
v -22.17182 -19.03926 53.13507
v -22.01582 -18.79087 53.16667
v -22.18311 -19.02979 53.16667
v -25.11264 -17.66372 53.16667
v -25.11807 -17.95427 53.19522
v -25.09295 -17.66719 53.19522
v -25.03716 -17.38200 53.16667
v -25.01837 -17.38884 53.19522
v -24.91390 -17.11767 53.16667
v -24.89658 -17.12767 53.19522
v -23.75194 -16.32618 53.19522
v -23.17778 -16.32618 53.19522
v -22.40220 -16.68784 53.19522
v -21.89256 -17.38200 53.16667
v -21.81707 -17.66372 53.16667
v -21.81707 -18.24482 53.16667
v -22.62826 -19.40331 53.16667
v -22.63826 -19.38599 53.19522
v -23.17431 -19.60206 53.16667
v -23.46486 -19.62748 53.16667
v -23.46486 -19.60748 53.19522
v -24.03713 -19.52657 53.16667
v -24.30146 -19.40331 53.16667
v -24.29146 -19.38599 53.19522
v -24.54038 -19.23602 53.16667
v -24.74661 -19.02979 53.16667
v -24.73129 -19.01693 53.19522
v -24.91390 -18.79087 53.16667
v -24.89658 -18.78088 53.19522
v -25.11264 -18.24482 53.16667
v -25.09295 -18.24135 53.19522
v -24.67700 -17.24640 53.26667
v -24.65608 -18.59409 53.26667
v -24.26486 -19.45427 52.71008
v -24.51318 -19.29256 52.71008
v -24.72964 -19.09019 52.71008
v -24.90768 -18.85331 52.71008
v -25.12816 -18.30562 52.71008
v -25.16390 -18.01145 52.71008
v -25.08099 -17.42690 52.71008
v -24.96486 -17.15427 52.71008
v -24.60078 -16.68949 52.71008
v -24.09970 -16.37725 52.71008
v -23.81621 -16.29097 52.71008
v -23.22613 -16.27112 52.71008
v -22.93748 -16.33814 52.71008
v -22.66486 -16.45427 52.71008
v -22.41654 -16.61598 52.71008
v -22.20007 -16.81835 52.71008
v -22.02204 -17.05523 52.71008
v -21.88784 -17.31943 52.71008
v -21.76582 -17.89709 52.71008
v -21.78170 -18.19299 52.71008
v -21.84873 -18.48165 52.71008
v -22.12657 -19.00259 52.71008
v -22.32894 -19.21906 52.71008
v -22.56582 -19.39709 52.71008
v -22.83002 -19.53129 52.71008
v -23.11351 -19.61757 52.71008
v -23.70358 -19.63743 52.71008
v -24.03655 -19.70621 51.96777
v -24.11775 -19.59291 52.20849
v -24.33209 -19.58032 51.96777
v -23.72364 -19.77887 51.96777
v -23.75023 -19.69495 52.20849
v -23.36936 -19.71560 52.20849
v -23.17949 -19.69495 52.20849
v -22.99296 -19.65389 52.20849
v -22.32292 -19.29866 52.20849
v -22.18426 -19.16732 52.20849
v -21.79328 -18.51749 52.20849
v -21.74218 -18.33346 52.20849
v -21.71292 -18.52596 51.96777
v -22.01410 -19.09068 51.96777
v -21.74218 -17.57508 52.20849
v -21.79328 -17.39105 52.20849
v -21.90079 -16.97968 51.96777
v -22.09379 -16.72289 51.96777
v -22.18426 -16.74122 52.20849
v -22.59763 -16.32822 51.96777
v -22.63862 -16.39583 52.20849
v -23.17949 -16.21359 52.20849
v -23.56036 -16.19294 52.20849
v -24.11775 -16.31563 52.20849
v -24.29109 -16.39583 52.20849
v -24.71070 -16.77415 52.45726
v -24.74546 -16.74122 52.20849
v -24.86910 -16.88679 52.20849
v -25.06575 -17.21362 52.20849
v -25.21680 -17.38258 51.96777
v -25.14078 -17.58537 52.45726
v -25.18754 -18.33346 52.20849
v -25.13644 -18.51749 52.20849
v -25.21844 -17.76356 52.20849
v -25.06575 -18.69492 52.20849
v -25.02893 -18.92886 51.96777
v -24.57580 -19.26217 52.45726
v -23.92395 -16.30078 52.45726
v -21.71128 -17.76356 52.20849
v -21.74882 -17.95427 52.45726
v -24.40316 -19.57695 51.87148
v -24.10713 -19.71523 51.87148
v -23.79159 -19.80001 51.87148
v -23.14061 -19.80044 51.87148
v -22.82495 -19.71609 51.87148
v -22.52873 -19.57821 51.87148
v -22.02977 -19.16009 51.87148
v -21.70390 -18.59654 51.87148
v -21.61912 -18.28100 51.87148
v -21.59043 -17.95553 51.87148
v -21.70304 -17.31436 51.87148
v -21.84092 -17.01814 51.87148
v -22.02815 -16.75037 51.87148
v -22.25904 -16.51918 51.87148
v -22.52655 -16.33159 51.87148
v -22.82259 -16.19331 51.87148
v -23.13813 -16.10853 51.87148
v -23.46360 -16.07984 51.87148
v -24.10477 -16.19245 51.87148
v -24.40099 -16.33034 51.87148
v -24.66876 -16.51757 51.87148
v -24.89995 -16.74845 51.87148
v -25.08754 -17.01597 51.87148
v -25.22582 -17.31200 51.87148
v -25.31060 -17.62754 51.87148
v -25.31103 -18.27852 51.87148
v -25.22668 -18.59418 51.87148
v -25.08879 -18.89040 51.87148
v -24.68713 -19.40894 51.67085
v -25.10538 -18.89996 51.77198
v -25.10411 -17.00638 51.77198
v -24.33803 -16.85521 74.54203
v -24.32871 -16.83536 78.06858
v -24.33803 -16.85521 70.99613
v -24.33803 -16.85521 67.45024
v -24.33803 -16.85521 63.90435
v -24.67700 -17.24640 67.45024
v -24.67700 -17.24640 63.90435
v -24.74951 -17.29102 77.63626
v -24.67700 -17.24640 60.35845
v -24.67700 -17.24640 56.81256
v -24.54172 -17.13649 56.81256
v -24.33803 -16.85521 60.35845
v -24.68125 -17.24912 77.73062
v -24.67700 -17.24640 74.54203
v -24.67700 -17.24640 70.99613
v -24.94959 -18.16774 77.47066
v -24.86728 -18.01410 74.11959
v -24.86728 -18.01410 70.64410
v -24.86728 -18.01410 67.16862
v -24.78809 -17.67597 60.21764
v -24.78809 -17.67597 63.69313
v -24.79362 -17.50176 60.21764
v -24.79362 -17.50176 56.74215
v -24.85154 -17.97510 77.53713
v -24.79362 -17.50176 67.16862
v -24.79362 -17.50176 63.69313
v -24.79362 -17.50176 74.11959
v -24.79362 -17.50176 70.64410
v -24.78809 -17.67597 56.74215
v -24.59848 -18.93656 77.92118
v -24.61230 -18.76281 74.39911
v -24.61230 -18.76281 70.87703
v -24.65608 -18.59409 67.35496
v -24.72849 -18.43554 67.35496
v -24.72849 -18.43554 63.83289
v -24.82733 -18.29197 60.31081
v -24.82733 -18.29197 56.78874
v -24.65608 -18.59409 56.78874
v -24.60437 -18.82002 77.90097
v -24.62122 -18.71649 77.85215
v -24.68575 -18.52004 77.72311
v -24.72849 -18.43554 74.39911
v -24.82733 -18.29197 70.87703
v -24.61230 -18.76281 63.83289
v -24.61230 -18.76281 60.31081
v -24.42847 -18.97497 67.50845
v -24.42847 -18.97497 71.06889
v -24.26770 -19.04231 74.62934
v -24.12107 -19.13655 74.62934
v -24.19478 -19.08507 78.11480
v -23.95266 -19.30213 78.17739
v -23.99302 -19.25481 71.06889
v -23.99302 -19.25481 67.50845
v -24.12107 -19.13655 63.94800
v -24.26770 -19.04231 63.94800
v -24.26770 -19.04231 60.38756
v -24.42847 -18.97497 56.82711
v -24.12107 -19.13655 56.82711
v -23.99302 -19.25481 60.38756
v -23.20605 -19.33390 74.66096
v -23.20605 -19.33390 71.09524
v -23.20605 -19.33390 67.52953
v -23.37771 -19.30364 63.96381
v -23.55201 -19.30364 63.96381
v -23.55201 -19.30364 60.39810
v -23.72367 -19.33390 56.83238
v -23.55201 -19.30364 71.09524
v -23.55201 -19.30364 67.52953
v -23.46486 -19.29984 78.22667
v -23.55201 -19.30364 74.66096
v -23.37771 -19.30364 56.83238
v -23.20605 -19.33390 60.39810
v -21.83784 -17.95427 77.40846
v -21.71236 -17.95427 77.38017
v -21.33321 -17.95427 77.42714
v -21.21843 -17.95427 77.48519
v -20.90429 -17.95427 77.88056
v -20.91364 -17.95427 78.38545
v -20.96955 -17.95427 78.50128
v -21.24219 -17.95427 78.76892
v -21.35904 -17.95427 78.82268
v -25.09188 -17.95427 77.40846
v -25.21735 -17.95427 77.38017
v -25.59651 -17.95427 77.42714
v -25.71129 -17.95427 77.48519
v -25.97384 -17.95427 77.76273
v -26.02542 -17.95427 77.88056
v -26.01608 -17.95427 78.38545
v -25.88521 -17.95427 78.60580
v -25.68753 -17.95427 78.76892
v -25.44634 -17.95427 78.85559
v -5.72510 -16.69239 78.08792
v -5.55114 -16.70344 74.66096
v -5.55114 -16.70344 71.09524
v -5.55114 -16.70344 67.52953
v -5.37792 -16.68411 67.52953
v -5.37792 -16.68411 63.96381
v -5.05450 -16.55761 56.83238
v -5.05450 -16.55761 60.39810
v -4.91413 -16.45427 53.26667
v -5.05450 -16.55761 53.26667
v -5.37792 -16.68411 74.66096
v -5.37792 -16.68411 71.09524
v -5.41105 -16.68991 78.17533
v -5.00079 -16.52231 78.22510
v -5.55114 -16.70344 56.83238
v -5.55114 -16.70344 53.26667
v -5.55114 -16.70344 63.96381
v -5.55114 -16.70344 60.39810
v -4.77377 -16.55761 74.66096
v -4.77377 -16.55761 71.09524
v -4.77377 -16.55761 67.52953
v -4.61759 -16.63501 63.96381
v -4.45035 -16.68411 63.96381
v -4.45035 -16.68411 60.39810
v -4.27712 -16.70344 56.83238
v -4.10317 -16.69239 53.26667
v -4.27712 -16.70344 53.26667
v -4.45035 -16.68411 71.09524
v -4.45035 -16.68411 67.52953
v -4.52486 -16.66595 78.19528
v -4.45035 -16.68411 74.66096
v -4.10317 -16.69239 78.08792
v -4.61759 -16.63501 56.83238
v -4.77377 -16.55761 60.39810
v -4.05028 -16.83536 78.06858
v -4.04096 -16.85521 74.54203
v -4.04096 -16.85521 70.99613
v -4.04096 -16.85521 67.45024
v -3.83728 -17.13649 60.35845
v -3.83728 -17.13649 63.90435
v -3.70200 -17.24640 60.35845
v -3.70200 -17.24640 56.81256
v -3.54969 -17.33115 53.26667
v -3.70200 -17.24640 67.45024
v -3.70200 -17.24640 63.90435
v -3.70200 -17.24640 70.99613
v -3.62948 -17.29102 77.63626
v -3.70200 -17.24640 74.54203
v -3.83728 -17.13649 56.81256
v -3.83728 -17.13649 53.26667
v -3.58538 -17.50176 74.11959
v -3.58538 -17.50176 70.64410
v -3.58538 -17.50176 67.16862
v -3.59090 -17.67597 67.16862
v -3.59090 -17.67597 63.69313
v -3.51171 -18.01410 56.74215
v -3.51171 -18.01410 60.21764
v -3.42940 -18.16774 53.26667
v -3.51171 -18.01410 53.26667
v -3.59090 -17.67597 74.11959
v -3.59090 -17.67597 70.64410
v -3.59183 -17.65550 77.59508
v -3.48364 -18.07409 77.50460
v -3.58538 -17.50176 60.21764
v -3.55166 -18.29197 74.39911
v -3.55166 -18.29197 70.87703
v -3.55166 -18.29197 67.35496
v -3.65050 -18.43554 63.83289
v -3.72291 -18.59409 63.83289
v -3.72291 -18.59409 60.31081
v -3.76669 -18.76281 60.31081
v -3.76669 -18.76281 56.78874
v -3.78051 -18.93656 53.26667
v -3.76669 -18.76281 53.26667
v -3.72291 -18.59409 70.87703
v -3.72291 -18.59409 67.35496
v -3.76669 -18.76281 67.35496
v -3.76669 -18.76281 63.83289
v -3.69324 -18.52004 77.72311
v -3.72291 -18.59409 74.39911
v -3.76669 -18.76281 74.39911
v -3.76745 -18.76737 77.87884
v -3.77916 -18.87580 77.91636
v -3.76669 -18.76281 70.87703
v -3.72291 -18.59409 56.78874
v -3.72291 -18.59409 53.26667
v -3.65050 -18.43554 56.78874
v -3.55166 -18.29197 60.31081
v -3.95053 -18.97497 74.62934
v -3.95053 -18.97497 71.06889
v -4.11130 -19.04231 67.50845
v -4.25793 -19.13655 67.50845
v -4.25793 -19.13655 63.94800
v -4.38597 -19.25481 60.38756
v -4.49154 -19.39351 53.26667
v -4.38597 -19.25481 56.82711
v -4.38597 -19.25481 53.26667
v -4.11130 -19.04231 56.82711
v -4.25793 -19.13655 71.06889
v -4.18421 -19.08507 78.11480
v -4.25793 -19.13655 74.62934
v -4.42634 -19.30213 78.17739
v -3.95053 -18.97497 63.94800
v -3.95053 -18.97497 60.38756
v -5.49557 -16.35679 53.06667
v -5.49453 -16.35965 53.10140
v -5.20934 -16.28010 53.06667
v -4.33270 -16.35679 53.06667
v -4.61946 -16.28309 53.10140
v -4.33374 -16.35965 53.10140
v -4.06413 -16.48203 53.06667
v -3.73846 -18.94078 53.26363
v -6.56192 -17.66372 53.16667
v -6.54223 -17.66719 53.19522
v -6.48643 -17.38200 53.16667
v -6.46764 -17.38884 53.19522
v -6.36317 -17.11767 53.16667
v -6.34586 -17.12767 53.19522
v -6.19588 -16.87876 53.16667
v -6.18057 -16.89161 53.19522
v -5.98965 -16.67252 53.16667
v -5.97680 -16.68784 53.19522
v -5.20121 -16.32618 53.19522
v -4.91413 -16.30106 53.19522
v -3.63239 -16.87876 53.16667
v -3.64770 -16.89161 53.19522
v -3.34184 -17.38200 53.16667
v -3.26635 -17.66372 53.16667
v -3.28604 -17.66719 53.19522
v -3.26635 -18.24482 53.16667
v -3.28604 -18.24135 53.19522
v -3.34184 -18.52654 53.16667
v -3.46510 -18.79087 53.16667
v -3.63239 -19.02979 53.16667
v -3.83862 -19.23602 53.16667
v -4.07753 -19.40331 53.16667
v -4.08753 -19.38599 53.19522
v -4.34187 -19.52657 53.16667
v -4.62359 -19.60206 53.16667
v -4.62706 -19.58236 53.19522
v -5.20468 -19.60206 53.16667
v -5.20121 -19.58236 53.19522
v -5.48640 -19.52657 53.16667
v -5.47957 -19.50778 53.19522
v -5.98965 -19.23602 53.16667
v -5.97680 -19.22070 53.19522
v -6.36317 -18.79087 53.16667
v -6.34586 -18.78088 53.19522
v -6.56192 -18.24482 53.16667
v -6.54223 -18.24135 53.19522
v -6.27241 -18.73847 53.25460
v -5.68150 -19.28339 53.26363
v -5.78731 -16.85521 53.26667
v -6.12627 -17.24640 53.26667
v -6.23737 -17.67597 53.26667
v -6.17777 -18.43554 53.26667
v -5.71413 -19.45427 52.71008
v -5.96245 -19.29256 52.71008
v -6.17892 -19.09019 52.71008
v -6.35696 -18.85331 52.71008
v -6.57743 -18.30562 52.71008
v -6.61317 -18.01145 52.71008
v -6.53026 -17.42690 52.71008
v -6.41413 -17.15427 52.71008
v -6.25243 -16.90595 52.71008
v -6.05006 -16.68949 52.71008
v -5.81317 -16.51145 52.71008
v -5.26548 -16.29097 52.71008
v -4.97131 -16.25523 52.71008
v -4.38676 -16.33814 52.71008
v -4.11413 -16.45427 52.71008
v -3.64935 -16.81835 52.71008
v -3.33712 -17.31943 52.71008
v -3.21510 -17.89709 52.71008
v -3.23098 -18.19299 52.71008
v -3.29800 -18.48165 52.71008
v -3.41413 -18.75427 52.71008
v -3.57584 -19.00259 52.71008
v -3.77821 -19.21906 52.71008
v -4.01510 -19.39709 52.71008
v -4.27930 -19.53129 52.71008
v -4.85696 -19.65331 52.71008
v -5.15286 -19.63743 52.71008
v -5.90402 -19.41425 52.20849
v -5.74037 -19.51272 52.20849
v -5.48583 -19.70621 51.96777
v -5.38603 -19.65389 52.20849
v -5.17292 -19.77887 51.96777
v -5.00963 -19.71560 52.20849
v -4.26124 -19.59291 52.20849
v -4.08790 -19.51272 52.20849
v -4.62876 -19.69495 52.20849
v -4.53326 -19.75734 51.96777
v -3.68276 -19.32534 51.96777
v -3.63354 -19.16732 52.20849
v -3.24255 -18.51749 52.20849
v -3.19145 -18.33346 52.20849
v -3.40271 -18.86367 52.20849
v -3.24255 -17.39105 52.20849
v -3.35670 -17.23372 52.45726
v -3.40271 -17.04488 52.20849
v -3.63354 -16.74122 52.20849
v -3.66829 -16.77415 52.45726
v -4.08790 -16.39583 52.20849
v -4.04691 -16.32822 51.96777
v -4.26124 -16.31563 52.20849
v -4.27896 -16.36011 52.45726
v -4.62876 -16.21359 52.20849
v -5.56703 -16.31563 52.20849
v -5.74037 -16.39583 52.20849
v -5.88872 -16.39021 51.96777
v -6.31838 -16.88679 52.20849
v -6.63681 -17.57508 52.20849
v -6.63681 -18.33346 52.20849
v -6.58572 -18.51749 52.20849
v -6.71720 -18.33514 51.96777
v -6.73873 -17.69549 51.96777
v -6.66771 -17.76356 52.20849
v -6.31838 -19.02175 52.20849
v -6.28026 -18.99278 52.45726
v -6.19473 -19.16732 52.20849
v -5.38603 -16.25465 52.20849
v -3.16056 -17.76356 52.20849
v -5.85244 -19.57695 51.87148
v -5.55641 -19.71523 51.87148
v -5.24086 -19.80001 51.87148
v -4.91539 -19.82870 51.87148
v -4.58988 -19.80044 51.87148
v -3.97801 -19.57821 51.87148
v -3.71023 -19.39098 51.87148
v -3.47904 -19.16009 51.87148
v -3.29146 -18.89258 51.87148
v -3.15317 -18.59654 51.87148
v -3.06840 -18.28100 51.87148
v -3.03970 -17.95553 51.87148
v -3.15232 -17.31436 51.87148
v -3.29020 -17.01814 51.87148
v -3.47743 -16.75037 51.87148
v -3.97583 -16.33159 51.87148
v -4.27186 -16.19331 51.87148
v -4.91288 -16.07984 51.87148
v -5.23839 -16.10810 51.87148
v -5.55405 -16.19245 51.87148
v -6.11803 -16.51757 51.87148
v -6.34922 -16.74845 51.87148
v -6.53681 -17.01597 51.87148
v -6.67509 -17.31200 51.87148
v -6.75987 -17.62754 51.87148
v -6.76031 -18.27852 51.87148
v -6.67595 -18.59418 51.87148
v -6.53807 -18.89040 51.87148
v -6.11996 -19.38936 51.87148
v -6.69911 -17.30324 51.67085
v -6.69999 -18.60291 51.67085
v -5.85983 -16.31375 51.77198
v -5.87685 -17.00476 74.54203
v -5.93859 -17.08167 78.00111
v -5.85093 -16.96667 78.03957
v -5.78731 -16.85521 74.54203
v -5.78731 -16.85521 70.99613
v -5.78731 -16.85521 67.45024
v -5.78731 -16.85521 63.90435
v -5.87685 -17.00476 67.45024
v -5.87685 -17.00476 63.90435
v -6.12627 -17.24640 67.45024
v -6.12627 -17.24640 63.90435
v -6.19878 -17.29102 77.63626
v -6.12627 -17.24640 60.35845
v -6.12627 -17.24640 56.81256
v -5.99099 -17.13649 56.81256
v -5.78731 -16.85521 56.81256
v -5.78731 -16.85521 60.35845
v -6.27858 -17.33115 77.55564
v -6.12627 -17.24640 74.54203
v -6.12627 -17.24640 70.99613
v -5.99099 -17.13649 70.99613
v -5.99099 -17.13649 60.35845
v -6.39887 -18.16774 77.47066
v -6.31656 -18.01410 74.11959
v -6.31656 -18.01410 70.64410
v -6.31656 -18.01410 67.16862
v -6.26217 -17.84850 67.16862
v -6.26217 -17.84850 63.69313
v -6.23737 -17.67597 60.21764
v -6.24289 -17.50176 60.21764
v -6.30082 -17.97510 77.53713
v -6.26217 -17.84850 74.11959
v -6.26217 -17.84850 70.64410
v -6.24289 -17.50176 67.16862
v -6.26789 -17.87168 77.56508
v -6.24289 -17.50176 74.11959
v -6.24289 -17.50176 70.64410
v -6.23737 -17.67597 56.74215
v -6.31656 -18.01410 56.74215
v -6.31656 -18.01410 63.69313
v -6.31656 -18.01410 60.21764
v -6.04776 -18.93656 77.92118
v -6.06158 -18.76281 74.39911
v -6.06158 -18.76281 70.87703
v -6.10536 -18.59409 67.35496
v -6.17777 -18.43554 67.35496
v -6.17777 -18.43554 63.83289
v -6.27660 -18.29197 63.83289
v -6.27660 -18.29197 60.31081
v -6.27660 -18.29197 56.78874
v -6.17777 -18.43554 56.78874
v -6.10536 -18.59409 56.78874
v -6.05365 -18.82002 77.90097
v -6.07050 -18.71649 77.85215
v -6.17777 -18.43554 74.39911
v -6.18404 -18.42477 77.65435
v -6.27660 -18.29197 74.39911
v -6.27660 -18.29197 70.87703
v -6.27660 -18.29197 67.35496
v -6.17777 -18.43554 70.87703
v -6.06158 -18.76281 63.83289
v -6.06158 -18.76281 60.31081
v -6.17777 -18.43554 60.31081
v -5.87774 -18.97497 67.50845
v -5.87774 -18.97497 71.06889
v -5.71697 -19.04231 71.06889
v -5.71697 -19.04231 74.62934
v -5.47459 -19.22092 78.16141
v -5.40193 -19.30213 78.17739
v -5.44230 -19.25481 67.50845
v -5.71697 -19.04231 60.38756
v -5.71697 -19.04231 63.94800
v -5.87774 -18.97497 60.38756
v -5.87774 -18.97497 56.82711
v -5.71697 -19.04231 56.82711
v -5.87774 -18.97497 74.62934
v -5.87774 -18.97497 63.94800
v -4.65533 -19.33390 74.66096
v -4.65533 -19.33390 71.09524
v -4.65533 -19.33390 67.52953
v -5.00129 -19.30364 60.39810
v -5.00129 -19.30364 63.96381
v -5.17294 -19.33390 60.39810
v -5.17294 -19.33390 56.83238
v -4.70005 -19.32329 78.21708
v -5.17294 -19.33390 67.52953
v -5.17294 -19.33390 63.96381
v -5.17294 -19.33390 74.66096
v -5.17294 -19.33390 71.09524
v -5.00129 -19.30364 56.83238
v -3.28712 -17.95427 77.40846
v -2.90553 -17.95427 77.38966
v -2.66771 -17.95427 77.48519
v -2.47620 -17.95427 77.65551
v -2.35357 -17.95427 77.88056
v -2.36291 -17.95427 78.38545
v -2.58557 -17.95427 78.69591
v -2.69146 -17.95427 78.76892
v -2.93266 -17.95427 78.85559
v -6.54115 -17.95427 77.40846
v -6.79509 -17.95427 77.37385
v -7.16056 -17.95427 77.48519
v -7.47470 -17.95427 77.88056
v -7.46536 -17.95427 78.38545
v -7.13680 -17.95427 78.76892
v -7.01996 -17.95427 78.82268
v 12.82563 -16.69239 78.08792
v 12.99958 -16.70344 74.66096
v 12.99958 -16.70344 71.09524
v 12.99958 -16.70344 67.52953
v 13.34005 -16.63501 60.39810
v 13.34005 -16.63501 63.96381
v 13.49623 -16.55761 60.39810
v 13.49623 -16.55761 56.83238
v 13.63659 -16.45427 53.26667
v 13.03298 -16.70200 78.15076
v 13.49623 -16.55761 67.52953
v 13.49623 -16.55761 63.96381
v 13.45478 -16.58139 78.21985
v 13.49623 -16.55761 74.66096
v 13.49623 -16.55761 71.09524
v 13.34005 -16.63501 56.83238
v 13.34005 -16.63501 53.26667
v 12.82563 -16.69239 53.26667
v 13.93313 -16.63501 67.52953
v 13.93313 -16.63501 63.96381
v 14.10037 -16.68411 60.39810
v 14.27360 -16.70344 60.39810
v 14.27360 -16.70344 56.83238
v 14.44755 -16.69239 53.26667
v 13.81840 -16.58139 78.21985
v 13.93313 -16.63501 74.66096
v 13.93313 -16.63501 71.09524
v 14.27360 -16.70344 67.52953
v 14.27360 -16.70344 63.96381
v 14.24020 -16.70200 78.15076
v 14.27360 -16.70344 74.66096
v 14.27360 -16.70344 71.09524
v 14.10037 -16.68411 56.83238
v 14.10037 -16.68411 53.26667
v 14.50044 -16.83536 78.06858
v 14.50976 -16.85521 74.54203
v 14.50976 -16.85521 70.99613
v 14.50976 -16.85521 67.45024
v 14.59930 -17.00476 63.90435
v 14.71345 -17.13649 63.90435
v 14.71345 -17.13649 60.35845
v 14.84873 -17.24640 60.35845
v 14.84873 -17.24640 56.81256
v 15.00104 -17.33115 53.26667
v 14.71345 -17.13649 70.99613
v 14.71345 -17.13649 67.45024
v 14.84873 -17.24640 67.45024
v 14.84873 -17.24640 63.90435
v 14.66104 -17.08167 78.00111
v 14.71345 -17.13649 74.54203
v 14.84873 -17.24640 70.99613
v 14.92124 -17.29102 77.63626
v 14.84873 -17.24640 74.54203
v 14.71345 -17.13649 56.81256
v 14.71345 -17.13649 53.26667
v 14.59930 -17.00476 56.81256
v 14.59930 -17.00476 53.26667
v 14.50976 -16.85521 60.35845
v 14.96535 -17.50176 74.11959
v 14.96535 -17.50176 70.64410
v 14.96535 -17.50176 67.16862
v 14.95982 -17.67597 67.16862
v 14.95982 -17.67597 63.69313
v 15.03901 -18.01410 56.74215
v 15.03901 -18.01410 60.21764
v 15.12132 -18.16774 53.26667
v 15.03901 -18.01410 53.26667
v 14.95982 -17.67597 74.11959
v 14.95982 -17.67597 70.64410
v 14.95890 -17.65550 77.59508
v 15.06709 -18.07409 77.50460
v 14.96535 -17.50176 60.21764
v 15.03838 -18.24718 77.52544
v 14.99906 -18.29197 74.39911
v 14.99906 -18.29197 70.87703
v 14.99906 -18.29197 67.35496
v 14.90022 -18.43554 63.83289
v 14.82781 -18.59409 63.83289
v 14.82781 -18.59409 60.31081
v 14.78404 -18.76281 56.78874
v 14.77022 -18.93656 53.26667
v 14.78404 -18.76281 53.26667
v 14.82781 -18.59409 70.87703
v 14.82781 -18.59409 67.35496
v 14.85748 -18.52004 77.72311
v 14.82781 -18.59409 74.39911
v 14.78327 -18.76737 77.87884
v 14.77156 -18.87580 77.91636
v 14.90022 -18.43554 56.78874
v 14.90022 -18.43554 53.26667
v 14.99906 -18.29197 60.31081
v 14.60020 -18.97497 74.62934
v 14.60020 -18.97497 71.06889
v 14.29280 -19.13655 63.94800
v 14.29280 -19.13655 67.50845
v 14.16475 -19.25481 63.94800
v 14.16475 -19.25481 60.38756
v 14.05919 -19.39351 53.26667
v 14.16475 -19.25481 56.82711
v 14.16475 -19.25481 53.26667
v 14.29280 -19.13655 56.82711
v 14.29280 -19.13655 53.26667
v 14.56083 -18.98847 78.04479
v 14.16475 -19.25481 67.50845
v 14.19705 -19.22092 78.16141
v 14.16475 -19.25481 74.62934
v 14.12439 -19.30213 78.17739
v 14.16475 -19.25481 71.06889
v 14.60020 -18.97497 60.38756
v 13.05516 -16.35679 53.06667
v 12.78811 -16.48466 53.10140
v 13.05620 -16.35965 53.10140
v 14.21802 -16.35679 53.06667
v 14.21698 -16.35965 53.10140
v 14.48659 -16.48203 53.06667
v 15.07876 -17.42936 53.26363
v 12.19735 -17.53167 53.26667
v 12.12518 -17.68777 53.26363
v 12.15186 -17.74080 53.26667
v 12.15186 -18.16774 53.26667
v 12.12518 -18.22077 53.26363
v 12.19442 -18.47918 53.26363
v 14.25971 -19.31872 53.26667
v 15.07876 -18.47918 53.26363
v 12.54580 -16.65432 53.10140
v 12.34355 -16.86929 53.13507
v 12.54580 -19.25422 53.10140
v 12.79262 -19.41607 53.13507
v 12.55160 -19.24731 53.13507
v 11.98880 -17.66372 53.16667
v 12.06429 -17.38200 53.16667
v 12.08308 -17.38884 53.19522
v 12.20487 -17.12767 53.19522
v 13.34951 -16.32618 53.19522
v 13.63659 -16.28107 53.16667
v 13.63659 -16.30106 53.19522
v 13.92367 -16.32618 53.19522
v 14.71211 -16.67252 53.16667
v 14.69925 -16.68784 53.19522
v 14.91834 -16.87876 53.16667
v 15.08563 -17.11767 53.16667
v 15.06831 -17.12767 53.19522
v 15.20889 -17.38200 53.16667
v 15.28438 -17.66372 53.16667
v 15.26468 -17.66719 53.19522
v 15.28438 -18.24482 53.16667
v 15.20889 -18.52654 53.16667
v 14.91834 -19.02979 53.16667
v 14.47319 -19.40331 53.16667
v 14.20886 -19.52657 53.16667
v 13.63659 -19.62748 53.16667
v 13.63659 -19.60748 53.19522
v 13.34604 -19.60206 53.16667
v 13.34951 -19.58236 53.19522
v 12.80999 -19.38599 53.19522
v 12.57393 -19.22070 53.19522
v 12.37016 -19.01693 53.19522
v 12.18755 -18.79087 53.16667
v 12.06429 -18.52654 53.16667
v 12.08308 -18.51970 53.19522
v 11.98880 -18.24482 53.16667
v 12.65009 -16.77860 53.26363
v 13.10843 -19.25481 53.26667
v 13.10922 -19.57040 52.71008
v 12.83659 -19.45427 52.71008
v 12.37181 -19.09019 52.71008
v 12.19377 -18.85331 52.71008
v 12.05957 -18.58911 52.71008
v 11.97329 -18.30562 52.71008
v 11.93755 -18.01145 52.71008
v 12.02046 -17.42690 52.71008
v 12.13659 -17.15427 52.71008
v 12.50067 -16.68949 52.71008
v 12.73755 -16.51145 52.71008
v 13.00175 -16.37725 52.71008
v 13.28524 -16.29097 52.71008
v 13.57941 -16.25523 52.71008
v 13.87531 -16.27112 52.71008
v 14.43659 -16.45427 52.71008
v 14.68491 -16.61598 52.71008
v 14.90137 -16.81835 52.71008
v 15.07941 -17.05523 52.71008
v 15.21361 -17.31943 52.71008
v 15.33563 -17.89709 52.71008
v 15.31974 -18.19299 52.71008
v 15.25272 -18.48165 52.71008
v 14.97488 -19.00259 52.71008
v 14.53563 -19.39709 52.71008
v 13.98794 -19.61757 52.71008
v 13.69377 -19.65331 52.71008
v 13.06490 -19.70621 51.96777
v 12.98370 -19.59291 52.20849
v 12.76936 -19.58032 51.96777
v 13.54109 -19.71560 52.20849
v 13.92196 -19.69495 52.20849
v 14.01746 -19.75734 51.96777
v 14.32477 -19.66381 51.96777
v 14.77853 -19.29866 52.20849
v 14.91719 -19.16732 52.20849
v 15.30817 -18.51749 52.20849
v 15.35927 -18.33346 52.20849
v 15.08734 -19.09068 51.96777
v 15.14802 -17.04488 52.20849
v 15.04083 -16.88679 52.20849
v 15.00766 -16.72289 51.96777
v 15.23748 -17.21362 52.20849
v 14.62648 -16.49429 52.20849
v 14.50382 -16.32822 51.96777
v 13.92196 -16.21359 52.20849
v 13.73209 -16.19294 52.20849
v 12.98370 -16.31563 52.20849
v 12.94841 -16.24473 51.96777
v 12.81036 -16.39583 52.20849
v 12.49465 -16.60988 52.20849
v 12.23235 -16.88679 52.20849
v 11.91391 -17.57508 52.20849
v 11.91391 -18.33346 52.20849
v 11.96501 -18.51749 52.20849
v 11.88301 -17.76356 52.20849
v 12.07252 -18.92886 51.96777
v 12.23235 -19.02175 52.20849
v 15.39017 -17.76356 52.20849
v 12.49465 -19.29866 52.20849
v 12.12516 -17.04488 52.20849
v 12.69829 -19.57695 51.87148
v 12.99432 -19.71523 51.87148
v 13.63533 -19.82870 51.87148
v 13.96085 -19.80044 51.87148
v 14.27650 -19.71609 51.87148
v 14.57272 -19.57821 51.87148
v 14.84049 -19.39098 51.87148
v 15.07168 -19.16009 51.87148
v 15.39755 -18.59654 51.87148
v 15.48233 -18.28100 51.87148
v 15.51102 -17.95553 51.87148
v 15.39841 -17.31436 51.87148
v 15.26052 -17.01814 51.87148
v 15.07330 -16.75037 51.87148
v 14.84241 -16.51918 51.87148
v 14.57489 -16.33159 51.87148
v 13.96332 -16.10853 51.87148
v 13.63785 -16.07984 51.87148
v 13.31234 -16.10810 51.87148
v 12.70046 -16.33034 51.87148
v 12.43269 -16.51757 51.87148
v 12.01391 -17.01597 51.87148
v 11.87563 -17.31200 51.87148
v 11.79085 -17.62754 51.87148
v 11.79042 -18.27852 51.87148
v 11.87477 -18.59418 51.87148
v 12.01266 -18.89040 51.87148
v 12.19988 -19.15817 51.87148
v 12.43077 -19.38936 51.87148
v 12.55973 -17.13649 74.54203
v 12.51060 -17.18102 77.95124
v 12.61214 -17.08167 78.00111
v 12.76342 -16.85521 70.99613
v 12.76342 -16.85521 67.45024
v 12.76342 -16.85521 63.90435
v 12.42445 -17.24640 67.45024
v 12.42445 -17.24640 63.90435
v 12.35194 -17.29102 77.63626
v 12.42445 -17.24640 60.35845
v 12.42445 -17.24640 56.81256
v 12.55973 -17.13649 56.81256
v 12.76342 -16.85521 60.35845
v 12.42445 -17.24640 74.54203
v 12.42445 -17.24640 70.99613
v 12.15186 -18.16774 77.47066
v 12.23417 -18.01410 74.11959
v 12.23417 -18.01410 70.64410
v 12.23417 -18.01410 67.16862
v 12.31336 -17.67597 60.21764
v 12.31336 -17.67597 63.69313
v 12.30783 -17.50176 60.21764
v 12.24991 -17.97510 77.53713
v 12.30783 -17.50176 67.16862
v 12.30783 -17.50176 74.11959
v 12.30783 -17.50176 70.64410
v 12.31336 -17.67597 56.74215
v 12.50297 -18.93656 77.92118
v 12.48915 -18.76281 74.39911
v 12.48915 -18.76281 70.87703
v 12.44537 -18.59409 67.35496
v 12.37296 -18.43554 67.35496
v 12.37296 -18.43554 63.83289
v 12.27412 -18.29197 60.31081
v 12.27412 -18.29197 56.78874
v 12.44537 -18.59409 56.78874
v 12.49708 -18.82002 77.90097
v 12.48023 -18.71649 77.85215
v 12.37296 -18.43554 74.39911
v 12.27412 -18.29197 70.87703
v 12.48915 -18.76281 63.83289
v 12.48915 -18.76281 60.31081
v 12.67298 -18.97497 67.50845
v 12.67298 -18.97497 71.06889
v 12.83375 -19.04231 74.62934
v 12.98038 -19.13655 74.62934
v 12.90667 -19.08507 78.11480
v 12.99554 -19.14880 78.14086
v 13.14879 -19.30213 78.17739
v 13.10843 -19.25481 71.06889
v 13.10843 -19.25481 67.50845
v 12.98038 -19.13655 63.94800
v 12.83375 -19.04231 63.94800
v 12.83375 -19.04231 60.38756
v 12.67298 -18.97497 56.82711
v 12.98038 -19.13655 56.82711
v 13.10843 -19.25481 60.38756
v 13.89540 -19.33390 74.66096
v 13.89540 -19.33390 71.09524
v 13.89540 -19.33390 67.52953
v 13.72374 -19.30364 67.52953
v 13.72374 -19.30364 63.96381
v 13.54944 -19.30364 60.39810
v 13.37778 -19.33390 60.39810
v 13.37778 -19.33390 56.83238
v 13.72374 -19.30364 74.66096
v 13.72374 -19.30364 71.09524
v 13.37778 -19.33390 67.52953
v 13.37778 -19.33390 63.96381
v 13.74313 -19.30570 78.22423
v 13.37778 -19.33390 74.66096
v 13.37778 -19.33390 71.09524
v 13.54944 -19.30364 56.83238
v 13.89540 -19.33390 56.83238
v 13.89540 -19.33390 63.96381
v 13.89540 -19.33390 60.39810
v 15.26361 -17.95427 77.40846
v 15.14485 -17.95427 77.45786
v 15.51755 -17.95427 77.37385
v 15.88302 -17.95427 77.48519
v 15.98614 -17.95427 77.56207
v 16.19716 -17.95427 77.88056
v 16.18781 -17.95427 78.38545
v 15.85926 -17.95427 78.76892
v 12.12833 -17.95427 77.45786
v 12.00957 -17.95427 77.40846
v 11.62798 -17.95427 77.38966
v 11.39016 -17.95427 77.48519
v 11.28705 -17.95427 77.56207
v 11.07602 -17.95427 77.88056
v 11.08537 -17.95427 78.38545
v 11.30803 -17.95427 78.69591
v 11.41392 -17.95427 78.76892
v 31.47995 -16.70264 78.12185
v 31.55031 -16.70344 74.66096
v 31.37635 -16.69239 78.08792
v 31.55031 -16.70344 71.09524
v 31.55031 -16.70344 67.52953
v 31.72353 -16.68411 63.96381
v 31.89078 -16.63501 63.96381
v 31.89078 -16.63501 60.39810
v 32.04695 -16.55761 56.83238
v 32.18731 -16.45427 53.26667
v 31.89078 -16.63501 71.09524
v 31.89078 -16.63501 67.52953
v 31.79804 -16.66595 78.19528
v 31.89078 -16.63501 74.66096
v 31.72353 -16.68411 56.83238
v 31.72353 -16.68411 53.26667
v 31.37635 -16.69239 53.26667
v 31.55031 -16.70344 60.39810
v 32.27397 -16.52231 78.22510
v 32.32768 -16.55761 74.66096
v 32.32768 -16.55761 71.09524
v 32.32768 -16.55761 67.52953
v 32.48385 -16.63501 63.96381
v 32.65110 -16.68411 63.96381
v 32.65110 -16.68411 60.39810
v 32.82432 -16.70344 56.83238
v 32.99828 -16.69239 53.26667
v 32.65110 -16.68411 71.09524
v 32.65110 -16.68411 67.52953
v 32.65110 -16.68411 74.66096
v 32.68423 -16.68991 78.17533
v 32.48385 -16.63501 56.83238
v 32.48385 -16.63501 53.26667
v 32.32768 -16.55761 60.39810
v 33.05117 -16.83536 78.06858
v 33.06049 -16.85521 74.54203
v 33.06049 -16.85521 70.99613
v 33.06049 -16.85521 67.45024
v 33.26417 -17.13649 60.35845
v 33.26417 -17.13649 63.90435
v 33.39945 -17.24640 60.35845
v 33.39945 -17.24640 56.81256
v 33.55176 -17.33115 53.26667
v 33.39945 -17.24640 53.26667
v 33.12411 -16.96667 78.03957
v 33.39945 -17.24640 67.45024
v 33.39945 -17.24640 63.90435
v 33.39945 -17.24640 70.99613
v 33.47196 -17.29102 77.63626
v 33.39945 -17.24640 74.54203
v 33.34983 -17.21055 77.83665
v 33.26417 -17.13649 56.81256
v 33.26417 -17.13649 53.26667
v 33.51607 -17.50176 74.11959
v 33.51607 -17.50176 70.64410
v 33.51607 -17.50176 67.16862
v 33.51055 -17.67597 67.16862
v 33.51055 -17.67597 63.69313
v 33.58974 -18.01410 56.74215
v 33.58974 -18.01410 60.21764
v 33.67205 -18.16774 53.26667
v 33.58974 -18.01410 53.26667
v 33.51055 -17.67597 74.11959
v 33.51055 -17.67597 70.64410
v 33.50962 -17.65550 77.59508
v 33.61781 -18.07409 77.50460
v 33.51607 -17.50176 56.74215
v 33.51607 -17.50176 63.69313
v 33.51607 -17.50176 60.21764
v 33.54978 -18.29197 74.39911
v 33.54978 -18.29197 70.87703
v 33.54978 -18.29197 67.35496
v 33.45095 -18.43554 67.35496
v 33.45095 -18.43554 63.83289
v 33.37854 -18.59409 63.83289
v 33.37854 -18.59409 60.31081
v 33.33476 -18.76281 56.78874
v 33.32094 -18.93656 53.26667
v 33.33476 -18.76281 53.26667
v 33.45095 -18.43554 74.39911
v 33.45095 -18.43554 70.87703
v 33.37854 -18.59409 70.87703
v 33.37854 -18.59409 67.35496
v 33.45722 -18.42477 77.65435
v 33.40821 -18.52004 77.72311
v 33.37854 -18.59409 74.39911
v 33.33400 -18.76737 77.87884
v 33.32229 -18.87580 77.91636
v 33.45095 -18.43554 56.78874
v 33.45095 -18.43554 53.26667
v 33.54978 -18.29197 56.78874
v 33.54978 -18.29197 63.83289
v 33.54978 -18.29197 60.31081
v 33.45095 -18.43554 60.31081
v 33.15092 -18.97497 74.62934
v 33.15092 -18.97497 71.06889
v 32.99016 -19.04231 71.06889
v 32.99016 -19.04231 67.50845
v 32.71548 -19.25481 60.38756
v 32.71548 -19.25481 63.94800
v 32.60991 -19.39351 53.26667
v 32.71548 -19.25481 56.82711
v 32.71548 -19.25481 53.26667
v 33.15092 -18.97497 56.82711
v 32.99016 -19.04231 74.62934
v 33.01232 -19.03116 78.08288
v 32.67511 -19.30213 78.17739
v 32.60991 -19.39351 78.18979
v 33.15092 -18.97497 63.94800
v 33.15092 -18.97497 60.38756
v 33.15092 -18.97497 67.50845
v 31.60588 -16.35679 53.06667
v 31.33883 -16.48466 53.10140
v 31.60692 -16.35965 53.10140
v 31.89211 -16.28010 53.06667
v 32.76875 -16.35679 53.06667
v 32.48199 -16.28309 53.10140
v 32.76771 -16.35965 53.10140
v 33.51643 -17.18691 53.26363
v 31.20081 -16.77860 53.26363
v 31.37635 -19.21615 53.26667
v 31.41995 -19.28339 53.26363
v 31.56419 -19.31872 53.26667
v 33.51643 -18.72164 53.26363
v 33.48035 -16.86929 53.13507
v 33.26283 -16.67252 53.16667
v 33.46906 -16.87876 53.16667
v 33.48035 -19.03926 53.13507
v 33.63635 -18.79087 53.16667
v 33.46906 -19.02979 53.16667
v 30.53953 -17.66372 53.16667
v 30.53411 -17.95427 53.19522
v 30.55922 -17.66719 53.19522
v 30.61502 -17.38200 53.16667
v 30.63381 -17.38884 53.19522
v 30.73828 -17.11767 53.16667
v 30.75559 -17.12767 53.19522
v 31.90024 -16.32618 53.19522
v 32.47439 -16.32618 53.19522
v 33.24998 -16.68784 53.19522
v 33.75961 -17.38200 53.16667
v 33.83510 -17.66372 53.16667
v 33.83510 -18.24482 53.16667
v 33.02392 -19.40331 53.16667
v 33.01392 -19.38599 53.19522
v 32.47786 -19.60206 53.16667
v 32.18731 -19.62748 53.16667
v 32.18731 -19.60748 53.19522
v 31.61504 -19.52657 53.16667
v 31.35071 -19.40331 53.16667
v 31.36071 -19.38599 53.19522
v 31.11180 -19.23602 53.16667
v 30.90556 -19.02979 53.16667
v 30.92088 -19.01693 53.19522
v 30.73828 -18.79087 53.16667
v 30.75559 -18.78088 53.19522
v 30.53953 -18.24482 53.16667
v 30.55922 -18.24135 53.19522
v 30.97518 -17.24640 53.26667
v 30.99609 -18.59409 53.26667
v 31.38732 -19.45427 52.71008
v 31.13900 -19.29256 52.71008
v 30.92253 -19.09019 52.71008
v 30.74450 -18.85331 52.71008
v 30.52402 -18.30562 52.71008
v 30.48828 -18.01145 52.71008
v 30.57118 -17.42690 52.71008
v 30.68732 -17.15427 52.71008
v 31.05139 -16.68949 52.71008
v 31.55248 -16.37725 52.71008
v 31.83597 -16.29097 52.71008
v 32.42604 -16.27112 52.71008
v 32.71469 -16.33814 52.71008
v 32.98732 -16.45427 52.71008
v 33.23563 -16.61598 52.71008
v 33.45210 -16.81835 52.71008
v 33.63014 -17.05523 52.71008
v 33.76433 -17.31943 52.71008
v 33.88635 -17.89709 52.71008
v 33.87047 -18.19299 52.71008
v 33.80345 -18.48165 52.71008
v 33.52561 -19.00259 52.71008
v 33.32324 -19.21906 52.71008
v 33.08635 -19.39709 52.71008
v 32.82215 -19.53129 52.71008
v 32.53866 -19.61757 52.71008
v 31.94859 -19.63743 52.71008
v 31.61562 -19.70621 51.96777
v 31.53442 -19.59291 52.20849
v 31.32009 -19.58032 51.96777
v 31.92853 -19.77887 51.96777
v 31.90194 -19.69495 52.20849
v 32.28281 -19.71560 52.20849
v 32.47268 -19.69495 52.20849
v 32.65921 -19.65389 52.20849
v 33.32925 -19.29866 52.20849
v 33.46791 -19.16732 52.20849
v 33.85890 -18.51749 52.20849
v 33.91000 -18.33346 52.20849
v 33.93925 -18.52596 51.96777
v 33.63807 -19.09068 51.96777
v 33.89330 -18.13981 52.45726
v 33.91000 -17.57508 52.20849
v 33.85890 -17.39105 52.20849
v 33.75138 -16.97968 51.96777
v 33.55838 -16.72289 51.96777
v 33.46791 -16.74122 52.20849
v 33.05454 -16.32822 51.96777
v 33.01355 -16.39583 52.20849
v 32.84021 -16.31563 52.20849
v 32.47268 -16.21359 52.20849
v 32.09182 -16.19294 52.20849
v 31.53442 -16.31563 52.20849
v 31.36108 -16.39583 52.20849
v 30.94148 -16.77415 52.45726
v 30.90672 -16.74122 52.20849
v 30.78307 -16.88679 52.20849
v 30.58642 -17.21362 52.20849
v 30.43538 -17.38258 51.96777
v 30.51139 -17.58537 52.45726
v 30.46464 -18.33346 52.20849
v 30.51573 -18.51749 52.20849
v 30.43374 -17.76356 52.20849
v 30.58642 -18.69492 52.20849
v 30.62325 -18.92886 51.96777
v 31.07637 -19.26217 52.45726
v 31.72822 -16.30078 52.45726
v 33.94089 -17.76356 52.20849
v 33.89330 -17.76873 52.45726
v 31.24901 -19.57695 51.87148
v 31.54504 -19.71523 51.87148
v 31.86059 -19.80001 51.87148
v 32.51157 -19.80044 51.87148
v 32.82723 -19.71609 51.87148
v 33.12344 -19.57821 51.87148
v 33.62241 -19.16009 51.87148
v 33.94828 -18.59654 51.87148
v 34.03305 -18.28100 51.87148
v 34.06175 -17.95553 51.87148
v 33.94913 -17.31436 51.87148
v 33.81125 -17.01814 51.87148
v 33.62402 -16.75037 51.87148
v 33.39314 -16.51918 51.87148
v 33.12562 -16.33159 51.87148
v 32.82959 -16.19331 51.87148
v 32.51404 -16.10853 51.87148
v 32.18857 -16.07984 51.87148
v 31.54740 -16.19245 51.87148
v 31.25119 -16.33034 51.87148
v 30.98342 -16.51757 51.87148
v 30.75222 -16.74845 51.87148
v 30.56464 -17.01597 51.87148
v 30.42636 -17.31200 51.87148
v 30.34158 -17.62754 51.87148
v 30.34114 -18.27852 51.87148
v 30.42550 -18.59418 51.87148
v 30.56338 -18.89040 51.87148
v 30.54123 -18.90317 51.67085
v 31.31414 -16.85521 74.54203
v 31.32346 -16.83536 78.06858
v 31.31414 -16.85521 70.99613
v 31.31414 -16.85521 67.45024
v 31.31414 -16.85521 63.90435
v 30.97518 -17.24640 67.45024
v 30.97518 -17.24640 63.90435
v 30.90267 -17.29102 77.63626
v 30.97518 -17.24640 60.35845
v 30.97518 -17.24640 56.81256
v 31.11046 -17.13649 56.81256
v 31.31414 -16.85521 60.35845
v 30.97093 -17.24912 77.73062
v 30.97518 -17.24640 74.54203
v 30.97518 -17.24640 70.99613
v 30.70258 -18.16774 77.47066
v 30.78489 -18.01410 74.11959
v 30.78489 -18.01410 70.64410
v 30.78489 -18.01410 67.16862
v 30.86408 -17.67597 60.21764
v 30.86408 -17.67597 63.69313
v 30.85856 -17.50176 60.21764
v 30.85856 -17.50176 56.74215
v 30.80063 -17.97510 77.53713
v 30.85856 -17.50176 67.16862
v 30.85856 -17.50176 63.69313
v 30.85856 -17.50176 74.11959
v 30.85856 -17.50176 70.64410
v 30.86408 -17.67597 56.74215
v 31.05369 -18.93656 77.92118
v 31.03987 -18.76281 74.39911
v 31.03987 -18.76281 70.87703
v 30.99609 -18.59409 67.35496
v 30.92368 -18.43554 67.35496
v 30.92368 -18.43554 63.83289
v 30.82485 -18.29197 60.31081
v 30.82485 -18.29197 56.78874
v 30.99609 -18.59409 56.78874
v 31.04780 -18.82002 77.90097
v 31.03095 -18.71649 77.85215
v 30.92368 -18.43554 74.39911
v 30.82485 -18.29197 70.87703
v 31.03987 -18.76281 63.83289
v 31.03987 -18.76281 60.31081
v 31.22371 -18.97497 67.50845
v 31.22371 -18.97497 71.06889
v 31.38447 -19.04231 71.06889
v 31.38447 -19.04231 74.62934
v 31.62686 -19.22092 78.16141
v 31.69952 -19.30213 78.17739
v 31.65915 -19.25481 67.50845
v 31.38447 -19.04231 60.38756
v 31.38447 -19.04231 63.94800
v 31.22371 -18.97497 60.38756
v 31.22371 -18.97497 56.82711
v 31.38447 -19.04231 56.82711
v 31.22371 -18.97497 74.62934
v 31.22371 -18.97497 63.94800
v 32.44612 -19.33390 74.66096
v 32.44612 -19.33390 71.09524
v 32.44612 -19.33390 67.52953
v 32.27447 -19.30364 63.96381
v 32.10016 -19.30364 63.96381
v 32.10016 -19.30364 60.39810
v 31.92851 -19.33390 56.83238
v 32.10016 -19.30364 71.09524
v 32.10016 -19.30364 67.52953
v 32.18731 -19.29984 78.22667
v 32.10016 -19.30364 74.66096
v 32.27447 -19.30364 56.83238
v 32.44612 -19.33390 60.39810
v 33.81433 -17.95427 77.40846
v 33.93981 -17.95427 77.38017
v 34.31896 -17.95427 77.42714
v 34.43374 -17.95427 77.48519
v 34.74788 -17.95427 77.88056
v 34.73854 -17.95427 78.38545
v 34.68263 -17.95427 78.50128
v 34.40999 -17.95427 78.76892
v 34.29314 -17.95427 78.82268
v 30.56030 -17.95427 77.40846
v 30.43482 -17.95427 77.38017
v 30.05567 -17.95427 77.42714
v 29.94089 -17.95427 77.48519
v 29.67834 -17.95427 77.76273
v 29.62675 -17.95427 77.88056
v 29.63609 -17.95427 78.38545
v 29.76697 -17.95427 78.60580
v 29.96464 -17.95427 78.76892
v 30.20584 -17.95427 78.85559
v -51.96892 -10.74573 82.75000
v -51.96892 -10.94573 82.75000
v -51.95296 -10.74573 82.93233
v -51.95296 -10.94573 82.93233
v -51.82824 -10.74573 83.27500
v -51.82824 -10.94573 83.27500
v -51.72326 -10.74573 83.42493
v -51.72326 -10.94573 83.42493
v -51.44392 -10.74573 83.65933
v -51.44392 -10.94573 83.65933
v -51.27804 -10.74573 83.73668
v -51.27804 -10.94573 83.73668
v -50.91892 -10.74573 83.80000
v -50.91892 -10.94573 83.80000
v -50.55980 -10.74573 83.73668
v -50.55980 -10.94573 83.73668
v -50.39392 -10.74573 83.65933
v -50.39392 -10.94573 83.65933
v -50.11457 -10.74573 83.42493
v -50.11457 -10.94573 83.42493
v -50.00959 -10.74573 83.27500
v -50.00959 -10.94573 83.27500
v -49.86892 -10.74573 82.75000
v -49.86892 -10.94573 82.75000
v -49.93224 -10.74573 82.39088
v -49.93224 -10.94573 82.39088
v -50.24399 -10.74573 81.94565
v -50.24399 -10.94573 81.94565
v -50.73659 -10.74573 81.71595
v -50.73659 -10.94573 81.71595
v -51.10125 -10.74573 81.71595
v -51.10125 -10.94573 81.71595
v -51.59384 -10.74573 81.94565
v -51.59384 -10.94573 81.94565
v -51.72326 -10.74573 82.07507
v -51.72326 -10.94573 82.07507
v -51.90559 -10.74573 82.39088
v -51.90559 -10.94573 82.39088
v -50.74899 -11.09894 83.71369
v -51.85448 -11.11893 82.58503
v -50.21538 -11.13367 82.15966
v -50.26778 -11.14573 83.29637
v -51.44296 -11.14269 82.12547
v -50.21415 -11.11893 82.49349
v -51.38265 -11.09894 83.30266
v -50.67217 -11.09894 82.07207
v -51.52972 -10.74573 82.52769
v -51.41685 -10.74573 82.33219
v -51.03179 -10.74573 82.10988
v -50.59392 -10.74573 82.18708
v -50.30812 -10.74573 82.52769
v -50.30812 -10.74573 82.97231
v -50.69660 -10.74573 83.36080
v -51.33673 -10.74573 83.24793
v 49.81601 -10.74573 82.75000
v 49.81601 -10.94573 82.75000
v 49.83196 -10.74573 82.93233
v 49.83196 -10.94573 82.93233
v 50.06166 -10.74573 83.42493
v 50.06166 -10.94573 83.42493
v 50.34101 -10.74573 83.65933
v 50.34101 -10.94573 83.65933
v 50.50689 -10.74573 83.73668
v 50.50689 -10.94573 83.73668
v 50.68368 -10.74573 83.78405
v 50.68368 -10.94573 83.78405
v 51.04834 -10.74573 83.78405
v 51.04834 -10.94573 83.78405
v 51.39101 -10.74573 83.65933
v 51.39101 -10.94573 83.65933
v 51.54094 -10.74573 83.55435
v 51.54094 -10.94573 83.55435
v 51.77534 -10.74573 83.27500
v 51.77534 -10.94573 83.27500
v 51.90006 -10.74573 82.93233
v 51.90006 -10.94573 82.93233
v 51.91601 -10.74573 82.75000
v 51.91601 -10.94573 82.75000
v 51.85269 -10.74573 82.39088
v 51.85269 -10.94573 82.39088
v 51.54094 -10.74573 81.94565
v 51.54094 -10.94573 81.94565
v 51.39101 -10.74573 81.84067
v 51.39101 -10.94573 81.84067
v 50.86601 -10.74573 81.70000
v 50.86601 -10.94573 81.70000
v 50.50689 -10.74573 81.76332
v 50.50689 -10.94573 81.76332
v 50.19108 -10.74573 81.94565
v 50.19108 -10.94573 81.94565
v 50.06166 -10.74573 82.07507
v 50.06166 -10.94573 82.07507
v 51.87367 -11.04573 82.57232
v 50.69609 -11.09894 83.71369
v 50.29732 -11.14269 82.07226
v 51.43470 -11.14269 82.07226
v 50.21487 -11.14573 83.29637
v 51.44054 -11.11893 83.23209
v 50.74501 -11.07429 82.06379
v 50.21124 -11.07429 82.51168
v 50.25521 -10.74573 82.52769
v 50.30309 -10.74573 82.42500
v 50.64370 -10.74573 82.13920
v 51.08832 -10.74573 82.13920
v 51.47681 -10.74573 82.52769
v 51.42893 -10.74573 83.07500
v 50.97888 -10.74573 83.39012
v 50.44820 -10.74573 83.24793
v -49.00000 -10.74573 79.00000
v 49.00000 -10.74573 79.00000
v 49.00000 -8.94573 79.00000
v -49.00000 -8.94573 79.00000
v 30.87541 37.23468 108.89333
v 30.47005 38.65427 108.89333
v 30.97054 38.65427 108.89333
v 30.95547 41.65427 108.89333
v 30.97054 41.65427 108.89333
v 30.37356 37.23705 108.89333
v 30.71471 35.82100 108.89333
v 30.21063 35.82593 108.89333
v 30.48879 34.41628 108.89333
v 29.98165 34.42401 108.89333
v 30.19814 33.02351 108.89333
v 29.68710 33.03439 108.89333
v 29.84337 31.64567 108.89333
v 29.32764 31.66012 108.89333
v 29.42525 30.28572 108.89333
v 28.90406 30.30425 108.89333
v 28.94467 28.94656 108.89333
v 28.41729 28.96976 108.89333
v 28.40266 27.63107 108.89333
v 27.86841 27.65959 108.89333
v 27.80038 26.34206 108.89333
v 27.25863 26.37663 108.89333
v 27.13911 25.08229 108.89333
v 26.58930 25.12371 108.89333
v 26.42028 23.85445 108.89333
v 25.86188 23.90360 108.89333
v 25.64543 22.66118 108.89333
v 25.07798 22.71898 108.89333
v 24.81621 21.50503 108.89333
v 24.23934 21.57247 108.89333
v 23.93439 20.38847 108.89333
v 23.34780 20.46659 108.89333
v 23.00188 19.31390 108.89333
v 22.40532 19.40378 108.89333
v 22.02065 18.28362 108.89333
v 21.41399 18.38640 108.89333
v 20.99282 17.29982 108.89333
v 20.37599 17.41667 108.89333
v 19.92058 16.36462 108.89333
v 19.29361 16.49674 108.89333
v 18.80622 15.48003 108.89333
v 18.16924 15.62864 108.89333
v 17.65215 14.64792 108.89333
v 17.00536 14.81428 108.89333
v 16.46081 13.87009 108.89333
v 15.80452 14.05546 108.89333
v 15.23477 13.14820 108.89333
v 14.56939 13.35384 108.89333
v 13.97666 12.48380 108.89333
v 13.30268 12.71099 108.89333
v 12.68915 11.87830 108.89333
v 12.00719 12.12831 108.89333
v 11.37502 11.33301 108.89333
v 10.68577 11.60709 108.89333
v 10.03707 10.84909 108.89333
v 9.34134 11.14848 108.89333
v 8.67816 10.42757 108.89333
v 7.97686 10.75349 108.89333
v 7.30122 10.06936 108.89333
v 6.59535 10.42300 108.89333
v 5.90917 9.77524 108.89333
v 5.19984 10.15772 108.89333
v 4.50502 9.54581 108.89333
v 3.79342 9.95825 108.89333
v 3.09175 9.38159 108.89333
v 2.37918 9.82503 108.89333
v 1.67240 9.28291 108.89333
v 0.96025 9.75834 108.89333
v 0.25000 9.25000 108.89333
v -0.46025 9.75834 108.89333
v -1.17240 9.28291 108.89333
v -1.87918 9.82503 108.89333
v -2.59175 9.38159 108.89333
v -3.29342 9.95825 108.89333
v -4.00502 9.54581 108.89333
v -4.69984 10.15772 108.89333
v -5.40917 9.77524 108.89333
v -6.09535 10.42300 108.89333
v -6.80122 10.06936 108.89333
v -7.47686 10.75349 108.89333
v -8.17816 10.42757 108.89333
v -8.84134 11.14848 108.89333
v -9.53707 10.84909 108.89333
v -10.18577 11.60709 108.89333
v -10.87502 11.33301 108.89333
v -11.50719 12.12831 108.89333
v -12.18915 11.87830 108.89333
v -12.80268 12.71099 108.89333
v -13.47666 12.48380 108.89333
v -14.06939 13.35384 108.89333
v -14.73477 13.14820 108.89333
v -15.30452 14.05546 108.89333
v -15.96081 13.87009 108.89333
v -16.50536 14.81428 108.89333
v -17.15215 14.64792 108.89333
v -17.66924 15.62864 108.89333
v -18.30622 15.48003 108.89333
v -18.79361 16.49674 108.89333
v -19.42058 16.36462 108.89333
v -19.87599 17.41667 108.89333
v -20.49282 17.29982 108.89333
v -20.91399 18.38640 108.89333
v -21.52065 18.28362 108.89333
v -21.90532 19.40378 108.89333
v -22.50188 19.31390 108.89333
v -22.84780 20.46659 108.89333
v -23.43439 20.38847 108.89333
v -23.73934 21.57247 108.89333
v -24.31621 21.50503 108.89333
v -24.57798 22.71898 108.89333
v -25.14543 22.66118 108.89333
v -25.36188 23.90360 108.89333
v -25.92028 23.85445 108.89333
v -26.08930 25.12371 108.89333
v -26.63911 25.08229 108.89333
v -26.75863 26.37663 108.89333
v -27.30038 26.34206 108.89333
v -27.36841 27.65959 108.89333
v -27.90266 27.63107 108.89333
v -27.91729 28.96976 108.89333
v -28.44467 28.94656 108.89333
v -28.40406 30.30425 108.89333
v -28.92525 30.28572 108.89333
v -28.82764 31.66012 108.89333
v -29.34337 31.64567 108.89333
v -29.18710 33.03439 108.89333
v -29.69814 33.02351 108.89333
v -29.48165 34.42401 108.89333
v -29.98879 34.41628 108.89333
v -29.71063 35.82593 108.89333
v -30.21471 35.82100 108.89333
v -29.87356 37.23705 108.89333
v -30.37541 37.23468 108.89333
v -29.97005 38.65427 108.89333
v -30.47054 38.65427 108.89333
v -30.45547 41.65427 108.89333
v -29.97005 41.65427 108.89333
v -30.34484 43.08516 108.89333
v -29.84473 43.06097 108.89333
v -30.16757 44.50933 108.89333
v -29.66926 44.46101 108.89333
v -29.92404 45.92368 108.89333
v -29.42868 45.85135 108.89333
v -29.61478 47.32512 108.89333
v -29.12354 47.22895 108.89333
v -29.24047 48.71061 108.89333
v -28.75449 48.59083 108.89333
v -28.80192 50.07712 108.89333
v -28.32233 49.93401 108.89333
v -28.30009 51.42168 108.89333
v -27.82801 51.25558 108.89333
v -27.73607 52.74136 108.89333
v -27.27259 52.55267 108.89333
v -27.11109 54.03329 108.89333
v -26.65730 53.82244 108.89333
v -26.42651 55.29465 108.89333
v -25.98346 55.06214 108.89333
v -25.68382 56.52270 108.89333
v -25.25255 56.26906 108.89333
v -24.88464 57.71475 108.89333
v -24.46615 57.44060 108.89333
v -24.03071 58.86822 108.89333
v -23.62598 58.57418 108.89333
v -23.12389 59.98059 108.89333
v -22.73386 59.66735 108.89333
v -22.16615 61.04943 108.89333
v -21.79173 60.71774 108.89333
v -21.15959 62.07243 108.89333
v -20.80165 61.72304 108.89333
v -20.10639 63.04734 108.89333
v -19.76576 62.68109 108.89333
v -19.00885 63.97205 108.89333
v -18.68633 63.58978 108.89333
v -17.86936 64.84454 108.89333
v -17.56570 64.44716 108.89333
v -16.69040 65.66292 108.89333
v -16.40630 65.25134 108.89333
v -15.47454 66.42539 108.89333
v -15.21067 66.00058 108.89333
v -14.22443 67.13030 108.89333
v -13.98139 66.69326 108.89333
v -12.94279 67.77612 108.89333
v -12.72116 67.32785 108.89333
v -11.63241 68.36143 108.89333
v -11.43270 67.90299 108.89333
v -10.29615 68.88497 108.89333
v -10.11883 68.41742 108.89333
v -8.93692 69.34558 108.89333
v -8.78239 68.87003 108.89333
v -7.55767 69.74227 108.89333
v -7.42631 69.25982 108.89333
v -6.16142 70.07418 108.89333
v -6.05352 69.58595 108.89333
v -4.75120 70.34058 108.89333
v -4.66702 69.84771 108.89333
v -3.33009 70.54088 108.89333
v -3.26982 70.04452 108.89333
v -1.90118 70.67466 108.89333
v -1.86496 70.17597 108.89333
v -0.46758 70.74163 108.89333
v -0.45550 70.24177 108.89333
v 0.96758 70.74163 108.89333
v 0.95550 70.24177 108.89333
v 2.36496 70.17597 108.89333
v 2.40118 70.67466 108.89333
v 3.76982 70.04452 108.89333
v 3.83009 70.54088 108.89333
v 5.16702 69.84771 108.89333
v 5.25120 70.34058 108.89333
v 6.55352 69.58595 108.89333
v 6.66142 70.07418 108.89333
v 7.92631 69.25982 108.89333
v 8.05767 69.74227 108.89333
v 9.28239 68.87003 108.89333
v 9.43692 69.34558 108.89333
v 10.61883 68.41742 108.89333
v 10.79615 68.88497 108.89333
v 11.93270 67.90299 108.89333
v 12.13241 68.36143 108.89333
v 13.22116 67.32785 108.89333
v 13.44279 67.77612 108.89333
v 14.48139 66.69326 108.89333
v 14.72443 67.13030 108.89333
v 15.71067 66.00058 108.89333
v 15.97454 66.42539 108.89333
v 16.90630 65.25134 108.89333
v 17.19040 65.66292 108.89333
v 18.06570 64.44716 108.89333
v 18.36936 64.84454 108.89333
v 19.18633 63.58978 108.89333
v 19.50885 63.97205 108.89333
v 20.26576 62.68109 108.89333
v 20.60639 63.04734 108.89333
v 21.30165 61.72304 108.89333
v 21.65959 62.07243 108.89333
v 22.29173 60.71774 108.89333
v 22.66615 61.04943 108.89333
v 23.23386 59.66735 108.89333
v 23.62389 59.98059 108.89333
v 24.12598 58.57418 108.89333
v 24.53071 58.86822 108.89333
v 24.96615 57.44060 108.89333
v 25.38464 57.71475 108.89333
v 25.75255 56.26906 108.89333
v 26.18382 56.52270 108.89333
v 26.48346 55.06214 108.89333
v 26.92651 55.29465 108.89333
v 27.15730 53.82244 108.89333
v 27.61109 54.03329 108.89333
v 27.77259 52.55267 108.89333
v 28.23607 52.74136 108.89333
v 28.32801 51.25558 108.89333
v 28.80009 51.42168 108.89333
v 28.82233 49.93401 108.89333
v 29.30192 50.07712 108.89333
v 29.25449 48.59083 108.89333
v 29.74047 48.71061 108.89333
v 29.62354 47.22895 108.89333
v 30.11478 47.32512 108.89333
v 29.92868 45.85135 108.89333
v 30.42404 45.92368 108.89333
v 30.16926 44.46101 108.89333
v 30.66757 44.50933 108.89333
v 30.34473 43.06097 108.89333
v 30.84484 43.08516 108.89333
v 30.47005 41.65427 108.89333
v -23.35255 41.34573 119.89333
v -23.35255 41.34573 123.89333
v -23.34973 41.39424 119.89333
v -23.25756 42.50720 119.89333
v -23.24781 42.59694 123.89333
v -23.11293 43.61457 119.89333
v -23.07680 43.84083 123.89333
v -22.91616 44.71387 119.89333
v -22.83998 45.07389 123.89333
v -22.66769 45.80265 119.89333
v -22.53803 46.29263 123.89333
v -22.36809 46.87848 119.89333
v -22.17180 47.49363 123.89333
v -22.01801 47.93896 119.89333
v -21.74232 48.67348 123.89333
v -21.61824 48.98172 119.89333
v -21.25081 49.82887 123.89333
v -21.16967 50.00445 119.89333
v -20.69864 50.95654 123.89333
v -20.67331 51.00484 119.89333
v -20.13025 51.98068 119.89333
v -20.08739 52.05329 123.89333
v -19.54171 52.92979 119.89333
v -19.41877 53.11605 123.89333
v -18.90901 53.85004 119.89333
v -18.69467 54.14181 123.89333
v -18.23356 54.73939 119.89333
v -17.91713 55.12768 123.89333
v -17.51686 55.59584 119.89333
v -17.08834 56.07088 123.89333
v -16.76051 56.41749 119.89333
v -16.21065 56.96875 123.89333
v -15.96620 57.20251 119.89333
v -15.28652 57.81875 123.89333
v -15.13570 57.94914 119.89333
v -14.31857 58.61849 123.89333
v -14.27088 58.65571 119.89333
v -13.37364 59.32066 119.89333
v -13.30953 59.36571 123.89333
v -12.44601 59.94248 119.89333
v -12.26223 60.05830 123.89333
v -11.49005 60.51981 119.89333
v -11.17965 60.69431 123.89333
v -10.50788 61.05135 119.89333
v -10.06482 61.27195 123.89333
v -9.50172 61.53591 119.89333
v -8.92089 61.78959 123.89333
v -8.47379 61.97241 119.89333
v -7.75110 62.24576 123.89333
v -7.42639 62.35988 119.89333
v -6.55874 62.63918 123.89333
v -6.36186 62.69746 119.89333
v -5.34717 62.96874 123.89333
v -5.28258 62.98439 119.89333
v -4.19095 63.22002 119.89333
v -4.11981 63.23351 123.89333
v -3.08941 63.40384 119.89333
v -2.88013 63.43275 123.89333
v -1.98043 63.53543 119.89333
v -1.63162 63.56589 123.89333
v -0.86646 63.61451 119.89333
v -0.37780 63.63255 123.89333
v 0.25000 63.64088 119.89333
v 0.87780 63.63255 123.89333
v 1.36646 63.61451 119.89333
v 2.13162 63.56589 123.89333
v 2.48042 63.53543 119.89333
v 3.38013 63.43275 123.89333
v 3.58941 63.40384 119.89333
v 4.61981 63.23351 123.89333
v 4.69095 63.22002 119.89333
v 5.84717 62.96874 123.89333
v 5.78258 62.98439 119.89333
v 6.86186 62.69746 119.89333
v 7.05874 62.63918 123.89333
v 7.92639 62.35988 119.89333
v 8.25110 62.24576 123.89333
v 8.97379 61.97241 119.89333
v 9.42089 61.78959 123.89333
v 10.00172 61.53591 119.89333
v 10.56482 61.27195 123.89333
v 11.00788 61.05135 119.89333
v 11.67965 60.69431 123.89333
v 11.99005 60.51981 119.89333
v 12.76223 60.05830 123.89333
v 12.94601 59.94248 119.89333
v 13.80953 59.36571 123.89333
v 13.87364 59.32066 119.89333
v 14.81857 58.61849 123.89333
v 14.77088 58.65571 119.89333
v 15.63570 57.94914 119.89333
v 15.78652 57.81875 123.89333
v 16.46620 57.20251 119.89333
v 16.71065 56.96875 123.89333
v 17.26051 56.41749 119.89333
v 17.58834 56.07088 123.89333
v 18.01686 55.59584 119.89333
v 18.41713 55.12768 123.89333
v 18.73356 54.73939 119.89333
v 19.19467 54.14181 123.89333
v 19.40901 53.85004 119.89333
v 19.91877 53.11605 123.89333
v 20.04171 52.92979 119.89333
v 20.58739 52.05329 123.89333
v 20.63025 51.98068 119.89333
v 21.19864 50.95654 123.89333
v 21.17331 51.00484 119.89333
v 21.66967 50.00445 119.89333
v 21.75081 49.82887 123.89333
v 22.11824 48.98172 119.89333
v 22.24232 48.67348 123.89333
v 22.51801 47.93896 119.89333
v 22.67180 47.49363 123.89333
v 22.86809 46.87848 119.89333
v 23.03803 46.29263 123.89333
v 23.16769 45.80265 119.89333
v 23.33998 45.07389 123.89333
v 23.41616 44.71387 119.89333
v 23.57680 43.84083 123.89333
v 23.61293 43.61457 119.89333
v 23.74781 42.59694 123.89333
v 23.75756 42.50720 119.89333
v 23.85255 41.34573 123.89333
v 23.84973 41.39424 119.89333
v 23.85255 41.34573 119.89333
v 23.74542 42.64386 119.89333
v 23.33336 45.11696 119.89333
v 23.02959 46.33365 119.89333
v 22.66174 47.53252 119.89333
v 22.23084 48.71020 119.89333
v 21.18492 50.98881 119.89333
v 19.90360 53.14385 119.89333
v 19.17906 54.16741 119.89333
v 18.40128 55.15110 119.89333
v 17.57243 56.09218 119.89333
v 13.79508 59.37926 119.89333
v 11.66683 60.70461 119.89333
v 10.55300 61.28081 119.89333
v 9.41020 61.79715 119.89333
v 8.24162 62.25216 119.89333
v 2.12929 63.56890 119.89333
v 0.87702 63.63539 119.89333
v -0.37702 63.63539 119.89333
v -1.62929 63.56890 119.89333
v -2.87628 63.43611 119.89333
v -4.11447 63.23739 119.89333
v -7.74162 62.25216 119.89333
v -8.91020 61.79715 119.89333
v -10.05300 61.28081 119.89333
v -11.16683 60.70461 119.89333
v -13.29508 59.37926 119.89333
v -17.90128 55.15110 119.89333
v -18.67906 54.16741 119.89333
v -19.40360 53.14385 119.89333
v -20.07284 52.08333 119.89333
v -20.68492 50.98881 119.89333
v -21.73084 48.71020 119.89333
v -22.16174 47.53252 119.89333
v -22.52959 46.33365 119.89333
v -22.83336 45.11696 119.89333
v -23.24542 42.64386 119.89333
v 31.45618 41.65427 111.89333
v 31.45618 41.65427 111.64333
v 31.34712 43.08734 111.89333
v 31.34712 43.08734 111.64333
v 31.17228 44.51389 111.89333
v 31.17228 44.51389 111.64333
v 30.93203 45.93088 111.89333
v 30.93203 45.93088 111.64333
v 30.62689 47.33533 111.89333
v 30.62689 47.33533 111.64333
v 30.25749 48.72427 111.89333
v 30.25749 48.72427 111.64333
v 29.82463 50.09475 111.89333
v 29.82463 50.09475 111.64333
v 29.32921 51.44388 111.89333
v 29.32921 51.44388 111.64333
v 28.77228 52.76880 111.89333
v 28.77228 52.76880 111.64333
v 28.15502 54.06672 111.89333
v 28.15502 54.06672 111.64333
v 27.47874 55.33488 111.89333
v 27.47874 55.33488 111.64333
v 26.74486 56.57060 111.89333
v 26.74486 56.57060 111.64333
v 25.95494 57.77128 111.89333
v 25.95494 57.77128 111.64333
v 25.11066 58.93437 111.89333
v 25.11066 58.93437 111.64333
v 24.21379 60.05741 111.89333
v 24.21379 60.05741 111.64333
v 23.26623 61.13802 111.89333
v 23.26623 61.13802 111.64333
v 22.26998 62.17392 111.89333
v 22.26998 62.17392 111.64333
v 21.22717 63.16292 111.89333
v 21.22717 63.16292 111.64333
v 20.13998 64.10293 111.89333
v 20.13998 64.10293 111.64333
v 19.01072 64.99196 111.89333
v 19.01072 64.99196 111.64333
v 17.84178 65.82812 111.89333
v 17.84178 65.82812 111.64333
v 16.63563 66.60965 111.89333
v 16.63563 66.60965 111.64333
v 15.39482 67.33490 111.89333
v 15.39482 67.33490 111.64333
v 14.12198 68.00234 111.89333
v 14.12198 68.00234 111.64333
v 12.81979 68.61054 111.89333
v 12.81979 68.61054 111.64333
v 11.49102 69.15822 111.89333
v 11.49102 69.15822 111.64333
v 10.13847 69.64423 111.89333
v 10.13847 69.64423 111.64333
v 8.76501 70.06754 111.89333
v 8.76501 70.06754 111.64333
v 7.37354 70.42725 111.89333
v 7.37354 70.42725 111.64333
v 5.96699 70.72261 111.89333
v 5.96699 70.72261 111.64333
v 4.54836 70.95297 111.89333
v 4.54836 70.95297 111.64333
v 3.12064 71.11787 111.89333
v 3.12064 71.11787 111.64333
v 1.68684 71.21695 111.89333
v 1.68684 71.21695 111.64333
v 0.25000 71.25000 111.89333
v 0.25000 71.25000 111.64333
v -1.18684 71.21695 111.89333
v -1.18684 71.21695 111.64333
v -2.62064 71.11787 111.89333
v -2.62064 71.11787 111.64333
v -4.04836 70.95297 111.89333
v -4.04836 70.95297 111.64333
v -5.46699 70.72261 111.89333
v -5.46699 70.72261 111.64333
v -6.87354 70.42725 111.89333
v -6.87354 70.42725 111.64333
v -8.26501 70.06754 111.89333
v -8.26501 70.06754 111.64333
v -9.63847 69.64423 111.89333
v -9.63847 69.64423 111.64333
v -10.99102 69.15822 111.89333
v -10.99102 69.15822 111.64333
v -12.31979 68.61054 111.89333
v -12.31979 68.61054 111.64333
v -13.62198 68.00234 111.89333
v -13.62198 68.00234 111.64333
v -14.89482 67.33490 111.89333
v -14.89482 67.33490 111.64333
v -16.13563 66.60965 111.89333
v -16.13563 66.60965 111.64333
v -17.34178 65.82812 111.89333
v -17.34178 65.82812 111.64333
v -18.51072 64.99196 111.89333
v -18.51072 64.99196 111.64333
v -19.63998 64.10293 111.89333
v -19.63998 64.10293 111.64333
v -20.72717 63.16292 111.89333
v -20.72717 63.16292 111.64333
v -21.76998 62.17392 111.89333
v -21.76998 62.17392 111.64333
v -22.76623 61.13802 111.89333
v -22.76623 61.13802 111.64333
v -23.71379 60.05741 111.89333
v -23.71379 60.05741 111.64333
v -24.61066 58.93437 111.89333
v -24.61066 58.93437 111.64333
v -25.45494 57.77128 111.89333
v -25.45494 57.77128 111.64333
v -26.24486 56.57060 111.89333
v -26.24486 56.57060 111.64333
v -26.97874 55.33488 111.89333
v -26.97874 55.33488 111.64333
v -27.65502 54.06672 111.89333
v -27.65502 54.06672 111.64333
v -28.27228 52.76880 111.89333
v -28.27228 52.76880 111.64333
v -28.82921 51.44388 111.89333
v -28.82921 51.44388 111.64333
v -29.32463 50.09475 111.89333
v -29.32463 50.09475 111.64333
v -29.75749 48.72427 111.89333
v -29.75749 48.72427 111.64333
v -30.12689 47.33533 111.89333
v -30.12689 47.33533 111.64333
v -30.43203 45.93088 111.89333
v -30.43203 45.93088 111.64333
v -30.67228 44.51389 111.89333
v -30.67228 44.51389 111.64333
v -30.84712 43.08734 111.89333
v -30.84712 43.08734 111.64333
v -30.95618 41.65427 111.89333
v -30.95618 41.65427 111.64333
v -30.20802 41.81148 110.89333
v -30.22545 41.61225 110.89333
v -30.20802 41.81148 109.39333
v -30.22545 41.61225 109.39333
v -29.92455 44.47764 110.89333
v -29.95747 44.28036 110.89333
v -29.92455 44.47764 109.39333
v -29.95747 44.28036 109.39333
v -30.16629 44.51797 110.89333
v -30.16629 44.51797 109.39333
v -28.17793 51.08266 110.89333
v -28.25574 50.89842 110.89333
v -28.17793 51.08266 109.39333
v -28.25574 50.89842 109.39333
v -27.30659 53.64540 110.89333
v -27.08894 53.53273 110.89333
v -27.30659 53.64540 109.39333
v -27.08894 53.53273 109.39333
v -23.39730 59.28154 110.89333
v -23.52796 59.13012 110.89333
v -23.39730 59.28154 109.39333
v -23.52796 59.13012 109.39333
v -23.57768 59.43718 110.89333
v -23.57768 59.43718 109.39333
v -19.65290 63.11249 110.89333
v -19.80551 62.98323 110.89333
v -19.65290 63.11249 109.39333
v -19.80551 62.98323 109.39333
v -19.81382 63.30248 110.89333
v -19.81382 63.30248 109.39333
v -16.45251 65.81838 110.89333
v -16.32868 65.61483 110.89333
v -16.45251 65.81838 109.39333
v -16.32868 65.61483 109.39333
v -11.68304 68.34016 110.89333
v -11.58829 68.10992 110.89333
v -11.68304 68.34016 109.39333
v -11.58829 68.10992 109.39333
v -5.07500 70.28542 110.89333
v -5.03688 70.04332 110.89333
v -5.07500 70.28542 109.39333
v -5.03688 70.04332 109.39333
v 3.37675 70.34857 110.89333
v 3.17736 70.36417 110.89333
v 3.37675 70.34857 109.39333
v 3.17736 70.36417 109.39333
v 10.12575 69.12099 110.89333
v 10.04994 68.88622 110.89333
v 10.12575 69.12099 109.39333
v 10.04994 68.88622 109.39333
v 12.64233 68.14236 110.89333
v 12.55067 67.91963 110.89333
v 12.64233 68.14236 109.39333
v 12.55067 67.91963 109.39333
v 20.53444 62.78934 110.89333
v 20.38182 62.91860 110.89333
v 20.53444 62.78934 109.39333
v 20.38182 62.91860 109.39333
v 25.29113 57.84669 110.89333
v 25.09234 57.70058 110.89333
v 25.29113 57.84669 109.39333
v 25.09234 57.70058 109.39333
v 26.55559 55.45407 110.89333
v 26.45008 55.62397 110.89333
v 26.55559 55.45407 109.39333
v 26.45008 55.62397 109.39333
v 30.03156 46.62354 110.89333
v 29.98335 46.81764 110.89333
v 30.03156 46.62354 109.39333
v 29.98335 46.81764 109.39333
v 30.26531 46.68160 110.89333
v 30.26531 46.68160 109.39333
v 30.45747 44.28036 110.89333
v 30.42455 44.47764 110.89333
v 30.45747 44.28036 109.39333
v 30.42455 44.47764 109.39333
v 30.69503 44.32001 110.89333
v 30.69503 44.32001 109.39333
v 30.19868 46.97416 110.89333
v 30.19868 46.97416 109.39333
v 27.68088 53.35511 110.89333
v 27.58894 53.53273 110.89333
v 27.68088 53.35511 109.39333
v 27.58894 53.53273 109.39333
v 22.25023 61.13770 110.89333
v 22.10816 61.27847 110.89333
v 22.25023 61.13770 109.39333
v 22.10816 61.27847 109.39333
v 20.46496 63.17149 110.89333
v 20.46496 63.17149 109.39333
v 14.69096 66.87510 110.89333
v 14.51251 66.96541 110.89333
v 14.69096 66.87510 109.39333
v 14.51251 66.96541 109.39333
v 14.79971 67.09001 110.89333
v 14.79971 67.09001 109.39333
v 12.36713 68.26195 110.89333
v 12.36713 68.26195 109.39333
v 5.77191 70.25014 110.89333
v 5.73445 70.01222 110.89333
v 5.77191 70.25014 109.39333
v 5.73445 70.01222 109.39333
v -5.53080 69.96556 110.89333
v -5.53080 69.96556 109.39333
v -11.95899 68.22239 110.89333
v -11.86572 67.99575 110.89333
v -11.95899 68.22239 109.39333
v -11.86572 67.99575 109.39333
v -14.38776 67.04253 110.89333
v -14.28018 66.82995 110.89333
v -14.38776 67.04253 109.39333
v -14.28018 66.82995 109.39333
v -21.82127 61.06731 110.89333
v -21.96334 60.92654 110.89333
v -21.82127 61.06731 109.39333
v -21.96334 60.92654 109.39333
v -25.95008 55.62397 110.89333
v -26.05559 55.45407 110.89333
v -25.95008 55.62397 109.39333
v -26.05559 55.45407 109.39333
v -27.22686 53.26631 110.89333
v -27.31880 53.08870 110.89333
v -27.22686 53.26631 109.39333
v -27.31880 53.08870 109.39333
v -28.76618 49.40074 110.89333
v -28.82938 49.21099 110.89333
v -28.76618 49.40074 109.39333
v -28.82938 49.21099 109.39333
v -29.00240 49.47942 110.89333
v -29.00240 49.47942 109.39333
v -29.72121 46.87672 110.89333
v -29.48335 46.81764 110.89333
v -29.72121 46.87672 109.39333
v -29.48335 46.81764 109.39333
v -30.20893 44.22094 110.89333
v -30.20893 44.22094 109.39333
v -28.28699 51.45437 110.89333
v -28.28699 51.45437 109.39333
v -23.20132 59.50867 110.89333
v -23.20132 59.50867 109.39333
v -18.27616 64.24364 110.89333
v -18.43839 64.12668 110.89333
v -18.27616 64.24364 109.39333
v -18.43839 64.12668 109.39333
v -18.41549 64.43690 110.89333
v -18.41549 64.43690 109.39333
v -9.93059 68.76331 110.89333
v -10.12091 68.70186 110.89333
v -9.93059 68.76331 109.39333
v -10.12091 68.70186 109.39333
v -0.60000 70.73825 110.89333
v -0.60000 70.50000 110.89333
v -0.60000 70.73825 109.39333
v -0.60000 70.50000 109.39333
v 18.69504 64.30212 110.89333
v 18.53281 64.41908 110.89333
v 18.69504 64.30212 109.39333
v 18.53281 64.41908 109.39333
v 18.83590 64.49749 110.89333
v 18.83590 64.49749 109.39333
v 30.91893 42.23147 110.89333
v 30.67316 42.20996 110.89333
v 30.91893 42.23147 109.39333
v 30.67316 42.20996 109.39333
v 27.76206 53.73495 110.89333
v 27.76206 53.73495 109.39333
v 23.83197 59.35725 110.89333
v 23.70132 59.50867 110.89333
v 23.83197 59.35725 109.39333
v 23.70132 59.50867 109.39333
v 24.01432 59.51459 110.89333
v 24.01432 59.51459 109.39333
v 22.21078 61.52410 110.89333
v 22.21078 61.52410 109.39333
v 16.74325 65.66681 110.89333
v 16.57239 65.77076 110.89333
v 16.74325 65.66681 109.39333
v 16.57239 65.77076 109.39333
v 8.05873 69.49299 110.89333
v 7.86419 69.53941 110.89333
v 8.05873 69.49299 109.39333
v 7.86419 69.53941 109.39333
v 5.43810 70.05888 110.89333
v 5.43810 70.05888 109.39333
v -0.30000 70.74508 110.89333
v -0.30000 70.50000 110.89333
v -0.30000 70.74508 109.39333
v -0.30000 70.50000 109.39333
v -9.72041 69.08872 110.89333
v -9.72041 69.08872 109.39333
v -20.11075 62.72471 110.89333
v -20.26337 62.59545 110.89333
v -20.11075 62.72471 109.39333
v -20.26337 62.59545 109.39333
v -23.00533 59.73581 110.89333
v -23.00533 59.73581 109.39333
v -23.19384 59.89846 110.89333
v -23.19384 59.89846 109.39333
v -24.65157 57.62000 110.89333
v -24.77001 57.45885 110.89333
v -24.65157 57.62000 109.39333
v -24.77001 57.45885 109.39333
v -24.84904 57.76515 110.89333
v -24.84904 57.76515 109.39333
v -27.94450 51.63539 110.89333
v -27.94450 51.63539 109.39333
v -29.55566 46.52649 110.89333
v -29.60387 46.33239 110.89333
v -29.55566 46.52649 109.39333
v -29.60387 46.33239 109.39333
v -29.78689 46.58392 110.89333
v -29.78689 46.58392 109.39333
v -25.89732 55.70892 110.89333
v -25.89732 55.70892 109.39333
v -21.75023 61.13770 110.89333
v -21.75023 61.13770 109.39333
v -14.19096 66.87510 110.89333
v -14.19096 66.87510 109.39333
v 0.50000 70.50000 110.89333
v 0.50000 70.74898 110.89333
v 0.50000 70.50000 109.39333
v 0.50000 70.74898 109.39333
v 5.87029 70.23202 110.89333
v 5.87029 70.23202 109.39333
v 30.70893 44.22094 110.89333
v 30.70893 44.22094 109.39333
v 28.67793 51.08266 110.89333
v 28.89741 51.17535 110.89333
v 28.67793 51.08266 109.39333
v 28.89741 51.17535 109.39333
v 23.89730 59.28154 110.89333
v 23.89730 59.28154 109.39333
v 16.82868 65.61483 110.89333
v 16.82868 65.61483 109.39333
v -9.54994 68.88622 110.89333
v -9.54994 68.88622 109.39333
v -24.59234 57.70058 110.89333
v -24.59234 57.70058 109.39333
v -4.93810 70.05888 110.89333
v -4.97647 70.30258 110.89333
v -4.93810 70.05888 109.39333
v -4.97647 70.30258 109.39333
v 26.81075 55.49481 110.89333
v 26.81075 55.49481 109.39333
v 25.32924 57.37828 110.89333
v 25.52121 57.51937 110.89333
v 25.32924 57.37828 109.39333
v 25.52121 57.51937 109.39333
v 10.50380 68.99004 110.89333
v 10.50380 68.99004 109.39333
v 1.10000 70.50000 110.89333
v 1.10000 70.73825 110.89333
v 1.10000 70.50000 109.39333
v 1.10000 70.73825 109.39333
v -18.33590 64.49749 110.89333
v -18.33590 64.49749 109.39333
v -30.41893 42.23147 110.89333
v -30.41893 42.23147 109.39333
v -28.46952 50.98870 110.89333
v -28.46952 50.98870 109.39333
v -27.18088 53.35511 110.89333
v -27.18088 53.35511 109.39333
v -14.01251 66.96541 110.89333
v -14.01251 66.96541 109.39333
v -2.37827 70.38757 110.89333
v -2.57767 70.37197 110.89333
v -2.37827 70.38757 109.39333
v -2.57767 70.37197 109.39333
v 9.85962 68.94767 110.89333
v 9.93612 69.18461 110.89333
v 9.85962 68.94767 109.39333
v 9.93612 69.18461 109.39333
v 15.06342 66.94671 110.89333
v 15.06342 66.94671 109.39333
v 18.28946 64.59452 110.89333
v 18.28946 64.59452 109.39333
v 22.46334 60.92654 110.89333
v 22.46334 60.92654 109.39333
v 22.62668 61.09139 110.89333
v 22.62668 61.09139 109.39333
v 27.81880 53.08870 110.89333
v 27.81880 53.08870 109.39333
v 29.26618 49.40074 110.89333
v 29.50240 49.47942 110.89333
v 29.26618 49.40074 109.39333
v 29.50240 49.47942 109.39333
v 29.32938 49.21099 110.89333
v 29.32938 49.21099 109.39333
v 30.72545 41.61225 110.89333
v 30.72545 41.61225 109.39333
v 28.75574 50.89842 110.89333
v 28.75574 50.89842 109.39333
v 28.96952 50.98870 110.89333
v 28.96952 50.98870 109.39333
v 26.29180 55.87882 110.89333
v 26.29180 55.87882 109.39333
v 12.08829 68.10992 110.89333
v 12.08829 68.10992 109.39333
v 8.40440 69.64908 110.89333
v 8.40440 69.64908 109.39333
v 2.87827 70.38757 110.89333
v 2.87827 70.38757 109.39333
v 0.00000 70.50000 110.89333
v 0.00000 70.50000 109.39333
v 0.00000 70.74898 110.89333
v 0.00000 70.74898 109.39333
v -9.43612 69.18461 110.89333
v -9.43612 69.18461 109.39333
v -12.14233 68.14236 110.89333
v -12.14233 68.14236 109.39333
v -17.95169 64.47756 110.89333
v -17.95169 64.47756 109.39333
v -29.06344 49.28895 110.89333
v -29.06344 49.28895 109.39333
v -29.87517 44.77354 110.89333
v -29.87517 44.77354 109.39333
v -24.94768 57.21712 110.89333
v -25.13468 57.35456 110.89333
v -24.94768 57.21712 109.39333
v -25.13468 57.35456 109.39333
v -21.71078 61.52410 110.89333
v -21.71078 61.52410 109.39333
v -16.24325 65.66681 110.89333
v -16.24325 65.66681 109.39333
v -13.74483 67.10087 110.89333
v -13.74483 67.10087 109.39333
v -13.85726 67.32303 110.89333
v -13.85726 67.32303 109.39333
v -7.36419 69.53941 110.89333
v -7.55873 69.49299 110.89333
v -7.36419 69.53941 109.39333
v -7.55873 69.49299 109.39333
v 7.63018 69.85122 110.89333
v 7.63018 69.85122 109.39333
v 16.31609 65.92669 110.89333
v 16.44550 66.13940 110.89333
v 16.31609 65.92669 109.39333
v 16.44550 66.13940 109.39333
v 20.76337 62.59545 110.89333
v 20.76337 62.59545 109.39333
v 23.69384 59.89846 110.89333
v 23.69384 59.89846 109.39333
v 28.44450 51.63539 110.89333
v 28.67387 51.73226 110.89333
v 28.44450 51.63539 109.39333
v 28.67387 51.73226 109.39333
v 30.10387 46.33239 110.89333
v 30.10387 46.33239 109.39333
v 30.32909 46.38832 110.89333
v 30.32909 46.38832 109.39333
v 30.37517 44.77354 110.89333
v 30.62076 44.81453 110.89333
v 30.37517 44.77354 109.39333
v 30.62076 44.81453 109.39333
v 29.73915 48.71506 110.89333
v 29.51898 48.64173 110.89333
v 29.73915 48.71506 109.39333
v 29.51898 48.64173 109.39333
v 25.44768 57.21712 110.89333
v 25.44768 57.21712 109.39333
v 21.89506 61.48962 110.89333
v 21.89506 61.48962 109.39333
v 18.93839 64.12668 110.89333
v 18.93839 64.12668 109.39333
v 14.35726 67.32303 110.89333
v 14.35726 67.32303 109.39333
v 5.27926 70.33594 110.89333
v 5.27926 70.33594 109.39333
v 1.30000 70.50000 110.89333
v 1.30000 70.50000 109.39333
v 1.30000 70.73207 110.89333
v 1.30000 70.73207 109.39333
v -7.07238 69.60904 110.89333
v -7.07238 69.60904 109.39333
v -7.13018 69.85122 110.89333
v -7.13018 69.85122 109.39333
v -15.81609 65.92669 110.89333
v -15.81609 65.92669 109.39333
v -15.94550 66.13940 110.89333
v -15.94550 66.13940 109.39333
v -26.41101 55.32165 110.89333
v -26.41101 55.32165 109.39333
v -29.82909 46.38832 110.89333
v -29.82909 46.38832 109.39333
v -23.35255 41.39441 123.89333
v 24.85422 41.65427 122.89333
v 24.85422 41.65427 123.89333
v 24.85422 38.60559 122.89333
v 24.85422 38.60559 123.89333
v 23.85255 41.39441 123.89333
v 24.71934 42.92634 123.89333
v 24.71934 42.92634 122.89333
v 24.53480 44.19055 123.89333
v 24.53480 44.19055 122.89333
v 24.28499 45.44350 123.89333
v 24.28499 45.44350 122.89333
v 23.97057 46.68181 123.89333
v 23.97057 46.68181 122.89333
v 23.59241 47.90217 123.89333
v 23.59241 47.90217 122.89333
v 23.15150 49.10128 123.89333
v 23.15150 49.10128 122.89333
v 22.64905 50.27594 123.89333
v 22.64905 50.27594 122.89333
v 22.08639 51.42297 123.89333
v 22.08639 51.42297 122.89333
v 21.46504 52.53931 123.89333
v 21.46504 52.53931 122.89333
v 20.78667 53.62194 123.89333
v 20.78667 53.62194 122.89333
v 20.05311 54.66796 123.89333
v 20.05311 54.66796 122.89333
v 19.26632 55.67456 123.89333
v 19.26632 55.67456 122.89333
v 18.42842 56.63903 123.89333
v 18.42842 56.63903 122.89333
v 17.54166 57.55878 123.89333
v 17.54166 57.55878 122.89333
v 16.60843 58.43133 123.89333
v 16.60843 58.43133 122.89333
v 15.63123 59.25435 123.89333
v 15.63123 59.25435 122.89333
v 14.61269 60.02562 123.89333
v 14.61269 60.02562 122.89333
v 13.55554 60.74306 123.89333
v 13.55554 60.74306 122.89333
v 12.46264 61.40476 123.89333
v 12.46264 61.40476 122.89333
v 11.33691 62.00892 123.89333
v 11.33691 62.00892 122.89333
v 10.18139 62.55393 123.89333
v 10.18139 62.55393 122.89333
v 8.99917 63.03832 123.89333
v 8.99917 63.03832 122.89333
v 7.79343 63.46079 123.89333
v 7.79343 63.46079 122.89333
v 6.56742 63.82021 123.89333
v 6.56742 63.82021 122.89333
v 5.32444 64.11560 123.89333
v 5.32444 64.11560 122.89333
v 4.06781 64.34618 123.89333
v 4.06781 64.34618 122.89333
v 2.80092 64.51132 123.89333
v 2.80092 64.51132 122.89333
v 1.52718 64.61059 123.89333
v 1.52718 64.61059 122.89333
v 0.25000 64.64370 123.89333
v 0.25000 64.64370 122.89333
v -1.02718 64.61059 123.89333
v -1.02718 64.61059 122.89333
v -2.30092 64.51132 123.89333
v -2.30092 64.51132 122.89333
v -3.56781 64.34618 123.89333
v -3.56781 64.34618 122.89333
v -4.82444 64.11560 123.89333
v -4.82444 64.11560 122.89333
v -6.06742 63.82021 123.89333
v -6.06742 63.82021 122.89333
v -7.29343 63.46079 123.89333
v -7.29343 63.46079 122.89333
v -8.49917 63.03832 123.89333
v -8.49917 63.03832 122.89333
v -9.68139 62.55393 123.89333
v -9.68139 62.55393 122.89333
v -10.83691 62.00892 123.89333
v -10.83691 62.00892 122.89333
v -11.96264 61.40476 123.89333
v -11.96264 61.40476 122.89333
v -13.05554 60.74306 123.89333
v -13.05554 60.74306 122.89333
v -14.11269 60.02562 123.89333
v -14.11269 60.02562 122.89333
v -15.13123 59.25435 123.89333
v -15.13123 59.25435 122.89333
v -16.10843 58.43133 123.89333
v -16.10843 58.43133 122.89333
v -17.04166 57.55878 123.89333
v -17.04166 57.55878 122.89333
v -17.92842 56.63903 123.89333
v -17.92842 56.63903 122.89333
v -18.76632 55.67456 123.89333
v -18.76632 55.67456 122.89333
v -19.55311 54.66796 123.89333
v -19.55311 54.66796 122.89333
v -20.28667 53.62194 123.89333
v -20.28667 53.62194 122.89333
v -20.96504 52.53931 123.89333
v -20.96504 52.53931 122.89333
v -21.58639 51.42297 123.89333
v -21.58639 51.42297 122.89333
v -22.14905 50.27594 123.89333
v -22.14905 50.27594 122.89333
v -22.65150 49.10128 123.89333
v -22.65150 49.10128 122.89333
v -23.09241 47.90217 123.89333
v -23.09241 47.90217 122.89333
v -23.47057 46.68181 123.89333
v -23.47057 46.68181 122.89333
v -23.78499 45.44350 123.89333
v -23.78499 45.44350 122.89333
v -24.03480 44.19055 123.89333
v -24.03480 44.19055 122.89333
v -24.21934 42.92634 123.89333
v -24.21934 42.92634 122.89333
v -24.33812 41.65427 123.89333
v -24.33812 41.65427 122.89333
v -23.24542 42.64386 123.89333
v -20.07284 52.08333 123.89333
v -13.29508 59.37926 123.89333
v 13.79508 59.37926 123.89333
v 18.40128 55.15110 123.89333
v 23.74542 42.64386 123.89333
v 9.29736 39.42992 130.89333
v -8.79546 39.40051 130.89333
v 9.21486 38.65427 130.89333
v -8.71044 38.62514 130.89333
v 9.06598 37.88859 130.89333
v -8.55908 37.85995 130.89333
v 8.85184 37.13854 130.89333
v -8.34250 37.11060 130.89333
v 8.57402 36.40968 130.89333
v -8.06230 36.38264 130.89333
v 8.23456 35.70740 130.89333
v -7.72057 35.68147 130.89333
v 7.83599 35.03690 130.89333
v -7.31982 35.01226 130.89333
v 7.38126 34.40314 130.89333
v -6.86303 34.37999 130.89333
v 6.87373 33.81082 130.89333
v -6.35357 33.78933 130.89333
v 6.31715 33.26433 130.89333
v -5.79523 33.24464 130.89333
v 5.71566 32.76770 130.89333
v -5.19213 32.74997 130.89333
v 5.07371 32.32462 130.89333
v -4.54873 32.30898 130.89333
v 4.39604 31.93836 130.89333
v -3.86981 31.92493 130.89333
v 3.68767 31.61179 130.89333
v -3.16039 31.60066 130.89333
v 2.95386 31.34732 130.89333
v -2.42572 31.33858 130.89333
v 2.20002 31.14692 130.89333
v -1.67124 31.14063 130.89333
v 1.43175 31.01206 130.89333
v -0.90253 31.00826 130.89333
v 0.65473 30.94374 130.89333
v -0.12529 30.94247 130.89333
v -8.81350 40.18032 130.89333
v 9.31287 40.20978 130.89333
v -8.76445 40.95880 130.89333
v 9.26129 40.98809 130.89333
v -8.64866 41.73017 130.89333
v 9.14299 41.75909 130.89333
v -8.46698 42.48874 130.89333
v 8.95885 42.51706 130.89333
v -8.22077 43.22888 130.89333
v 8.71023 43.25639 130.89333
v -7.91184 43.94512 130.89333
v 8.39898 43.97162 130.89333
v -7.54249 44.63214 130.89333
v 8.02739 44.65745 130.89333
v -7.11544 45.28487 130.89333
v 7.59823 45.30879 130.89333
v -6.63386 45.89848 130.89333
v 7.11465 45.92082 130.89333
v -6.10132 46.46841 130.89333
v 6.58026 46.48902 130.89333
v -5.52175 46.99046 130.89333
v 5.99900 47.00918 130.89333
v -4.89945 47.46075 130.89333
v 5.37517 47.47745 130.89333
v -4.23903 47.87580 130.89333
v 4.71341 47.89035 130.89333
v -3.54537 48.23255 130.89333
v 4.01859 48.24484 130.89333
v -2.82361 48.52834 130.89333
v 3.29587 48.53828 130.89333
v -2.07910 48.76099 130.89333
v 2.55061 48.76852 130.89333
v -1.31734 48.92878 130.89333
v 1.78831 48.93383 130.89333
v -0.54397 49.03046 130.89333
v 1.01462 49.03299 130.89333
v 0.23527 49.06529 130.89333
v 9.21486 38.65427 129.89333
v 9.29736 39.42992 129.89333
v 9.31287 40.20978 129.89333
v 9.26129 40.98809 129.89333
v 9.14299 41.75909 129.89333
v 8.95885 42.51706 129.89333
v 8.71023 43.25639 129.89333
v 8.39898 43.97162 129.89333
v 8.02739 44.65745 129.89333
v 7.59823 45.30879 129.89333
v 7.11465 45.92082 129.89333
v 6.58026 46.48902 129.89333
v 5.99900 47.00918 129.89333
v 5.37517 47.47745 129.89333
v 4.71341 47.89035 129.89333
v 4.01859 48.24484 129.89333
v 3.29587 48.53828 129.89333
v 2.55061 48.76852 129.89333
v 1.78831 48.93383 129.89333
v 1.01462 49.03299 129.89333
v 0.23527 49.06529 129.89333
v -0.54397 49.03046 129.89333
v -1.31734 48.92878 129.89333
v -2.07910 48.76099 129.89333
v -2.82361 48.52834 129.89333
v -3.54537 48.23255 129.89333
v -4.23903 47.87580 129.89333
v -4.89945 47.46075 129.89333
v -5.52175 46.99046 129.89333
v -6.10132 46.46841 129.89333
v -6.63386 45.89848 129.89333
v -7.11544 45.28487 129.89333
v -7.54249 44.63214 129.89333
v -7.91184 43.94512 129.89333
v -8.22077 43.22888 129.89333
v -8.46698 42.48874 129.89333
v -8.64866 41.73017 129.89333
v -8.76445 40.95880 129.89333
v -8.81350 40.18032 129.89333
v -8.79546 39.40051 129.89333
v -8.71044 38.62514 129.89333
v -8.55908 37.85995 129.89333
v -8.34250 37.11060 129.89333
v -8.06230 36.38264 129.89333
v -7.72057 35.68147 129.89333
v -7.31982 35.01226 129.89333
v -6.86303 34.37999 129.89333
v -6.35357 33.78933 129.89333
v -5.79523 33.24464 129.89333
v -5.19213 32.74997 129.89333
v -4.54873 32.30898 129.89333
v -3.86981 31.92493 129.89333
v -3.16039 31.60066 129.89333
v -2.42572 31.33858 129.89333
v -1.67124 31.14063 129.89333
v -0.90253 31.00826 129.89333
v -0.12529 30.94247 129.89333
v 0.65473 30.94374 129.89333
v 1.43175 31.01206 129.89333
v 2.20002 31.14692 129.89333
v 2.95386 31.34732 129.89333
v 3.68767 31.61179 129.89333
v 4.39604 31.93836 129.89333
v 5.07371 32.32462 129.89333
v 5.71566 32.76770 129.89333
v 6.31715 33.26433 129.89333
v 6.87373 33.81082 129.89333
v 7.38126 34.40314 129.89333
v 7.83599 35.03690 129.89333
v 8.23456 35.70740 129.89333
v 8.57402 36.40968 129.89333
v 8.85184 37.13854 129.89333
v 9.06598 37.88859 129.89333
v 9.17605 38.65427 129.89333
v 8.36701 43.94963 129.89333
v 7.08936 45.89140 129.89333
v 1.78747 48.89503 129.89333
v -1.30503 48.89198 129.89333
v -7.08090 45.26718 129.89333
v -7.50656 44.61748 129.89333
v -8.72568 40.96046 129.89333
v -8.77502 40.18532 129.89333
v -8.75754 39.40880 129.89333
v 27.76161 37.30074 111.89333
v 31.37528 37.21087 111.89333
v 27.86093 38.65427 111.89333
v 31.47101 38.65427 111.89333
v 31.21286 35.77344 111.89333
v 27.59597 35.95372 111.89333
v 30.98409 34.34507 111.89333
v 27.36442 34.61646 111.89333
v 30.68946 32.92882 111.89333
v 27.06752 33.29216 111.89333
v 30.32961 31.52771 111.89333
v 26.70598 31.98404 111.89333
v 29.90530 30.14477 111.89333
v 26.28067 30.69524 111.89333
v 29.41745 28.78294 111.89333
v 25.79262 29.42886 111.89333
v 28.86709 27.44514 111.89333
v 25.24301 28.18797 111.89333
v 28.25542 26.13425 111.89333
v 24.63315 26.97554 111.89333
v 27.58374 24.85307 111.89333
v 23.96452 25.79451 111.89333
v 26.85348 23.60435 111.89333
v 23.23873 24.64772 111.89333
v 26.06622 22.39076 111.89333
v 22.45754 23.53793 111.89333
v 25.22364 21.21491 111.89333
v 21.62281 22.46782 111.89333
v 24.32755 20.07930 111.89333
v 20.73657 21.43997 111.89333
v 23.37986 18.98638 111.89333
v 22.38261 17.93849 111.89333
v 19.80095 20.45685 111.89333
v 21.33794 16.93788 111.89333
v 18.81821 19.52084 111.89333
v 20.24807 15.98668 111.89333
v 17.79071 18.63419 111.89333
v 19.11536 15.08694 111.89333
v 16.72094 17.79904 111.89333
v 17.94222 14.24058 111.89333
v 15.61146 17.01740 111.89333
v 16.73117 13.44942 111.89333
v 14.46496 16.29115 111.89333
v 15.48480 12.71515 111.89333
v 13.28420 15.62205 111.89333
v 14.20579 12.03934 111.89333
v 12.07201 15.01172 111.89333
v 12.89688 11.42345 111.89333
v 10.83134 14.46160 111.89333
v 11.56086 10.86880 111.89333
v 9.56516 13.97305 111.89333
v 10.20061 10.37656 111.89333
v 8.27652 13.54722 111.89333
v 8.81903 9.94781 111.89333
v 6.96855 13.18516 111.89333
v 7.41910 9.58345 111.89333
v 5.64437 12.88773 111.89333
v 6.00380 9.28427 111.89333
v 4.30720 12.65565 111.89333
v 4.57617 9.05090 111.89333
v 2.96024 12.48948 111.89333
v 3.13928 8.88385 111.89333
v 1.60676 12.38961 111.89333
v 1.69619 8.78348 111.89333
v 0.25000 12.35629 111.89333
v 0.25000 8.75000 111.89333
v -1.19619 8.78348 111.89333
v -1.10676 12.38961 111.89333
v -2.63928 8.88385 111.89333
v -2.46024 12.48948 111.89333
v -4.07617 9.05090 111.89333
v -3.80720 12.65565 111.89333
v -5.50380 9.28427 111.89333
v -5.14437 12.88773 111.89333
v -6.91910 9.58345 111.89333
v -6.46855 13.18516 111.89333
v -8.31903 9.94781 111.89333
v -7.77653 13.54722 111.89333
v -9.70061 10.37656 111.89333
v -9.06516 13.97305 111.89333
v -11.06086 10.86880 111.89333
v -10.33134 14.46160 111.89333
v -12.39688 11.42345 111.89333
v -11.57201 15.01172 111.89333
v -13.70579 12.03934 111.89333
v -12.78420 15.62205 111.89333
v -14.98480 12.71515 111.89333
v -13.96496 16.29115 111.89333
v -16.23117 13.44942 111.89333
v -15.11146 17.01740 111.89333
v -17.44222 14.24058 111.89333
v -16.22094 17.79904 111.89333
v -18.61536 15.08694 111.89333
v -17.29071 18.63419 111.89333
v -19.74807 15.98668 111.89333
v -18.31821 19.52084 111.89333
v -20.83794 16.93788 111.89333
v -19.30095 20.45685 111.89333
v -21.88261 17.93849 111.89333
v -20.23657 21.43997 111.89333
v -22.87986 18.98638 111.89333
v -23.82755 20.07930 111.89333
v -21.12281 22.46782 111.89333
v -24.72364 21.21491 111.89333
v -21.95754 23.53793 111.89333
v -25.56622 22.39076 111.89333
v -22.73873 24.64772 111.89333
v -26.35348 23.60435 111.89333
v -23.46452 25.79451 111.89333
v -27.08374 24.85307 111.89333
v -24.13315 26.97554 111.89333
v -27.75542 26.13425 111.89333
v -24.74301 28.18797 111.89333
v -28.36709 27.44514 111.89333
v -25.29262 29.42886 111.89333
v -28.91745 28.78294 111.89333
v -25.78067 30.69524 111.89333
v -29.40530 30.14477 111.89333
v -26.20598 31.98404 111.89333
v -29.82961 31.52771 111.89333
v -26.56752 33.29216 111.89333
v -30.18946 32.92882 111.89333
v -26.86442 34.61646 111.89333
v -30.48409 34.34507 111.89333
v -27.09597 35.95372 111.89333
v -30.71286 35.77344 111.89333
v -27.26161 37.30074 111.89333
v -30.87528 37.21087 111.89333
v -27.36093 38.65427 111.89333
v -30.97101 38.65427 111.89333
v -30.97101 41.65427 111.89333
v -27.36093 41.65427 111.89333
v -27.23080 42.99669 111.89333
v -27.05216 44.33200 111.89333
v -26.80869 45.65702 111.89333
v -26.50095 46.96860 111.89333
v -26.12967 48.26363 111.89333
v -25.69574 49.53903 111.89333
v -25.20019 50.79178 111.89333
v -24.64419 52.01890 111.89333
v -24.02906 53.21747 111.89333
v -23.35628 54.38465 111.89333
v -22.62742 55.51767 111.89333
v -21.84424 56.61383 111.89333
v -21.00857 57.67053 111.89333
v -20.12242 58.68526 111.89333
v -19.18788 59.65562 111.89333
v -18.20718 60.57929 111.89333
v -17.18264 61.45408 111.89333
v -16.11669 62.27792 111.89333
v -15.01187 63.04885 111.89333
v -13.87081 63.76504 111.89333
v -12.69621 64.42478 111.89333
v -11.49086 65.02652 111.89333
v -10.25763 65.56881 111.89333
v -8.99944 66.05038 111.89333
v -7.71928 66.47008 111.89333
v -6.42019 66.82691 111.89333
v -5.10526 67.12002 111.89333
v -3.77762 67.34872 111.89333
v -2.44040 67.51247 111.89333
v -1.09680 67.61088 111.89333
v 0.25000 67.64370 111.89333
v 1.59680 67.61088 111.89333
v 2.94040 67.51247 111.89333
v 4.27762 67.34872 111.89333
v 5.60526 67.12002 111.89333
v 6.92019 66.82691 111.89333
v 8.21928 66.47008 111.89333
v 9.49944 66.05038 111.89333
v 10.75763 65.56881 111.89333
v 11.99086 65.02652 111.89333
v 13.19621 64.42478 111.89333
v 14.37081 63.76504 111.89333
v 15.51187 63.04885 111.89333
v 16.61669 62.27792 111.89333
v 17.68264 61.45408 111.89333
v 18.70718 60.57929 111.89333
v 19.68788 59.65562 111.89333
v 20.62242 58.68526 111.89333
v 21.50857 57.67053 111.89333
v 22.34424 56.61383 111.89333
v 23.12742 55.51767 111.89333
v 23.85628 54.38465 111.89333
v 24.52906 53.21747 111.89333
v 25.14419 52.01890 111.89333
v 25.70019 50.79178 111.89333
v 26.19574 49.53903 111.89333
v 26.62967 48.26363 111.89333
v 27.00095 46.96860 111.89333
v 27.30869 45.65702 111.89333
v 27.55216 44.33200 111.89333
v 27.73080 42.99669 111.89333
v 27.86093 41.65427 111.89333
v -27.36093 38.65427 118.89333
v -27.26161 37.30074 118.89333
v -27.09597 35.95372 118.89333
v -26.86442 34.61646 118.89333
v -26.56752 33.29216 118.89333
v -26.20598 31.98404 118.89333
v -25.78067 30.69524 118.89333
v -25.29262 29.42886 118.89333
v -24.74301 28.18797 118.89333
v -24.13315 26.97554 118.89333
v -23.46452 25.79451 118.89333
v -22.73873 24.64772 118.89333
v -21.95754 23.53793 118.89333
v -21.12281 22.46782 118.89333
v -20.23657 21.43997 118.89333
v -19.30095 20.45685 118.89333
v -18.31821 19.52084 118.89333
v -17.29071 18.63419 118.89333
v -16.22094 17.79904 118.89333
v -15.11146 17.01740 118.89333
v -13.96496 16.29115 118.89333
v -12.78420 15.62205 118.89333
v -11.57201 15.01172 118.89333
v -10.33134 14.46160 118.89333
v -9.06516 13.97305 118.89333
v -7.77653 13.54722 118.89333
v -6.46855 13.18516 118.89333
v -5.14437 12.88773 118.89333
v -3.80720 12.65565 118.89333
v -2.46024 12.48948 118.89333
v -1.10676 12.38961 118.89333
v 0.25000 12.35629 118.89333
v 1.60676 12.38961 118.89333
v 2.96024 12.48948 118.89333
v 4.30720 12.65565 118.89333
v 5.64437 12.88773 118.89333
v 6.96855 13.18516 118.89333
v 8.27652 13.54722 118.89333
v 9.56516 13.97305 118.89333
v 10.83134 14.46160 118.89333
v 12.07201 15.01172 118.89333
v 13.28420 15.62205 118.89333
v 14.46496 16.29115 118.89333
v 15.61146 17.01740 118.89333
v 16.72094 17.79904 118.89333
v 17.79071 18.63419 118.89333
v 18.81821 19.52084 118.89333
v 19.80095 20.45685 118.89333
v 20.73657 21.43997 118.89333
v 21.62281 22.46782 118.89333
v 22.45754 23.53793 118.89333
v 23.23873 24.64772 118.89333
v 23.96452 25.79451 118.89333
v 24.63315 26.97554 118.89333
v 25.24301 28.18797 118.89333
v 25.79262 29.42886 118.89333
v 26.28067 30.69524 118.89333
v 26.70598 31.98404 118.89333
v 27.06752 33.29216 118.89333
v 27.36442 34.61646 118.89333
v 27.59597 35.95372 118.89333
v 27.76161 37.30074 118.89333
v 27.86093 38.65427 118.89333
v 28.84589 41.65427 118.89333
v 28.85974 38.60559 118.89333
v 27.86093 41.65427 118.89333
v 28.75900 37.22532 118.89333
v 28.59170 35.85152 118.89333
v 28.35824 34.48741 118.89333
v 28.05917 33.13617 118.89333
v 27.69517 31.80095 118.89333
v 27.26711 30.48487 118.89333
v 26.77598 29.19101 118.89333
v 26.22292 27.92237 118.89333
v 25.60924 26.68193 118.89333
v 24.93635 25.47259 118.89333
v 24.20584 24.29715 118.89333
v 23.41941 23.15837 118.89333
v 22.57888 22.05891 118.89333
v 21.68623 21.00132 118.89333
v 20.74355 19.98809 118.89333
v 19.75302 19.02158 118.89333
v 18.71696 18.10403 118.89333
v 17.63779 17.23761 118.89333
v 16.51803 16.42431 118.89333
v 15.36030 15.66606 118.89333
v 14.16729 14.96461 118.89333
v 12.94180 14.32160 118.89333
v 11.68667 13.73854 118.89333
v 10.40485 13.21678 118.89333
v 9.09932 12.75755 118.89333
v 7.77313 12.36191 118.89333
v 6.42939 12.03078 118.89333
v 5.07121 11.76496 118.89333
v 3.70179 11.56504 118.89333
v 2.32430 11.43150 118.89333
v 0.94197 11.36466 118.89333
v -0.44197 11.36466 118.89333
v -1.82430 11.43150 118.89333
v -3.20179 11.56504 118.89333
v -4.57121 11.76496 118.89333
v -5.92939 12.03078 118.89333
v -7.27313 12.36191 118.89333
v -8.59932 12.75755 118.89333
v -9.90485 13.21678 118.89333
v -11.18667 13.73854 118.89333
v -12.44180 14.32160 118.89333
v -13.66729 14.96461 118.89333
v -14.86030 15.66606 118.89333
v -16.01803 16.42431 118.89333
v -17.13779 17.23761 118.89333
v -18.21696 18.10403 118.89333
v -19.25302 19.02158 118.89333
v -20.24355 19.98809 118.89333
v -21.18623 21.00132 118.89333
v -22.07888 22.05891 118.89333
v -22.91941 23.15837 118.89333
v -23.70584 24.29715 118.89333
v -24.43635 25.47259 118.89333
v -25.10924 26.68193 118.89333
v -25.72292 27.92237 118.89333
v -26.27598 29.19101 118.89333
v -26.76711 30.48487 118.89333
v -27.19517 31.80095 118.89333
v -27.55917 33.13617 118.89333
v -27.85824 34.48741 118.89333
v -28.09170 35.85152 118.89333
v -28.25900 37.22532 118.89333
v -28.35974 38.60559 118.89333
v -28.34589 41.65427 118.89333
v -27.36093 41.65427 118.89333
v -28.23349 43.02535 118.89333
v -27.23080 42.99669 118.89333
v -28.05538 44.38946 118.89333
v -27.05216 44.33200 118.89333
v -27.81198 45.74344 118.89333
v -26.80869 45.65702 118.89333
v -27.50385 47.08418 118.89333
v -26.50095 46.96860 118.89333
v -27.13171 48.40857 118.89333
v -26.12967 48.26363 118.89333
v -26.69640 49.71357 118.89333
v -25.69574 49.53903 118.89333
v -26.19894 50.99616 118.89333
v -25.20019 50.79178 118.89333
v -25.64047 52.25339 118.89333
v -24.64419 52.01890 118.89333
v -25.02228 53.48235 118.89333
v -24.02906 53.21747 118.89333
v -24.34580 54.68021 118.89333
v -23.35628 54.38465 118.89333
v -23.61258 55.84421 118.89333
v -22.62742 55.51767 118.89333
v -22.82432 56.97167 118.89333
v -21.84424 56.61383 118.89333
v -21.98284 58.05998 118.89333
v -21.00857 57.67053 118.89333
v -21.09007 59.10663 118.89333
v -20.12242 58.68526 118.89333
v -20.14808 60.10921 118.89333
v -19.18788 59.65562 118.89333
v -19.15904 61.06540 118.89333
v -18.20718 60.57929 118.89333
v -18.12523 61.97300 118.89333
v -17.18264 61.45408 118.89333
v -17.04903 62.82992 118.89333
v -16.11669 62.27792 118.89333
v -15.93293 63.63418 118.89333
v -15.01187 63.04885 118.89333
v -14.77951 64.38392 118.89333
v -13.87081 63.76504 118.89333
v -13.59141 65.07742 118.89333
v -12.69621 64.42478 118.89333
v -12.37139 65.71308 118.89333
v -11.49086 65.02652 118.89333
v -11.12226 66.28942 118.89333
v -10.25763 65.56881 118.89333
v -9.84689 66.80512 118.89333
v -8.99944 66.05038 118.89333
v -8.54824 67.25900 118.89333
v -7.71928 66.47008 118.89333
v -7.22928 67.64999 118.89333
v -6.42019 66.82691 118.89333
v -5.89308 67.97721 118.89333
v -5.10526 67.12002 118.89333
v -4.54271 68.23990 118.89333
v -3.77762 67.34872 118.89333
v -3.18128 68.43744 118.89333
v -2.44040 67.51247 118.89333
v -1.81194 68.56939 118.89333
v -1.09680 67.61088 118.89333
v -0.43784 68.63545 118.89333
v 0.25000 67.64370 118.89333
v 0.93784 68.63545 118.89333
v 1.59680 67.61088 118.89333
v 2.31194 68.56939 118.89333
v 2.94040 67.51247 118.89333
v 3.68128 68.43744 118.89333
v 4.27762 67.34872 118.89333
v 5.04271 68.23990 118.89333
v 5.60526 67.12002 118.89333
v 6.39308 67.97721 118.89333
v 6.92019 66.82691 118.89333
v 7.72928 67.64999 118.89333
v 8.21928 66.47008 118.89333
v 9.04824 67.25900 118.89333
v 9.49944 66.05038 118.89333
v 10.34689 66.80512 118.89333
v 10.75763 65.56881 118.89333
v 11.62226 66.28942 118.89333
v 11.99086 65.02652 118.89333
v 12.87139 65.71308 118.89333
v 13.19621 64.42478 118.89333
v 14.09141 65.07742 118.89333
v 14.37081 63.76504 118.89333
v 15.27951 64.38392 118.89333
v 15.51187 63.04885 118.89333
v 16.43293 63.63418 118.89333
v 16.61669 62.27792 118.89333
v 17.54903 62.82992 118.89333
v 17.68264 61.45408 118.89333
v 18.62523 61.97300 118.89333
v 18.70718 60.57929 118.89333
v 19.65904 61.06540 118.89333
v 19.68788 59.65562 118.89333
v 20.64808 60.10921 118.89333
v 20.62242 58.68526 118.89333
v 21.59007 59.10663 118.89333
v 21.50857 57.67053 118.89333
v 22.48284 58.05998 118.89333
v 22.34424 56.61383 118.89333
v 23.32432 56.97167 118.89333
v 23.12742 55.51767 118.89333
v 24.11258 55.84421 118.89333
v 23.85628 54.38465 118.89333
v 24.84580 54.68021 118.89333
v 24.52906 53.21747 118.89333
v 25.52228 53.48235 118.89333
v 25.14419 52.01890 118.89333
v 26.14047 52.25339 118.89333
v 25.70019 50.79178 118.89333
v 26.69894 50.99616 118.89333
v 26.19574 49.53903 118.89333
v 27.19640 49.71357 118.89333
v 26.62967 48.26363 118.89333
v 27.63171 48.40857 118.89333
v 27.00095 46.96860 118.89333
v 28.00385 47.08418 118.89333
v 27.30869 45.65702 118.89333
v 28.31198 45.74344 118.89333
v 27.55216 44.33200 118.89333
v 28.55538 44.38946 118.89333
v 27.73080 42.99669 118.89333
v 28.73349 43.02535 118.89333
v -28.35974 38.60559 119.89333
v -28.25900 37.22532 119.89333
v -28.09170 35.85152 119.89333
v -27.85824 34.48741 119.89333
v -27.55917 33.13617 119.89333
v -27.19517 31.80095 119.89333
v -26.76711 30.48487 119.89333
v -26.27598 29.19101 119.89333
v -25.72292 27.92237 119.89333
v -25.10924 26.68193 119.89333
v -24.43635 25.47259 119.89333
v -23.70584 24.29715 119.89333
v -22.91941 23.15837 119.89333
v -22.07888 22.05891 119.89333
v -21.18623 21.00132 119.89333
v -20.24355 19.98809 119.89333
v -19.25302 19.02158 119.89333
v -18.21696 18.10403 119.89333
v -17.13779 17.23761 119.89333
v -16.01803 16.42431 119.89333
v -14.86030 15.66606 119.89333
v -13.66729 14.96461 119.89333
v -12.44180 14.32160 119.89333
v -11.18667 13.73854 119.89333
v -9.90485 13.21678 119.89333
v -8.59932 12.75755 119.89333
v -7.27313 12.36191 119.89333
v -5.92939 12.03078 119.89333
v -4.57121 11.76496 119.89333
v -3.20179 11.56504 119.89333
v -1.82430 11.43150 119.89333
v -0.44197 11.36466 119.89333
v 0.94197 11.36466 119.89333
v 2.32430 11.43150 119.89333
v 3.70179 11.56504 119.89333
v 5.07121 11.76496 119.89333
v 6.42939 12.03078 119.89333
v 7.77313 12.36191 119.89333
v 9.09932 12.75755 119.89333
v 10.40485 13.21678 119.89333
v 11.68667 13.73854 119.89333
v 12.94180 14.32160 119.89333
v 14.16729 14.96461 119.89333
v 15.36030 15.66606 119.89333
v 16.51803 16.42431 119.89333
v 17.63779 17.23761 119.89333
v 18.71696 18.10403 119.89333
v 19.75302 19.02158 119.89333
v 20.74355 19.98809 119.89333
v 21.68623 21.00132 119.89333
v 22.57888 22.05891 119.89333
v 23.41941 23.15837 119.89333
v 24.20584 24.29715 119.89333
v 24.93635 25.47259 119.89333
v 25.60924 26.68193 119.89333
v 26.22292 27.92237 119.89333
v 26.77598 29.19101 119.89333
v 27.26711 30.48487 119.89333
v 27.69517 31.80095 119.89333
v 28.05917 33.13617 119.89333
v 28.35824 34.48741 119.89333
v 28.59170 35.85152 119.89333
v 28.75900 37.22532 119.89333
v 28.85974 38.60559 119.89333
v 27.85851 38.60559 119.89333
v 28.84589 41.65427 119.89333
v 27.85851 41.65427 119.89333
v 28.73349 43.02535 119.89333
v 27.73080 42.99669 119.89333
v 28.55538 44.38946 119.89333
v 27.55216 44.33200 119.89333
v 28.31198 45.74344 119.89333
v 27.30869 45.65702 119.89333
v 28.00385 47.08418 119.89333
v 27.00095 46.96860 119.89333
v 27.63171 48.40857 119.89333
v 26.62967 48.26363 119.89333
v 27.19640 49.71357 119.89333
v 26.19574 49.53903 119.89333
v 26.69894 50.99616 119.89333
v 25.70019 50.79178 119.89333
v 26.14047 52.25339 119.89333
v 25.14419 52.01890 119.89333
v 25.52228 53.48235 119.89333
v 24.52906 53.21747 119.89333
v 24.84580 54.68021 119.89333
v 23.85628 54.38465 119.89333
v 24.11258 55.84421 119.89333
v 23.12742 55.51767 119.89333
v 23.32432 56.97167 119.89333
v 22.34424 56.61383 119.89333
v 22.48284 58.05998 119.89333
v 21.50857 57.67053 119.89333
v 21.59007 59.10663 119.89333
v 20.62242 58.68526 119.89333
v 20.64808 60.10921 119.89333
v 19.68788 59.65562 119.89333
v 19.65904 61.06540 119.89333
v 18.70718 60.57929 119.89333
v 18.62523 61.97300 119.89333
v 17.68264 61.45408 119.89333
v 17.54903 62.82992 119.89333
v 16.61669 62.27792 119.89333
v 16.43293 63.63418 119.89333
v 15.51187 63.04885 119.89333
v 15.27951 64.38392 119.89333
v 14.37081 63.76504 119.89333
v 14.09141 65.07742 119.89333
v 13.19621 64.42478 119.89333
v 12.87139 65.71308 119.89333
v 11.99086 65.02652 119.89333
v 11.62226 66.28942 119.89333
v 10.75763 65.56881 119.89333
v 10.34689 66.80512 119.89333
v 9.49944 66.05038 119.89333
v 9.04824 67.25900 119.89333
v 8.21928 66.47008 119.89333
v 7.72928 67.64999 119.89333
v 6.92019 66.82691 119.89333
v 6.39308 67.97721 119.89333
v 5.60526 67.12002 119.89333
v 5.04271 68.23990 119.89333
v 4.27762 67.34873 119.89333
v 3.68128 68.43744 119.89333
v 2.94040 67.51247 119.89333
v 2.31194 68.56939 119.89333
v 1.59680 67.61088 119.89333
v 0.93784 68.63545 119.89333
v 0.25000 67.64370 119.89333
v -0.43784 68.63545 119.89333
v -1.09680 67.61088 119.89333
v -1.81194 68.56939 119.89333
v -2.44040 67.51247 119.89333
v -3.18128 68.43744 119.89333
v -3.77762 67.34873 119.89333
v -4.54271 68.23990 119.89333
v -5.10526 67.12002 119.89333
v -5.89308 67.97721 119.89333
v -6.42019 66.82691 119.89333
v -7.22928 67.64999 119.89333
v -7.71928 66.47008 119.89333
v -8.54824 67.25900 119.89333
v -8.99944 66.05038 119.89333
v -9.84689 66.80512 119.89333
v -10.25763 65.56881 119.89333
v -11.12226 66.28942 119.89333
v -11.49086 65.02652 119.89333
v -12.37139 65.71308 119.89333
v -12.69621 64.42478 119.89333
v -13.59141 65.07742 119.89333
v -13.87081 63.76504 119.89333
v -14.77951 64.38392 119.89333
v -15.01187 63.04885 119.89333
v -15.93293 63.63418 119.89333
v -16.11669 62.27792 119.89333
v -17.04903 62.82992 119.89333
v -17.18264 61.45408 119.89333
v -18.12523 61.97300 119.89333
v -18.20718 60.57929 119.89333
v -19.15904 61.06540 119.89333
v -19.18788 59.65562 119.89333
v -20.14808 60.10921 119.89333
v -20.12242 58.68526 119.89333
v -21.09007 59.10663 119.89333
v -21.00857 57.67053 119.89333
v -21.98284 58.05998 119.89333
v -21.84424 56.61383 119.89333
v -22.82432 56.97167 119.89333
v -22.62742 55.51767 119.89333
v -23.61258 55.84421 119.89333
v -23.35628 54.38465 119.89333
v -24.34580 54.68021 119.89333
v -24.02906 53.21747 119.89333
v -25.02228 53.48235 119.89333
v -24.64419 52.01890 119.89333
v -25.64047 52.25339 119.89333
v -25.20019 50.79178 119.89333
v -26.19894 50.99616 119.89333
v -25.69574 49.53903 119.89333
v -26.69640 49.71357 119.89333
v -26.12967 48.26363 119.89333
v -27.13171 48.40857 119.89333
v -26.50095 46.96860 119.89333
v -27.50385 47.08418 119.89333
v -26.80869 45.65702 119.89333
v -27.81198 45.74344 119.89333
v -27.05216 44.33200 119.89333
v -28.05538 44.38946 119.89333
v -27.23080 42.99669 119.89333
v -28.23349 43.02535 119.89333
v -27.35851 41.65427 119.89333
v -28.34589 41.65427 119.89333
v -27.35851 38.60559 119.89333
v 27.75696 37.25380 119.89333
v 27.58926 35.90862 119.89333
v 27.35581 34.57328 119.89333
v 27.05719 33.25099 119.89333
v 26.69410 31.94493 119.89333
v 26.26741 30.65823 119.89333
v 25.77817 29.39401 119.89333
v 25.22753 28.15528 119.89333
v 24.61683 26.94504 119.89333
v 23.94754 25.76620 119.89333
v 23.22125 24.62158 119.89333
v 22.43973 23.51394 119.89333
v 21.60485 22.44595 119.89333
v 20.71862 21.42017 119.89333
v 19.78316 20.43907 119.89333
v 18.80073 19.50501 119.89333
v 17.77370 18.62023 119.89333
v 16.70452 17.78687 119.89333
v 15.59577 17.00692 119.89333
v 14.45012 16.28227 119.89333
v 13.27033 15.61465 119.89333
v 12.05922 15.00567 119.89333
v 10.81972 14.45679 119.89333
v 9.55480 13.96934 119.89333
v 8.26750 13.54449 119.89333
v 6.96092 13.18325 119.89333
v 5.63820 12.88650 119.89333
v 4.30253 12.65496 119.89333
v 2.95711 12.48917 119.89333
v 1.60519 12.38953 119.89333
v 0.25000 12.35629 119.89333
v -1.10519 12.38953 119.89333
v -2.45711 12.48917 119.89333
v -3.80253 12.65496 119.89333
v -5.13820 12.88650 119.89333
v -6.46092 13.18325 119.89333
v -7.76750 13.54449 119.89333
v -9.05480 13.96934 119.89333
v -10.31972 14.45679 119.89333
v -11.55922 15.00567 119.89333
v -12.77033 15.61465 119.89333
v -13.95012 16.28227 119.89333
v -15.09577 17.00692 119.89333
v -16.20452 17.78687 119.89333
v -17.27370 18.62023 119.89333
v -18.30073 19.50501 119.89333
v -19.28316 20.43907 119.89333
v -20.21862 21.42017 119.89333
v -21.10485 22.44595 119.89333
v -21.93973 23.51394 119.89333
v -22.72125 24.62158 119.89333
v -23.44754 25.76620 119.89333
v -24.11683 26.94504 119.89333
v -24.72753 28.15528 119.89333
v -25.27817 29.39401 119.89333
v -25.76741 30.65823 119.89333
v -26.19410 31.94493 119.89333
v -26.55719 33.25099 119.89333
v -26.85581 34.57328 119.89333
v -27.08926 35.90862 119.89333
v -27.25696 37.25380 119.89333
v 26.85719 38.60559 120.89333
v 27.84416 41.65427 120.89333
v 26.85719 41.65427 120.89333
v 27.73080 42.99669 120.89333
v 26.72798 42.96709 120.89333
v 27.55216 44.33200 120.89333
v 26.54889 44.27264 120.89333
v 27.30869 45.65702 120.89333
v 26.30546 45.56775 120.89333
v 27.00095 46.96860 120.89333
v 25.99830 46.84923 120.89333
v 26.62967 48.26363 120.89333
v 25.62815 48.11397 120.89333
v 26.19574 49.53903 120.89333
v 25.19592 49.35885 120.89333
v 25.70019 50.79178 120.89333
v 24.70267 50.58084 120.89333
v 25.14419 52.01890 120.89333
v 24.14960 51.77694 120.89333
v 24.52906 53.21747 120.89333
v 23.53806 52.94423 120.89333
v 23.85628 54.38465 120.89333
v 22.86956 54.07986 120.89333
v 23.12742 55.51767 120.89333
v 22.14572 55.18105 120.89333
v 22.34424 56.61383 120.89333
v 21.36832 56.24511 120.89333
v 21.50857 57.67053 120.89333
v 20.53927 57.26942 120.89333
v 20.62242 58.68526 120.89333
v 19.66057 58.25148 120.89333
v 19.68788 59.65562 120.89333
v 18.73440 59.18890 120.89333
v 18.70718 60.57929 120.89333
v 17.76301 60.07938 120.89333
v 17.68264 61.45408 120.89333
v 16.74878 60.92074 120.89333
v 16.61669 62.27792 120.89333
v 15.69418 61.71092 120.89333
v 15.51187 63.04885 120.89333
v 14.60181 62.44800 120.89333
v 14.37081 63.76504 120.89333
v 13.47433 63.13016 120.89333
v 13.19621 64.42478 120.89333
v 12.31450 63.75573 120.89333
v 11.99086 65.02652 120.89333
v 11.12516 64.32320 120.89333
v 10.75763 65.56881 120.89333
v 9.90921 64.83116 120.89333
v 9.49944 66.05038 120.89333
v 8.66963 65.27839 120.89333
v 8.21928 66.47008 120.89333
v 7.40946 65.66377 120.89333
v 6.92019 66.82691 120.89333
v 6.13178 65.98637 120.89333
v 5.60526 67.12002 120.89333
v 4.83971 66.24541 120.89333
v 4.27762 67.34873 120.89333
v 3.53640 66.44025 120.89333
v 2.94040 67.51247 120.89333
v 2.22506 66.57040 120.89333
v 1.59680 67.61088 120.89333
v 0.90889 66.63556 120.89333
v 0.25000 67.64370 120.89333
v -0.40889 66.63556 120.89333
v -1.09680 67.61088 120.89333
v -1.72506 66.57040 120.89333
v -2.44040 67.51247 120.89333
v -3.03640 66.44025 120.89333
v -3.77762 67.34873 120.89333
v -4.33971 66.24541 120.89333
v -5.10526 67.12002 120.89333
v -5.63178 65.98637 120.89333
v -6.42019 66.82691 120.89333
v -6.90946 65.66377 120.89333
v -7.71928 66.47008 120.89333
v -8.16963 65.27839 120.89333
v -8.99944 66.05038 120.89333
v -9.40921 64.83116 120.89333
v -10.25763 65.56881 120.89333
v -10.62516 64.32320 120.89333
v -11.49086 65.02652 120.89333
v -11.81450 63.75573 120.89333
v -12.69621 64.42478 120.89333
v -12.97433 63.13016 120.89333
v -13.87081 63.76504 120.89333
v -14.10181 62.44800 120.89333
v -15.01187 63.04885 120.89333
v -15.19418 61.71092 120.89333
v -16.11669 62.27792 120.89333
v -16.24878 60.92074 120.89333
v -17.18264 61.45408 120.89333
v -17.26301 60.07938 120.89333
v -18.20718 60.57929 120.89333
v -18.23440 59.18890 120.89333
v -19.18788 59.65562 120.89333
v -19.16057 58.25148 120.89333
v -20.12242 58.68526 120.89333
v -20.03927 57.26942 120.89333
v -21.00857 57.67053 120.89333
v -20.86832 56.24511 120.89333
v -21.84424 56.61383 120.89333
v -21.64572 55.18105 120.89333
v -22.62742 55.51767 120.89333
v -22.36956 54.07986 120.89333
v -23.35628 54.38465 120.89333
v -23.03806 52.94423 120.89333
v -24.02906 53.21747 120.89333
v -23.64960 51.77694 120.89333
v -24.64419 52.01890 120.89333
v -24.20267 50.58084 120.89333
v -25.20019 50.79178 120.89333
v -24.69592 49.35885 120.89333
v -25.69574 49.53903 120.89333
v -25.12815 48.11397 120.89333
v -26.12967 48.26363 120.89333
v -25.49830 46.84923 120.89333
v -26.50095 46.96860 120.89333
v -25.80546 45.56775 120.89333
v -26.80869 45.65702 120.89333
v -26.04889 44.27264 120.89333
v -27.05216 44.33200 120.89333
v -26.22798 42.96709 120.89333
v -27.23080 42.99669 120.89333
v -26.35719 41.65427 120.89333
v -27.34416 41.65427 120.89333
v -26.35719 38.60559 120.89333
v -27.35851 38.60559 120.89333
v -27.25696 37.25380 120.89333
v 26.75483 37.28323 120.89333
v 27.75696 37.25380 120.89333
v 27.85851 38.60559 120.89333
v 27.58926 35.90862 120.89333
v 26.58679 35.96760 120.89333
v 27.35581 34.57328 120.89333
v 26.35349 34.66197 120.89333
v 27.05719 33.25099 120.89333
v 26.05551 33.36956 120.89333
v 26.69410 31.94493 120.89333
v 25.69358 32.09358 120.89333
v 26.26741 30.65823 120.89333
v 25.26860 30.83720 120.89333
v 25.77817 29.39401 120.89333
v 24.78162 29.60352 120.89333
v 25.22753 28.15528 120.89333
v 24.23385 28.39560 120.89333
v 24.61683 26.94504 120.89333
v 23.62665 27.21644 120.89333
v 23.94754 25.76620 120.89333
v 22.96152 26.06896 120.89333
v 23.22125 24.62158 120.89333
v 22.24011 24.95600 120.89333
v 22.43973 23.51394 120.89333
v 21.46421 23.88032 120.89333
v 21.60485 22.44595 120.89333
v 20.63575 22.84458 120.89333
v 20.71862 21.42017 120.89333
v 19.75676 21.85136 120.89333
v 19.78316 20.43907 120.89333
v 18.82944 20.90310 120.89333
v 18.80073 19.50501 120.89333
v 17.85608 20.00217 120.89333
v 17.77370 18.62023 120.89333
v 16.83908 19.15080 120.89333
v 16.70452 17.78687 120.89333
v 15.78098 18.35109 120.89333
v 15.59577 17.00692 120.89333
v 14.68440 17.60502 120.89333
v 14.45012 16.28227 120.89333
v 13.55205 16.91445 120.89333
v 13.27033 15.61465 120.89333
v 12.38673 16.28109 120.89333
v 12.05922 15.00567 120.89333
v 11.19134 15.70650 120.89333
v 10.81972 14.45679 120.89333
v 9.96883 15.19211 120.89333
v 9.55480 13.96934 120.89333
v 8.72225 14.73920 120.89333
v 8.26750 13.54449 120.89333
v 7.45466 14.34888 120.89333
v 6.96092 13.18325 120.89333
v 6.16923 14.02213 120.89333
v 5.63820 12.88650 120.89333
v 4.86913 13.75975 120.89333
v 4.30253 12.65496 120.89333
v 3.55757 13.56240 120.89333
v 2.95711 12.48917 120.89333
v 2.23783 13.43055 120.89333
v 1.60519 12.38953 120.89333
v 0.91316 13.36455 120.89333
v 0.25000 12.35629 120.89333
v -0.41316 13.36455 120.89333
v -1.10519 12.38953 120.89333
v -1.73783 13.43055 120.89333
v -2.45711 12.48917 120.89333
v -3.05757 13.56240 120.89333
v -3.80253 12.65496 120.89333
v -4.36913 13.75975 120.89333
v -5.13820 12.88650 120.89333
v -5.66923 14.02213 120.89333
v -6.46092 13.18325 120.89333
v -6.95466 14.34888 120.89333
v -7.76750 13.54449 120.89333
v -8.22225 14.73920 120.89333
v -9.05480 13.96934 120.89333
v -9.46883 15.19211 120.89333
v -10.31972 14.45679 120.89333
v -10.69134 15.70650 120.89333
v -11.55922 15.00567 120.89333
v -11.88673 16.28109 120.89333
v -12.77033 15.61465 120.89333
v -13.05205 16.91445 120.89333
v -13.95012 16.28227 120.89333
v -14.18440 17.60502 120.89333
v -15.09577 17.00692 120.89333
v -15.28098 18.35109 120.89333
v -16.20452 17.78687 120.89333
v -16.33908 19.15080 120.89333
v -17.27370 18.62023 120.89333
v -17.35608 20.00217 120.89333
v -18.30073 19.50501 120.89333
v -18.32944 20.90310 120.89333
v -19.28316 20.43907 120.89333
v -19.25676 21.85136 120.89333
v -20.21862 21.42017 120.89333
v -20.13575 22.84458 120.89333
v -21.10485 22.44595 120.89333
v -20.96421 23.88032 120.89333
v -21.93973 23.51394 120.89333
v -21.74011 24.95600 120.89333
v -22.72125 24.62158 120.89333
v -22.46152 26.06896 120.89333
v -23.44754 25.76620 120.89333
v -23.12665 27.21644 120.89333
v -24.11683 26.94504 120.89333
v -23.73385 28.39560 120.89333
v -24.72753 28.15528 120.89333
v -24.28162 29.60352 120.89333
v -25.27817 29.39401 120.89333
v -24.76860 30.83720 120.89333
v -25.76741 30.65823 120.89333
v -25.19358 32.09358 120.89333
v -26.19410 31.94493 120.89333
v -25.55551 33.36956 120.89333
v -26.55719 33.25099 120.89333
v -25.85349 34.66197 120.89333
v -26.85581 34.57328 120.89333
v -26.08679 35.96760 120.89333
v -27.08926 35.90862 120.89333
v -26.25483 37.28323 120.89333
v 25.85577 38.60559 121.89333
v 26.84230 41.65427 121.89333
v 25.85577 41.65427 121.89333
v 26.72798 42.96709 121.89333
v 25.72251 42.95816 121.89333
v 26.54889 44.27264 121.89333
v 25.53834 44.25435 121.89333
v 26.30546 45.56775 121.89333
v 25.28825 45.53944 121.89333
v 25.99830 46.84923 121.89333
v 24.97291 46.81009 121.89333
v 25.62815 48.11397 121.89333
v 24.59312 48.06300 121.89333
v 25.19592 49.35885 121.89333
v 24.14989 49.29489 121.89333
v 24.70267 50.58084 121.89333
v 23.64436 50.50255 121.89333
v 24.14960 51.77694 121.89333
v 23.07785 51.68283 121.89333
v 23.53806 52.94423 121.89333
v 22.45185 52.83267 121.89333
v 22.86956 54.07986 121.89333
v 21.76798 53.94906 121.89333
v 22.14572 55.18105 121.89333
v 21.02802 55.02909 121.89333
v 21.36832 56.24511 121.89333
v 20.23390 56.06995 121.89333
v 20.53927 57.26942 121.89333
v 19.38770 57.06892 121.89333
v 19.66057 58.25148 121.89333
v 18.49161 58.02341 121.89333
v 18.73440 59.18890 121.89333
v 17.54798 58.93091 121.89333
v 17.76301 60.07938 121.89333
v 16.55926 59.78907 121.89333
v 16.74878 60.92074 121.89333
v 15.52804 60.59566 121.89333
v 15.69418 61.71092 121.89333
v 14.45699 61.34856 121.89333
v 14.60181 62.44800 121.89333
v 13.34891 62.04582 121.89333
v 13.47433 63.13016 121.89333
v 12.20669 62.68562 121.89333
v 12.31450 63.75573 121.89333
v 11.03331 63.26628 121.89333
v 11.12516 64.32320 121.89333
v 9.83182 63.78631 121.89333
v 9.90921 64.83116 121.89333
v 8.60535 64.24433 121.89333
v 8.66963 65.27839 121.89333
v 7.35711 64.63917 121.89333
v 7.40946 65.66377 121.89333
v 6.09034 64.96978 121.89333
v 6.13178 65.98637 121.89333
v 4.80835 65.23531 121.89333
v 4.83971 66.24541 121.89333
v 3.51448 65.43507 121.89333
v 3.53640 66.44025 121.89333
v 2.21210 65.56853 121.89333
v 2.22506 66.57040 121.89333
v 0.90460 65.63535 121.89333
v 0.90889 66.63556 121.89333
v -0.40889 66.63556 121.89333
v 25.75261 37.31364 121.89333
v 26.75483 37.28323 121.89333
v 26.85719 38.60559 121.89333
v 26.58679 35.96760 121.89333
v 25.58431 36.02855 121.89333
v 26.35349 34.66197 121.89333
v 25.35130 34.75361 121.89333
v 26.05551 33.36956 121.89333
v 25.05416 33.49207 121.89333
v 25.69358 32.09358 121.89333
v 24.69367 32.24716 121.89333
v 25.26860 30.83720 121.89333
v 24.27074 31.02204 121.89333
v 24.78162 29.60352 121.89333
v 23.78645 29.81987 121.89333
v 24.23385 28.39560 121.89333
v 23.24204 28.64369 121.89333
v 23.62665 27.21644 121.89333
v 22.63890 27.49652 121.89333
v 22.96152 26.06896 121.89333
v 21.97856 26.38130 121.89333
v 22.24011 24.95600 121.89333
v 21.26273 25.30086 121.89333
v 21.46421 23.88032 121.89333
v 20.49322 24.25796 121.89333
v 20.63575 22.84458 121.89333
v 19.67200 23.25528 121.89333
v 19.75676 21.85136 121.89333
v 18.80117 22.29537 121.89333
v 18.82944 20.90310 121.89333
v 17.88295 21.38069 121.89333
v 17.85608 20.00217 121.89333
v 16.91969 20.51357 121.89333
v 16.83908 19.15080 121.89333
v 15.91385 19.69622 121.89333
v 15.78098 18.35109 121.89333
v 14.86800 18.93074 121.89333
v 14.68440 17.60502 121.89333
v 13.78480 18.21907 121.89333
v 13.55205 16.91445 121.89333
v 12.66704 17.56305 121.89333
v 12.38673 16.28109 121.89333
v 11.51755 16.96433 121.89333
v 11.19134 15.70650 121.89333
v 10.33929 16.42446 121.89333
v 9.96883 15.19211 121.89333
v 9.13525 15.94481 121.89333
v 8.72225 14.73920 121.89333
v 7.90851 15.52661 121.89333
v 7.45466 14.34888 121.89333
v 6.66222 15.17092 121.89333
v 6.16923 14.02213 121.89333
v 5.39954 14.87866 121.89333
v 4.86913 13.75975 121.89333
v 4.12371 14.65056 121.89333
v 3.55757 13.56240 121.89333
v 2.83798 14.48722 121.89333
v 2.23783 13.43055 121.89333
v 1.54565 14.38905 121.89333
v 0.91316 13.36455 121.89333
v 0.25000 14.35629 121.89333
v -0.41316 13.36455 121.89333
v -1.04565 14.38905 121.89333
v -1.73783 13.43055 121.89333
v -2.33798 14.48722 121.89333
v -3.05757 13.56240 121.89333
v -3.62371 14.65056 121.89333
v -4.36913 13.75975 121.89333
v -4.89954 14.87866 121.89333
v -5.66923 14.02213 121.89333
v -6.16222 15.17092 121.89333
v -6.95466 14.34888 121.89333
v -7.40851 15.52661 121.89333
v -8.22225 14.73920 121.89333
v -8.63525 15.94481 121.89333
v -9.46883 15.19211 121.89333
v -9.83929 16.42446 121.89333
v -10.69134 15.70650 121.89333
v -11.01755 16.96433 121.89333
v -11.88673 16.28109 121.89333
v -12.16704 17.56305 121.89333
v -13.05205 16.91445 121.89333
v -13.28480 18.21907 121.89333
v -14.18440 17.60502 121.89333
v -14.36800 18.93074 121.89333
v -15.28098 18.35109 121.89333
v -15.41385 19.69622 121.89333
v -16.33908 19.15080 121.89333
v -16.41969 20.51357 121.89333
v -17.35608 20.00217 121.89333
v -17.38295 21.38069 121.89333
v -18.32944 20.90310 121.89333
v -18.30117 22.29537 121.89333
v -19.25676 21.85136 121.89333
v -19.17200 23.25528 121.89333
v -20.13575 22.84458 121.89333
v -19.99322 24.25796 121.89333
v -20.96421 23.88032 121.89333
v -20.76273 25.30086 121.89333
v -21.74011 24.95600 121.89333
v -21.47856 26.38130 121.89333
v -22.46152 26.06896 121.89333
v -22.13890 27.49652 121.89333
v -23.12665 27.21644 121.89333
v -22.74204 28.64369 121.89333
v -23.73385 28.39560 121.89333
v -23.28645 29.81987 121.89333
v -24.28162 29.60352 121.89333
v -23.77074 31.02204 121.89333
v -24.76860 30.83720 121.89333
v -24.19367 32.24716 121.89333
v -25.19358 32.09358 121.89333
v -24.55416 33.49207 121.89333
v -25.55551 33.36956 121.89333
v -24.85130 34.75361 121.89333
v -25.85349 34.66197 121.89333
v -25.08431 36.02855 121.89333
v -26.08679 35.96760 121.89333
v -25.25261 37.31364 121.89333
v -26.25483 37.28323 121.89333
v -25.35577 38.60559 121.89333
v -26.35719 38.60559 121.89333
v -26.34230 41.65427 121.89333
v -25.35577 41.65427 121.89333
v -26.22798 42.96709 121.89333
v -25.22251 42.95816 121.89333
v -26.04889 44.27264 121.89333
v -25.03834 44.25435 121.89333
v -25.80546 45.56775 121.89333
v -24.78825 45.53944 121.89333
v -25.49830 46.84923 121.89333
v -24.47291 46.81009 121.89333
v -25.12815 48.11397 121.89333
v -24.09312 48.06300 121.89333
v -24.69592 49.35885 121.89333
v -23.64989 49.29489 121.89333
v -24.20267 50.58084 121.89333
v -23.14436 50.50255 121.89333
v -23.64960 51.77694 121.89333
v -22.57785 51.68283 121.89333
v -23.03806 52.94423 121.89333
v -21.95185 52.83267 121.89333
v -22.36956 54.07986 121.89333
v -21.26798 53.94906 121.89333
v -21.64572 55.18105 121.89333
v -20.52802 55.02909 121.89333
v -20.86832 56.24511 121.89333
v -19.73390 56.06995 121.89333
v -20.03927 57.26942 121.89333
v -18.88770 57.06892 121.89333
v -19.16057 58.25148 121.89333
v -17.99161 58.02341 121.89333
v -18.23440 59.18890 121.89333
v -17.04798 58.93091 121.89333
v -17.26301 60.07938 121.89333
v -16.05926 59.78907 121.89333
v -16.24878 60.92074 121.89333
v -15.02804 60.59566 121.89333
v -15.19418 61.71092 121.89333
v -13.95699 61.34856 121.89333
v -14.10181 62.44800 121.89333
v -12.84891 62.04582 121.89333
v -12.97433 63.13016 121.89333
v -11.70669 62.68562 121.89333
v -11.81450 63.75573 121.89333
v -10.53331 63.26628 121.89333
v -10.62516 64.32320 121.89333
v -9.33182 63.78631 121.89333
v -9.40921 64.83116 121.89333
v -8.10535 64.24433 121.89333
v -8.16963 65.27839 121.89333
v -6.85711 64.63917 121.89333
v -6.90946 65.66377 121.89333
v -5.59034 64.96978 121.89333
v -5.63178 65.98637 121.89333
v -4.30835 65.23531 121.89333
v -4.33971 66.24541 121.89333
v -3.01448 65.43507 121.89333
v -3.03640 66.44025 121.89333
v -1.71209 65.56853 121.89333
v -1.72506 66.57040 121.89333
v -0.40460 65.63535 121.89333
v 25.85577 38.60559 122.89333
v 25.84029 41.65427 122.89333
v 25.75261 37.31364 122.89333
v 24.74792 37.32341 122.89333
v 25.58431 36.02855 122.89333
v 24.57484 36.04852 122.89333
v 25.35130 34.75361 122.89333
v 24.33547 34.78440 122.89333
v 25.05416 33.49207 122.89333
v 24.03045 33.53451 122.89333
v 24.69367 32.24716 122.89333
v 23.66061 32.30223 122.89333
v 24.27074 31.02204 122.89333
v 23.22696 31.09093 122.89333
v 23.78645 29.81987 122.89333
v 22.73069 29.90392 122.89333
v 23.24204 28.64369 122.89333
v 22.17314 28.74442 122.89333
v 22.63890 27.49652 122.89333
v 21.55584 27.61560 122.89333
v 21.97856 26.38130 122.89333
v 20.88047 26.52054 122.89333
v 21.26273 25.30086 122.89333
v 20.14887 25.46221 122.89333
v 20.49322 24.25796 122.89333
v 19.36303 24.44351 122.89333
v 19.67200 23.25528 122.89333
v 18.52510 23.46721 122.89333
v 18.80117 22.29537 122.89333
v 17.63735 22.53598 122.89333
v 17.88295 21.38069 122.89333
v 16.70222 21.65234 122.89333
v 16.91969 20.51357 122.89333
v 15.72224 20.81871 122.89333
v 15.91385 19.69622 122.89333
v 14.70010 20.03736 122.89333
v 14.86800 18.93074 122.89333
v 13.63856 19.31042 122.89333
v 13.78480 18.21907 122.89333
v 12.54054 18.63988 122.89333
v 12.66704 17.56305 122.89333
v 11.40902 18.02755 122.89333
v 11.51755 16.96433 122.89333
v 10.24708 17.47511 122.89333
v 10.33929 16.42446 122.89333
v 9.05789 16.98407 122.89333
v 9.13525 15.94481 122.89333
v 7.84470 16.55575 122.89333
v 7.90851 15.52661 122.89333
v 6.61080 16.19134 122.89333
v 6.66222 15.17092 122.89333
v 5.35957 15.89182 122.89333
v 5.39954 14.87866 122.89333
v 4.09441 15.65801 122.89333
v 4.12371 14.65056 122.89333
v 2.81878 15.49054 122.89333
v 2.83798 14.48722 122.89333
v 1.53614 15.38988 122.89333
v 1.54565 14.38905 122.89333
v 0.25000 15.35629 122.89333
v 0.25000 14.35629 122.89333
v -1.04565 14.38905 122.89333
v -1.03614 15.38988 122.89333
v -2.33798 14.48722 122.89333
v -2.31878 15.49054 122.89333
v -3.62371 14.65056 122.89333
v -3.59442 15.65801 122.89333
v -4.89954 14.87866 122.89333
v -4.85957 15.89182 122.89333
v -6.16222 15.17092 122.89333
v -6.11080 16.19134 122.89333
v -7.40851 15.52661 122.89333
v -7.34470 16.55575 122.89333
v -8.63525 15.94481 122.89333
v -8.55789 16.98407 122.89333
v -9.83929 16.42446 122.89333
v -9.74708 17.47511 122.89333
v -11.01755 16.96433 122.89333
v -10.90902 18.02755 122.89333
v -12.16704 17.56305 122.89333
v -12.04054 18.63988 122.89333
v -13.28480 18.21907 122.89333
v -13.13856 19.31042 122.89333
v -14.36800 18.93074 122.89333
v -14.20010 20.03736 122.89333
v -15.41385 19.69622 122.89333
v -15.22224 20.81871 122.89333
v -16.41969 20.51357 122.89333
v -16.20222 21.65234 122.89333
v -17.38295 21.38069 122.89333
v -17.13735 22.53598 122.89333
v -18.30117 22.29537 122.89333
v -18.02510 23.46721 122.89333
v -19.17200 23.25528 122.89333
v -18.86303 24.44351 122.89333
v -19.99322 24.25796 122.89333
v -19.64887 25.46221 122.89333
v -20.76273 25.30086 122.89333
v -20.38047 26.52054 122.89333
v -21.47856 26.38130 122.89333
v -21.05584 27.61560 122.89333
v -22.13890 27.49652 122.89333
v -21.67314 28.74442 122.89333
v -22.74204 28.64369 122.89333
v -22.23069 29.90392 122.89333
v -23.28645 29.81987 122.89333
v -22.72696 31.09093 122.89333
v -23.77074 31.02204 122.89333
v -23.16061 32.30223 122.89333
v -24.19367 32.24716 122.89333
v -23.53045 33.53451 122.89333
v -24.55416 33.49207 122.89333
v -23.83547 34.78440 122.89333
v -24.85130 34.75361 122.89333
v -24.07484 36.04852 122.89333
v -25.08431 36.02855 122.89333
v -24.24792 37.32341 122.89333
v -25.25261 37.31364 122.89333
v -24.35422 38.60559 122.89333
v -25.35577 38.60559 122.89333
v -25.34029 41.65427 122.89333
v 25.72251 42.95816 122.89333
v 25.53834 44.25435 122.89333
v 25.28825 45.53944 122.89333
v 24.97291 46.81009 122.89333
v 24.59312 48.06300 122.89333
v 24.14989 49.29489 122.89333
v 23.64436 50.50255 122.89333
v 23.07785 51.68283 122.89333
v 22.45185 52.83267 122.89333
v 21.76798 53.94906 122.89333
v 21.02802 55.02909 122.89333
v 20.23390 56.06995 122.89333
v 19.38770 57.06892 122.89333
v 18.49161 58.02341 122.89333
v 17.54798 58.93091 122.89333
v 16.55926 59.78907 122.89333
v 15.52804 60.59566 122.89333
v 14.45699 61.34856 122.89333
v 13.34891 62.04582 122.89333
v 12.20669 62.68562 122.89333
v 11.03331 63.26628 122.89333
v 9.83182 63.78631 122.89333
v 8.60535 64.24433 122.89333
v 7.35711 64.63917 122.89333
v 6.09034 64.96978 122.89333
v 4.80835 65.23531 122.89333
v 3.51448 65.43507 122.89333
v 2.21210 65.56853 122.89333
v 0.90460 65.63535 122.89333
v -0.40460 65.63535 122.89333
v -1.71209 65.56853 122.89333
v -3.01448 65.43507 122.89333
v -4.30835 65.23531 122.89333
v -5.59034 64.96978 122.89333
v -6.85711 64.63917 122.89333
v -8.10535 64.24433 122.89333
v -9.33182 63.78631 122.89333
v -10.53331 63.26628 122.89333
v -11.70669 62.68562 122.89333
v -12.84891 62.04582 122.89333
v -13.95699 61.34856 122.89333
v -15.02804 60.59566 122.89333
v -16.05926 59.78907 122.89333
v -17.04798 58.93091 122.89333
v -17.99161 58.02341 122.89333
v -18.88770 57.06892 122.89333
v -19.73390 56.06995 122.89333
v -20.52802 55.02909 122.89333
v -21.26798 53.94906 122.89333
v -21.95185 52.83267 122.89333
v -22.57785 51.68283 122.89333
v -23.14436 50.50255 122.89333
v -23.64989 49.29489 122.89333
v -24.09312 48.06300 122.89333
v -24.47291 46.81009 122.89333
v -24.78825 45.53944 122.89333
v -25.03834 44.25435 122.89333
v -25.22251 42.95816 122.89333
v 23.88662 40.44879 123.89333
v 23.88662 39.55121 123.89333
v 23.85255 38.65427 123.89333
v -23.38662 40.44879 123.89333
v -24.35422 38.60559 123.89333
v -24.24792 37.32341 123.89333
v -23.35255 38.60559 123.89333
v -23.38662 39.55121 123.89333
v -23.24542 37.35614 123.89333
v -24.07484 36.04852 123.89333
v -23.07219 36.11412 123.89333
v -23.83547 34.78440 123.89333
v -22.83336 34.88304 123.89333
v -23.53045 33.53451 123.89333
v -22.52959 33.66635 123.89333
v -23.16061 32.30223 123.89333
v -22.16174 32.46748 123.89333
v -22.72696 31.09093 123.89333
v -21.73084 31.28980 123.89333
v -22.23069 29.90392 123.89333
v -21.23810 30.13662 123.89333
v -21.67314 28.74442 123.89333
v -20.68492 29.01119 123.89333
v -21.05584 27.61560 123.89333
v -20.07284 27.91667 123.89333
v -20.38047 26.52054 123.89333
v -19.40360 26.85615 123.89333
v -19.64887 25.46221 123.89333
v -18.67906 25.83260 123.89333
v -18.86303 24.44351 123.89333
v -17.90128 24.84890 123.89333
v -18.02510 23.46721 123.89333
v -17.07243 23.90782 123.89333
v -17.13735 22.53598 123.89333
v -16.19486 23.01202 123.89333
v -16.20222 21.65234 123.89333
v -15.27102 22.16400 123.89333
v -15.22224 20.81871 123.89333
v -14.30352 21.36616 123.89333
v -14.20010 20.03736 123.89333
v -13.29508 20.62074 123.89333
v -13.13856 19.31042 123.89333
v -12.24853 19.92984 123.89333
v -12.04054 18.63988 123.89333
v -11.16683 19.29539 123.89333
v -10.90902 18.02755 123.89333
v -10.05300 18.71919 123.89333
v -9.74708 17.47511 123.89333
v -8.91020 18.20285 123.89333
v -8.55789 16.98407 123.89333
v -7.74162 17.74784 123.89333
v -7.34470 16.55575 123.89333
v -6.55057 17.35542 123.89333
v -6.11080 16.19134 123.89333
v -5.34038 17.02670 123.89333
v -4.85957 15.89182 123.89333
v -4.11447 16.76261 123.89333
v -3.59442 15.65801 123.89333
v -2.87628 16.56389 123.89333
v -2.31878 15.49054 123.89333
v -1.62929 16.43110 123.89333
v -1.03614 15.38988 123.89333
v -0.37702 16.36461 123.89333
v 0.25000 15.35629 123.89333
v 0.87702 16.36461 123.89333
v 1.53614 15.38988 123.89333
v 2.12929 16.43110 123.89333
v 2.81878 15.49054 123.89333
v 3.37628 16.56389 123.89333
v 4.09441 15.65801 123.89333
v 4.61447 16.76261 123.89333
v 5.35957 15.89182 123.89333
v 5.84038 17.02670 123.89333
v 6.61080 16.19134 123.89333
v 7.05057 17.35542 123.89333
v 7.84470 16.55575 123.89333
v 8.24162 17.74784 123.89333
v 9.05789 16.98407 123.89333
v 9.41020 18.20285 123.89333
v 10.24708 17.47511 123.89333
v 10.55300 18.71919 123.89333
v 11.40902 18.02755 123.89333
v 11.66683 19.29539 123.89333
v 12.54054 18.63988 123.89333
v 12.74853 19.92984 123.89333
v 13.63856 19.31042 123.89333
v 13.79508 20.62074 123.89333
v 14.70010 20.03736 123.89333
v 14.80352 21.36616 123.89333
v 15.72224 20.81871 123.89333
v 15.77102 22.16400 123.89333
v 16.70222 21.65234 123.89333
v 16.69486 23.01202 123.89333
v 17.63735 22.53598 123.89333
v 17.57243 23.90782 123.89333
v 18.52510 23.46721 123.89333
v 18.40128 24.84890 123.89333
v 19.36303 24.44351 123.89333
v 19.17906 25.83260 123.89333
v 20.14887 25.46221 123.89333
v 19.90360 26.85615 123.89333
v 20.88047 26.52054 123.89333
v 20.57284 27.91667 123.89333
v 21.55584 27.61560 123.89333
v 21.18492 29.01119 123.89333
v 22.17314 28.74442 123.89333
v 21.73810 30.13662 123.89333
v 22.73069 29.90392 123.89333
v 22.23084 31.28980 123.89333
v 23.22696 31.09093 123.89333
v 22.66174 32.46748 123.89333
v 23.66061 32.30223 123.89333
v 23.02959 33.66635 123.89333
v 24.03045 33.53451 123.89333
v 23.33336 34.88304 123.89333
v 24.33547 34.78440 123.89333
v 23.57219 36.11412 123.89333
v 24.57484 36.04852 123.89333
v 23.74542 37.35614 123.89333
v 24.74792 37.32341 123.89333
v 23.85255 38.60559 119.89333
v 23.76036 37.49250 119.89333
v 23.61571 36.38500 119.89333
v 23.57219 36.11412 119.89333
v 23.41892 35.28557 119.89333
v 23.33336 34.88304 119.89333
v 23.17043 34.19666 119.89333
v 23.02959 33.66635 119.89333
v 22.87079 33.12070 119.89333
v 22.66174 32.46748 119.89333
v 22.52067 32.06009 119.89333
v 22.23084 31.28980 119.89333
v 22.12085 31.01721 119.89333
v 21.73810 30.13662 119.89333
v 21.67223 29.99436 119.89333
v 21.18492 29.01119 119.89333
v 20.63268 28.01789 119.89333
v 20.57284 27.91667 119.89333
v 20.04408 27.06867 119.89333
v 19.41130 26.14831 119.89333
v 19.17906 25.83260 119.89333
v 18.73576 25.25886 119.89333
v 18.40128 24.84890 119.89333
v 18.01898 24.40230 119.89333
v 17.57243 23.90782 119.89333
v 17.26254 23.58055 119.89333
v 16.69486 23.01202 119.89333
v 16.46813 22.79544 119.89333
v 15.77102 22.16400 119.89333
v 15.63754 22.04872 119.89333
v 14.80352 21.36616 119.89333
v 13.79508 20.62074 119.89333
v 12.94753 20.05514 119.89333
v 12.74853 19.92984 119.89333
v 11.99145 19.47774 119.89333
v 11.66683 19.29539 119.89333
v 11.00917 18.94614 119.89333
v 10.55300 18.71919 119.89333
v 10.00288 18.46152 119.89333
v 9.41020 18.20285 119.89333
v 8.97483 18.02497 119.89333
v 8.24162 17.74784 119.89333
v 7.92730 17.63745 119.89333
v 7.05057 17.35542 119.89333
v 5.84038 17.02670 119.89333
v 4.61447 16.76261 119.89333
v 3.58981 16.59337 119.89333
v 2.48069 16.46176 119.89333
v 1.36659 16.38268 119.89333
v 0.87702 16.36461 119.89333
v 0.25000 16.35629 119.89333
v -0.37702 16.36461 119.89333
v -0.86659 16.38268 119.89333
v -1.62929 16.43110 119.89333
v -1.98069 16.46176 119.89333
v -2.87628 16.56389 119.89333
v -3.08981 16.59337 119.89333
v -4.11447 16.76261 119.89333
v -5.34038 17.02670 119.89333
v -6.36265 17.29983 119.89333
v -7.42730 17.63745 119.89333
v -7.74162 17.74784 119.89333
v -8.47483 18.02497 119.89333
v -8.91020 18.20285 119.89333
v -9.50288 18.46152 119.89333
v -10.05300 18.71919 119.89333
v -10.50917 18.94614 119.89333
v -11.16683 19.29539 119.89333
v -11.49145 19.47774 119.89333
v -12.24853 19.92984 119.89333
v -12.44753 20.05514 119.89333
v -13.29508 20.62074 119.89333
v -14.30352 21.36616 119.89333
v -15.13754 22.04872 119.89333
v -15.27102 22.16400 119.89333
v -15.96813 22.79544 119.89333
v -16.19486 23.01202 119.89333
v -16.76254 23.58055 119.89333
v -17.07243 23.90782 119.89333
v -17.51898 24.40230 119.89333
v -17.90128 24.84890 119.89333
v -18.23576 25.25886 119.89333
v -18.67906 25.83260 119.89333
v -18.91130 26.14831 119.89333
v -19.40360 26.85615 119.89333
v -20.07284 27.91667 119.89333
v -20.13268 28.01789 119.89333
v -20.68492 29.01119 119.89333
v -21.17223 29.99436 119.89333
v -21.23810 30.13662 119.89333
v -21.62085 31.01721 119.89333
v -22.02067 32.06009 119.89333
v -22.16174 32.46748 119.89333
v -22.37079 33.12070 119.89333
v -22.52959 33.66635 119.89333
v -22.67043 34.19666 119.89333
v -22.83336 34.88304 119.89333
v -22.91892 35.28557 119.89333
v -23.07219 36.11412 119.89333
v -23.11571 36.38500 119.89333
v -23.24542 37.35614 119.89333
v -23.35255 38.60559 119.89333
v 30.47005 38.65427 109.39333
v 30.47005 38.65427 110.89333
v 30.37356 37.23705 109.39333
v 30.37356 37.23705 110.89333
v 30.21063 35.82593 109.39333
v 30.21063 35.82593 110.89333
v 29.98165 34.42401 109.39333
v 29.98165 34.42401 110.89333
v 29.68710 33.03439 109.39333
v 29.68710 33.03439 110.89333
v 29.32764 31.66012 109.39333
v 29.32764 31.66012 110.89333
v 28.90406 30.30425 109.39333
v 28.90406 30.30425 110.89333
v 28.41729 28.96976 109.39333
v 28.41729 28.96976 110.89333
v 27.86841 27.65959 109.39333
v 27.86841 27.65959 110.89333
v 27.25863 26.37663 109.39333
v 27.25863 26.37663 110.89333
v 26.58930 25.12371 109.39333
v 26.58930 25.12371 110.89333
v 25.86188 23.90360 109.39333
v 25.86188 23.90360 110.89333
v 25.07798 22.71898 109.39333
v 25.07798 22.71898 110.89333
v 24.23934 21.57247 109.39333
v 24.23934 21.57247 110.89333
v 23.34780 20.46659 109.39333
v 23.34780 20.46659 110.89333
v 22.40532 19.40378 109.39333
v 22.40532 19.40378 110.89333
v 21.41399 18.38640 109.39333
v 21.41399 18.38640 110.89333
v 20.37599 17.41667 109.39333
v 20.37599 17.41667 110.89333
v 19.29361 16.49674 109.39333
v 19.29361 16.49674 110.89333
v 18.16924 15.62864 109.39333
v 18.16924 15.62864 110.89333
v 17.00536 14.81428 109.39333
v 17.00536 14.81428 110.89333
v 15.80452 14.05546 109.39333
v 15.80452 14.05546 110.89333
v 14.56939 13.35384 109.39333
v 14.56939 13.35384 110.89333
v 13.30268 12.71099 109.39333
v 13.30268 12.71099 110.89333
v 12.00719 12.12831 109.39333
v 12.00719 12.12831 110.89333
v 10.68577 11.60709 109.39333
v 10.68577 11.60709 110.89333
v 9.34134 11.14848 109.39333
v 9.34134 11.14848 110.89333
v 7.97686 10.75349 109.39333
v 7.97686 10.75349 110.89333
v 6.59535 10.42300 109.39333
v 6.59535 10.42300 110.89333
v 5.19984 10.15772 109.39333
v 5.19984 10.15772 110.89333
v 3.79342 9.95825 109.39333
v 3.79342 9.95825 110.89333
v 2.37918 9.82503 109.39333
v 2.37918 9.82503 110.89333
v 0.96025 9.75834 109.39333
v 0.96025 9.75834 110.89333
v -0.46025 9.75834 109.39333
v -0.46025 9.75834 110.89333
v -1.87918 9.82503 109.39333
v -1.87918 9.82503 110.89333
v -3.29342 9.95825 109.39333
v -3.29342 9.95825 110.89333
v -4.69984 10.15772 109.39333
v -4.69984 10.15772 110.89333
v -6.09535 10.42300 109.39333
v -6.09535 10.42300 110.89333
v -7.47686 10.75349 109.39333
v -7.47686 10.75349 110.89333
v -8.84134 11.14848 109.39333
v -8.84134 11.14848 110.89333
v -10.18577 11.60709 109.39333
v -10.18577 11.60709 110.89333
v -11.50719 12.12831 109.39333
v -11.50719 12.12831 110.89333
v -12.80268 12.71099 109.39333
v -12.80268 12.71099 110.89333
v -14.06939 13.35384 109.39333
v -14.06939 13.35384 110.89333
v -15.30452 14.05546 109.39333
v -15.30452 14.05546 110.89333
v -16.50536 14.81428 109.39333
v -16.50536 14.81428 110.89333
v -17.66924 15.62864 109.39333
v -17.66924 15.62864 110.89333
v -18.79361 16.49674 109.39333
v -18.79361 16.49674 110.89333
v -19.87599 17.41667 109.39333
v -19.87599 17.41667 110.89333
v -20.91399 18.38640 109.39333
v -20.91399 18.38640 110.89333
v -21.90532 19.40378 109.39333
v -21.90532 19.40378 110.89333
v -22.84780 20.46659 109.39333
v -22.84780 20.46659 110.89333
v -23.73934 21.57247 109.39333
v -23.73934 21.57247 110.89333
v -24.57798 22.71898 109.39333
v -24.57798 22.71898 110.89333
v -25.36188 23.90360 109.39333
v -25.36188 23.90360 110.89333
v -26.08930 25.12371 109.39333
v -26.08930 25.12371 110.89333
v -26.75863 26.37663 109.39333
v -26.75863 26.37663 110.89333
v -27.36841 27.65959 109.39333
v -27.36841 27.65959 110.89333
v -27.91729 28.96976 109.39333
v -27.91729 28.96976 110.89333
v -28.40406 30.30425 109.39333
v -28.40406 30.30425 110.89333
v -28.82764 31.66012 109.39333
v -28.82764 31.66012 110.89333
v -29.18710 33.03439 109.39333
v -29.18710 33.03439 110.89333
v -29.48165 34.42401 109.39333
v -29.48165 34.42401 110.89333
v -29.71063 35.82593 109.39333
v -29.71063 35.82593 110.89333
v -29.87356 37.23705 109.39333
v -29.87356 37.23705 110.89333
v -29.97005 38.65427 109.39333
v -29.97005 38.65427 110.89333
v -30.17316 37.79004 110.89333
v -30.15573 37.59080 110.89333
v -30.17316 37.79004 109.39333
v -30.15573 37.59080 109.39333
v -29.82909 33.61168 110.89333
v -29.60387 33.66761 110.89333
v -29.82909 33.61168 109.39333
v -29.60387 33.66761 109.39333
v -28.86098 30.88389 110.89333
v -29.09350 30.80644 110.89333
v -28.86098 30.88389 109.39333
v -29.09350 30.80644 109.39333
v -28.92418 31.07364 110.89333
v -28.92418 31.07364 109.39333
v -28.24958 28.45287 110.89333
v -28.02231 28.54885 110.89333
v -28.24958 28.45287 109.39333
v -28.02231 28.54885 109.39333
v -26.41101 24.67835 110.89333
v -26.21387 24.80078 110.89333
v -26.41101 24.67835 109.39333
v -26.21387 24.80078 109.39333
v -18.03281 15.58092 110.89333
v -18.17613 15.38212 110.89333
v -18.03281 15.58092 109.39333
v -18.17613 15.38212 109.39333
v -15.81609 14.07331 110.89333
v -15.94550 13.86060 110.89333
v -15.81609 14.07331 109.39333
v -15.94550 13.86060 109.39333
v -12.41641 11.97993 110.89333
v -12.32810 12.19453 110.89333
v -12.41641 11.97993 109.39333
v -12.32810 12.19453 109.39333
v -7.07238 10.39096 110.89333
v -7.13018 10.14878 110.89333
v -7.07238 10.39096 109.39333
v -7.13018 10.14878 109.39333
v -3.19394 9.44346 110.89333
v -3.19394 9.44346 109.39333
v -0.50000 9.50000 110.89333
v -0.30000 9.50000 110.89333
v -0.50000 9.50000 109.39333
v -0.30000 9.50000 109.39333
v 1.10000 9.50000 110.89333
v 1.30000 9.50000 110.89333
v 1.10000 9.50000 109.39333
v 1.30000 9.50000 109.39333
v 7.92108 10.22220 110.89333
v 7.86419 10.46059 110.89333
v 7.92108 10.22220 109.39333
v 7.86419 10.46059 109.39333
v 10.69222 11.07730 110.89333
v 10.69222 11.07730 109.39333
v 10.43059 11.23669 110.89333
v 10.43059 11.23669 109.39333
v 14.24483 12.89913 110.89333
v 14.42328 12.98944 110.89333
v 14.24483 12.89913 109.39333
v 14.42328 12.98944 109.39333
v 16.69977 14.01986 110.89333
v 16.57239 14.22924 110.89333
v 16.69977 14.01986 109.39333
v 16.57239 14.22924 109.39333
v 18.93839 15.87332 110.89333
v 19.07411 15.68508 110.89333
v 18.93839 15.87332 109.39333
v 19.07411 15.68508 109.39333
v 18.77616 15.75636 110.89333
v 18.77616 15.75636 109.39333
v 22.07031 18.33351 110.89333
v 21.89506 18.51038 110.89333
v 22.07031 18.33351 109.39333
v 21.89506 18.51038 109.39333
v 23.88687 20.33122 110.89333
v 23.70132 20.49133 110.89333
v 23.88687 20.33122 109.39333
v 23.70132 20.49133 109.39333
v 25.44768 22.78288 110.89333
v 25.63468 22.64544 110.89333
v 25.44768 22.78288 109.39333
v 25.63468 22.64544 109.39333
v 27.45103 26.20085 110.89333
v 27.45103 26.20085 109.39333
v 27.67214 26.08639 110.89333
v 27.67214 26.08639 109.39333
v 29.73915 31.28494 110.89333
v 29.73915 31.28494 109.39333
v 29.45578 31.16852 110.89333
v 29.45578 31.16852 109.39333
v 30.62076 35.18547 110.89333
v 30.37517 35.22646 110.89333
v 30.62076 35.18547 109.39333
v 30.37517 35.22646 109.39333
v 30.65573 37.59080 110.89333
v 30.67316 37.79004 110.89333
v 30.65573 37.59080 109.39333
v 30.67316 37.79004 109.39333
v 30.10387 33.66761 110.89333
v 30.32909 33.61168 110.89333
v 30.10387 33.66761 109.39333
v 30.32909 33.61168 109.39333
v 28.44450 28.36461 110.89333
v 28.52231 28.54885 110.89333
v 28.44450 28.36461 109.39333
v 28.52231 28.54885 109.39333
v 28.67387 28.26774 110.89333
v 28.67387 28.26774 109.39333
v 26.71387 24.80078 110.89333
v 26.91101 24.67835 110.89333
v 26.71387 24.80078 109.39333
v 26.91101 24.67835 109.39333
v 26.60835 24.63088 110.89333
v 26.60835 24.63088 109.39333
v 18.67613 15.38212 110.89333
v 18.67613 15.38212 109.39333
v 16.31609 14.07331 110.89333
v 16.31609 14.07331 109.39333
v 12.82810 12.19453 110.89333
v 12.91641 11.97993 110.89333
v 12.82810 12.19453 109.39333
v 12.91641 11.97993 109.39333
v 3.67584 9.67483 110.89333
v 3.69394 9.44346 110.89333
v 3.67584 9.67483 109.39333
v 3.69394 9.44346 109.39333
v 0.80000 9.50000 110.89333
v 0.80000 9.50000 109.39333
v -7.55873 10.50701 110.89333
v -7.55873 10.50701 109.39333
v -7.61463 10.27274 110.89333
v -7.61463 10.27274 109.39333
v -10.19222 11.07730 110.89333
v -10.19222 11.07730 109.39333
v -13.74483 12.89913 110.89333
v -13.85726 12.67697 110.89333
v -13.74483 12.89913 109.39333
v -13.85726 12.67697 109.39333
v -13.92328 12.98944 110.89333
v -13.92328 12.98944 109.39333
v -16.36844 14.12743 110.89333
v -16.24325 14.33319 110.89333
v -16.36844 14.12743 109.39333
v -16.24325 14.33319 109.39333
v -18.57411 15.68508 110.89333
v -18.43839 15.87332 110.89333
v -18.57411 15.68508 109.39333
v -18.43839 15.87332 109.39333
v -23.51432 20.48541 110.89333
v -23.33197 20.64275 110.89333
v -23.51432 20.48541 109.39333
v -23.33197 20.64275 109.39333
v -25.13468 22.64544 110.89333
v -24.94768 22.78288 110.89333
v -25.13468 22.64544 109.39333
v -24.94768 22.78288 109.39333
v -27.04297 26.37846 110.89333
v -26.95103 26.20085 110.89333
v -27.04297 26.37846 109.39333
v -26.95103 26.20085 109.39333
v -29.01898 31.35827 110.89333
v -29.01898 31.35827 109.39333
v -30.23575 35.97735 110.89333
v -30.00684 36.01554 110.89333
v -30.23575 35.97735 109.39333
v -30.00684 36.01554 109.39333
v -29.76531 33.31840 110.89333
v -29.53156 33.37646 110.89333
v -29.76531 33.31840 109.39333
v -29.53156 33.37646 109.39333
v -24.47389 22.13827 110.89333
v -24.67452 21.99081 110.89333
v -24.47389 22.13827 109.39333
v -24.67452 21.99081 109.39333
v -20.19010 17.02687 110.89333
v -20.19010 17.02687 109.39333
v -12.05067 12.08037 110.89333
v -12.05067 12.08037 109.39333
v -9.35962 11.05233 110.89333
v -9.43612 10.81539 110.89333
v -9.35962 11.05233 109.39333
v -9.43612 10.81539 109.39333
v -5.56689 9.80519 110.89333
v -5.53080 10.03444 110.89333
v -5.56689 9.80519 109.39333
v -5.53080 10.03444 109.39333
v -2.67736 9.63583 110.89333
v -2.69648 9.39149 110.89333
v -2.67736 9.63583 109.39333
v -2.69648 9.39149 109.39333
v 0.00000 9.50000 110.89333
v 0.00000 9.50000 109.39333
v 2.87827 9.61243 110.89333
v 3.07767 9.62803 110.89333
v 2.87827 9.61243 109.39333
v 3.07767 9.62803 109.39333
v 2.89770 9.36420 110.89333
v 2.89770 9.36420 109.39333
v 8.40440 10.35092 110.89333
v 8.40440 10.35092 109.39333
v 12.08829 11.89008 110.89333
v 12.27324 11.96620 110.89333
v 12.08829 11.89008 109.39333
v 12.27324 11.96620 109.39333
v 12.18304 11.65983 110.89333
v 12.18304 11.65983 109.39333
v 22.28067 18.54744 110.89333
v 22.28067 18.54744 109.39333
v 26.29180 24.12118 110.89333
v 26.29180 24.12118 109.39333
v 26.50332 23.98982 110.89333
v 26.50332 23.98982 109.39333
v 27.80659 26.35460 110.89333
v 27.80659 26.35460 109.39333
v 28.75574 29.10158 110.89333
v 28.96952 29.01130 110.89333
v 28.75574 29.10158 109.39333
v 28.96952 29.01130 109.39333
v 29.91104 32.89120 110.89333
v 29.95925 33.08530 110.89333
v 29.91104 32.89120 109.39333
v 29.95925 33.08530 109.39333
v 30.15269 32.83119 110.89333
v 30.15269 32.83119 109.39333
v 30.50684 36.01554 110.89333
v 30.73575 35.97735 110.89333
v 30.50684 36.01554 109.39333
v 30.73575 35.97735 109.39333
v 30.22121 33.12328 110.89333
v 30.22121 33.12328 109.39333
v 29.26618 30.59926 110.89333
v 29.32938 30.78901 110.89333
v 29.26618 30.59926 109.39333
v 29.32938 30.78901 109.39333
v 27.81880 26.91130 110.89333
v 27.81880 26.91130 109.39333
v 25.17452 21.99081 110.89333
v 24.97389 22.13827 110.89333
v 25.17452 21.99081 109.39333
v 24.97389 22.13827 109.39333
v 22.46334 19.07346 110.89333
v 22.62668 18.90861 110.89333
v 22.46334 19.07346 109.39333
v 22.62668 18.90861 109.39333
v 20.54022 16.89438 110.89333
v 20.38182 17.08140 110.89333
v 20.54022 16.89438 109.39333
v 20.38182 17.08140 109.39333
v 18.28946 15.40548 110.89333
v 18.28946 15.40548 109.39333
v 14.95863 13.26036 110.89333
v 15.06342 13.05329 110.89333
v 14.95863 13.26036 109.39333
v 15.06342 13.05329 109.39333
v 9.85962 11.05233 110.89333
v 9.85962 11.05233 109.39333
v 9.93612 10.81539 110.89333
v 9.93612 10.81539 109.39333
v 6.03080 10.03444 110.89333
v 6.06689 9.80519 110.89333
v 6.03080 10.03444 109.39333
v 6.06689 9.80519 109.39333
v 5.83323 10.00333 110.89333
v 5.83323 10.00333 109.39333
v 3.19648 9.39149 110.89333
v 3.19648 9.39149 109.39333
v -2.37827 9.61243 110.89333
v -2.37827 9.61243 109.39333
v -11.58829 11.89008 110.89333
v -11.58829 11.89008 109.39333
v -21.60816 18.72153 110.89333
v -21.78067 18.54744 110.89333
v -21.60816 18.72153 109.39333
v -21.78067 18.54744 109.39333
v -21.75023 18.86230 110.89333
v -21.75023 18.86230 109.39333
v -25.79180 24.12118 110.89333
v -26.00332 23.98982 110.89333
v -25.79180 24.12118 109.39333
v -26.00332 23.98982 109.39333
v -25.89732 24.29108 110.89333
v -25.89732 24.29108 109.39333
v 30.69930 38.08890 109.39333
v 30.80096 36.50693 109.39333
v 30.85697 37.03757 109.39333
v 30.43541 34.13456 109.39333
v 30.53264 34.65921 109.39333
v 30.02379 32.31340 109.39333
v 29.15587 29.51129 109.39333
v 29.33352 30.01443 109.39333
v 28.24967 27.28855 109.39333
v 28.46602 27.77631 109.39333
v 27.42659 25.61266 109.39333
v 25.93199 23.08852 109.39333
v 26.22156 23.53669 109.39333
v 25.15157 22.38000 109.39333
v 24.02796 20.86989 109.39333
v 24.53462 21.13682 109.39333
v 24.85827 21.56104 109.39333
v 23.34504 19.69774 109.39333
v 23.50533 20.26419 109.39333
v 20.76337 17.40455 109.39333
v 21.30538 17.58944 109.39333
v 21.69107 17.95816 109.39333
v 19.49318 16.01537 109.39333
v 19.90646 16.35288 109.39333
v 18.00207 14.89170 109.39333
v 16.74325 14.33319 109.39333
v 15.52876 13.31439 109.39333
v 15.98950 13.58352 109.39333
v 13.40070 12.20393 109.39333
v 11.68950 11.45704 109.39333
v 8.91764 10.49687 109.39333
v 9.42826 10.65171 109.39333
v 6.58995 9.91067 109.39333
v 4.75212 9.58136 109.39333
v 5.24054 9.91002 109.39333
v 1.83310 9.29078 109.39333
v 2.36571 9.32287 109.39333
v -1.86571 9.32287 109.39333
v -2.39770 9.36420 109.39333
v -4.25212 9.58136 109.39333
v -3.72363 9.50782 109.39333
v -5.33323 10.00333 109.39333
v -5.23445 9.98778 109.39333
v -6.61109 10.02521 109.39333
v -6.08995 9.91067 109.39333
v -8.92826 10.65171 109.39333
v -11.18950 11.45704 109.39333
v -10.69251 11.26285 109.39333
v -13.38103 12.43630 109.39333
v -12.90070 12.20393 109.39333
v -14.45863 13.26036 109.39333
v -14.32908 12.92579 109.39333
v -15.48950 13.58352 109.39333
v -17.50207 14.89170 109.39333
v -17.06372 14.58745 109.39333
v -16.49955 14.48912 109.39333
v -19.65290 16.88751 109.39333
v -19.40646 16.35288 109.39333
v -18.99318 16.01537 109.39333
v -20.26337 17.40455 109.39333
v -22.84504 19.69774 109.39333
v -22.48928 19.30006 109.39333
v -21.96334 19.07346 109.39333
v -24.35827 21.56104 109.39333
v -24.03462 21.13682 109.39333
v -24.77001 22.54115 109.39333
v -25.95008 24.37603 109.39333
v -26.92659 25.61266 109.39333
v -26.67285 25.14327 109.39333
v -27.31880 26.91130 109.39333
v -27.22686 26.73369 109.39333
v -27.94450 28.36461 109.39333
v -27.96602 27.77631 109.39333
v -27.74967 27.28855 109.39333
v -28.25574 29.10158 109.39333
v -29.52379 32.31340 109.39333
v -29.38593 31.79793 109.39333
v -29.87517 35.22646 109.39333
v -30.03264 34.65921 109.39333
v -29.93541 34.13456 109.39333
v -29.97005 41.65427 109.39333
v -30.47054 38.65427 109.39333
v -30.22545 38.38775 109.39333
v -29.84473 43.06097 109.39333
v -29.66926 44.46101 109.39333
v -30.30096 43.49307 109.39333
v -30.35697 42.96243 109.39333
v -29.42868 45.85135 109.39333
v -29.12354 47.22895 109.39333
v -28.75449 48.59083 109.39333
v -29.38593 48.20206 109.39333
v -29.52379 47.68660 109.39333
v -28.32233 49.93401 109.39333
v -27.82801 51.25558 109.39333
v -28.65587 50.48871 109.39333
v -28.83352 49.98557 109.39333
v -27.27259 52.55267 109.39333
v -26.65730 53.82244 109.39333
v -25.98346 55.06214 109.39333
v -26.67285 54.85673 109.39333
v -26.92659 54.38734 109.39333
v -25.25255 56.26906 109.39333
v -25.43199 56.91148 109.39333
v -25.72156 56.46331 109.39333
v -23.62598 58.57418 109.39333
v -24.03462 58.86318 109.39333
v -22.48928 60.69994 109.39333
v -22.84504 60.30226 109.39333
v -20.80165 61.72304 109.39333
v -19.76576 62.68109 109.39333
v -20.80538 62.41056 109.39333
v -21.19107 62.04184 109.39333
v -18.68633 63.58978 109.39333
v -17.56570 64.44716 109.39333
v -18.99318 63.98463 109.39333
v -17.06372 65.41255 109.39333
v -17.50207 65.10830 109.39333
v -15.21067 66.00058 109.39333
v -15.02876 66.68561 109.39333
v -15.48950 66.41648 109.39333
v -12.72116 67.32785 109.39333
v -12.90070 67.79607 109.39333
v -10.11883 68.41742 109.39333
v -11.18950 68.54296 109.39333
v -8.78239 68.87003 109.39333
v -7.42631 69.25982 109.39333
v -8.41764 69.50313 109.39333
v -8.92826 69.34829 109.39333
v -6.05352 69.58595 109.39333
v -6.08995 70.08933 109.39333
v -3.26982 70.04452 109.39333
v -4.25212 70.41864 109.39333
v -1.86496 70.17597 109.39333
v -0.45550 70.24177 109.39333
v -1.33310 70.70922 109.39333
v -1.86571 70.67713 109.39333
v 0.95550 70.24177 109.39333
v 2.36496 70.17597 109.39333
v 3.76982 70.04452 109.39333
v 2.36571 70.67713 109.39333
v 4.75212 70.41864 109.39333
v 4.22363 70.49218 109.39333
v 6.55352 69.58595 109.39333
v 7.92631 69.25982 109.39333
v 7.11109 69.97479 109.39333
v 6.58995 70.08933 109.39333
v 9.28239 68.87003 109.39333
v 10.61883 68.41742 109.39333
v 9.42826 69.34829 109.39333
v 11.68950 68.54296 109.39333
v 11.19251 68.73716 109.39333
v 13.22116 67.32785 109.39333
v 14.48139 66.69326 109.39333
v 13.88103 67.56370 109.39333
v 13.40070 67.79607 109.39333
v 15.71067 66.00058 109.39333
v 15.98950 66.41648 109.39333
v 17.56372 65.41255 109.39333
v 19.18633 63.58978 109.39333
v 20.26576 62.68109 109.39333
v 19.90646 63.64712 109.39333
v 19.49318 63.98463 109.39333
v 21.30165 61.72304 109.39333
v 21.69107 62.04184 109.39333
v 23.23386 59.66735 109.39333
v 22.98928 60.69994 109.39333
v 24.12598 58.57418 109.39333
v 24.96615 57.44060 109.39333
v 24.85827 58.43896 109.39333
v 24.53462 58.86318 109.39333
v 25.75255 56.26906 109.39333
v 26.48346 55.06214 109.39333
v 26.22156 56.46331 109.39333
v 25.93199 56.91148 109.39333
v 27.15730 53.82244 109.39333
v 27.17285 54.85673 109.39333
v 27.77259 52.55267 109.39333
v 28.32801 51.25558 109.39333
v 28.46602 52.22369 109.39333
v 28.24967 52.71145 109.39333
v 28.82233 49.93401 109.39333
v 29.25449 48.59083 109.39333
v 29.33352 49.98557 109.39333
v 29.15587 50.48871 109.39333
v 29.62354 47.22895 109.39333
v 29.88593 48.20206 109.39333
v 29.92868 45.85135 109.39333
v 30.53264 45.34079 109.39333
v 30.43541 45.86544 109.39333
v 30.34473 43.06097 109.39333
v 30.45473 41.65427 109.39333
v 30.85697 42.96243 109.39333
v 30.80096 43.49307 109.39333
v 30.97054 41.65427 109.39333
v 30.97054 38.65427 109.39333
v 30.02379 47.68660 109.39333
v 27.42659 54.38734 109.39333
v 23.34504 60.30226 109.39333
v 21.30538 62.41056 109.39333
v 18.00207 65.10830 109.39333
v 15.52876 66.68561 109.39333
v 10.47236 69.00114 109.39333
v 8.91764 69.50313 109.39333
v 1.83310 70.70922 109.39333
v -2.97645 70.34077 109.39333
v -3.72363 70.49218 109.39333
v -6.61109 69.97479 109.39333
v -10.69251 68.73716 109.39333
v -13.38103 67.56370 109.39333
v -19.40646 63.64712 109.39333
v -21.75739 61.47643 109.39333
v -24.35827 58.43896 109.39333
v -27.74967 52.71145 109.39333
v -27.96602 52.22369 109.39333
v -28.95578 48.83148 109.39333
v -29.93541 45.86544 109.39333
v -30.03264 45.34079 109.39333
v -30.35697 37.03757 109.39333
v -30.30096 36.50693 109.39333
v -30.16137 35.44905 109.39333
v -29.41104 32.89120 109.39333
v -28.83352 30.01443 109.39333
v -28.65587 29.51129 109.39333
v -28.46952 29.01130 109.39333
v -28.17387 28.26774 109.39333
v -27.27694 26.29489 109.39333
v -25.72156 23.53669 109.39333
v -25.43199 23.08852 109.39333
v -23.13599 20.41561 109.39333
v -23.00533 20.26419 109.39333
v -21.57031 18.33351 109.39333
v -21.19107 17.95816 109.39333
v -20.80538 17.58944 109.39333
v -19.80551 17.01677 109.39333
v -17.78946 15.40548 109.39333
v -15.02876 13.31439 109.39333
v -11.68304 11.65983 109.39333
v -9.64510 11.14451 109.39333
v -8.41764 10.49687 109.39333
v -4.93810 9.94112 109.39333
v -1.33310 9.29078 109.39333
v 4.22363 9.50782 109.39333
v 5.53688 9.95668 109.39333
v 7.11109 10.02521 109.39333
v 11.19251 11.26285 109.39333
v 13.88103 12.43630 109.39333
v 17.56372 14.58745 109.39333
v 22.98928 19.30006 109.39333
v 25.52121 22.48062 109.39333
v 27.17285 25.14327 109.39333
v 28.88527 28.79359 109.39333
v 29.88593 31.79793 109.39333
v -27.39478 26.53416 110.89333
v -28.46952 29.01130 110.89333
v -28.25574 29.10158 110.89333
v -29.41104 32.89120 110.89333
v -30.19503 35.67999 110.89333
v -30.19503 35.67999 109.39333
v 25.52121 22.48062 110.89333
v 26.81075 24.50519 110.89333
v 26.81075 24.50519 109.39333
v 20.61075 17.27529 110.89333
v -27.26206 26.26505 110.89333
v -30.15143 35.38312 110.89333
v -29.90809 35.42373 110.89333
v -24.79113 22.15331 110.89333
v -9.62575 10.87901 110.89333
v 8.21130 10.29848 110.89333
v 8.21130 10.29848 109.39333
v 16.95251 14.18162 110.89333
v 16.82868 14.38517 110.89333
v 16.95251 14.18162 109.39333
v 28.89741 28.82465 110.89333
v 30.70893 35.77906 110.89333
v 30.70893 35.77906 109.39333
v -14.29971 12.90999 110.89333
v -27.94450 28.36461 110.89333
v -28.17387 28.26774 110.89333
v -26.10835 24.63088 110.89333
v -23.00533 20.26419 110.89333
v -23.19384 20.10154 110.89333
v -20.11075 17.27529 110.89333
v 5.43810 9.94112 110.89333
v 5.47647 9.69742 110.89333
v 24.01432 20.48541 110.89333
v 30.69930 38.08890 110.89333
v -21.57031 18.33351 110.89333
v -30.19930 38.08890 110.89333
v -27.31880 26.91130 110.89333
v -21.82127 18.93269 110.89333
v -19.88182 17.08140 110.89333
v -17.78946 15.40548 110.89333
v -5.33323 10.00333 110.89333
v -5.37029 9.76798 110.89333
v 14.79971 12.90999 110.89333
v 14.79971 12.90999 109.39333
v 25.29113 22.15331 110.89333
v -2.39770 9.36420 110.89333
v -11.68304 11.65983 110.89333
v -16.32868 14.38517 110.89333
v -19.65290 16.88751 110.89333
v 30.97054 38.65427 110.89333
v 30.47005 41.65427 110.89333
v 30.85697 37.03757 110.89333
v 30.80096 36.50693 110.89333
v 30.53264 34.65921 110.89333
v 30.43541 34.13456 110.89333
v 30.02379 32.31340 110.89333
v 29.88593 31.79793 110.89333
v 29.33352 30.01443 110.89333
v 29.15587 29.51129 110.89333
v 28.46602 27.77631 110.89333
v 28.24967 27.28855 110.89333
v 27.42659 25.61266 110.89333
v 27.17285 25.14327 110.89333
v 26.22156 23.53669 110.89333
v 25.93199 23.08852 110.89333
v 24.85827 21.56104 110.89333
v 24.53462 21.13682 110.89333
v 23.63599 20.41561 110.89333
v 23.34504 19.69774 110.89333
v 22.98928 19.30006 110.89333
v 21.69107 17.95816 110.89333
v 21.30538 17.58944 110.89333
v 19.90646 16.35288 110.89333
v 19.49318 16.01537 110.89333
v 18.00207 14.89170 110.89333
v 17.56372 14.58745 110.89333
v 15.98950 13.58352 110.89333
v 15.52876 13.31439 110.89333
v 13.88103 12.43630 110.89333
v 13.40070 12.20393 110.89333
v 11.68950 11.45704 110.89333
v 11.19251 11.26285 110.89333
v 9.42826 10.65171 110.89333
v 8.91764 10.49687 110.89333
v 7.11109 10.02521 110.89333
v 6.58995 9.91067 110.89333
v 4.75212 9.58136 110.89333
v 4.22363 9.50782 110.89333
v 2.36571 9.32287 110.89333
v 1.83310 9.29078 110.89333
v -1.33310 9.29078 110.89333
v -1.86571 9.32287 110.89333
v -3.72363 9.50782 110.89333
v -4.25212 9.58136 110.89333
v -4.74054 9.91002 110.89333
v -6.08995 9.91067 110.89333
v -6.61109 10.02521 110.89333
v -8.41764 10.49687 110.89333
v -8.92826 10.65171 110.89333
v -10.69251 11.26285 110.89333
v -11.18950 11.45704 110.89333
v -12.90070 12.20393 110.89333
v -13.38103 12.43630 110.89333
v -14.28018 13.17005 110.89333
v -15.02876 13.31439 110.89333
v -15.48950 13.58352 110.89333
v -17.06372 14.58745 110.89333
v -17.50207 14.89170 110.89333
v -18.99318 16.01537 110.89333
v -19.40646 16.35288 110.89333
v -20.80538 17.58944 110.89333
v -21.19107 17.95816 110.89333
v -22.48928 19.30006 110.89333
v -22.84504 19.69774 110.89333
v -24.03462 21.13682 110.89333
v -24.35827 21.56104 110.89333
v -25.43199 23.08852 110.89333
v -25.72156 23.53669 110.89333
v -26.67285 25.14327 110.89333
v -26.92659 25.61266 110.89333
v -27.74967 27.28855 110.89333
v -27.96602 27.77631 110.89333
v -28.65587 29.51129 110.89333
v -28.83352 30.01443 110.89333
v -29.38593 31.79793 110.89333
v -29.52379 32.31340 110.89333
v -29.93541 34.13456 110.89333
v -30.03264 34.65921 110.89333
v -30.30096 36.50693 110.89333
v -30.35697 37.03757 110.89333
v -30.47054 38.65427 110.89333
v -29.97005 41.65427 110.89333
v -29.84473 43.06097 110.89333
v -30.35697 42.96243 110.89333
v -30.30096 43.49307 110.89333
v -29.66926 44.46101 110.89333
v -30.03264 45.34079 110.89333
v -29.42868 45.85135 110.89333
v -29.93541 45.86544 110.89333
v -29.12354 47.22895 110.89333
v -29.52379 47.68660 110.89333
v -29.38593 48.20206 110.89333
v -29.01898 48.64173 110.89333
v -28.75449 48.59083 110.89333
v -28.32233 49.93401 110.89333
v -28.83352 49.98557 110.89333
v -28.65587 50.48871 110.89333
v -27.82801 51.25558 110.89333
v -27.96602 52.22369 110.89333
v -27.27259 52.55267 110.89333
v -27.74967 52.71145 110.89333
v -26.65730 53.82244 110.89333
v -26.92659 54.38734 110.89333
v -26.67285 54.85673 110.89333
v -25.98346 55.06214 110.89333
v -25.25255 56.26906 110.89333
v -25.72156 56.46331 110.89333
v -25.43199 56.91148 110.89333
v -24.35827 58.43896 110.89333
v -23.62598 58.57418 110.89333
v -24.03462 58.86318 110.89333
v -22.84504 60.30226 110.89333
v -22.48928 60.69994 110.89333
v -21.75739 61.47643 110.89333
v -20.80165 61.72304 110.89333
v -21.19107 62.04184 110.89333
v -20.80538 62.41056 110.89333
v -19.76576 62.68109 110.89333
v -19.40646 63.64712 110.89333
v -18.68633 63.58978 110.89333
v -18.99318 63.98463 110.89333
v -17.56570 64.44716 110.89333
v -17.50207 65.10830 110.89333
v -17.06372 65.41255 110.89333
v -15.21067 66.00058 110.89333
v -15.48950 66.41648 110.89333
v -15.02876 66.68561 110.89333
v -13.38103 67.56370 110.89333
v -12.72116 67.32785 110.89333
v -12.90070 67.79607 110.89333
v -11.18950 68.54296 110.89333
v -10.11883 68.41742 110.89333
v -10.69251 68.73716 110.89333
v -8.78239 68.87003 110.89333
v -8.92826 69.34829 110.89333
v -8.41764 69.50313 110.89333
v -7.42631 69.25982 110.89333
v -6.61109 69.97479 110.89333
v -6.05352 69.58595 110.89333
v -6.08995 70.08933 110.89333
v -4.25212 70.41864 110.89333
v -3.26982 70.04452 110.89333
v -3.72363 70.49218 110.89333
v -3.17584 70.32517 110.89333
v -1.86496 70.17597 110.89333
v -1.86571 70.67713 110.89333
v -1.33310 70.70922 110.89333
v -0.45550 70.24177 110.89333
v 0.95550 70.24177 110.89333
v 2.36496 70.17597 110.89333
v 1.83310 70.70922 110.89333
v 2.36571 70.67713 110.89333
v 3.76982 70.04452 110.89333
v 4.22363 70.49218 110.89333
v 4.75212 70.41864 110.89333
v 6.55352 69.58595 110.89333
v 6.58995 70.08933 110.89333
v 7.11109 69.97479 110.89333
v 7.92631 69.25982 110.89333
v 8.91764 69.50313 110.89333
v 9.28239 68.87003 110.89333
v 9.42826 69.34829 110.89333
v 10.47236 69.00114 110.89333
v 10.61883 68.41742 110.89333
v 11.19251 68.73716 110.89333
v 11.68950 68.54296 110.89333
v 13.22116 67.32785 110.89333
v 13.40070 67.79607 110.89333
v 13.88103 67.56370 110.89333
v 14.48139 66.69326 110.89333
v 15.52876 66.68561 110.89333
v 15.71067 66.00058 110.89333
v 15.98950 66.41648 110.89333
v 17.56372 65.41255 110.89333
v 18.00207 65.10830 110.89333
v 19.18633 63.58978 110.89333
v 19.49318 63.98463 110.89333
v 19.90646 63.64712 110.89333
v 20.26576 62.68109 110.89333
v 21.30538 62.41056 110.89333
v 21.30165 61.72304 110.89333
v 21.69107 62.04184 110.89333
v 22.98928 60.69994 110.89333
v 23.23386 59.66735 110.89333
v 23.34504 60.30226 110.89333
v 24.12598 58.57418 110.89333
v 24.53462 58.86318 110.89333
v 24.85827 58.43896 110.89333
v 24.96615 57.44060 110.89333
v 25.93199 56.91148 110.89333
v 25.75255 56.26906 110.89333
v 26.22156 56.46331 110.89333
v 26.48346 55.06214 110.89333
v 27.17285 54.85673 110.89333
v 27.15730 53.82244 110.89333
v 27.42659 54.38734 110.89333
v 27.77259 52.55267 110.89333
v 28.24967 52.71145 110.89333
v 28.46602 52.22369 110.89333
v 28.32801 51.25558 110.89333
v 29.15587 50.48871 110.89333
v 28.82233 49.93401 110.89333
v 29.33352 49.98557 110.89333
v 29.25449 48.59083 110.89333
v 29.88593 48.20206 110.89333
v 29.62354 47.22895 110.89333
v 30.02379 47.68660 110.89333
v 29.92868 45.85135 110.89333
v 30.43541 45.86544 110.89333
v 30.53264 45.34079 110.89333
v 30.80096 43.49307 110.89333
v 30.34473 43.06097 110.89333
v 30.85697 42.96243 110.89333
v 30.97054 41.65427 110.89333
v -30.47054 38.65427 111.14333
v -29.69814 33.02351 111.14333
v -27.30038 26.34206 111.14333
v -26.63911 25.08229 111.14333
v -23.43439 20.38847 111.14333
v -21.52065 18.28362 111.14333
v -15.96081 13.87009 111.14333
v -9.53707 10.84909 111.14333
v -2.59175 9.38159 111.14333
v 5.90917 9.77524 111.14333
v 12.68915 11.87830 111.14333
v 18.80622 15.48003 111.14333
v 23.93439 20.38847 111.14333
v 25.64543 22.66118 111.14333
v 28.94467 28.94656 111.14333
v 30.71471 35.82100 111.14333
v 30.97054 38.65427 111.14333
v 30.87541 37.23468 111.14333
v 30.48879 34.41628 111.14333
v 30.19814 33.02351 111.14333
v 29.84337 31.64567 111.14333
v 29.42525 30.28572 111.14333
v 28.40266 27.63107 111.14333
v 27.80038 26.34206 111.14333
v 27.13911 25.08229 111.14333
v 26.42028 23.85445 111.14333
v 24.81621 21.50503 111.14333
v 23.00188 19.31390 111.14333
v 22.02065 18.28362 111.14333
v 20.99282 17.29982 111.14333
v 19.92058 16.36462 111.14333
v 17.65215 14.64792 111.14333
v 16.46081 13.87009 111.14333
v 15.23477 13.14820 111.14333
v 13.97666 12.48380 111.14333
v 11.37502 11.33301 111.14333
v 10.03707 10.84909 111.14333
v 8.67816 10.42757 111.14333
v 7.30122 10.06936 111.14333
v 4.50502 9.54581 111.14333
v 3.09175 9.38159 111.14333
v 1.67240 9.28291 111.14333
v 0.25000 9.25000 111.14333
v -1.17240 9.28291 111.14333
v -4.00502 9.54581 111.14333
v -5.40917 9.77524 111.14333
v -6.80122 10.06936 111.14333
v -8.17816 10.42757 111.14333
v -10.87502 11.33301 111.14333
v -12.18915 11.87830 111.14333
v -13.47666 12.48380 111.14333
v -14.73477 13.14820 111.14333
v -17.15215 14.64792 111.14333
v -18.30622 15.48003 111.14333
v -19.42058 16.36462 111.14333
v -20.49282 17.29982 111.14333
v -22.50188 19.31390 111.14333
v -24.31621 21.50503 111.14333
v -25.14543 22.66118 111.14333
v -25.92028 23.85445 111.14333
v -27.90266 27.63107 111.14333
v -28.44467 28.94656 111.14333
v -28.92525 30.28572 111.14333
v -29.34337 31.64567 111.14333
v -29.98879 34.41628 111.14333
v -30.21471 35.82100 111.14333
v -30.37541 37.23468 111.14333
v -30.97101 38.65427 111.64333
v -30.87528 37.21087 111.64333
v -30.71286 35.77344 111.64333
v -30.48409 34.34507 111.64333
v -30.18946 32.92882 111.64333
v -29.82961 31.52771 111.64333
v -29.40530 30.14477 111.64333
v -28.91745 28.78294 111.64333
v -28.36709 27.44514 111.64333
v -27.75542 26.13425 111.64333
v -27.08374 24.85307 111.64333
v -26.35348 23.60435 111.64333
v -25.56622 22.39076 111.64333
v -24.72364 21.21491 111.64333
v -23.82755 20.07930 111.64333
v -22.87986 18.98638 111.64333
v -21.88261 17.93849 111.64333
v -20.83794 16.93788 111.64333
v -19.74807 15.98668 111.64333
v -18.61536 15.08694 111.64333
v -17.44222 14.24058 111.64333
v -16.23117 13.44942 111.64333
v -14.98480 12.71515 111.64333
v -13.70579 12.03934 111.64333
v -12.39688 11.42345 111.64333
v -11.06086 10.86880 111.64333
v -9.70061 10.37656 111.64333
v -8.31903 9.94781 111.64333
v -6.91910 9.58345 111.64333
v -5.50380 9.28427 111.64333
v -4.07617 9.05090 111.64333
v -2.63928 8.88385 111.64333
v -1.19619 8.78348 111.64333
v 0.25000 8.75000 111.64333
v 1.69619 8.78348 111.64333
v 3.13928 8.88385 111.64333
v 4.57617 9.05090 111.64333
v 6.00380 9.28427 111.64333
v 7.41910 9.58345 111.64333
v 8.81903 9.94781 111.64333
v 10.20061 10.37656 111.64333
v 11.56086 10.86880 111.64333
v 12.89688 11.42345 111.64333
v 14.20579 12.03934 111.64333
v 15.48480 12.71515 111.64333
v 16.73117 13.44942 111.64333
v 17.94222 14.24058 111.64333
v 19.11536 15.08694 111.64333
v 20.24807 15.98668 111.64333
v 21.33794 16.93788 111.64333
v 22.38261 17.93849 111.64333
v 23.37986 18.98638 111.64333
v 24.32755 20.07930 111.64333
v 25.22364 21.21491 111.64333
v 26.06622 22.39076 111.64333
v 26.85348 23.60435 111.64333
v 27.58374 24.85307 111.64333
v 28.25542 26.13425 111.64333
v 28.86709 27.44514 111.64333
v 29.41745 28.78294 111.64333
v 29.90530 30.14477 111.64333
v 30.32961 31.52771 111.64333
v 30.68946 32.92882 111.64333
v 30.98409 34.34507 111.64333
v 31.21286 35.77344 111.64333
v 31.37528 37.21087 111.64333
v 31.47101 38.65427 111.64333
v 13.87364 20.67935 119.89333
v -4.19095 16.77998 119.89333
v -22.23604 38.03273 124.68957
v -22.30045 39.01543 124.68957
v -22.32193 40.00000 124.68957
v -22.30045 40.98457 124.68957
v -22.23604 41.96727 124.68957
v -22.12883 42.94623 124.68957
v -21.97902 43.91958 124.68957
v -21.78689 44.88546 124.68957
v -21.55281 45.84205 124.68957
v -20.70895 44.64649 125.43628
v -20.48632 45.55628 125.43628
v -19.59892 44.40040 126.13192
v -19.38808 45.26201 126.13192
v -18.45910 44.14771 126.77504
v -18.26037 44.95984 126.77504
v -17.29187 43.88894 127.36432
v -17.10554 44.65040 127.36432
v -16.09964 43.62463 127.89852
v -15.92597 44.33434 127.89852
v -14.88489 43.35532 128.37654
v -14.72413 44.01230 128.37654
v -13.65014 43.08159 128.79738
v -13.50249 43.68497 128.79738
v -12.39796 42.80398 129.16017
v -12.26361 43.35301 129.16017
v -11.13094 42.52309 129.46416
v -11.01005 43.01712 129.46416
v -9.85172 42.23950 129.70872
v -9.74442 42.67800 129.70872
v -9.61810 43.11140 129.70872
v -9.47299 43.53888 129.70872
v -9.30937 43.95962 129.70872
v -10.51991 44.46104 129.46416
v -10.31507 44.92657 129.46416
v -11.49126 45.47504 129.16017
v -11.24127 45.98197 129.16017
v -12.37893 46.57421 128.79738
v -12.08015 47.11881 128.79738
v -13.17544 47.75118 128.37654
v -12.82456 48.32941 128.37654
v -13.87394 48.99794 127.89852
v -13.46801 49.60545 127.89852
v -14.46834 50.30589 127.36432
v -14.00479 50.93809 127.36432
v -14.95331 51.66591 126.77504
v -14.42998 52.31796 126.77504
v -15.32433 53.06841 126.13192
v -14.73947 53.73532 126.13192
v -15.57774 54.50345 125.43628
v -14.93004 55.18004 125.43628
v -15.71077 55.96077 124.68957
v -14.99938 56.64178 124.68957
v -14.25896 57.29110 124.68957
v -13.49092 57.90752 124.68957
v -12.69644 58.49005 124.68957
v -11.87789 59.03697 124.68957
v -11.28465 58.10578 125.43628
v -11.03597 59.54787 124.68957
v -10.48391 58.59168 125.43628
v -10.17256 60.02155 124.68957
v -9.66274 59.04219 125.43628
v -9.28931 60.45712 124.68957
v -8.82269 59.45645 125.43628
v -8.38790 60.85375 124.68957
v -7.96538 59.83368 125.43628
v -7.47006 61.21068 124.68957
v -7.09243 60.17315 125.43628
v -6.53751 61.52723 124.68957
v -6.20550 60.47422 125.43628
v -5.59205 61.80281 124.68957
v -5.30628 60.73632 125.43628
v -4.63546 62.03689 124.68957
v -4.39649 60.95895 125.43628
v -3.66958 62.22901 124.68957
v -3.47785 61.14168 125.43628
v -2.69623 62.37883 124.68957
v -2.55211 61.28416 125.43628
v -1.71688 62.48607 124.68957
v -1.62030 61.38620 125.43628
v -0.73457 62.55045 124.68957
v -0.68641 61.44739 125.43628
v 0.25000 62.57193 124.68957
v 0.25000 61.46782 125.43628
v 1.23457 62.55045 124.68957
v 1.18641 61.44739 125.43628
v 2.21727 62.48604 124.68957
v 2.12104 61.38613 125.43628
v 3.19623 62.37883 124.68957
v 3.05211 61.28416 125.43628
v 4.16958 62.22901 124.68957
v 3.97785 61.14168 125.43628
v 5.13546 62.03689 124.68957
v 4.89649 60.95895 125.43628
v 6.09205 61.80281 124.68957
v 5.80628 60.73632 125.43628
v 7.03751 61.52723 124.68957
v 6.70550 60.47422 125.43628
v 7.97006 61.21068 124.68957
v 7.59243 60.17315 125.43628
v 8.88790 60.85375 124.68957
v 8.46538 59.83368 125.43628
v 9.78931 60.45712 124.68957
v 9.32269 59.45645 125.43628
v 10.67256 60.02155 124.68957
v 10.16274 59.04219 125.43628
v 11.53597 59.54787 124.68957
v 10.98391 58.59168 125.43628
v 12.37789 59.03697 124.68957
v 11.78465 58.10578 125.43628
v 13.19644 58.49005 124.68957
v 12.56319 57.58558 125.43628
v 13.99092 57.90752 124.68957
v 13.31878 57.03157 125.43628
v 14.75896 57.29110 124.68957
v 14.04925 56.44530 125.43628
v 15.49938 56.64178 124.68957
v 14.75345 55.82774 125.43628
v 16.21077 55.96077 124.68957
v 15.43004 55.18004 125.43628
v 16.89177 55.24938 124.68957
v 16.07774 54.50345 125.43628
v 17.54110 54.50896 124.68957
v 16.69531 53.79925 125.43628
v 18.15752 53.74092 124.68957
v 17.28157 53.06878 125.43628
v 18.73984 52.94673 124.68957
v 17.83541 52.31344 125.43628
v 19.28698 52.12789 124.68957
v 18.35578 51.53465 125.43628
v 19.79787 51.28597 124.68957
v 18.84168 50.73391 125.43628
v 20.27155 50.42256 124.68957
v 19.29219 49.91274 125.43628
v 20.70712 49.53931 124.68957
v 19.70645 49.07269 125.43628
v 21.10375 48.63791 124.68957
v 20.08368 48.21538 125.43628
v 21.46068 47.72006 124.68957
v 20.42315 47.34243 125.43628
v 21.77724 46.78751 124.68957
v 20.72423 46.45550 125.43628
v 22.05281 45.84205 124.68957
v 20.98632 45.55628 125.43628
v 22.28689 44.88546 124.68957
v 21.20895 44.64649 125.43628
v 22.47902 43.91958 124.68957
v 21.39168 43.72785 125.43628
v 22.62883 42.94623 124.68957
v 21.53416 42.80211 125.43628
v 22.73604 41.96727 124.68957
v 21.63613 41.87104 125.43628
v 22.80045 40.98457 124.68957
v 21.69739 40.93641 125.43628
v 22.82193 40.00000 124.68957
v 21.71782 40.00000 125.43628
v 22.80045 39.01543 124.68957
v 21.69739 39.06359 125.43628
v 22.73604 38.03273 124.68957
v 21.63613 38.12896 125.43628
v 22.62883 37.05377 124.68957
v 21.53416 37.19789 125.43628
v 22.47902 36.08042 124.68957
v 21.39168 36.27215 125.43628
v 22.28689 35.11454 124.68957
v 21.20895 35.35351 125.43628
v 22.05281 34.15795 124.68957
v 20.98632 34.44372 125.43628
v 21.77724 33.21249 124.68957
v 20.72423 33.54450 125.43628
v 21.46068 32.27994 124.68957
v 20.42315 32.65757 125.43628
v 21.10375 31.36210 124.68957
v 20.08368 31.78462 125.43628
v 20.70712 30.46069 124.68957
v 19.70645 30.92731 125.43628
v 20.27155 29.57744 124.68957
v 19.29219 30.08726 125.43628
v 19.79787 28.71403 124.68957
v 18.84168 29.26609 125.43628
v 19.28698 27.87211 124.68957
v 18.35578 28.46535 125.43628
v 18.73984 27.05327 124.68957
v 17.83541 27.68656 125.43628
v 18.15752 26.25908 124.68957
v 17.28157 26.93122 125.43628
v 17.54110 25.49104 124.68957
v 16.69531 26.20075 125.43628
v 16.89177 24.75062 124.68957
v 16.07774 25.49655 125.43628
v 16.21077 24.03923 124.68957
v 15.43004 24.81996 125.43628
v 15.49938 23.35823 124.68957
v 14.75345 24.17226 125.43628
v 14.75896 22.70890 124.68957
v 14.04925 23.55469 125.43628
v 13.99092 22.09248 124.68957
v 13.31878 22.96843 125.43628
v 12.56319 22.41442 125.43628
v 11.91108 23.34580 126.13192
v 11.17375 22.85314 126.13192
v 10.54646 23.83779 126.77504
v 10.41542 22.39298 126.13192
v 9.83168 23.40405 126.77504
v 9.63774 21.96633 126.13192
v 9.09865 23.00190 126.77504
v 8.84218 21.57400 126.13192
v 8.34878 22.63211 126.77504
v 8.03028 21.21675 126.13192
v 7.58350 22.29537 126.77504
v 7.20356 20.89526 126.13192
v 6.80425 21.99234 126.77504
v 6.36360 20.61013 126.13192
v 6.01253 21.72359 126.77504
v 5.51201 20.36192 126.13192
v 5.20984 21.48963 126.77504
v 4.65040 20.15108 126.13192
v 4.39771 21.29090 126.77504
v 3.78041 19.97803 126.13192
v 3.57768 21.12778 126.77504
v 2.90371 19.84309 126.13192
v 2.75132 21.00060 126.77504
v 2.02195 19.74652 126.13192
v 1.92020 20.90957 126.77504
v 1.08838 20.85500 126.77504
v 1.03666 22.04945 127.36432
v 0.25000 22.03222 127.36432
v 0.25000 23.25340 127.89852
v -0.53374 22.04932 127.36432
v -0.48048 23.26934 127.89852
v -1.31600 22.10060 127.36432
v -1.20956 23.31713 127.89852
v -2.09526 22.18594 127.36432
v -1.93587 23.39667 127.89852
v -2.87007 22.30520 127.36432
v -2.65802 23.50782 127.89852
v -3.63894 22.45813 127.36432
v -3.37463 23.65036 127.89852
v -4.40040 22.64446 127.36432
v -4.08434 23.82403 127.89852
v -5.15301 22.86383 127.36432
v -4.78580 24.02848 127.89852
v -5.89534 23.11581 127.36432
v -5.47767 24.26334 127.89852
v -6.62597 23.39994 127.36432
v -6.15865 24.52816 127.89852
v -7.34351 23.71566 127.36432
v -6.82742 24.82243 127.89852
v -8.04660 24.06239 127.36432
v -7.48272 25.14558 127.89852
v -8.73389 24.43945 127.36432
v -8.12330 25.49702 127.89852
v -9.40408 24.84613 127.36432
v -8.74794 25.87606 127.89852
v -10.05575 25.28156 127.36432
v -9.35534 26.28191 127.89852
v -10.68809 25.74520 127.36432
v -9.94468 26.71403 127.89852
v -11.29946 26.23588 127.36432
v -10.51451 27.17136 127.89852
v -11.88885 26.75277 127.36432
v -11.06384 27.65311 127.89852
v -12.45514 27.29486 127.36432
v -11.59163 28.15837 127.89852
v -12.99723 27.86115 127.36432
v -12.09689 28.68616 127.89852
v -13.51412 28.45054 127.36432
v -12.57864 29.23549 127.89852
v -14.00479 29.06191 127.36432
v -13.03597 29.80532 127.89852
v -14.46834 29.69411 127.36432
v -13.46801 30.39455 127.89852
v -14.90387 30.34592 127.36432
v -13.87394 31.00206 127.89852
v -15.31055 31.01611 127.36432
v -14.25298 31.62670 127.89852
v -15.68761 31.70340 127.36432
v -14.60442 32.26728 127.89852
v -16.03434 32.40649 127.36432
v -14.92757 32.92258 127.89852
v -16.35006 33.12403 127.36432
v -15.22184 33.59135 127.89852
v -16.63419 33.85466 127.36432
v -15.48666 34.27233 127.89852
v -16.88617 34.59698 127.36432
v -15.72152 34.96420 127.89852
v -17.10554 35.34960 127.36432
v -15.92597 35.66566 127.89852
v -17.29187 36.11106 127.36432
v -16.09964 36.37537 127.89852
v -17.44480 36.87993 127.36432
v -16.24218 37.09198 127.89852
v -17.56406 37.65474 127.36432
v -16.35333 37.81413 127.89852
v -17.64940 38.43400 127.36432
v -16.43287 38.54044 127.89852
v -17.70068 39.21626 127.36432
v -16.48066 39.26952 127.89852
v -17.71778 40.00000 127.36432
v -16.49660 40.00000 127.89852
v -17.70068 40.78374 127.36432
v -16.48066 40.73048 127.89852
v -17.64940 41.56600 127.36432
v -16.43287 41.45956 127.89852
v -17.56406 42.34526 127.36432
v -16.35333 42.18587 127.89852
v -17.44480 43.12007 127.36432
v -16.24218 42.90802 127.89852
v -22.12883 37.05377 124.68957
v -21.97902 36.08042 124.68957
v -21.78689 35.11454 124.68957
v -21.55281 34.15795 124.68957
v -20.48632 34.44372 125.43628
v -20.22423 33.54450 125.43628
v -19.13987 33.88640 126.13192
v -18.85474 33.04644 126.13192
v -17.75766 33.44575 126.77504
v -17.45463 32.66650 126.77504
v -21.27724 33.21249 124.68957
v -19.92315 32.65757 125.43628
v -18.53325 32.21972 126.13192
v -17.11789 31.90122 126.77504
v -20.96068 32.27994 124.68957
v -19.58368 31.78462 125.43628
v -18.17600 31.40782 126.13192
v -16.74810 31.15135 126.77504
v -20.60375 31.36210 124.68957
v -19.20645 30.92731 125.43628
v -17.78367 30.61226 126.13192
v -16.34595 30.41832 126.77504
v -20.20712 30.46069 124.68957
v -18.79219 30.08726 125.43628
v -17.35702 29.83458 126.13192
v -15.91221 29.70354 126.77504
v -19.77155 29.57744 124.68957
v -18.34168 29.26609 125.43628
v -16.89686 29.07625 126.13192
v -15.44770 29.00835 126.77504
v -19.29787 28.71403 124.68957
v -20.08739 27.94671 123.89333
v -18.78698 27.87211 124.68957
v -18.23984 27.05327 124.68957
v -17.65752 26.25908 124.68957
v -17.04110 25.49104 124.68957
v -16.39177 24.75062 124.68957
v -15.57774 25.49655 125.43628
v -14.93004 24.81996 125.43628
v -14.12608 25.62392 126.13192
v -13.48532 25.01053 126.13192
v -12.69657 25.87130 126.77504
v -12.06796 25.32002 126.77504
v -15.71077 24.03923 124.68957
v -14.25345 24.17226 125.43628
v -12.81841 24.42567 126.13192
v -11.41591 24.79669 126.77504
v -14.99938 23.35823 124.68957
v -13.54925 23.55469 125.43628
v -12.12663 23.87046 126.13192
v -10.74147 24.30218 126.77504
v -14.25896 22.70890 124.68957
v -12.81878 22.96843 125.43628
v -11.41108 23.34580 126.13192
v -10.04646 23.83779 126.77504
v -13.49092 22.09248 124.68957
v -12.06319 22.41442 125.43628
v -10.67375 22.85314 126.13192
v -9.33168 23.40405 126.77504
v -12.69644 21.50996 124.68957
v -11.28465 21.89422 125.43628
v -9.91542 22.39298 126.13192
v -8.59865 23.00190 126.77504
v -11.87789 20.96302 124.68957
v -11.03597 20.45213 124.68957
v -10.17256 19.97845 124.68957
v -9.28931 19.54288 124.68957
v -8.38790 19.14625 124.68957
v -7.47006 18.78932 124.68957
v -6.53751 18.47276 124.68957
v -6.20550 19.52577 125.43628
v -5.30628 19.26368 125.43628
v -5.01201 20.36192 126.13192
v -4.15040 20.15108 126.13192
v -3.89771 21.29090 126.77504
v -3.07768 21.12778 126.77504
v -5.59205 18.19719 124.68957
v -4.39649 19.04105 125.43628
v -3.28041 19.97803 126.13192
v -2.25132 21.00060 126.77504
v -4.63546 17.96311 124.68957
v -3.47785 18.85832 125.43628
v -2.40371 19.84309 126.13192
v -1.42020 20.90957 126.77504
v -3.66958 17.77098 124.68957
v -2.55211 18.71584 125.43628
v -1.52195 19.74652 126.13192
v -0.58589 20.85489 126.77504
v -2.69623 17.62117 124.68957
v -1.62104 18.61387 125.43628
v -0.63682 19.68851 126.13192
v 0.25000 20.83665 126.77504
v -1.71727 17.51396 124.68957
v -0.73457 17.44955 124.68957
v 0.25000 17.42807 124.68957
v 1.23531 17.44958 124.68957
v 2.21727 17.51396 124.68957
v 3.19623 17.62117 124.68957
v 4.16958 17.77098 124.68957
v 3.97785 18.85832 125.43628
v 4.89649 19.04105 125.43628
v 5.13546 17.96311 124.68957
v 5.80628 19.26368 125.43628
v 6.09205 18.19719 124.68957
v 6.70550 19.52577 125.43628
v 7.03751 18.47276 124.68957
v 7.59243 19.82685 125.43628
v 7.97006 18.78932 124.68957
v 8.46538 20.16632 125.43628
v 8.88790 19.14625 124.68957
v 9.78931 19.54288 124.68957
v 10.67256 19.97845 124.68957
v 11.53597 20.45213 124.68957
v 12.37789 20.96302 124.68957
v 13.80953 20.63429 123.89333
v 13.19644 21.50996 124.68957
v 18.41713 24.87232 123.89333
v -16.39177 55.24938 124.68957
v -16.19531 53.79925 125.43628
v -15.87954 52.37663 126.13192
v -15.44770 50.99165 126.77504
v -14.90387 49.65408 127.36432
v -14.25298 48.37330 127.89852
v -13.50076 47.15819 128.37654
v -12.65367 46.01708 128.79738
v -11.71890 44.95768 129.16017
v -10.70425 43.98702 129.46416
v -17.04110 54.50896 124.68957
v -16.78157 53.06878 125.43628
v -16.40405 51.66129 126.13192
v -15.91221 50.29646 126.77504
v -15.31055 48.98389 127.36432
v -14.60442 47.73272 127.89852
v -13.79991 46.55158 128.37654
v -12.90386 45.44850 128.79738
v -11.92376 44.43089 129.16017
v -10.86773 43.50541 129.46416
v -17.65752 53.74092 124.68957
v -18.23984 52.94673 124.68957
v -18.78698 52.12789 124.68957
v -19.29787 51.28597 124.68957
v -19.77155 50.42256 124.68957
v -20.20712 49.53931 124.68957
v -19.20645 49.07269 125.43628
v -19.58368 48.21538 125.43628
v -18.53325 47.78028 126.13192
v -18.85474 46.95356 126.13192
v -17.75766 46.55425 126.77504
v -18.02641 45.76253 126.77504
v -16.88617 45.40302 127.36432
v -20.60375 48.63791 124.68957
v -19.92315 47.34243 125.43628
v -19.13987 46.11360 126.13192
v -20.96068 47.72006 124.68957
v -20.22423 46.45550 125.43628
v -21.27724 46.78751 124.68957
v 10.43979 38.20327 129.70872
v 10.50846 38.64945 129.70872
v 10.55761 39.09820 129.70872
v 11.80754 38.47842 129.46416
v 11.86291 38.98400 129.46416
v 13.09421 38.30903 129.16017
v 13.15575 38.87089 129.16017
v 14.36582 38.14162 128.79738
v 14.43345 38.75911 128.79738
v 15.61973 37.97654 128.37654
v 15.69337 38.64888 128.37654
v 16.85333 37.81413 127.89852
v 16.93287 38.54044 127.89852
v 18.06406 37.65474 127.36432
v 18.14940 38.43400 127.36432
v 19.24940 37.49868 126.77504
v 19.34043 38.32980 126.77504
v 20.40691 37.34629 126.13192
v 20.50348 38.22805 126.13192
v 10.24442 37.32200 129.70872
v 10.35172 37.76050 129.70872
v 11.63094 37.47691 129.46416
v 11.73016 37.97574 129.46416
v 12.89796 37.19602 129.16017
v 13.00823 37.75038 129.16017
v 14.15014 36.91841 128.79738
v 14.27133 37.52766 128.79738
v 15.38489 36.64468 128.37654
v 15.51684 37.30804 128.37654
v 16.59964 36.37537 127.89852
v 16.74218 37.09198 127.89852
v 17.79187 36.11106 127.36432
v 17.94480 36.87993 127.36432
v 18.95910 35.85229 126.77504
v 19.12222 36.67232 126.77504
v 20.09892 35.59960 126.13192
v 20.27197 36.46959 126.13192
v 9.97299 36.46112 129.70872
v 10.11810 36.88860 129.70872
v 11.36773 36.49459 129.46416
v 11.51005 36.98288 129.46416
v 12.60545 36.10434 129.16017
v 12.76361 36.64699 129.16017
v 13.82867 35.71866 128.79738
v 14.00249 36.31503 128.79738
v 15.03486 35.33835 128.37654
v 15.22413 35.98770 128.37654
v 16.22152 34.96420 127.89852
v 16.42597 35.66566 127.89852
v 17.38617 34.59698 127.36432
v 17.60554 35.34960 127.36432
v 18.52641 34.23747 126.77504
v 18.76037 35.04016 126.77504
v 19.63987 33.88640 126.13192
v 19.88808 34.73799 126.13192
v 9.62755 35.62718 129.70872
v 9.80937 36.04038 129.70872
v 11.01991 35.53896 129.46416
v 11.20425 36.01298 129.46416
v 12.21890 35.04232 129.16017
v 12.42376 35.56911 129.16017
v 13.40386 34.55150 128.79738
v 13.62900 35.13044 128.79738
v 14.57231 34.06750 128.37654
v 14.81745 34.69788 128.37654
v 15.72184 33.59135 127.89852
v 15.98666 34.27233 127.89852
v 16.85006 33.12403 127.36432
v 17.13419 33.85466 127.36432
v 17.95463 32.66650 126.77504
v 18.25766 33.44575 126.77504
v 19.03325 32.21972 126.13192
v 19.35474 33.04644 126.13192
v 9.21075 34.82651 129.70872
v 9.42789 35.22229 129.70872
v 10.59012 34.61727 129.46416
v 10.81507 35.07343 129.46416
v 11.74127 34.01803 129.16017
v 11.99126 34.52496 129.16017
v 12.87893 33.42579 128.79738
v 13.15367 33.98292 128.79738
v 14.00076 32.84181 128.37654
v 14.29991 33.44842 128.37654
v 15.10442 32.26728 127.89852
v 15.42757 32.92258 127.89852
v 16.18761 31.70340 127.36432
v 16.53434 32.40649 127.36432
v 17.24810 31.15135 126.77504
v 17.61789 31.90122 126.77504
v 18.28367 30.61226 126.13192
v 18.67600 31.40782 126.13192
v 8.72575 34.06521 129.70872
v 8.97656 34.44057 129.70872
v 10.08164 33.73656 129.46416
v 10.34549 34.17137 129.46416
v 11.17617 33.03926 129.16017
v 11.46940 33.52248 129.16017
v 12.25789 32.35013 128.79738
v 12.58015 32.88119 128.79738
v 13.32456 31.67059 128.37654
v 13.67544 32.24882 128.37654
v 14.37394 31.00206 127.89852
v 14.75298 31.62670 127.89852
v 15.40387 30.34592 127.36432
v 15.81055 31.01611 127.36432
v 16.41221 29.70354 126.77504
v 16.84595 30.41832 126.77504
v 17.39686 29.07625 126.13192
v 17.85702 29.83458 126.13192
v 8.17625 33.34909 129.70872
v 8.45881 33.70115 129.70872
v 9.49833 32.90351 129.46416
v 9.79907 33.31367 129.46416
v 10.52793 32.11347 129.16017
v 10.86215 32.56929 129.16017
v 11.54547 31.33268 128.79738
v 11.91278 31.83363 128.79738
v 12.54885 30.56276 128.37654
v 12.94879 31.10821 128.37654
v 13.53597 29.80532 127.89852
v 13.96801 30.39455 127.89852
v 14.50479 29.06191 127.36432
v 14.96834 29.69411 127.36432
v 15.45331 28.33409 126.77504
v 15.94770 29.00835 126.77504
v 16.37954 27.62337 126.13192
v 16.90405 28.33871 126.13192
v 7.56642 32.68358 129.70872
v 8.84464 32.12447 129.46416
v 9.17998 32.50685 129.46416
v 9.80146 31.24770 129.16017
v 10.17414 31.67266 129.16017
v 10.74708 30.38120 128.79738
v 11.15666 30.84823 128.79738
v 11.67954 29.52676 128.37654
v 12.12549 30.03528 128.37654
v 12.59689 28.68616 127.89852
v 13.07864 29.23549 127.89852
v 13.49723 27.86115 127.36432
v 14.01412 28.45054 127.36432
v 14.37870 27.05343 126.77504
v 14.92998 27.68204 126.77504
v 15.23947 26.26468 126.13192
v 15.82433 26.93159 126.13192
v 6.90091 32.07375 129.70872
v 7.24032 32.37140 129.70872
v 8.12553 31.40536 129.46416
v 8.49293 31.75707 129.46416
v 9.00230 30.44854 129.16017
v 9.41060 30.83940 129.16017
v 9.86880 29.50292 128.79738
v 10.31752 29.93248 128.79738
v 10.72324 28.57046 128.37654
v 11.21182 29.03818 128.37654
v 11.56384 27.65311 127.89852
v 12.09163 28.15837 127.89852
v 12.38885 26.75277 127.36432
v 12.95514 27.29486 127.36432
v 13.19657 25.87130 126.77504
v 13.80053 26.44947 126.77504
v 13.98532 25.01053 126.13192
v 14.62608 25.62392 126.13192
v 6.18478 31.52424 129.70872
v 6.54885 31.79118 129.70872
v 7.34649 30.75167 129.46416
v 7.74315 31.07002 129.46416
v 8.13653 29.72207 129.16017
v 8.57734 30.07586 129.16017
v 8.91732 28.70453 128.79738
v 9.40177 29.09334 128.79738
v 9.68724 27.70115 128.37654
v 10.21472 28.12451 128.37654
v 10.44468 26.71403 127.89852
v 11.01451 27.17136 127.89852
v 11.18809 25.74520 127.36432
v 11.79946 26.23588 127.36432
v 11.91591 24.79669 126.77504
v 12.56796 25.32002 126.77504
v 12.62663 23.87046 126.13192
v 13.31841 24.42567 126.13192
v 5.42349 31.03925 129.70872
v 5.80943 31.27344 129.70872
v 6.93631 30.45091 129.46416
v 4.62282 30.62245 129.70872
v 5.02771 30.82211 129.70872
v 5.63273 29.65988 129.46416
v 6.07863 29.90451 129.46416
v 6.23197 28.50874 129.16017
v 6.72752 28.78060 129.16017
v 6.82421 27.37107 128.79738
v 7.36881 27.66985 128.79738
v 7.40819 26.24924 128.37654
v 8.00118 26.57456 128.37654
v 7.98272 25.14558 127.89852
v 8.62330 25.49702 127.89852
v 8.54660 24.06239 127.36432
v 9.23389 24.43945 127.36432
v 3.78888 30.27701 129.70872
v 4.20962 30.44063 129.70872
v 4.71104 29.23009 129.46416
v 5.17657 29.43493 129.46416
v 5.20768 28.03110 129.16017
v 5.72504 28.25874 129.16017
v 5.69850 26.84614 128.79738
v 6.26708 27.09633 128.79738
v 6.18250 25.67769 128.37654
v 6.80158 25.95009 128.37654
v 6.65865 24.52816 127.89852
v 7.32742 24.82243 127.89852
v 7.12597 23.39994 127.36432
v 7.84351 23.71566 127.36432
v 2.92800 30.00558 129.70872
v 3.36140 30.13190 129.70872
v 3.75541 28.88227 129.46416
v 4.23702 29.04575 129.46416
v 4.14566 27.64455 129.16017
v 4.68089 27.82624 129.16017
v 4.53134 26.42133 128.79738
v 5.11956 26.62100 128.79738
v 4.91165 25.21514 128.37654
v 5.55212 25.43255 128.37654
v 5.28580 24.02848 127.89852
v 5.97767 24.26334 127.89852
v 5.65301 22.86383 127.36432
v 6.39534 23.11581 127.36432
v 2.04673 29.81021 129.70872
v 2.48950 29.89828 129.70872
v 2.77309 28.61906 129.46416
v 3.26712 28.73995 129.46416
v 3.05398 27.35204 129.16017
v 3.60301 27.48639 129.16017
v 3.33159 26.09986 128.79738
v 3.93497 26.24751 128.79738
v 3.60532 24.86511 128.37654
v 4.26230 25.02587 128.37654
v 3.87463 23.65036 127.89852
v 4.58434 23.82403 127.89852
v 4.13894 22.45813 127.36432
v 4.90040 22.64446 127.36432
v 1.15180 29.69239 129.70872
v 1.60055 29.74153 129.70872
v 1.77158 28.44246 129.46416
v 2.27426 28.51984 129.46416
v 1.94097 27.15579 129.16017
v 2.49962 27.24177 129.16017
v 2.10838 25.88417 128.79738
v 2.72234 25.97867 128.79738
v 2.27346 24.63027 128.37654
v 2.94196 24.73316 128.37654
v 2.43587 23.39667 127.89852
v 3.15802 23.50782 127.89852
v 2.59526 22.18594 127.36432
v 3.37007 22.30520 127.36432
v 0.25000 29.65301 129.70872
v 0.70502 29.66303 129.70872
v 1.26600 28.38709 129.46416
v -0.65180 29.69239 129.70872
v -0.20133 29.66286 129.70872
v -0.25848 28.35383 129.46416
v 0.25000 28.34274 129.46416
v -0.31509 27.05729 129.16017
v 0.25000 27.04496 129.16017
v -0.37104 25.77592 128.79738
v 0.25000 25.76237 128.79738
v -0.42620 24.51240 128.37654
v 0.25000 24.49764 128.37654
v -1.54673 29.81021 129.70872
v -1.10055 29.74153 129.70872
v -1.27158 28.44246 129.46416
v -0.76600 28.38709 129.46416
v -1.44097 27.15579 129.16017
v -0.87911 27.09425 129.16017
v -1.60838 25.88417 128.79738
v -0.99089 25.81655 128.79738
v -1.77346 24.63027 128.37654
v -1.10112 24.55663 128.37654
v -2.42800 30.00558 129.70872
v -1.98950 29.89828 129.70872
v -2.27309 28.61906 129.46416
v -1.77426 28.51984 129.46416
v -2.55398 27.35204 129.16017
v -1.99962 27.24177 129.16017
v -2.83159 26.09986 128.79738
v -2.22234 25.97867 128.79738
v -3.10532 24.86511 128.37654
v -2.44196 24.73316 128.37654
v -3.28888 30.27701 129.70872
v -2.86140 30.13190 129.70872
v -3.25541 28.88227 129.46416
v -2.76712 28.73995 129.46416
v -3.64566 27.64455 129.16017
v -3.10301 27.48639 129.16017
v -4.03134 26.42133 128.79738
v -3.43497 26.24751 128.79738
v -4.41165 25.21514 128.37654
v -3.76231 25.02587 128.37654
v -4.12282 30.62245 129.70872
v -3.70962 30.44063 129.70872
v -4.21104 29.23009 129.46416
v -3.73702 29.04575 129.46416
v -4.70768 28.03110 129.16017
v -4.18089 27.82624 129.16017
v -5.19850 26.84614 128.79738
v -4.61956 26.62100 128.79738
v -5.68250 25.67769 128.37654
v -5.05212 25.43255 128.37654
v -4.92349 31.03925 129.70872
v -4.52771 30.82211 129.70872
v -5.13273 29.65988 129.46416
v -4.67657 29.43493 129.46416
v -5.73197 28.50874 129.16017
v -5.22504 28.25874 129.16017
v -6.32421 27.37107 128.79738
v -5.76708 27.09633 128.79738
v -6.90819 26.24924 128.37654
v -6.30158 25.95009 128.37654
v -5.68478 31.52424 129.70872
v -5.30943 31.27344 129.70872
v -6.01344 30.16836 129.46416
v -5.57863 29.90451 129.46416
v -6.71074 29.07383 129.16017
v -6.22752 28.78060 129.16017
v -7.39987 27.99210 128.79738
v -6.86881 27.66985 128.79738
v -8.07941 26.92544 128.37654
v -7.50118 26.57456 128.37654
v -6.40091 32.07375 129.70872
v -6.04885 31.79118 129.70872
v -6.84649 30.75167 129.46416
v -6.43631 30.45091 129.46416
v -7.63653 29.72207 129.16017
v -7.18066 29.38782 129.16017
v -8.41732 28.70453 128.79738
v -7.91630 28.33717 128.79738
v -9.18724 27.70115 128.37654
v -8.64170 27.30115 128.37654
v -7.06642 32.68358 129.70872
v -6.74032 32.37140 129.70872
v -7.62553 31.40536 129.46416
v -7.24315 31.07002 129.46416
v -8.50230 30.44854 129.16017
v -8.07734 30.07586 129.16017
v -9.36880 29.50292 128.79738
v -8.90177 29.09334 128.79738
v -10.22324 28.57046 128.37654
v -9.71472 28.12451 128.37654
v -7.67625 33.34909 129.70872
v -7.37860 33.00968 129.70872
v -8.34464 32.12447 129.46416
v -9.30146 31.24770 129.16017
v -8.91060 30.83940 129.16017
v -10.24708 30.38120 128.79738
v -9.81752 29.93248 128.79738
v -11.17954 29.52676 128.37654
v -10.71182 29.03818 128.37654
v -8.22575 34.06521 129.70872
v -7.95882 33.70115 129.70872
v -8.99833 32.90351 129.46416
v -8.67998 32.50685 129.46416
v -10.02793 32.11347 129.16017
v -9.67414 31.67266 129.16017
v -11.04547 31.33268 128.79738
v -10.65666 30.84823 128.79738
v -12.04885 30.56276 128.37654
v -11.62549 30.03528 128.37654
v -8.71075 34.82651 129.70872
v -8.47656 34.44057 129.70872
v -9.58164 33.73656 129.46416
v -9.29907 33.31367 129.46416
v -10.67617 33.03926 129.16017
v -10.36215 32.56929 129.16017
v -11.75789 32.35013 128.79738
v -11.41278 31.83363 128.79738
v -12.82456 31.67059 128.37654
v -12.44879 31.10821 128.37654
v -9.12755 35.62718 129.70872
v -8.92789 35.22229 129.70872
v -10.09012 34.61727 129.46416
v -9.84549 34.17137 129.46416
v -11.24127 34.01803 129.16017
v -10.96940 33.52248 129.16017
v -12.37893 33.42579 128.79738
v -12.08015 32.88119 128.79738
v -13.50076 32.84181 128.37654
v -13.17544 32.24882 128.37654
v -9.47299 36.46112 129.70872
v -9.30937 36.04038 129.70872
v -10.51991 35.53896 129.46416
v -10.31507 35.07343 129.46416
v -11.71890 35.04232 129.16017
v -11.49126 34.52496 129.16017
v -12.90386 34.55150 128.79738
v -12.65367 33.98292 128.79738
v -14.07231 34.06750 128.37654
v -13.79991 33.44842 128.37654
v -9.74442 37.32200 129.70872
v -9.61810 36.88860 129.70872
v -10.86773 36.49459 129.46416
v -10.70425 36.01298 129.46416
v -12.10545 36.10434 129.16017
v -11.92376 35.56911 129.16017
v -13.32867 35.71866 128.79738
v -13.12900 35.13044 128.79738
v -14.53486 35.33835 128.37654
v -14.31745 34.69788 128.37654
v -9.93979 38.20327 129.70872
v -9.85172 37.76050 129.70872
v -11.13094 37.47691 129.46416
v -11.01005 36.98288 129.46416
v -12.39796 37.19602 129.16017
v -12.26361 36.64699 129.16017
v -13.65014 36.91841 128.79738
v -13.50249 36.31503 128.79738
v -14.88489 36.64468 128.37654
v -14.72413 35.98770 128.37654
v -10.05761 39.09820 129.70872
v -10.00846 38.64945 129.70872
v -11.30754 38.47842 129.46416
v -11.23016 37.97574 129.46416
v -12.59421 38.30903 129.16017
v -12.50823 37.75038 129.16017
v -13.86582 38.14162 128.79738
v -13.77133 37.52766 128.79738
v -15.11973 37.97654 128.37654
v -15.01684 37.30804 128.37654
v -10.08714 39.54867 129.70872
v -10.09699 40.00000 129.70872
v -10.08714 40.45133 129.70872
v -11.39617 40.50848 129.46416
v -11.36291 41.01600 129.46416
v -12.65575 41.12911 129.16017
v -12.59421 41.69097 129.16017
v -13.86582 41.85838 128.79738
v -13.77133 42.47234 128.79738
v -15.01684 42.69196 128.37654
v -10.05761 40.90180 129.70872
v -11.30754 41.52158 129.46416
v -12.50823 42.24962 129.16017
v -10.00846 41.35055 129.70872
v -9.93979 41.79673 129.70872
v -9.12755 44.37282 129.70872
v -10.09012 45.38273 129.46416
v -10.96940 46.47752 129.16017
v -11.75789 47.64987 128.79738
v -12.44879 48.89179 128.37654
v -13.03597 50.19468 127.89852
v -13.51412 51.54946 127.36432
v -13.87870 52.94657 126.77504
v -14.12608 54.37608 126.13192
v -14.25345 55.82774 125.43628
v -8.92789 44.77771 129.70872
v -8.71075 45.17349 129.70872
v -9.58164 46.26344 129.46416
v -9.29907 46.68633 129.46416
v -10.36215 47.43071 129.16017
v -10.02793 47.88653 129.16017
v -11.04547 48.66732 128.79738
v -10.65666 49.15177 128.79738
v -11.62549 49.96472 128.37654
v -11.17954 50.47324 128.37654
v -12.09689 51.31384 127.89852
v -11.59163 51.84163 127.89852
v -12.45514 52.70514 127.36432
v -11.88885 53.24723 127.36432
v -12.69657 54.12870 126.77504
v -12.06796 54.67998 126.77504
v -12.81841 55.57433 126.13192
v -12.12663 56.12954 126.13192
v -12.81878 57.03157 125.43628
v -11.41108 56.65420 126.13192
v -12.06319 57.58558 125.43628
v -10.67375 57.14686 126.13192
v -8.22575 45.93479 129.70872
v -8.99833 47.09649 129.46416
v -9.67414 48.32734 129.16017
v -10.24708 49.61880 128.79738
v -10.71182 50.96182 128.37654
v -11.06384 52.34689 127.89852
v -11.29946 53.76411 127.36432
v -11.41591 55.20331 126.77504
v -10.74147 55.69782 126.77504
v -10.04646 56.16221 126.77504
v -9.91542 57.60702 126.13192
v -7.95882 46.29885 129.70872
v -7.67625 46.65091 129.70872
v -7.37860 46.99032 129.70872
v -8.34464 47.87553 129.46416
v -7.99293 48.24293 129.46416
v -8.91060 49.16060 129.16017
v -8.50230 49.55146 129.16017
v -9.36880 50.49708 128.79738
v -8.90177 50.90666 128.79738
v -9.71472 51.87549 128.37654
v -9.18724 52.29885 128.37654
v -9.94468 53.28597 127.89852
v -8.64170 52.69885 128.37654
v -9.35534 53.71809 127.89852
v -8.07941 53.07455 128.37654
v -8.74794 54.12394 127.89852
v -8.12330 54.50298 127.89852
v -8.73389 55.56055 127.36432
v -8.04660 55.93761 127.36432
v -8.59865 56.99810 126.77504
v -7.84878 57.36789 126.77504
v -8.34218 58.42600 126.13192
v -7.53028 58.78325 126.13192
v -7.06642 47.31642 129.70872
v -7.62553 48.59464 129.46416
v -8.07734 49.92414 129.16017
v -8.41732 51.29547 128.79738
v -7.91630 51.66283 128.79738
v -7.39987 52.00789 128.79738
v -7.50118 53.42544 128.37654
v -7.48272 54.85442 127.89852
v -7.34351 56.28434 127.36432
v -7.08350 57.70463 126.77504
v -6.70356 59.10474 126.13192
v -6.40091 47.92625 129.70872
v -6.04885 48.20882 129.70872
v -6.84649 49.24833 129.46416
v -5.68478 48.47576 129.70872
v -6.43631 49.54909 129.46416
v -5.30943 48.72656 129.70872
v -6.01344 49.83164 129.46416
v -5.57863 50.09549 129.46416
v -6.22752 51.21940 129.16017
v -5.73197 51.49126 129.16017
v -6.32421 52.62893 128.79738
v -5.76708 52.90367 128.79738
v -6.30158 54.04991 128.37654
v -5.68250 54.32231 128.37654
v -6.15865 55.47184 127.89852
v -5.47767 55.73666 127.89852
v -5.89534 56.88419 127.36432
v -5.15301 57.13617 127.36432
v -5.51253 58.27641 126.77504
v -4.70984 58.51038 126.77504
v -5.01201 59.63808 126.13192
v -4.15040 59.84892 126.13192
v -4.92349 48.96075 129.70872
v -4.52771 49.17789 129.70872
v -5.13273 50.34012 129.46416
v -4.67657 50.56507 129.46416
v -5.22504 51.74126 129.16017
v -4.70768 51.96890 129.16017
v -5.19850 53.15386 128.79738
v -4.61956 53.37900 128.79738
v -5.05212 54.56745 128.37654
v -4.41165 54.78486 128.37654
v -4.78580 55.97152 127.89852
v -4.08434 56.17597 127.89852
v -4.40040 57.35554 127.36432
v -3.63894 57.54187 127.36432
v -3.89771 58.70910 126.77504
v -3.07768 58.87222 126.77504
v -3.28041 60.02197 126.13192
v -2.40371 60.15691 126.13192
v -4.12282 49.37755 129.70872
v -4.21104 50.76991 129.46416
v -4.18089 52.17376 129.16017
v -4.03134 53.57867 128.79738
v -3.76231 54.97413 128.37654
v -3.37463 56.34964 127.89852
v -2.87007 57.69481 127.36432
v -2.25132 58.99941 126.77504
v -1.52089 60.25357 126.13192
v -3.70962 49.55937 129.70872
v -3.28888 49.72299 129.70872
v -2.86140 49.86809 129.70872
v -3.25541 51.11773 129.46416
v -2.76712 51.26005 129.46416
v -3.10301 52.51361 129.16017
v -2.55398 52.64796 129.16017
v -2.83159 53.90014 128.79738
v -2.22234 54.02133 128.79738
v -2.44196 55.26684 128.37654
v -1.77346 55.36973 128.37654
v -1.93587 56.60333 127.89852
v -1.20782 56.68303 127.89852
v -1.31444 57.89954 127.36432
v -0.53374 57.95067 127.36432
v -0.58589 59.14511 126.77504
v 0.25000 59.16335 126.77504
v 0.25000 60.33084 126.13192
v 1.13682 60.31149 126.13192
v -2.42800 49.99442 129.70872
v -2.27309 51.38094 129.46416
v -1.99962 52.75823 129.16017
v -1.60838 54.11583 128.79738
v -1.09924 55.44353 128.37654
v -0.48048 56.73066 127.89852
v 0.25000 57.96778 127.36432
v 1.08589 59.14511 126.77504
v 2.02195 60.25348 126.13192
v -1.98950 50.10172 129.70872
v -1.54673 50.18979 129.70872
v -1.10055 50.25847 129.70872
v -1.27158 51.55754 129.46416
v -0.76398 51.61308 129.46416
v -0.87709 52.90592 129.16017
v -0.31509 52.94271 129.16017
v -0.37104 54.22408 128.79738
v 0.25000 54.23763 128.79738
v 0.25000 55.50236 128.37654
v 0.92620 55.48760 128.37654
v 0.98048 56.73066 127.89852
v 1.70956 56.68287 127.89852
v 1.81600 57.89940 127.36432
v 2.59526 57.81406 127.36432
v 2.75132 58.99941 126.77504
v 3.57768 58.87222 126.77504
v 3.78041 60.02197 126.13192
v 4.65040 59.84892 126.13192
v -0.64983 50.30778 129.70872
v -0.25848 51.64617 129.46416
v 0.25000 52.95504 129.16017
v 0.87104 54.22408 128.79738
v 1.60112 55.44337 128.37654
v 2.43587 56.60333 127.89852
v 3.37007 57.69481 127.36432
v 4.39771 58.70910 126.77504
v 5.51201 59.63808 126.13192
v -0.20133 50.33714 129.70872
v 0.25000 50.34698 129.70872
v 0.70133 50.33714 129.70872
v 0.75848 51.64617 129.46416
v 1.26600 51.61291 129.46416
v 1.37911 52.90575 129.16017
v 1.94097 52.84421 129.16017
v 2.10838 54.11583 128.79738
v 2.72234 54.02133 128.79738
v 2.94196 55.26684 128.37654
v 3.60532 55.13489 128.37654
v 3.87463 56.34964 127.89852
v 4.58434 56.17597 127.89852
v 4.90040 57.35554 127.36432
v 5.65301 57.13617 127.36432
v 6.01253 58.27641 126.77504
v 6.80425 58.00766 126.77504
v 7.20356 59.10474 126.13192
v 8.03028 58.78325 126.13192
v 1.15180 50.30761 129.70872
v 1.77158 51.55754 129.46416
v 2.49962 52.75823 129.16017
v 3.33159 53.90014 128.79738
v 4.26230 54.97413 128.37654
v 5.28580 55.97152 127.89852
v 6.39534 56.88419 127.36432
v 7.58350 57.70463 126.77504
v 8.84218 58.42600 126.13192
v 1.60055 50.25847 129.70872
v 2.04673 50.18979 129.70872
v 2.48950 50.10172 129.70872
v 2.77309 51.38094 129.46416
v 3.26712 51.26005 129.46416
v 3.60301 52.51361 129.16017
v 4.14566 52.35545 129.16017
v 4.53134 53.57867 128.79738
v 5.11956 53.37900 128.79738
v 5.55212 54.56745 128.37654
v 6.18250 54.32231 128.37654
v 6.65865 55.47184 127.89852
v 7.32742 55.17757 127.89852
v 7.84351 56.28434 127.36432
v 8.54660 55.93761 127.36432
v 9.09865 56.99810 126.77504
v 9.83168 56.59595 126.77504
v 10.41542 57.60702 126.13192
v 11.17375 57.14686 126.13192
v 2.92800 49.99442 129.70872
v 3.75541 51.11773 129.46416
v 4.68089 52.17376 129.16017
v 5.69850 53.15386 128.79738
v 6.80158 54.04991 128.37654
v 7.98272 54.85442 127.89852
v 9.23389 55.56055 127.36432
v 10.54646 56.16221 126.77504
v 11.91108 56.65420 126.13192
v 3.36140 49.86809 129.70872
v 3.78888 49.72299 129.70872
v 4.20962 49.55937 129.70872
v 4.71104 50.76991 129.46416
v 5.17657 50.56507 129.46416
v 5.72504 51.74126 129.16017
v 6.23197 51.49126 129.16017
v 6.82421 52.62893 128.79738
v 7.36881 52.33015 128.79738
v 8.00118 53.42544 128.37654
v 8.57941 53.07455 128.37654
v 9.24794 54.12394 127.89852
v 9.85534 53.71809 127.89852
v 10.55575 54.71844 127.36432
v 11.18809 54.25480 127.36432
v 11.91591 55.20331 126.77504
v 12.56796 54.67998 126.77504
v 13.31841 55.57433 126.13192
v 13.98532 54.98947 126.13192
v 4.62282 49.37755 129.70872
v 5.63273 50.34012 129.46416
v 6.72752 51.21940 129.16017
v 7.89987 52.00789 128.79738
v 9.14170 52.69885 128.37654
v 10.44468 53.28597 127.89852
v 11.79946 53.76411 127.36432
v 13.19657 54.12870 126.77504
v 14.62608 54.37608 126.13192
v 5.02771 49.17789 129.70872
v 5.80943 48.72656 129.70872
v 6.51344 49.83164 129.46416
v 6.93631 49.54909 129.46416
v 7.68066 50.61218 129.16017
v 8.13653 50.27793 129.16017
v 8.91732 51.29547 128.79738
v 9.40177 50.90666 128.79738
v 10.21472 51.87549 128.37654
v 10.72324 51.42954 128.37654
v 11.56384 52.34689 127.89852
v 12.09163 51.84163 127.89852
v 12.95514 52.70514 127.36432
v 13.49723 52.13885 127.36432
v 14.37870 52.94657 126.77504
v 14.92998 52.31796 126.77504
v 15.82433 53.06841 126.13192
v 16.37954 52.37663 126.13192
v 6.18478 48.47576 129.70872
v 7.34649 49.24833 129.46416
v 8.57734 49.92414 129.16017
v 9.86880 50.49708 128.79738
v 11.21182 50.96182 128.37654
v 12.59689 51.31384 127.89852
v 14.01412 51.54946 127.36432
v 15.45331 51.66591 126.77504
v 16.90405 51.66129 126.13192
v 6.54885 48.20882 129.70872
v 6.90091 47.92625 129.70872
v 7.24032 47.62860 129.70872
v 8.12553 48.59464 129.46416
v 8.49293 48.24293 129.46416
v 9.41060 49.16060 129.16017
v 9.80146 48.75230 129.16017
v 10.74708 49.61880 128.79738
v 11.15666 49.15177 128.79738
v 12.12549 49.96472 128.37654
v 12.54885 49.43724 128.37654
v 13.53597 50.19468 127.89852
v 13.96801 49.60545 127.89852
v 14.96834 50.30589 127.36432
v 15.40387 49.65408 127.36432
v 16.41221 50.29646 126.77504
v 16.84595 49.58167 126.77504
v 17.85702 50.16542 126.13192
v 18.28367 49.38774 126.13192
v 7.56642 47.31642 129.70872
v 8.84464 47.87553 129.46416
v 10.17414 48.32734 129.16017
v 11.54547 48.66732 128.79738
v 12.94879 48.89179 128.37654
v 14.37394 48.99794 127.89852
v 15.81055 48.98389 127.36432
v 17.24810 48.84865 126.77504
v 18.67600 48.59218 126.13192
v 7.87860 46.99032 129.70872
v 8.17625 46.65091 129.70872
v 8.45881 46.29885 129.70872
v 9.49833 47.09649 129.46416
v 9.79907 46.68633 129.46416
v 10.86215 47.43071 129.16017
v 11.17617 46.96074 129.16017
v 12.25789 47.64987 128.79738
v 12.58015 47.11881 128.79738
v 13.67544 47.75118 128.37654
v 14.00076 47.15819 128.37654
v 15.10442 47.73272 127.89852
v 15.42757 47.07742 127.89852
v 16.53434 47.59351 127.36432
v 16.85006 46.87597 127.36432
v 17.95463 47.33350 126.77504
v 18.25766 46.55425 126.77504
v 19.35474 46.95356 126.13192
v 19.63987 46.11360 126.13192
v 8.72575 45.93479 129.70872
v 10.08164 46.26344 129.46416
v 11.46940 46.47752 129.16017
v 12.87893 46.57421 128.79738
v 14.29991 46.55158 128.37654
v 15.72184 46.40865 127.89852
v 17.13419 46.14534 127.36432
v 18.52641 45.76253 126.77504
v 19.88808 45.26201 126.13192
v 8.97656 45.55943 129.70872
v 9.21075 45.17349 129.70872
v 9.42789 44.77771 129.70872
v 10.59012 45.38273 129.46416
v 10.81507 44.92657 129.46416
v 11.99126 45.47504 129.16017
v 12.21890 44.95768 129.16017
v 13.40386 45.44850 128.79738
v 13.62900 44.86956 128.79738
v 14.81745 45.30212 128.37654
v 15.03486 44.66165 128.37654
v 16.22152 45.03580 127.89852
v 16.42597 44.33434 127.89852
v 17.60554 44.65040 127.36432
v 17.79187 43.88894 127.36432
v 18.95910 44.14771 126.77504
v 19.12222 43.32768 126.77504
v 20.27197 43.53041 126.13192
v 20.40691 42.65371 126.13192
v 9.62755 44.37282 129.70872
v 11.01991 44.46104 129.46416
v 12.42376 44.43089 129.16017
v 13.82867 44.28134 128.79738
v 15.22413 44.01230 128.37654
v 16.59964 43.62463 127.89852
v 17.94480 43.12007 127.36432
v 19.24940 42.50132 126.77504
v 20.50348 41.77195 126.13192
v 9.80937 43.95962 129.70872
v 9.97299 43.53888 129.70872
v 10.11810 43.11140 129.70872
v 11.36773 43.50541 129.46416
v 11.51005 43.01712 129.46416
v 12.76361 43.35301 129.16017
v 12.89796 42.80398 129.16017
v 14.15014 43.08159 128.79738
v 14.27133 42.47234 128.79738
v 15.51684 42.69196 128.37654
v 15.61973 42.02346 128.37654
v 16.85333 42.18587 127.89852
v 16.93287 41.45956 127.89852
v 18.14940 41.56600 127.36432
v 18.20068 40.78374 127.36432
v 19.39511 40.83589 126.77504
v 19.41335 40.00000 126.77504
v 20.58084 40.00000 126.13192
v 20.56149 39.11318 126.13192
v 10.24442 42.67800 129.70872
v 11.63094 42.52309 129.46416
v 13.00823 42.24962 129.16017
v 14.36582 41.85838 128.79738
v 15.69337 41.35112 128.37654
v 16.98066 40.73048 127.89852
v 18.21778 40.00000 127.36432
v 19.39511 39.16411 126.77504
v 10.35172 42.23950 129.70872
v 10.43979 41.79673 129.70872
v 10.50846 41.35055 129.70872
v 11.80754 41.52158 129.46416
v 11.86291 41.01600 129.46416
v 13.15575 41.12911 129.16017
v 13.19271 40.56509 129.16017
v 14.47408 40.62104 128.79738
v 14.48763 40.00000 128.79738
v 15.75236 40.00000 128.37654
v 15.73760 39.32380 128.37654
v 16.98066 39.26952 127.89852
v 10.55761 40.90180 129.70872
v 11.89617 40.50848 129.46416
v 13.20505 40.00000 129.16017
v 14.47408 39.37896 128.79738
v 10.58714 40.45133 129.70872
v 11.90727 40.00000 129.46416
v 13.19271 39.43491 129.16017
v 10.59699 40.00000 129.70872
v 10.58714 39.54867 129.70872
v 20.56149 40.88682 126.13192
v 19.34043 41.67020 126.77504
v 18.06406 42.34526 127.36432
v 16.74218 42.90802 127.89852
v 15.38489 43.35532 128.37654
v 14.00249 43.68497 128.79738
v 12.60545 43.89566 129.16017
v 11.20425 43.98702 129.46416
v 16.99660 40.00000 127.89852
v 18.20068 39.21626 127.36432
v 15.73760 40.67620 128.37654
v 14.43345 41.24089 128.79738
v 13.09421 41.69097 129.16017
v 11.73016 42.02426 129.46416
v 11.89617 39.49152 129.46416
v -21.13613 38.12896 125.43628
v -21.19739 39.06359 125.43628
v -21.21782 40.00000 125.43628
v -21.19739 40.93641 125.43628
v -21.13613 41.87104 125.43628
v -21.03416 42.80211 125.43628
v -20.89168 43.72785 125.43628
v -20.00348 38.22805 126.13192
v -20.06149 39.11318 126.13192
v -20.08084 40.00000 126.13192
v -20.06149 40.88682 126.13192
v -20.00348 41.77195 126.13192
v -19.90691 42.65371 126.13192
v -19.77197 43.53041 126.13192
v -21.03416 37.19789 125.43628
v -20.89168 36.27215 125.43628
v -20.70895 35.35351 125.43628
v -18.84043 38.32980 126.77504
v -18.89511 39.16411 126.77504
v -18.91335 40.00000 126.77504
v -18.89511 40.83589 126.77504
v -18.84043 41.67020 126.77504
v -18.74940 42.50132 126.77504
v -18.62222 43.32768 126.77504
v -19.90691 37.34629 126.13192
v -19.77197 36.46959 126.13192
v -19.59892 35.59960 126.13192
v -19.38808 34.73799 126.13192
v -18.74940 37.49868 126.77504
v -18.62222 36.67232 126.77504
v -18.45910 35.85229 126.77504
v -18.26037 35.04016 126.77504
v -18.02641 34.23747 126.77504
v -15.19337 38.64888 128.37654
v -15.23760 39.32380 128.37654
v -15.25236 40.00000 128.37654
v -15.23760 40.67620 128.37654
v -15.19337 41.35112 128.37654
v -15.11973 42.02346 128.37654
v -13.93345 38.75911 128.79738
v -13.97408 39.37896 128.79738
v -13.98763 40.00000 128.79738
v -13.97408 40.62104 128.79738
v -13.93345 41.24089 128.79738
v -12.65575 38.87089 129.16017
v -12.69271 39.43491 129.16017
v -12.70505 40.00000 129.16017
v -12.69271 40.56509 129.16017
v -11.36291 38.98400 129.46416
v -11.39617 39.49152 129.46416
v -11.40727 40.00000 129.46416
v -17.85578 28.46535 125.43628
v -16.40405 28.33871 126.13192
v -14.95331 28.33409 126.77504
v -17.33541 27.68656 125.43628
v -15.87954 27.62337 126.13192
v -14.42998 27.68204 126.77504
v -16.78157 26.93122 125.43628
v -15.32433 26.93159 126.13192
v -13.87870 27.05343 126.77504
v -16.19531 26.20075 125.43628
v -14.73947 26.26468 126.13192
v -13.30053 26.44947 126.77504
v -10.48391 21.40832 125.43628
v -9.13774 21.96633 126.13192
v -7.84878 22.63211 126.77504
v -9.66274 20.95781 125.43628
v -8.34218 21.57400 126.13192
v -7.08350 22.29537 126.77504
v -8.82269 20.54355 125.43628
v -7.53028 21.21675 126.13192
v -6.30425 21.99234 126.77504
v -7.96538 20.16632 125.43628
v -6.70356 20.89526 126.13192
v -5.51253 21.72359 126.77504
v -7.09243 19.82685 125.43628
v -5.86360 20.61013 126.13192
v -4.70984 21.48963 126.77504
v -0.68641 18.55261 125.43628
v 0.25000 19.66916 126.13192
v 1.13880 19.68860 126.13192
v 0.25000 18.53218 125.43628
v 1.18780 18.55267 125.43628
v 2.12104 18.61387 125.43628
v 0.98373 23.26948 127.89852
v 1.81600 22.10060 127.36432
v 0.92972 24.51255 128.37654
v 1.70956 23.31713 127.89852
v 0.87473 25.77608 128.79738
v 1.60112 24.55663 128.37654
v 0.81887 27.05745 129.16017
v 1.49089 25.81655 128.79738
v 0.76226 28.35400 129.46416
v 1.37911 27.09425 129.16017
v 3.05211 18.71584 125.43628
v 9.32269 20.54355 125.43628
v 10.16274 20.95781 125.43628
v 10.98391 21.40832 125.43628
v 11.78465 21.89422 125.43628
v 9.90408 24.84613 127.36432
v 11.24147 24.30218 126.77504
v 9.24794 25.87606 127.89852
v 10.55575 25.28156 127.36432
v 8.57941 26.92544 128.37654
v 9.85534 26.28191 127.89852
v 7.89987 27.99210 128.79738
v 9.14170 27.30115 128.37654
v 7.21074 29.07383 129.16017
v 8.41630 28.33717 128.79738
v 6.51344 30.16836 129.46416
v 7.68066 29.38782 129.16017
v 20.09892 44.40040 126.13192
v 18.76037 44.95984 126.77504
v 17.38617 45.40302 127.36432
v 15.98666 45.72767 127.89852
v 14.57231 45.93250 128.37654
v 13.15367 46.01708 128.79738
v 11.74127 45.98197 129.16017
v 10.34549 45.82863 129.46416
v 19.03325 47.78028 126.13192
v 17.61789 48.09878 126.77504
v 16.18761 48.29660 127.36432
v 14.75298 48.37330 127.89852
v 13.32456 48.32941 128.37654
v 11.91278 48.16637 128.79738
v 10.52793 47.88653 129.16017
v 9.17998 47.49315 129.46416
v 17.39686 50.92375 126.13192
v 15.94770 50.99165 126.77504
v 14.50479 50.93809 127.36432
v 13.07864 50.76451 127.89852
v 11.67954 50.47324 128.37654
v 10.31752 50.06753 128.79738
v 9.00230 49.55146 129.16017
v 7.74315 48.92998 129.46416
v 15.23947 53.73532 126.13192
v 13.80053 53.55054 126.77504
v 12.38885 53.24723 127.36432
v 11.01451 52.82864 127.89852
v 9.68724 52.29885 128.37654
v 8.41630 51.66283 128.79738
v 7.21074 50.92617 129.16017
v 6.07863 50.09549 129.46416
v 12.62663 56.12954 126.13192
v 11.24147 55.69782 126.77504
v 9.90408 55.15387 127.36432
v 8.62330 54.50298 127.89852
v 7.40819 53.75076 128.37654
v 6.26708 52.90367 128.79738
v 5.20768 51.96890 129.16017
v 4.23702 50.95425 129.46416
v 9.63774 58.03368 126.13192
v 8.34878 57.36789 126.77504
v 7.12597 56.60006 127.36432
v 5.97767 55.73666 127.89852
v 4.91165 54.78486 128.37654
v 3.93497 53.75249 128.79738
v 3.05398 52.64796 129.16017
v 2.27426 51.48016 129.46416
v 6.36360 59.38987 126.13192
v 5.20984 58.51038 126.77504
v 4.13894 57.54187 127.36432
v 3.15802 56.49218 127.89852
v 2.27346 55.36973 128.37654
v 1.49089 54.18345 128.79738
v 0.81509 52.94271 129.16017
v 0.25000 51.65727 129.46416
v 2.90371 60.15691 126.13192
v 1.92020 59.09043 126.77504
v 1.03374 57.95067 127.36432
v 0.25000 56.74660 127.89852
v -0.42620 55.48760 128.37654
v -0.98892 54.18362 128.79738
v -1.44097 52.84421 129.16017
v -1.77426 51.48016 129.46416
v -0.63682 60.31149 126.13192
v -1.41887 59.09054 126.77504
v -2.09526 57.81406 127.36432
v -2.65802 56.49218 127.89852
v -3.10532 55.13489 128.37654
v -3.43497 53.75249 128.79738
v -3.64566 52.35545 129.16017
v -3.73702 50.95425 129.46416
v -5.86360 59.38987 126.13192
v -6.30425 58.00766 126.77504
v -6.62597 56.60006 127.36432
v -6.82742 55.17757 127.89852
v -6.90819 53.75076 128.37654
v -6.86881 52.33015 128.79738
v -6.71074 50.92617 129.16017
v -7.18066 50.61218 129.16017
v -7.63653 50.27793 129.16017
v -7.24315 48.92998 129.46416
v -9.13774 58.03368 126.13192
v -9.33168 56.59595 126.77504
v -9.40408 55.15387 127.36432
v -10.05575 54.71844 127.36432
v -10.68809 54.25480 127.36432
v -10.51451 52.82864 127.89852
v -10.22324 51.42954 128.37654
v -9.81752 50.06753 128.79738
v -9.30146 48.75230 129.16017
v -8.67998 47.49315 129.46416
v -13.54925 56.44530 125.43628
v -13.48532 54.98947 126.13192
v -13.30053 53.55054 126.77504
v -12.99723 52.13885 127.36432
v -12.57864 50.76451 127.89852
v -12.04885 49.43724 128.37654
v -11.41278 48.16637 128.79738
v -10.67617 46.96074 129.16017
v -9.84549 45.82863 129.46416
v -17.33541 52.31344 125.43628
v -16.89686 50.92375 126.13192
v -16.34595 49.58167 126.77504
v -15.68761 48.29660 127.36432
v -14.92757 47.07742 127.89852
v -14.07231 45.93250 128.37654
v -13.12900 44.86956 128.79738
v -12.10545 43.89566 129.16017
v -17.85578 51.53465 125.43628
v -17.35702 50.16542 126.13192
v -16.74810 48.84865 126.77504
v -16.03434 47.59351 127.36432
v -15.22184 46.40865 127.89852
v -14.31745 45.30212 128.37654
v -13.32867 44.28134 128.79738
v -18.34168 50.73391 125.43628
v -17.78367 49.38774 126.13192
v -17.11789 48.09878 126.77504
v -16.35006 46.87597 127.36432
v -15.48666 45.72767 127.89852
v -14.53486 44.66165 128.37654
v -18.79219 49.91274 125.43628
v -18.17600 48.59218 126.13192
v -17.45463 47.33350 126.77504
v -16.63419 46.14534 127.36432
v -15.72152 45.03580 127.89852
v -11.23016 42.02426 129.46416
v -30.16757 44.50933 111.14333
v -28.80192 50.07712 111.14333
v -28.30009 51.42168 111.14333
v -29.24047 48.71061 111.14333
v -27.11109 54.03329 111.14333
v -27.73607 52.74136 111.14333
v -24.03071 58.86822 111.14333
v -24.88464 57.71475 111.14333
v -20.10639 63.04734 111.14333
v -16.69040 65.66292 111.14333
v -17.86936 64.84454 111.14333
v -11.63241 68.36143 111.14333
v -7.55767 69.74227 111.14333
v -8.93692 69.34558 111.14333
v -4.75120 70.34058 111.14333
v -6.16142 70.07418 111.14333
v -1.90118 70.67466 111.14333
v -3.33009 70.54088 111.14333
v 3.83009 70.54088 111.14333
v 2.40118 70.67466 111.14333
v 9.43692 69.34558 111.14333
v 8.05767 69.74227 111.14333
v 12.13241 68.36143 111.14333
v 18.36936 64.84454 111.14333
v 17.19040 65.66292 111.14333
v 20.60639 63.04734 111.14333
v 25.38464 57.71475 111.14333
v 24.53071 58.86822 111.14333
v 26.92651 55.29465 111.14333
v 26.18382 56.52270 111.14333
v 29.30192 50.07712 111.14333
v 29.74047 48.71061 111.14333
v 28.80009 51.42168 111.14333
v 30.11478 47.32512 111.14333
v 30.66757 44.50933 111.14333
v 27.61109 54.03329 111.14333
v 22.66615 61.04943 111.14333
v 21.65959 62.07243 111.14333
v 19.50885 63.97205 111.14333
v 14.72443 67.13030 111.14333
v 10.79615 68.88497 111.14333
v 5.25120 70.34058 111.14333
v 0.96758 70.74163 111.14333
v -12.94279 67.77612 111.14333
v -14.22443 67.13030 111.14333
v -15.47454 66.42539 111.14333
v -22.16615 61.04943 111.14333
v -23.12389 59.98059 111.14333
v -26.42651 55.29465 111.14333
v -29.61478 47.32512 111.14333
v -29.92404 45.92368 111.14333
v -30.34484 43.08516 111.14333
v -30.45547 41.65427 111.14333
v -25.68382 56.52270 111.14333
v -21.15959 62.07243 111.14333
v -19.00885 63.97205 111.14333
v -10.29615 68.88497 111.14333
v -0.46758 70.74163 111.14333
v 6.66142 70.07418 111.14333
v 15.97454 66.42539 111.14333
v 23.62389 59.98059 111.14333
v 28.23607 52.74136 111.14333
v 30.84484 43.08516 111.14333
v 30.95547 41.65427 111.14333
v 30.42404 45.92368 111.14333
v 13.44279 67.77612 111.14333
v -30.97101 41.65427 111.64333
v 30.97054 41.65427 111.14333
f 1 2 3
f 1 3 4
f 5 6 1
f 1 6 2
f 7 8 6
f 7 6 5
f 9 8 7
f 9 7 8
f 9 8 7
f 8 9 7
f 5 6 7
f 7 6 8
f 6 5 10
f 6 10 5
f 6 5 10
f 5 6 10
f 5 6 10
f 5 10 6
f 10 5 6
f 10 6 5
f 1 2 5
f 5 2 6
f 11 12 6
f 11 6 5
f 5 6 2
f 5 2 1
f 11 12 13
f 13 12 11
f 13 12 11
f 13 11 12
f 6 12 10
f 10 12 11
f 10 11 5
f 6 10 5
f 12 6 11
f 11 6 5
f 10 5 6
f 5 10 6
f 14 15 12
f 14 12 11
f 15 14 16
f 15 16 14
f 16 15 14
f 15 16 14
f 4 3 17
f 17 3 18
f 17 18 19
f 19 18 20
f 20 21 19
f 19 21 20
f 21 20 19
f 21 19 20
f 19 20 22
f 22 20 23
f 23 22 24
f 22 23 24
f 23 22 24
f 23 24 22
f 23 3 24
f 24 3 25
f 24 25 22
f 22 25 4
f 4 25 3
f 24 22 23
f 4 3 26
f 26 3 27
f 26 27 28
f 28 27 29
f 29 30 28
f 28 30 26
f 30 29 28
f 28 29 31
f 31 29 32
f 32 33 31
f 33 30 31
f 31 30 28
f 32 33 31
f 32 31 33
f 33 32 31
f 33 31 32
f 33 32 34
f 34 32 35
f 36 35 34
f 36 34 35
f 35 34 36
f 35 36 34
f 34 35 37
f 34 37 38
f 38 37 30
f 30 37 29
f 30 29 27
f 27 26 30
f 26 27 12
f 12 11 26
f 11 12 14
f 14 12 15
f 12 27 6
f 6 27 2
f 2 27 3
f 29 37 32
f 32 37 35
f 2 3 23
f 2 23 3
f 3 23 20
f 3 20 18
f 39 40 41
f 41 40 39
f 40 39 42
f 42 39 43
f 43 39 42
f 39 40 42
f 44 42 45
f 45 42 43
f 46 40 42
f 46 42 44
f 46 40 47
f 47 40 48
f 48 40 46
f 48 46 47
f 49 41 50
f 49 50 51
f 51 50 52
f 51 52 53
f 53 52 46
f 46 52 47
f 46 47 40
f 50 41 52
f 41 39 52
f 39 40 52
f 52 40 47
f 41 50 49
f 41 49 50
f 50 41 49
f 49 41 50
f 41 49 51
f 53 39 51
f 51 39 41
f 54 39 55
f 55 39 53
f 56 54 55
f 55 57 56
f 56 57 55
f 56 55 54
f 56 54 57
f 57 54 55
f 57 55 56
f 56 55 54
f 46 40 47
f 47 40 52
f 52 40 39
f 52 39 56
f 56 39 54
f 54 55 56
f 56 55 52
f 52 55 53
f 52 53 47
f 47 53 46
f 46 40 47
f 46 47 40
f 45 43 58
f 58 43 59
f 59 43 45
f 59 45 58
f 45 43 59
f 59 43 60
f 61 60 62
f 62 60 63
f 63 60 43
f 61 45 60
f 60 45 59
f 60 63 62
f 60 62 63
f 63 60 62
f 63 62 60
f 62 63 61
f 61 63 45
f 45 63 43
f 45 43 64
f 45 64 65
f 65 64 66
f 66 64 67
f 65 66 64
f 64 66 67
f 67 64 65
f 67 65 66
f 66 65 64
f 66 64 67
f 64 67 65
f 64 43 67
f 67 43 59
f 67 59 45
f 45 59 43
f 45 65 67
f 43 59 45
f 45 59 43
f 45 43 44
f 44 43 42
f 44 42 40
f 44 40 46
f 68 69 70
f 68 70 69
f 70 69 68
f 69 70 68
f 71 72 68
f 68 72 69
f 34 35 71
f 71 35 72
f 36 35 34
f 34 35 36
f 36 35 34
f 34 71 36
f 36 71 73
f 36 73 35
f 35 73 72
f 72 73 71
f 74 75 76
f 76 75 73
f 73 75 72
f 73 72 71
f 71 74 73
f 73 74 76
f 75 74 77
f 77 74 78
f 79 80 78
f 78 80 77
f 14 15 79
f 79 15 80
f 14 15 16
f 15 14 16
f 80 15 79
f 79 15 14
f 15 14 16
f 15 16 14
f 81 80 82
f 82 80 79
f 83 84 85
f 85 84 86
f 85 86 81
f 85 81 82
f 87 88 89
f 89 88 90
f 89 90 84
f 84 83 89
f 88 87 91
f 91 87 92
f 93 94 92
f 92 94 91
f 94 93 95
f 95 93 96
f 96 95 97
f 97 95 96
f 96 97 95
f 95 97 96
f 93 94 98
f 98 94 95
f 95 96 98
f 98 96 93
f 98 94 93
f 98 93 94
f 68 69 70
f 70 69 84
f 83 68 84
f 84 68 70
f 83 84 99
f 83 99 84
f 84 86 83
f 83 86 85
f 85 86 82
f 82 86 81
f 82 81 85
f 85 81 86
f 85 86 84
f 85 84 83
f 84 100 83
f 83 100 101
f 100 101 102
f 102 101 100
f 102 100 101
f 100 102 101
f 100 90 101
f 101 90 89
f 89 90 88
f 89 88 87
f 87 88 94
f 87 94 93
f 93 94 103
f 103 94 104
f 103 104 105
f 105 104 106
f 106 107 105
f 105 107 108
f 108 107 109
f 108 109 110
f 109 107 110
f 110 107 106
f 102 100 101
f 101 108 102
f 102 108 109
f 102 109 100
f 100 109 110
f 110 109 108
f 110 108 109
f 102 109 101
f 108 101 109
f 100 102 101
f 100 110 102
f 102 110 109
f 110 111 108
f 108 111 112
f 111 112 113
f 111 113 112
f 112 113 111
f 111 113 112
f 113 108 112
f 111 110 113
f 113 110 108
f 113 112 111
f 110 109 108
f 109 110 106
f 109 106 107
f 106 105 107
f 107 105 108
f 107 108 109
f 104 103 106
f 106 103 105
f 104 94 103
f 103 94 93
f 104 106 110
f 106 104 110
f 110 104 94
f 110 94 104
f 91 94 88
f 91 88 90
f 91 90 88
f 88 90 100
f 100 84 90
f 80 81 72
f 80 72 75
f 72 81 69
f 69 81 86
f 69 86 84
f 75 77 80
f 100 90 88
f 114 115 116
f 114 116 117
f 117 116 118
f 119 120 114
f 114 120 115
f 121 122 119
f 119 122 114
f 122 121 123
f 114 120 119
f 124 118 125
f 125 118 116
f 125 116 115
f 125 115 126
f 127 114 128
f 128 114 117
f 128 117 118
f 128 118 124
f 121 119 129
f 129 119 130
f 130 119 114
f 130 114 127
f 131 123 132
f 132 123 121
f 132 121 129
f 131 123 133
f 133 123 131
f 123 131 133
f 131 123 133
f 133 123 131
f 131 123 133
f 132 122 123
f 132 123 131
f 127 114 122
f 127 122 132
f 134 120 127
f 127 120 114
f 115 120 126
f 126 120 134
f 135 136 115
f 135 115 126
f 126 115 136
f 126 136 135
f 135 136 96
f 96 136 95
f 97 95 96
f 97 96 95
f 95 97 96
f 96 97 95
f 97 95 96
f 97 96 95
f 137 138 95
f 95 138 96
f 139 137 138
f 139 138 137
f 137 138 139
f 137 139 138
f 137 95 138
f 138 95 96
f 96 95 136
f 96 136 135
f 140 141 142
f 142 141 140
f 140 141 142
f 140 142 141
f 140 142 141
f 140 141 142
f 143 142 144
f 144 142 140
f 145 143 146
f 146 143 144
f 147 148 149
f 147 149 150
f 150 149 145
f 150 145 146
f 148 151 147
f 151 148 147
f 151 148 147
f 151 147 148
f 151 147 148
f 151 148 147
f 152 148 153
f 153 148 147
f 154 152 153
f 152 154 153
f 152 153 154
f 153 152 154
f 153 152 154
f 153 154 152
f 152 154 153
f 153 154 152
f 141 142 140
f 141 140 142
f 141 142 140
f 142 141 140
f 142 63 140
f 140 63 62
f 60 63 62
f 60 62 63
f 60 63 62
f 60 62 63
f 63 60 62
f 62 60 63
f 62 63 140
f 140 63 142
f 140 142 143
f 140 143 144
f 155 156 143
f 143 156 144
f 156 155 146
f 146 155 157
f 146 157 158
f 145 146 157
f 157 146 158
f 146 145 150
f 150 145 149
f 150 149 159
f 159 149 160
f 160 152 159
f 159 152 153
f 157 149 145
f 145 149 148
f 149 157 145
f 145 157 155
f 145 155 143
f 145 148 149
f 149 148 152
f 149 152 160
f 161 162 163
f 163 162 164
f 164 162 165
f 165 162 166
f 165 166 167
f 167 166 168
f 168 166 169
f 169 170 168
f 168 170 171
f 170 172 171
f 171 172 173
f 173 172 174
f 174 172 175
f 174 175 176
f 175 177 176
f 176 177 178
f 177 179 178
f 178 179 180
f 178 180 181
f 182 183 181
f 181 183 184
f 181 184 185
f 186 187 182
f 182 187 188
f 182 188 189
f 186 190 187
f 187 190 191
f 189 192 182
f 182 192 183
f 185 178 181
f 193 194 195
f 195 194 196
f 195 196 197
f 198 194 199
f 198 199 200
f 200 199 201
f 200 201 202
f 202 201 203
f 202 203 204
f 204 203 205
f 205 203 206
f 205 206 187
f 187 206 207
f 207 208 209
f 210 188 209
f 209 188 187
f 209 187 207
f 188 210 189
f 189 210 211
f 189 211 192
f 192 211 212
f 192 212 183
f 183 212 213
f 183 213 184
f 184 213 214
f 184 214 185
f 185 214 215
f 185 215 178
f 178 215 176
f 176 215 216
f 174 176 217
f 174 217 173
f 173 217 218
f 173 218 171
f 171 218 219
f 171 219 168
f 168 219 167
f 167 219 220
f 167 220 165
f 165 220 164
f 164 221 222
f 223 224 222
f 222 224 163
f 222 163 164
f 224 223 225
f 225 223 226
f 225 226 227
f 227 226 228
f 227 228 229
f 229 228 230
f 229 230 231
f 231 230 232
f 231 232 197
f 197 232 195
f 222 221 233
f 233 221 234
f 232 235 195
f 195 235 236
f 195 236 237
f 232 230 235
f 235 230 228
f 235 228 238
f 238 228 226
f 238 226 223
f 223 222 238
f 238 222 239
f 239 222 240
f 240 222 233
f 237 241 195
f 193 195 242
f 242 195 241
f 243 201 199
f 243 199 244
f 244 199 194
f 244 194 242
f 242 194 193
f 203 201 245
f 245 201 243
f 208 207 246
f 246 207 247
f 247 207 206
f 247 206 245
f 245 206 203
f 221 164 234
f 234 164 162
f 162 164 220
f 162 220 248
f 248 220 219
f 219 218 248
f 248 218 249
f 249 218 217
f 249 217 175
f 175 217 176
f 175 176 250
f 250 176 216
f 216 215 250
f 250 215 251
f 214 181 215
f 215 181 180
f 215 180 252
f 214 213 181
f 181 213 212
f 181 212 182
f 182 212 211
f 182 211 210
f 210 209 182
f 182 209 253
f 253 209 254
f 254 209 255
f 252 251 215
f 209 208 255
f 255 208 246
f 256 257 196
f 196 257 258
f 196 258 259
f 260 229 259
f 259 229 231
f 259 231 197
f 261 163 260
f 260 163 224
f 260 224 225
f 261 262 163
f 163 262 161
f 225 227 260
f 260 227 229
f 197 196 259
f 244 256 194
f 194 256 196
f 263 264 202
f 202 264 200
f 200 264 265
f 200 265 198
f 198 265 244
f 198 244 194
f 266 263 204
f 204 263 202
f 207 247 187
f 187 247 191
f 187 191 205
f 205 191 267
f 205 267 204
f 204 267 266
f 191 247 187
f 187 247 207
f 5 1 4
f 5 4 7
f 7 4 17
f 7 17 19
f 19 239 240
f 19 240 159
f 159 240 150
f 150 240 146
f 146 240 158
f 158 240 146
f 146 240 156
f 156 240 144
f 144 240 140
f 140 240 49
f 19 22 239
f 33 22 26
f 33 26 30
f 26 22 4
f 22 33 239
f 239 33 238
f 33 34 238
f 238 34 14
f 14 34 38
f 14 38 11
f 11 38 30
f 11 30 26
f 181 14 11
f 181 11 180
f 180 11 5
f 180 5 7
f 180 7 153
f 153 7 19
f 44 45 46
f 46 45 53
f 53 45 61
f 53 61 51
f 51 61 62
f 51 62 49
f 251 62 61
f 61 45 251
f 251 45 250
f 250 45 65
f 250 65 175
f 175 65 55
f 55 65 45
f 55 45 53
f 53 45 46
f 45 44 46
f 175 55 162
f 162 55 234
f 234 55 53
f 234 53 233
f 233 53 51
f 233 51 49
f 233 49 240
f 68 85 83
f 68 83 101
f 85 68 83
f 68 101 235
f 235 101 89
f 235 89 87
f 93 108 87
f 103 105 93
f 93 105 108
f 108 101 87
f 87 101 235
f 101 108 235
f 235 108 112
f 235 112 236
f 236 112 132
f 236 132 129
f 112 131 132
f 131 112 96
f 96 112 108
f 96 108 93
f 93 108 105
f 105 103 93
f 253 96 182
f 182 96 93
f 93 92 182
f 92 87 182
f 89 85 87
f 87 85 182
f 182 85 82
f 89 83 85
f 182 82 181
f 181 82 79
f 181 79 14
f 14 34 238
f 34 14 71
f 71 14 79
f 79 74 71
f 74 79 78
f 34 71 238
f 71 68 238
f 238 68 235
f 124 125 268
f 125 126 254
f 125 254 269
f 269 254 270
f 270 254 271
f 270 271 272
f 272 271 273
f 254 126 253
f 253 126 135
f 253 135 96
f 96 138 131
f 138 96 131
f 131 96 135
f 131 135 132
f 132 135 126
f 132 126 127
f 127 126 134
f 236 129 130
f 130 127 236
f 127 128 236
f 236 128 237
f 237 128 268
f 128 124 268
f 144 140 146
f 146 140 252
f 146 252 147
f 147 252 153
f 153 252 180
f 252 140 62
f 252 62 251
f 49 62 140
f 159 153 19
f 146 147 150
f 268 125 269
f 268 269 274
f 269 275 274
f 269 276 275
f 237 268 274
f 237 274 277
f 237 277 278
f 277 272 273
f 277 273 278
f 272 277 273
f 270 269 272
f 237 278 241
f 241 278 279
f 279 278 280
f 279 280 281
f 279 281 282
f 282 281 283
f 282 283 284
f 284 283 285
f 241 279 282
f 241 282 242
f 242 282 286
f 242 286 244
f 244 286 287
f 287 286 282
f 287 282 283
f 283 282 284
f 284 285 283
f 244 287 247
f 244 247 243
f 243 247 245
f 247 287 246
f 246 287 283
f 246 283 255
f 255 283 288
f 255 288 271
f 175 162 249
f 249 162 248
f 254 255 271
f 273 289 272
f 272 289 290
f 272 290 270
f 270 290 291
f 271 292 273
f 273 292 289
f 292 271 293
f 293 271 288
f 283 294 288
f 288 294 293
f 287 295 296
f 297 294 283
f 297 283 296
f 297 295 294
f 283 287 296
f 295 297 296
f 294 295 283
f 283 295 296
f 283 296 287
f 296 297 287
f 287 297 295
f 295 297 296
f 283 294 298
f 298 294 283
f 283 294 298
f 298 294 299
f 299 294 283
f 299 283 298
f 300 294 285
f 285 294 283
f 300 285 301
f 301 285 284
f 302 303 282
f 303 302 304
f 304 302 301
f 301 284 304
f 304 284 282
f 304 282 303
f 305 306 307
f 307 306 282
f 307 282 286
f 306 305 302
f 306 302 282
f 307 286 305
f 306 305 286
f 306 286 307
f 305 306 286
f 286 306 307
f 282 302 308
f 282 308 286
f 286 308 307
f 305 303 302
f 303 305 306
f 306 305 286
f 302 303 308
f 308 303 306
f 308 306 307
f 306 286 307
f 309 302 279
f 279 302 282
f 309 310 279
f 279 310 278
f 309 279 310
f 310 279 278
f 302 309 310
f 310 309 279
f 310 279 278
f 279 282 278
f 302 310 282
f 282 310 278
f 301 304 311
f 301 311 284
f 284 311 282
f 282 311 308
f 282 308 303
f 282 303 302
f 302 303 304
f 302 304 301
f 308 311 303
f 303 311 304
f 270 291 269
f 269 291 312
f 116 125 312
f 312 125 269
f 313 116 125
f 125 116 313
f 313 116 125
f 116 313 125
f 125 116 269
f 269 116 312
f 269 312 276
f 276 312 314
f 314 315 276
f 276 315 275
f 275 315 316
f 316 315 317
f 317 315 318
f 317 318 319
f 317 319 268
f 268 274 317
f 274 275 317
f 317 275 316
f 320 319 268
f 319 320 268
f 320 319 268
f 319 320 268
f 319 318 268
f 268 318 274
f 274 318 321
f 274 321 277
f 277 322 321
f 321 322 277
f 277 321 322
f 322 321 277
f 277 321 322
f 322 321 289
f 289 273 322
f 322 273 277
f 289 323 273
f 273 323 289
f 290 272 289
f 289 272 273
f 272 290 270
f 270 290 291
f 270 291 269
f 269 291 312
f 312 290 269
f 269 290 272
f 272 290 289
f 272 289 273
f 289 309 273
f 273 309 278
f 310 278 309
f 309 278 310
f 310 309 278
f 309 310 278
f 309 324 278
f 278 324 280
f 280 324 281
f 281 324 294
f 281 294 283
f 294 300 283
f 283 300 285
f 285 300 284
f 284 300 301
f 309 289 292
f 291 290 312
f 312 318 315
f 291 290 312
f 312 290 318
f 318 290 289
f 318 289 321
f 315 314 312
f 293 324 292
f 292 324 309
f 324 293 294
f 300 294 301
f 301 294 302
f 302 294 300
f 302 300 301
f 325 326 327
f 327 326 328
f 329 330 331
f 331 330 332
f 333 328 334
f 334 328 326
f 334 326 335
f 334 336 337
f 334 337 333
f 336 338 337
f 339 340 341
f 341 340 342
f 341 342 343
f 343 344 341
f 341 344 345
f 341 345 346
f 346 347 341
f 341 347 348
f 341 348 349
f 349 350 341
f 341 350 351
f 341 351 352
f 352 353 341
f 341 353 354
f 341 354 355
f 355 356 341
f 341 356 357
f 341 357 358
f 358 359 341
f 341 359 360
f 341 360 361
f 361 362 341
f 341 362 363
f 341 363 364
f 364 365 341
f 341 365 366
f 341 366 367
f 367 368 341
f 341 368 369
f 341 369 370
f 370 371 341
f 341 371 372
f 341 372 373
f 341 373 374
f 374 373 375
f 374 375 376
f 376 377 374
f 374 377 378
f 374 378 379
f 379 380 374
f 374 380 381
f 374 381 382
f 382 383 374
f 374 383 384
f 374 384 385
f 385 386 374
f 374 386 387
f 374 387 388
f 388 389 374
f 374 389 390
f 374 390 391
f 391 392 374
f 374 392 393
f 374 393 394
f 394 395 374
f 374 395 396
f 374 396 397
f 397 398 374
f 374 398 399
f 374 399 400
f 400 401 374
f 374 401 402
f 374 402 403
f 403 404 374
f 374 404 405
f 374 405 406
f 407 327 408
f 408 327 409
f 409 327 410
f 410 327 411
f 411 327 412
f 412 327 413
f 413 327 414
f 414 327 415
f 415 327 416
f 416 327 417
f 417 327 418
f 418 327 419
f 419 327 420
f 420 327 421
f 421 327 422
f 422 327 423
f 423 327 424
f 424 327 425
f 425 327 426
f 426 327 427
f 427 327 428
f 428 327 429
f 429 327 430
f 430 327 431
f 431 327 432
f 432 327 433
f 433 327 434
f 434 327 435
f 435 327 436
f 436 327 333
f 436 333 437
f 437 333 438
f 438 333 439
f 439 333 440
f 439 440 441
f 441 440 442
f 442 440 443
f 443 440 444
f 444 440 332
f 444 332 445
f 445 332 446
f 446 332 447
f 447 332 448
f 448 332 449
f 449 332 450
f 450 332 451
f 451 332 452
f 452 332 453
f 453 332 454
f 454 332 455
f 455 332 456
f 456 332 457
f 457 332 458
f 458 332 459
f 459 332 460
f 460 332 461
f 461 332 462
f 462 332 463
f 463 332 464
f 464 332 465
f 465 332 466
f 466 332 467
f 467 332 468
f 468 332 469
f 469 332 470
f 470 332 471
f 471 332 472
f 472 332 473
f 327 328 333
f 440 331 332
f 474 341 475
f 475 341 374
f 476 329 477
f 477 329 331
f 477 331 440
f 440 478 477
f 477 478 479
f 478 480 479
f 481 482 483
f 483 482 484
f 482 485 484
f 484 485 486
f 485 487 486
f 486 487 488
f 489 490 491
f 489 491 492
f 492 491 493
f 493 491 494
f 495 494 496
f 495 496 497
f 497 496 498
f 497 498 499
f 500 498 501
f 500 501 502
f 502 503 504
f 504 503 505
f 489 506 490
f 507 508 509
f 509 508 510
f 510 508 511
f 511 508 512
f 509 510 513
f 509 513 514
f 514 513 515
f 515 513 516
f 515 516 517
f 517 516 518
f 517 518 519
f 517 519 520
f 514 515 521
f 522 523 524
f 522 524 525
f 522 525 526
f 523 522 527
f 527 522 528
f 527 528 529
f 529 528 530
f 531 532 523
f 523 532 533
f 532 531 534
f 534 531 535
f 524 536 525
f 522 526 537
f 537 526 538
f 538 526 539
f 540 541 542
f 540 542 543
f 541 540 544
f 540 545 544
f 544 545 546
f 546 545 547
f 547 545 548
f 548 545 549
f 548 549 550
f 550 549 551
f 550 551 552
f 552 551 553
f 553 551 554
f 554 551 555
f 555 556 557
f 557 556 558
f 559 560 561
f 561 560 562
f 559 563 564
f 564 563 565
f 566 567 564
f 567 559 564
f 561 568 569
f 568 570 571
f 571 570 572
f 573 574 569
f 574 573 575
f 576 577 578
f 578 577 579
f 580 576 581
f 580 581 582
f 582 581 583
f 583 581 584
f 584 585 586
f 586 585 587
f 587 585 588
f 587 588 589
f 590 588 591
f 590 591 592
f 592 591 593
f 593 591 594
f 593 594 595
f 595 594 596
f 596 594 578
f 596 578 579
f 597 598 599
f 599 598 600
f 601 597 602
f 601 602 603
f 604 605 601
f 601 605 597
f 599 606 607
f 606 608 609
f 609 608 610
f 611 612 607
f 612 611 613
f 614 615 616
f 614 616 617
f 617 616 618
f 615 614 619
f 619 614 620
f 620 614 621
f 622 615 619
f 618 623 617
f 617 623 624
f 623 618 625
f 625 618 626
f 627 628 624
f 624 628 617
f 629 630 631
f 629 631 632
f 632 631 633
f 630 629 634
f 634 629 635
f 630 634 636
f 636 634 637
f 633 638 632
f 632 638 639
f 639 638 633
f 639 633 640
f 641 642 632
f 642 641 643
f 644 645 646
f 644 646 647
f 645 644 648
f 648 644 649
f 648 649 650
f 650 649 651
f 649 652 651
f 653 654 655
f 653 655 656
f 653 657 654
f 654 657 658
f 645 659 646
f 644 647 660
f 660 647 661
f 661 647 662
f 663 664 665
f 664 663 666
f 666 663 667
f 667 663 668
f 668 663 669
f 670 671 672
f 670 672 673
f 665 674 675
f 675 674 676
f 677 674 678
f 677 678 679
f 679 678 680
f 680 678 681
f 682 683 684
f 682 684 685
f 685 684 686
f 683 682 687
f 687 682 688
f 688 682 689
f 690 683 687
f 686 691 685
f 685 691 692
f 691 686 693
f 693 686 694
f 692 695 685
f 696 697 698
f 697 699 700
f 700 699 701
f 701 699 702
f 702 699 703
f 703 704 705
f 696 698 706
f 706 698 707
f 708 698 709
f 708 709 710
f 710 709 711
f 711 709 712
f 713 714 715
f 715 714 716
f 713 717 714
f 714 717 718
f 718 717 719
f 718 719 720
f 721 722 723
f 723 724 725
f 725 724 726
f 727 721 728
f 728 721 729
f 730 731 727
f 727 731 721
f 720 719 732
f 732 719 731
f 732 731 730
f 733 720 732
f 734 735 736
f 736 735 737
f 737 738 739
f 739 738 740
f 735 734 741
f 736 742 734
f 734 742 741
f 736 739 743
f 736 743 744
f 744 742 736
f 737 745 738
f 738 745 746
f 737 739 736
f 747 743 748
f 743 739 748
f 748 739 740
f 749 747 748
f 750 751 752
f 750 752 753
f 753 752 754
f 753 754 755
f 753 755 756
f 757 755 758
f 758 755 759
f 758 759 754
f 758 754 760
f 754 761 760
f 761 754 762
f 755 757 763
f 763 757 764
f 750 753 765
f 765 753 756
f 765 756 766
f 766 756 767
f 756 768 767
f 767 768 769
f 766 767 765
f 765 767 770
f 765 770 771
f 765 771 750
f 750 771 772
f 750 772 773
f 774 775 776
f 774 776 777
f 775 778 779
f 779 778 780
f 780 778 781
f 781 778 782
f 782 783 784
f 774 777 785
f 777 776 786
f 786 776 787
f 787 776 788
f 788 776 789
f 790 791 792
f 791 793 794
f 794 793 795
f 795 793 796
f 796 793 797
f 797 793 798
f 798 793 799
f 790 792 800
f 800 792 801
f 801 792 802
f 802 792 803
f 803 792 804
f 805 806 807
f 807 806 808
f 808 809 810
f 808 810 811
f 808 811 812
f 806 805 813
f 807 814 805
f 805 814 813
f 807 812 815
f 815 812 816
f 815 814 807
f 810 809 817
f 808 812 807
f 818 816 811
f 811 816 812
f 819 820 818
f 818 820 816
f 821 822 823
f 821 823 824
f 822 821 825
f 821 826 825
f 825 826 827
f 827 826 828
f 828 826 829
f 829 826 830
f 829 830 831
f 831 830 832
f 831 832 833
f 833 832 834
f 834 832 835
f 835 832 836
f 836 837 838
f 838 837 839
f 840 841 842
f 842 843 844
f 844 843 845
f 844 845 846
f 844 846 847
f 848 847 849
f 850 851 852
f 852 851 853
f 853 851 854
f 851 850 855
f 855 850 856
f 855 856 857
f 858 859 860
f 860 859 861
f 855 857 862
f 863 852 853
f 863 864 865
f 863 866 864
f 863 865 852
f 867 868 869
f 867 869 870
f 870 869 871
f 868 867 872
f 872 867 873
f 873 867 874
f 875 868 872
f 871 876 870
f 870 876 877
f 876 871 878
f 878 871 879
f 877 880 881
f 877 881 870
f 882 883 884
f 882 884 885
f 882 885 886
f 886 885 887
f 886 887 888
f 888 887 889
f 888 889 890
f 889 887 891
f 889 891 892
f 893 894 895
f 895 894 896
f 895 896 897
f 897 896 898
f 898 896 899
f 899 896 900
f 900 894 901
f 894 902 901
f 893 903 904
f 904 903 905
f 905 903 906
f 906 903 907
f 907 903 908
f 907 908 909
f 909 908 910
f 909 910 911
f 912 913 914
f 914 915 916
f 914 916 917
f 915 914 918
f 918 914 919
f 920 921 922
f 922 921 923
f 922 923 924
f 921 920 925
f 925 926 921
f 924 927 928
f 928 927 929
f 928 929 930
f 928 930 931
f 932 931 933
f 933 934 935
f 933 935 936
f 937 938 939
f 939 938 940
f 940 938 941
f 938 937 942
f 942 937 943
f 942 943 944
f 945 946 947
f 947 946 948
f 942 944 949
f 950 939 940
f 950 951 952
f 950 953 951
f 950 952 939
f 954 955 956
f 957 956 958
f 958 959 960
f 960 959 961
f 954 962 963
f 963 962 964
f 965 954 963
f 966 954 965
f 967 968 969
f 969 968 970
f 970 968 971
f 968 967 972
f 972 967 973
f 972 973 974
f 975 976 977
f 977 976 978
f 972 974 979
f 980 969 970
f 980 981 982
f 980 983 981
f 980 982 969
f 984 985 986
f 986 985 987
f 984 988 985
f 985 988 989
f 989 988 990
f 989 990 991
f 992 993 994
f 995 992 996
f 995 996 997
f 998 992 995
f 999 992 998
f 991 990 1000
f 1000 990 998
f 998 990 999
f 1001 991 1000
f 1002 1003 1004
f 1004 1003 1005
f 1006 1002 1007
f 1006 1007 1008
f 1008 1007 1009
f 1009 1007 1010
f 1011 1010 1012
f 1011 1012 1013
f 1013 1012 1014
f 1013 1014 1015
f 1016 1014 1017
f 1016 1017 1018
f 1018 1017 1019
f 1019 1017 1020
f 1021 1020 1004
f 1021 1004 1005
f 1022 1023 1024
f 1024 1023 1025
f 1023 1022 1026
f 1026 1022 1027
f 1026 1027 1028
f 1028 1027 1029
f 1029 1027 1030
f 1030 1027 1031
f 1030 1031 1032
f 1032 1031 1033
f 1032 1033 1034
f 1034 1033 1035
f 1035 1033 1036
f 1037 1038 1039
f 1039 1038 1040
f 1040 1038 1024
f 1040 1024 1025
f 1041 1042 1043
f 1042 1044 1043
f 1045 1044 1042
f 1046 1045 1047
f 1047 1045 1048
f 1047 1048 1049
f 1047 1049 1050
f 1049 1048 1051
f 1049 1051 1052
f 1053 1054 1055
f 1053 1056 1054
f 1057 1058 1059
f 1059 1058 1060
f 1061 1062 1063
f 1063 1062 1064
f 1059 1060 488
f 488 1060 486
f 486 1060 1065
f 486 1065 484
f 484 1065 483
f 483 1065 1066
f 1067 1068 1069
f 1069 1068 1070
f 1063 1064 1057
f 1057 1064 1058
f 1058 1064 1071
f 1058 1071 1072
f 1072 1071 1073
f 1073 1071 1074
f 1075 1076 1077
f 1077 1076 1078
f 1069 1070 1061
f 1061 1070 1062
f 1062 1070 1079
f 1062 1079 1080
f 1080 1079 1081
f 1081 1079 1082
f 1076 1083 1084
f 1076 1084 1085
f 1085 1086 1076
f 1076 1086 1087
f 1076 1087 1088
f 1088 1089 1076
f 1076 1089 1090
f 1076 1090 1091
f 1076 1091 1092
f 1076 1092 1093
f 1093 1092 1094
f 1094 1092 1095
f 1095 1092 1096
f 1095 1096 1097
f 1097 1096 1098
f 1097 1098 1099
f 1099 1098 1100
f 1099 1100 1101
f 1101 1100 1102
f 1101 1102 1103
f 1103 1102 1104
f 1103 1104 1105
f 1105 1104 1106
f 1105 1106 1107
f 1107 1106 1108
f 1107 1108 1109
f 1109 1108 1110
f 1109 1110 1111
f 1111 1110 1112
f 1111 1112 1113
f 1113 1112 1114
f 1113 1114 1115
f 1115 1114 1116
f 1115 1116 1117
f 1117 1116 1118
f 1117 1118 1119
f 1119 1118 1120
f 1119 1120 1121
f 1121 1120 1075
f 1075 1120 1122
f 1092 1091 1123
f 1123 1091 1124
f 1123 1124 1125
f 1125 1124 1126
f 1125 1126 1127
f 1127 1126 1128
f 1127 1128 1129
f 1129 1128 1130
f 1129 1130 1131
f 1131 1130 1132
f 1131 1132 1133
f 1133 1132 1134
f 1133 1134 1135
f 1135 1134 1136
f 1135 1136 1137
f 1137 1136 1138
f 1137 1138 1139
f 1139 1138 1140
f 1139 1140 1141
f 1141 1140 1142
f 1141 1142 1143
f 1143 1142 1144
f 1143 1144 1145
f 1145 1144 1146
f 1145 1146 1147
f 1147 1146 1148
f 1147 1148 1149
f 1149 1148 1150
f 1149 1150 1120
f 1120 1150 1122
f 1122 1151 1075
f 1075 1151 1152
f 1075 1152 1153
f 1075 1153 1154
f 1075 1154 1155
f 1155 1083 1075
f 1075 1083 1076
f 1156 1157 1093
f 1093 1157 1158
f 1093 1158 1076
f 1076 1158 1159
f 1076 1159 1160
f 1160 1159 1161
f 1160 1161 1162
f 1162 1161 1163
f 1162 1163 1164
f 1164 1163 1165
f 1164 1165 1166
f 1166 1165 1167
f 1166 1167 1168
f 1168 1167 1169
f 1169 1167 1170
f 1169 1170 1171
f 1171 1170 1172
f 1172 1170 1173
f 1172 1173 1174
f 1174 1173 1175
f 1174 1175 1176
f 1176 1175 1177
f 1176 1177 1178
f 1178 1177 1179
f 1178 1179 1180
f 1180 1179 1181
f 1180 1181 1182
f 1182 1181 1183
f 1182 1183 1184
f 1182 1184 1185
f 1185 1184 1186
f 1185 1186 1187
f 1187 1186 1188
f 1187 1188 1189
f 1189 1188 1190
f 1189 1190 1191
f 1189 1191 1192
f 1192 1191 1193
f 1192 1193 1194
f 1157 1156 1195
f 1195 1156 1196
f 1196 1156 1197
f 1196 1197 1198
f 1198 1197 1199
f 1198 1199 1200
f 1200 1199 1201
f 1200 1201 1202
f 1200 1202 1203
f 1203 1202 1204
f 1203 1204 1205
f 1205 1204 1206
f 1205 1206 1207
f 1207 1206 1208
f 1207 1208 1209
f 1209 1208 1210
f 1209 1210 1211
f 1211 1210 1212
f 1211 1212 1213
f 1213 1212 1214
f 1213 1214 1215
f 1215 1214 1216
f 1216 1214 1217
f 1216 1217 1218
f 1216 1218 1219
f 1219 1218 1220
f 1220 1218 1121
f 1220 1121 1075
f 1221 1222 1223
f 1223 1222 1224
f 1223 1224 1225
f 1225 1224 1226
f 1225 1226 1227
f 1227 1226 1228
f 1227 1228 1229
f 1229 1228 1230
f 1229 1230 1231
f 1231 1230 1232
f 1231 1232 1233
f 1233 1232 1234
f 1233 1234 1235
f 1235 1234 1220
f 1235 1220 1075
f 1222 1221 1236
f 1236 1221 1237
f 1236 1237 1238
f 1238 1237 1239
f 1238 1239 1240
f 1240 1239 1241
f 1240 1241 1242
f 1242 1241 1243
f 1242 1243 1244
f 1244 1243 1245
f 1244 1245 1246
f 1246 1245 1247
f 1246 1247 1158
f 1158 1247 1159
f 1161 1159 1248
f 1248 1159 1249
f 1248 1249 1250
f 1248 1250 1251
f 1251 1250 1252
f 1251 1252 1253
f 1253 1252 1254
f 1253 1254 1255
f 1255 1254 1256
f 1255 1256 1257
f 1257 1256 1258
f 1258 1256 1259
f 1258 1259 1260
f 1260 1259 1261
f 1260 1261 1262
f 1262 1261 1263
f 1262 1263 1264
f 1264 1263 1265
f 1264 1265 1266
f 1266 1265 1267
f 1266 1267 1268
f 1268 1267 1269
f 1268 1269 1270
f 1268 1270 1271
f 1271 1270 1272
f 1271 1272 1273
f 1273 1272 1274
f 1273 1274 1191
f 1191 1274 1235
f 1191 1235 1193
f 1193 1235 1275
f 1275 1235 1075
f 1275 1075 1276
f 1277 1278 1162
f 1162 1278 1279
f 1162 1279 1160
f 1160 1279 1280
f 1160 1280 1281
f 1281 1280 1282
f 1282 1280 1283
f 1282 1283 1284
f 1284 1283 1285
f 1285 1283 1286
f 1285 1286 1287
f 1287 1286 1288
f 1287 1288 1289
f 1289 1288 1290
f 1289 1290 1291
f 1289 1291 1292
f 1292 1291 1293
f 1292 1293 1294
f 1294 1293 1295
f 1294 1295 1296
f 1296 1295 1297
f 1296 1297 1298
f 1298 1297 1299
f 1298 1299 1300
f 1300 1299 1301
f 1300 1301 1302
f 1302 1301 1303
f 1302 1303 1304
f 1304 1303 1305
f 1305 1303 1306
f 1305 1306 1307
f 1305 1307 1308
f 1308 1307 1309
f 1309 1307 1310
f 1309 1310 1192
f 1192 1310 1311
f 1192 1311 1189
f 1189 1311 1312
f 1312 1311 1313
f 1312 1313 1314
f 1314 1313 1315
f 1314 1315 1316
f 1316 1315 1317
f 1316 1317 1318
f 1318 1317 1319
f 1318 1319 1320
f 1320 1319 1321
f 1320 1321 1322
f 1322 1321 1323
f 1322 1323 1324
f 1324 1323 1325
f 1324 1325 1326
f 1326 1325 1327
f 1326 1327 1328
f 1328 1327 1329
f 1328 1329 1330
f 1330 1329 1331
f 1330 1331 1332
f 1332 1331 1333
f 1332 1333 1334
f 1334 1333 1335
f 1334 1335 1336
f 1336 1335 1337
f 1336 1337 1277
f 1277 1337 1278
f 1338 1339 1340
f 1340 1339 1341
f 1340 1341 1342
f 1342 1341 1343
f 1342 1343 1344
f 1344 1343 1345
f 1344 1345 1346
f 1346 1345 1347
f 1346 1347 1348
f 1348 1347 1349
f 1349 1347 1350
f 1349 1350 1351
f 1351 1350 1352
f 1351 1352 1353
f 1353 1352 1311
f 1353 1311 1310
f 1339 1338 1354
f 1354 1338 1355
f 1354 1355 1356
f 1356 1355 1357
f 1356 1357 1358
f 1358 1357 1359
f 1359 1357 1360
f 1359 1360 1361
f 1361 1360 1362
f 1362 1360 1363
f 1362 1363 1279
f 1279 1363 1364
f 1279 1364 1280
f 1281 1365 1160
f 1160 1365 1366
f 1366 1367 1160
f 1160 1367 1368
f 1160 1368 1369
f 1369 1370 1160
f 1160 1370 1371
f 1160 1371 1372
f 1160 1372 1192
f 1192 1372 1373
f 1192 1373 1374
f 1374 1375 1192
f 1192 1375 1376
f 1376 1377 1192
f 1192 1377 1309
f 1378 1379 1192
f 1192 1379 1160
f 1077 1078 1067
f 1067 1078 1068
f 1068 1078 1379
f 1068 1379 1380
f 1380 1379 1381
f 1381 1379 1378
f 1024 1382 1383
f 1024 1383 1022
f 1022 1383 1384
f 1022 1384 1027
f 1027 1384 1385
f 1027 1385 1031
f 1031 1385 1386
f 1031 1386 1033
f 1033 1386 1387
f 1033 1387 1036
f 1036 1387 1388
f 1036 1388 1037
f 1037 1388 1038
f 1038 1388 1389
f 1038 1389 1382
f 1038 1382 1024
f 1032 1390 1391
f 1032 1391 1030
f 1030 1391 1392
f 1030 1392 1029
f 1029 1392 1393
f 1029 1393 1028
f 1028 1393 1394
f 1028 1394 1026
f 1026 1394 1395
f 1026 1395 1023
f 1023 1395 1396
f 1023 1396 1025
f 1025 1396 1040
f 1040 1396 1397
f 1040 1397 1398
f 1040 1398 1039
f 1039 1398 1388
f 1039 1388 1037
f 1037 1388 1387
f 1037 1387 1036
f 1036 1387 1399
f 1036 1399 1035
f 1035 1399 1400
f 1035 1400 1034
f 1034 1400 1390
f 1034 1390 1032
f 987 1401 1402
f 987 1402 986
f 986 1402 1403
f 1403 1402 1404
f 1403 1404 1405
f 1405 1404 1402
f 1405 1402 1406
f 1405 1406 1407
f 1407 1406 984
f 1407 984 986
f 1407 986 1405
f 1405 986 1403
f 1406 1408 984
f 984 1408 988
f 988 1408 1409
f 988 1409 1410
f 1409 1411 1410
f 1410 1411 993
f 1411 1412 993
f 993 1412 994
f 994 1412 1413
f 994 1413 1414
f 1414 1413 1404
f 1414 1404 1403
f 1403 1404 1413
f 1403 1413 1414
f 1414 1413 1415
f 1414 1415 1416
f 1416 1415 1417
f 1417 1415 1413
f 1417 1413 1418
f 1418 1413 1412
f 1418 1412 1419
f 1419 1412 994
f 1419 994 1414
f 1419 1414 1418
f 1418 1414 1417
f 1414 1416 1417
f 1412 1420 994
f 994 1420 992
f 992 1420 1421
f 992 1421 996
f 1421 1422 996
f 996 1422 997
f 997 1422 1423
f 997 1423 995
f 995 1423 1424
f 995 1424 998
f 1424 1425 998
f 998 1425 999
f 999 1425 1426
f 1426 1425 1420
f 1426 1420 1427
f 1427 1420 992
f 1427 992 1426
f 992 999 1426
f 1420 1411 992
f 992 1411 993
f 993 1411 1409
f 993 1409 1410
f 1410 1409 1408
f 1410 1408 988
f 1408 1428 988
f 988 1428 990
f 990 1428 1425
f 990 1425 999
f 1425 1424 999
f 999 1424 998
f 998 1424 1429
f 998 1429 1000
f 1000 1429 1001
f 1001 1429 1430
f 1430 1431 1001
f 1001 1431 991
f 1431 1432 991
f 991 1432 989
f 989 1432 1433
f 989 1433 985
f 985 1433 1401
f 985 1401 987
f 1434 1435 955
f 955 1435 1436
f 1436 1435 1437
f 1436 1437 1438
f 1437 1435 1438
f 1438 1435 1436
f 1435 1434 1436
f 1436 1434 955
f 1434 1439 955
f 955 1439 956
f 956 1439 1440
f 1440 1439 1441
f 1440 1441 1442
f 1442 1441 1443
f 1442 1443 1444
f 1444 1443 959
f 1444 959 958
f 1444 958 1442
f 1442 958 956
f 1442 956 1440
f 1443 1445 959
f 959 1445 961
f 961 1445 1446
f 961 1446 960
f 960 1446 1441
f 960 1441 958
f 958 1441 1447
f 958 1447 957
f 957 1447 1448
f 957 1448 1449
f 1449 1448 1450
f 1450 1448 1447
f 1450 1447 1451
f 1451 1447 1439
f 1451 1439 1440
f 1440 1439 956
f 1440 956 957
f 1440 957 1451
f 1451 957 1449
f 1451 1449 1450
f 1439 1452 956
f 956 1452 954
f 954 1452 1453
f 954 1453 962
f 1453 1454 962
f 962 1454 964
f 964 1454 1455
f 964 1455 963
f 963 1455 965
f 965 1455 1456
f 1456 1457 965
f 965 1457 966
f 966 1457 1452
f 966 1452 954
f 1452 1434 954
f 954 1434 955
f 920 1458 1459
f 920 1459 925
f 925 1459 926
f 926 1459 1460
f 1460 1461 926
f 1462 921 1463
f 1463 921 926
f 1463 926 1461
f 1463 1461 1462
f 1462 1461 1460
f 1462 1464 921
f 921 1464 923
f 923 1464 1465
f 923 1465 924
f 924 1465 1466
f 924 1466 927
f 927 1466 1467
f 927 1467 929
f 929 1467 1468
f 929 1468 930
f 930 1468 1469
f 930 1469 931
f 1469 1470 931
f 931 1470 933
f 933 1470 1471
f 933 1471 934
f 934 1471 1472
f 934 1472 1473
f 1472 1471 1473
f 1473 1471 934
f 934 1471 935
f 935 1471 1474
f 935 1474 1475
f 1475 1474 1476
f 1475 1476 1477
f 1477 1476 1470
f 1477 1470 933
f 933 936 1477
f 1477 936 935
f 1477 935 1475
f 933 1470 1478
f 933 1478 932
f 932 1478 931
f 931 1478 1469
f 1479 928 1469
f 1469 928 931
f 1479 1465 928
f 928 1465 924
f 924 1465 1480
f 924 1480 922
f 1480 1458 922
f 922 1458 920
f 1481 1482 894
f 894 1482 902
f 902 1482 1483
f 902 1483 901
f 901 1483 1484
f 901 1484 900
f 900 1484 899
f 899 1484 1485
f 899 1485 898
f 898 1485 1486
f 898 1486 897
f 897 1486 1487
f 897 1487 1488
f 897 1488 895
f 895 1488 893
f 893 1488 1489
f 893 1489 1490
f 893 1490 903
f 903 1490 1491
f 903 1491 908
f 1491 1492 908
f 908 1492 910
f 910 1492 1493
f 910 1493 911
f 911 1493 1494
f 911 1494 909
f 909 1494 1495
f 909 1495 907
f 907 1495 906
f 906 1495 1496
f 906 1496 905
f 905 1496 1497
f 905 1497 904
f 904 1497 1498
f 904 1498 1489
f 904 1489 893
f 1489 1481 893
f 893 1481 894
f 894 1481 1499
f 894 1499 896
f 896 1499 1484
f 896 1484 900
f 900 1484 1481
f 900 1481 894
f 1500 1501 874
f 874 1501 873
f 873 1501 1502
f 873 1502 872
f 872 1502 1503
f 872 1503 875
f 1503 1504 875
f 875 1504 868
f 868 1504 869
f 869 1504 1505
f 869 1505 871
f 871 1505 1506
f 871 1506 1507
f 871 1507 876
f 876 1507 1506
f 876 1506 871
f 871 1506 1508
f 871 1508 879
f 879 1508 1509
f 879 1509 878
f 1509 1507 878
f 878 1507 876
f 1507 1510 876
f 876 1510 877
f 1510 1511 877
f 877 1511 880
f 880 1511 1512
f 880 1512 881
f 881 1512 1513
f 881 1513 870
f 1513 1514 870
f 870 1514 867
f 867 1514 1500
f 867 1500 874
f 841 1515 1516
f 841 1516 1517
f 1517 1516 1518
f 1517 1518 1519
f 1519 1518 1516
f 1519 1516 1517
f 1517 1516 1520
f 1520 1516 1521
f 1521 1522 1520
f 1515 841 1523
f 1523 841 1517
f 1523 1517 1524
f 1524 1517 1520
f 1524 1520 1522
f 1523 1524 1515
f 1515 1524 1516
f 1524 1522 1516
f 1516 1522 1521
f 1515 1525 841
f 841 1525 842
f 842 1525 1526
f 842 1526 843
f 843 1526 1527
f 843 1527 845
f 845 1527 846
f 846 1527 1528
f 846 1528 1529
f 846 1529 847
f 1529 1530 847
f 847 1530 849
f 849 1530 1531
f 849 1531 1532
f 1532 1531 1533
f 1532 1533 1534
f 1534 1533 1531
f 1534 1531 1532
f 1532 1531 1518
f 1518 1519 1532
f 1519 1518 1535
f 1535 1518 1531
f 1535 1531 1536
f 1536 1531 1530
f 1536 1530 1537
f 1537 1530 849
f 1537 849 1532
f 1537 1532 1536
f 1536 1532 1535
f 1532 1519 1535
f 849 1530 1538
f 849 1538 848
f 848 1538 847
f 847 1538 1529
f 847 1529 1539
f 847 1539 844
f 844 1539 842
f 842 1539 1525
f 842 1525 1540
f 842 1540 840
f 1540 1515 840
f 840 1515 841
f 799 1541 1542
f 799 1542 798
f 798 1542 1543
f 798 1543 797
f 797 1543 796
f 796 1543 1544
f 796 1544 795
f 795 1544 1545
f 795 1545 794
f 794 1545 1546
f 794 1546 1547
f 794 1547 791
f 791 1547 1548
f 791 1548 792
f 792 1548 804
f 804 1548 1549
f 804 1549 1550
f 804 1550 803
f 803 1550 1551
f 803 1551 802
f 802 1551 801
f 801 1551 1552
f 801 1552 800
f 800 1552 1553
f 800 1553 790
f 790 1553 1554
f 790 1554 1547
f 790 1547 791
f 1547 1555 791
f 791 1555 793
f 793 1555 1543
f 793 1543 797
f 797 1543 1555
f 797 1555 793
f 793 1555 1541
f 793 1541 799
f 755 1556 1557
f 755 1557 759
f 759 1557 1558
f 759 1558 754
f 1558 1559 754
f 754 1559 762
f 762 1559 1560
f 1560 1559 1561
f 1560 1561 1562
f 1562 1561 761
f 1562 761 762
f 1562 762 1560
f 1561 1563 761
f 761 1563 760
f 1563 1564 760
f 760 1564 758
f 758 1564 757
f 757 1564 1565
f 757 1565 764
f 764 1565 1566
f 1566 1567 764
f 764 1567 763
f 1567 1556 763
f 763 1556 755
f 755 1556 1568
f 755 1568 756
f 756 1568 1569
f 756 1569 753
f 753 1569 1568
f 753 1568 756
f 756 1568 1570
f 756 1570 768
f 768 1570 769
f 769 1570 1571
f 769 1571 1572
f 769 1572 767
f 767 1572 1573
f 767 1573 770
f 770 1573 1574
f 770 1574 771
f 1574 1575 771
f 771 1575 772
f 772 1575 1576
f 772 1576 773
f 1576 1577 773
f 773 1577 750
f 750 1577 1578
f 750 1578 765
f 765 1578 1579
f 765 1579 766
f 766 1579 1578
f 766 1578 765
f 765 1578 1577
f 765 1577 750
f 750 1577 1580
f 750 1580 751
f 1580 1581 751
f 751 1581 752
f 752 1581 1558
f 752 1558 754
f 754 1558 1556
f 754 1556 755
f 1582 1583 734
f 734 1583 736
f 1583 1582 736
f 736 1582 734
f 1584 1585 741
f 741 1585 735
f 1585 1586 735
f 735 1586 737
f 737 1586 1587
f 737 1587 745
f 1587 1588 745
f 745 1588 746
f 746 1588 1589
f 746 1589 738
f 738 1589 1590
f 738 1590 740
f 1590 1591 740
f 740 1591 739
f 739 1591 1592
f 1592 1591 1586
f 1592 1586 737
f 1592 737 739
f 1586 1591 737
f 737 1591 739
f 739 1591 1593
f 739 1593 743
f 743 1593 1594
f 1594 1593 1591
f 1594 1591 1595
f 1595 1591 739
f 1595 739 743
f 1595 743 1594
f 1591 1590 739
f 739 1590 740
f 740 1590 1596
f 740 1596 748
f 748 1596 749
f 749 1596 1597
f 1597 1598 749
f 749 1598 747
f 1598 1593 747
f 747 1593 743
f 743 1593 1599
f 743 1599 744
f 744 1599 1600
f 744 1600 742
f 742 1600 1584
f 742 1584 741
f 704 1601 1602
f 704 1602 705
f 705 1602 1603
f 705 1603 703
f 703 1603 702
f 702 1603 1604
f 702 1604 701
f 701 1604 1605
f 701 1605 700
f 700 1605 1606
f 700 1606 1607
f 700 1607 697
f 697 1607 1608
f 697 1608 698
f 698 1608 1609
f 698 1609 709
f 709 1609 1610
f 709 1610 712
f 712 1610 1611
f 712 1611 711
f 711 1611 1612
f 711 1612 710
f 710 1612 708
f 708 1612 1613
f 708 1613 698
f 698 1613 1608
f 698 1608 1614
f 698 1614 707
f 707 1614 706
f 706 1614 1615
f 706 1615 696
f 696 1615 1616
f 696 1616 1607
f 696 1607 697
f 1607 1617 697
f 697 1617 699
f 699 1617 1603
f 699 1603 703
f 703 1603 1601
f 703 1601 704
f 1618 1619 670
f 670 1619 671
f 671 1619 1620
f 671 1620 672
f 672 1620 1621
f 672 1621 673
f 673 1621 1622
f 673 1622 669
f 669 1622 668
f 668 1622 1623
f 668 1623 667
f 667 1623 1624
f 667 1624 666
f 666 1624 1625
f 666 1625 1626
f 666 1626 664
f 664 1626 665
f 665 1626 1627
f 665 1627 1628
f 665 1628 674
f 674 1628 1629
f 674 1629 678
f 1629 1630 678
f 678 1630 681
f 681 1630 1631
f 681 1631 680
f 680 1631 1632
f 680 1632 679
f 679 1632 677
f 677 1632 1633
f 677 1633 674
f 674 1633 1628
f 674 1628 676
f 676 1628 1634
f 676 1634 675
f 675 1634 1635
f 675 1635 1627
f 675 1627 665
f 1627 1636 665
f 665 1636 663
f 663 1636 1622
f 663 1622 669
f 669 1622 1621
f 669 1621 673
f 673 1621 1618
f 673 1618 670
f 1637 1638 629
f 629 1638 635
f 635 1638 1639
f 635 1639 634
f 634 1639 637
f 637 1639 1640
f 1640 1641 637
f 637 1641 636
f 636 1641 1642
f 636 1642 630
f 630 1642 631
f 631 1642 1643
f 631 1643 633
f 633 1643 1644
f 633 1644 1645
f 633 1645 638
f 638 1645 1644
f 638 1644 633
f 633 1644 1646
f 633 1646 640
f 640 1646 1647
f 640 1647 639
f 1647 1648 639
f 639 1648 632
f 1648 1649 632
f 632 1649 641
f 1649 1650 641
f 641 1650 643
f 643 1650 1651
f 643 1651 642
f 642 1651 1648
f 642 1648 632
f 1648 1637 632
f 632 1637 629
f 1652 1653 602
f 602 1653 603
f 603 1653 1654
f 603 1654 601
f 601 1654 1655
f 601 1655 604
f 1655 1656 604
f 604 1656 605
f 605 1656 1657
f 605 1657 597
f 597 1657 598
f 598 1657 1658
f 598 1658 600
f 600 1658 1659
f 600 1659 1660
f 600 1660 599
f 1660 1661 599
f 599 1661 606
f 606 1661 1662
f 606 1662 608
f 1662 1663 608
f 608 1663 610
f 610 1663 1664
f 610 1664 609
f 1664 1661 609
f 609 1661 606
f 1661 1665 606
f 606 1665 607
f 1665 1666 607
f 607 1666 611
f 1666 1667 611
f 611 1667 613
f 1667 1668 613
f 613 1668 612
f 612 1668 1665
f 612 1665 607
f 607 1665 1660
f 607 1660 599
f 1660 1657 599
f 599 1657 597
f 597 1657 1652
f 597 1652 602
f 1669 1670 563
f 563 1670 565
f 565 1670 1671
f 565 1671 564
f 564 1671 1672
f 564 1672 566
f 1672 1673 566
f 566 1673 567
f 567 1673 1674
f 567 1674 559
f 559 1674 560
f 560 1674 1675
f 560 1675 562
f 562 1675 1676
f 562 1676 1677
f 562 1677 561
f 1677 1678 561
f 561 1678 568
f 568 1678 1679
f 568 1679 570
f 1679 1680 570
f 570 1680 572
f 572 1680 1681
f 572 1681 571
f 1681 1678 571
f 571 1678 568
f 1678 1682 568
f 568 1682 569
f 1682 1683 569
f 569 1683 573
f 1683 1684 573
f 573 1684 575
f 1684 1685 575
f 575 1685 574
f 574 1685 1682
f 574 1682 569
f 569 1682 1677
f 569 1677 561
f 1677 1674 561
f 561 1674 559
f 559 1674 1669
f 559 1669 563
f 530 1686 1687
f 530 1687 1688
f 1688 1687 1686
f 1688 1686 530
f 530 1686 1689
f 530 1689 529
f 1689 1690 529
f 529 1690 531
f 531 1690 1691
f 531 1691 535
f 1691 1692 535
f 535 1692 534
f 534 1692 1693
f 534 1693 532
f 532 1693 1694
f 532 1694 533
f 1694 1695 533
f 533 1695 523
f 523 1695 1696
f 523 1696 531
f 531 1696 1697
f 1696 1695 1690
f 1696 1690 1697
f 1697 1690 531
f 1690 1689 531
f 531 1689 529
f 529 1689 1698
f 529 1698 527
f 527 1698 1695
f 527 1695 523
f 523 1695 1699
f 523 1699 524
f 524 1699 1700
f 524 1700 536
f 1700 1701 536
f 536 1701 525
f 1701 1702 525
f 525 1702 526
f 526 1702 1703
f 526 1703 539
f 539 1703 538
f 538 1703 1704
f 538 1704 1705
f 1705 1704 1706
f 1705 1706 1707
f 1707 1706 537
f 1707 537 538
f 1707 538 1705
f 1706 1708 537
f 537 1708 522
f 522 1708 1709
f 522 1709 528
f 528 1709 1686
f 528 1686 530
f 1710 1711 1712
f 1712 1711 1713
f 1712 1713 1714
f 1712 1714 1715
f 1715 1714 490
f 1715 490 1716
f 1715 1716 1712
f 1712 1716 1710
f 490 1714 1717
f 490 1717 491
f 491 1717 1718
f 491 1718 494
f 494 1718 1719
f 494 1719 496
f 496 1719 1720
f 496 1720 498
f 498 1720 1721
f 498 1721 501
f 501 1721 1722
f 501 1722 502
f 502 1722 503
f 503 1722 1723
f 503 1723 1724
f 503 1724 505
f 505 1724 1725
f 505 1725 504
f 504 1725 1722
f 504 1722 502
f 502 1722 1726
f 502 1726 500
f 500 1726 1720
f 500 1720 498
f 498 1720 1727
f 498 1727 499
f 499 1727 1728
f 499 1728 497
f 497 1728 495
f 495 1728 1729
f 495 1729 494
f 494 1729 1718
f 494 1718 493
f 493 1718 1730
f 493 1730 1731
f 493 1731 492
f 492 1731 1732
f 492 1732 489
f 1732 1733 489
f 489 1733 506
f 1733 1714 506
f 506 1714 490
f 490 1714 1713
f 1734 1735 1713
f 1713 1735 1716
f 1713 1716 490
f 1735 1734 1713
f 1735 1713 1716
f 1716 1713 1711
f 1716 1711 1710
f 1736 1737 507
f 507 1737 508
f 508 1737 1738
f 508 1738 512
f 1738 1739 512
f 512 1739 511
f 511 1739 510
f 510 1739 1740
f 510 1740 1741
f 510 1741 513
f 513 1741 1742
f 513 1742 516
f 516 1742 1743
f 516 1743 518
f 518 1743 1744
f 518 1744 519
f 519 1744 1745
f 519 1745 1746
f 1746 1745 1744
f 1746 1744 519
f 519 1744 1747
f 519 1747 520
f 520 1747 1748
f 1748 1747 1749
f 1748 1749 1750
f 1750 1749 517
f 1750 517 520
f 1750 520 1748
f 1749 1751 517
f 517 1751 515
f 1751 1752 515
f 515 1752 521
f 521 1752 1753
f 521 1753 514
f 514 1753 509
f 509 1753 1754
f 1736 507 1754
f 1754 507 509
f 1755 1756 541
f 541 1756 542
f 542 1756 1757
f 542 1757 543
f 1757 1758 543
f 543 1758 540
f 540 1758 1759
f 540 1759 545
f 545 1759 1760
f 545 1760 549
f 549 1760 1761
f 549 1761 551
f 551 1761 1762
f 551 1762 555
f 555 1762 1763
f 555 1763 556
f 1763 1764 556
f 556 1764 558
f 558 1764 1765
f 558 1765 557
f 557 1765 1762
f 557 1762 555
f 555 1762 1766
f 555 1766 554
f 554 1766 553
f 553 1766 1767
f 553 1767 1768
f 553 1768 552
f 552 1768 1769
f 552 1769 550
f 550 1769 548
f 548 1769 1770
f 548 1770 1771
f 548 1771 547
f 547 1771 1772
f 547 1772 546
f 546 1772 1773
f 546 1773 544
f 544 1773 1755
f 544 1755 541
f 578 1774 1775
f 578 1775 576
f 576 1775 1776
f 576 1776 581
f 581 1776 1777
f 581 1777 584
f 584 1777 1778
f 584 1778 585
f 585 1778 1779
f 585 1779 588
f 588 1779 591
f 591 1779 1780
f 591 1780 1781
f 591 1781 592
f 592 1781 591
f 591 1781 1780
f 591 1780 1782
f 591 1782 594
f 594 1782 1774
f 594 1774 578
f 587 1783 1784
f 587 1784 586
f 586 1784 584
f 584 1784 1777
f 584 1777 1785
f 584 1785 583
f 583 1785 1786
f 583 1786 582
f 582 1786 580
f 580 1786 1787
f 580 1787 1775
f 580 1775 576
f 576 1775 1788
f 576 1788 577
f 577 1788 1789
f 577 1789 579
f 579 1789 596
f 596 1789 1790
f 596 1790 1791
f 596 1791 595
f 595 1791 1792
f 595 1792 593
f 593 1792 1781
f 593 1781 592
f 592 1781 1793
f 592 1793 590
f 590 1793 1779
f 590 1779 588
f 588 1779 1794
f 588 1794 589
f 589 1794 1783
f 589 1783 587
f 1795 1796 621
f 621 1796 620
f 620 1796 1797
f 620 1797 619
f 619 1797 1798
f 619 1798 622
f 1798 1799 622
f 622 1799 615
f 615 1799 616
f 616 1799 1800
f 616 1800 618
f 618 1800 1801
f 618 1801 1802
f 618 1802 623
f 623 1802 1801
f 623 1801 618
f 618 1801 1803
f 618 1803 626
f 626 1803 1804
f 626 1804 625
f 1804 1802 625
f 625 1802 623
f 1802 1805 623
f 623 1805 624
f 1805 1806 624
f 624 1806 627
f 627 1806 1807
f 627 1807 628
f 628 1807 1808
f 628 1808 617
f 1808 1809 617
f 617 1809 614
f 614 1809 1795
f 614 1795 621
f 1810 1811 652
f 652 1811 651
f 651 1811 1812
f 651 1812 1813
f 1812 1811 1813
f 1813 1811 651
f 651 1811 1814
f 651 1814 650
f 1814 1815 650
f 650 1815 653
f 653 1815 1816
f 653 1816 657
f 1816 1817 657
f 657 1817 658
f 658 1817 1818
f 658 1818 654
f 654 1818 1819
f 654 1819 655
f 1819 1820 655
f 655 1820 656
f 656 1820 1821
f 656 1821 1822
f 1822 1821 1815
f 1821 1820 1815
f 1822 1815 653
f 1822 653 656
f 1815 1814 653
f 653 1814 650
f 650 1814 1823
f 650 1823 648
f 648 1823 1824
f 648 1824 645
f 645 1824 1825
f 645 1825 659
f 1825 1826 659
f 659 1826 646
f 1826 1827 646
f 646 1827 647
f 647 1827 1828
f 647 1828 662
f 662 1828 661
f 661 1828 1829
f 661 1829 1830
f 1830 1829 1831
f 1830 1831 1832
f 1832 1831 660
f 1832 660 661
f 1832 661 1830
f 1831 1833 660
f 660 1833 644
f 644 1833 1834
f 644 1834 649
f 649 1834 1810
f 649 1810 652
f 1835 1836 689
f 689 1836 688
f 688 1836 1837
f 688 1837 687
f 687 1837 1838
f 687 1838 690
f 1838 1839 690
f 690 1839 683
f 683 1839 684
f 684 1839 1840
f 684 1840 686
f 686 1840 1841
f 686 1841 1842
f 686 1842 691
f 691 1842 1841
f 691 1841 686
f 1841 1843 686
f 686 1843 694
f 694 1843 1844
f 694 1844 693
f 1844 1842 693
f 693 1842 691
f 1842 1845 691
f 691 1845 692
f 1845 1846 692
f 692 1846 695
f 695 1846 1847
f 695 1847 685
f 1847 1848 685
f 685 1848 682
f 682 1848 1835
f 682 1835 689
f 716 1849 715
f 715 1849 1850
f 1850 1851 715
f 715 1851 726
f 1851 1850 726
f 726 1850 715
f 715 1850 1852
f 1852 1850 1853
f 1852 1853 1854
f 1854 1853 713
f 1854 713 715
f 1854 715 1852
f 1853 1855 713
f 713 1855 717
f 717 1855 1856
f 717 1856 1857
f 1856 1858 1857
f 1857 1858 722
f 1858 1859 722
f 722 1859 723
f 723 1859 1860
f 723 1860 724
f 724 1860 1851
f 724 1851 726
f 726 1851 1861
f 726 1861 725
f 725 1861 1862
f 725 1862 1863
f 1863 1862 1864
f 1864 1862 1861
f 1864 1861 1865
f 1865 1861 1859
f 1865 1859 1866
f 1866 1859 723
f 1866 723 725
f 1866 725 1865
f 1865 725 1863
f 1865 1863 1864
f 1859 1867 723
f 723 1867 721
f 721 1867 1868
f 721 1868 729
f 1868 1869 729
f 729 1869 728
f 728 1869 1870
f 728 1870 727
f 727 1870 1871
f 727 1871 730
f 1871 1872 730
f 730 1872 731
f 731 1872 1873
f 1873 1872 1867
f 1873 1867 1874
f 1874 1867 721
f 1874 721 1873
f 721 731 1873
f 1867 1858 721
f 721 1858 722
f 722 1858 1856
f 722 1856 1857
f 1857 1856 1855
f 1857 1855 717
f 1855 1875 717
f 717 1875 719
f 719 1875 1872
f 719 1872 731
f 1872 1871 731
f 731 1871 730
f 730 1871 1876
f 730 1876 732
f 732 1876 733
f 733 1876 1877
f 1877 1878 733
f 733 1878 720
f 1878 1879 720
f 720 1879 718
f 718 1879 1880
f 718 1880 714
f 714 1880 1849
f 714 1849 716
f 783 1881 1882
f 783 1882 784
f 784 1882 1883
f 784 1883 782
f 782 1883 781
f 781 1883 1884
f 781 1884 780
f 780 1884 1885
f 780 1885 779
f 779 1885 1886
f 779 1886 1887
f 779 1887 775
f 775 1887 1888
f 775 1888 776
f 776 1888 1889
f 776 1889 777
f 777 1889 1888
f 777 1888 776
f 776 1888 1890
f 776 1890 789
f 789 1890 1891
f 789 1891 788
f 788 1891 1892
f 788 1892 787
f 787 1892 786
f 786 1892 1893
f 786 1893 777
f 777 1893 1889
f 777 1889 1894
f 777 1894 785
f 785 1894 774
f 774 1894 1895
f 774 1895 1887
f 774 1887 775
f 1887 1896 775
f 775 1896 778
f 778 1896 1883
f 778 1883 782
f 782 1883 1881
f 782 1881 783
f 1897 1898 805
f 805 1898 807
f 1898 1897 807
f 807 1897 805
f 1899 1900 813
f 813 1900 806
f 1900 1901 806
f 806 1901 808
f 1901 1902 808
f 808 1902 809
f 1902 1903 809
f 809 1903 817
f 817 1903 1904
f 817 1904 810
f 810 1904 1905
f 810 1905 811
f 1905 1906 811
f 811 1906 812
f 1906 1901 812
f 812 1901 808
f 808 1901 1907
f 1907 1901 808
f 1901 1906 808
f 808 1906 812
f 1906 1908 812
f 812 1908 816
f 816 1908 1909
f 1909 1908 1906
f 1909 1906 1910
f 1910 1906 812
f 1910 812 816
f 1910 816 1909
f 1906 1905 812
f 812 1905 811
f 811 1905 1911
f 811 1911 818
f 818 1911 819
f 819 1911 1912
f 1912 1913 819
f 819 1913 820
f 820 1913 1908
f 820 1908 816
f 816 1908 1914
f 816 1914 815
f 815 1914 1915
f 815 1915 814
f 814 1915 1899
f 814 1899 813
f 1916 1917 822
f 822 1917 823
f 823 1917 1918
f 823 1918 824
f 1918 1919 824
f 824 1919 821
f 821 1919 1920
f 821 1920 826
f 826 1920 1921
f 826 1921 830
f 830 1921 1922
f 830 1922 832
f 832 1922 1923
f 832 1923 836
f 836 1923 1924
f 836 1924 837
f 1924 1925 837
f 837 1925 839
f 839 1925 1926
f 839 1926 838
f 838 1926 1923
f 838 1923 836
f 836 1923 1927
f 836 1927 835
f 835 1927 834
f 834 1927 1928
f 834 1928 1929
f 834 1929 833
f 833 1929 1930
f 833 1930 831
f 831 1930 829
f 829 1930 1931
f 829 1931 1932
f 829 1932 828
f 828 1932 1933
f 828 1933 827
f 827 1933 1934
f 827 1934 825
f 825 1934 1916
f 825 1916 822
f 1935 1936 850
f 850 1936 1937
f 1937 1938 850
f 850 1938 856
f 856 1938 1939
f 856 1939 857
f 857 1939 858
f 858 1939 1940
f 858 1940 1941
f 858 1941 859
f 1941 1942 859
f 859 1942 861
f 861 1942 1943
f 861 1943 860
f 1943 1940 860
f 860 1940 858
f 858 1940 1939
f 858 1939 857
f 857 1939 1944
f 857 1944 862
f 862 1944 1945
f 1945 1944 1946
f 1945 1946 1947
f 1947 1946 855
f 1947 855 862
f 1947 862 1945
f 1946 1948 855
f 855 1948 851
f 1948 1949 851
f 851 1949 854
f 854 1949 1950
f 854 1950 853
f 853 1950 863
f 863 1950 1951
f 1952 866 1951
f 1951 866 863
f 1952 1953 866
f 866 1953 864
f 1953 1954 864
f 864 1954 865
f 865 1954 1955
f 865 1955 852
f 852 1955 1956
f 1956 1955 1937
f 1956 1937 1957
f 1957 1937 850
f 1957 850 852
f 1957 852 1956
f 850 1937 1936
f 850 1936 1935
f 883 1958 884
f 884 1958 1959
f 1959 1960 884
f 884 1960 1961
f 1961 1960 1962
f 1962 1960 1959
f 1962 1959 1963
f 1962 1963 1964
f 1964 1963 885
f 1964 885 884
f 1964 884 1962
f 1962 884 1961
f 1963 1965 885
f 885 1965 887
f 887 1965 1966
f 887 1966 891
f 1966 1967 891
f 891 1967 892
f 1967 1968 892
f 892 1968 889
f 889 1968 1969
f 889 1969 890
f 1969 1970 890
f 890 1970 888
f 888 1970 1971
f 1971 1970 888
f 1970 1972 888
f 888 1972 886
f 886 1972 1973
f 886 1973 882
f 882 1973 1958
f 882 1958 883
f 1974 1975 1976
f 1976 1975 1977
f 1978 1979 1977
f 1977 1979 1976
f 1979 1978 1980
f 1980 1978 1977
f 1980 1977 1981
f 1981 1977 1982
f 1981 1982 1983
f 1983 1982 913
f 1983 913 1976
f 1983 1976 1981
f 1981 1976 1980
f 1976 1979 1980
f 1982 1984 913
f 913 1984 914
f 914 1984 1985
f 914 1985 919
f 1985 1986 919
f 919 1986 918
f 918 1986 1987
f 918 1987 915
f 915 1987 1988
f 915 1988 916
f 1988 1989 916
f 916 1989 917
f 917 1989 1990
f 1990 1989 1984
f 1990 1984 1991
f 1991 1984 914
f 1991 914 1990
f 914 917 1990
f 1984 1992 914
f 914 1992 912
f 912 1992 1982
f 912 1982 913
f 913 1982 1977
f 913 1977 1976
f 1976 1977 1975
f 1976 1975 1974
f 1993 1994 937
f 937 1994 1995
f 1995 1996 937
f 937 1996 943
f 943 1996 1997
f 943 1997 944
f 944 1997 945
f 945 1997 1998
f 945 1998 1999
f 945 1999 946
f 1999 2000 946
f 946 2000 948
f 948 2000 2001
f 948 2001 947
f 2001 1998 947
f 947 1998 945
f 945 1998 1997
f 945 1997 944
f 944 1997 2002
f 944 2002 949
f 949 2002 2003
f 2003 2002 2004
f 2003 2004 2005
f 2005 2004 942
f 2005 942 949
f 2005 949 2003
f 2004 2006 942
f 942 2006 938
f 2006 2007 938
f 938 2007 941
f 941 2007 2008
f 941 2008 940
f 940 2008 950
f 950 2008 2009
f 2009 2010 950
f 950 2010 953
f 2010 2011 953
f 953 2011 951
f 2011 2012 951
f 951 2012 952
f 952 2012 2013
f 952 2013 939
f 939 2013 2014
f 2014 2013 1995
f 2014 1995 2015
f 2015 1995 937
f 2015 937 939
f 2015 939 2014
f 937 1995 1994
f 937 1994 1993
f 2016 2017 967
f 967 2017 2018
f 2018 2019 967
f 967 2019 973
f 973 2019 2020
f 973 2020 974
f 974 2020 975
f 975 2020 2021
f 975 2021 2022
f 975 2022 976
f 2022 2023 976
f 976 2023 978
f 978 2023 2024
f 978 2024 977
f 2024 2021 977
f 977 2021 975
f 975 2021 2020
f 975 2020 974
f 974 2020 2025
f 974 2025 979
f 979 2025 2026
f 2026 2025 2027
f 2026 2027 2028
f 2028 2027 972
f 2028 972 979
f 2028 979 2026
f 2027 2029 972
f 972 2029 968
f 2029 2030 968
f 968 2030 971
f 971 2030 2031
f 971 2031 970
f 970 2031 980
f 980 2031 2032
f 2032 2033 980
f 980 2033 983
f 2033 2034 983
f 983 2034 981
f 2034 2035 981
f 981 2035 982
f 982 2035 2036
f 982 2036 969
f 969 2036 2037
f 2037 2036 2018
f 2037 2018 2038
f 2038 2018 967
f 2038 967 969
f 2038 969 2037
f 967 2018 2017
f 967 2017 2016
f 1004 2039 2040
f 1004 2040 1002
f 1002 2040 1007
f 1007 2040 2041
f 1007 2041 2042
f 1007 2042 1010
f 1010 2042 2043
f 1010 2043 1012
f 1012 2043 2044
f 1012 2044 1014
f 1014 2044 1017
f 1017 2044 2045
f 1017 2045 2046
f 1017 2046 1018
f 1018 2046 1017
f 1017 2046 2045
f 1017 2045 2047
f 1017 2047 1020
f 1020 2047 2039
f 1020 2039 1004
f 1013 2048 2049
f 1013 2049 1011
f 1011 2049 1010
f 1010 2049 2042
f 1010 2042 2050
f 1010 2050 1009
f 1009 2050 2051
f 1009 2051 1008
f 1008 2051 1006
f 1006 2051 2052
f 1006 2052 2040
f 1006 2040 1002
f 1002 2040 2053
f 1002 2053 1003
f 1003 2053 2054
f 1003 2054 1005
f 1005 2054 1021
f 1021 2054 2055
f 1021 2055 2047
f 1021 2047 1020
f 1020 2047 2056
f 1020 2056 1019
f 1019 2056 2046
f 1019 2046 1018
f 1018 2046 1016
f 1016 2046 2057
f 1016 2057 2044
f 1016 2044 1014
f 1014 2044 2058
f 1014 2058 1015
f 1015 2058 2048
f 1015 2048 1013
f 1043 2059 2060
f 1043 2060 1041
f 1041 2060 2061
f 1041 2061 1042
f 2061 2062 1042
f 1042 2062 1045
f 1045 2062 2063
f 1045 2063 1048
f 1048 2063 2064
f 1048 2064 1051
f 2064 2065 1051
f 1051 2065 1052
f 1052 2065 2066
f 1052 2066 1049
f 1049 2066 2067
f 1049 2067 1050
f 2067 2068 1050
f 1050 2068 1047
f 1047 2068 2069
f 1047 2069 1046
f 2069 2070 1046
f 1046 2070 1055
f 2070 2071 1055
f 1055 2071 1053
f 1053 2071 2072
f 1053 2072 1056
f 1056 2072 2073
f 1056 2073 1054
f 1054 2073 2074
f 2074 2073 2070
f 2074 2070 2075
f 2075 2070 1055
f 2075 1055 1054
f 2075 1054 2074
f 2070 2069 1055
f 1055 2069 1046
f 2069 2062 1046
f 1046 2062 1045
f 1045 2062 2076
f 1045 2076 1044
f 1044 2076 1043
f 1043 2076 2059
f 2077 2068 2078
f 2069 2077 2070
f 2070 2077 2079
f 2070 2079 2071
f 2071 2079 2072
f 2072 2079 2080
f 2072 2080 2081
f 2072 2081 2082
f 2072 2082 2059
f 2059 2082 1722
f 2059 1722 2060
f 2060 1722 1725
f 2082 2081 2083
f 2082 2083 2084
f 2082 2084 2085
f 2082 2085 2086
f 2086 2085 2087
f 2087 2088 2086
f 2086 2088 2089
f 2089 2090 2086
f 2091 1700 2090
f 2090 1700 2092
f 2090 2092 2093
f 2091 1393 1736
f 2091 1736 1752
f 1752 1736 1754
f 2091 2094 1393
f 1393 2094 1731
f 1731 2094 2065
f 1731 2065 1732
f 1732 2065 2064
f 1732 2064 1733
f 1733 2064 1714
f 1714 2064 2063
f 2094 2095 2065
f 2065 2095 2067
f 2065 2067 2066
f 2095 2096 2067
f 2067 2096 2068
f 2068 2096 2078
f 2097 2098 2099
f 2099 2098 2100
f 2100 2098 2101
f 2101 2098 2102
f 2102 2098 2103
f 2102 2103 2104
f 2104 2103 2105
f 2104 2105 2106
f 2106 2105 2107
f 2107 2105 2108
f 2107 2108 2109
f 2107 2109 2093
f 2093 2109 2090
f 2090 2109 2110
f 2090 2110 2086
f 2086 2110 2111
f 2098 2097 2112
f 2112 2097 2113
f 2112 2113 2114
f 2114 2113 2115
f 2114 2115 2116
f 2111 2110 2117
f 2111 2117 2118
f 2118 2117 2119
f 2118 2119 2120
f 2120 2119 2121
f 2121 2119 2122
f 2121 2122 2123
f 2123 2122 2124
f 2124 2122 2125
f 2125 2122 2126
f 2126 2122 2127
f 2126 2127 2128
f 2128 2127 2129
f 2128 2129 2130
f 2120 2121 2131
f 2131 2121 2132
f 2131 2132 2133
f 2131 2133 2134
f 2131 2134 2135
f 2135 2134 2136
f 2135 2136 2137
f 2137 2136 2138
f 2138 2136 2139
f 2138 2139 2140
f 2141 1484 2082
f 2082 1484 1805
f 2082 1805 1804
f 1804 1805 1802
f 2142 2143 2141
f 2141 2143 2144
f 2142 2145 2146
f 2146 2145 2147
f 2147 2145 2148
f 2147 2148 2149
f 2147 2149 2150
f 2150 2149 2151
f 2150 2151 2152
f 2152 2151 2153
f 2153 2151 2154
f 2154 2151 2155
f 2155 2151 2156
f 2155 2156 2157
f 2155 2157 2158
f 2158 2157 2159
f 2158 2159 2160
f 2147 2150 2161
f 2161 2150 2162
f 2161 2162 2163
f 2161 2163 2164
f 2161 2164 2165
f 2161 2165 2166
f 2166 2165 2167
f 2167 2165 2168
f 2167 2168 2169
f 2169 2168 2170
f 2142 2146 2171
f 2171 2146 2172
f 2171 2172 2173
f 2172 2174 2173
f 2173 2174 2175
f 2175 2174 2176
f 2176 2174 2177
f 2176 2177 2178
f 2176 2178 2179
f 2179 2178 2180
f 2179 2180 2181
f 2181 2180 2182
f 2182 2180 2183
f 2183 2180 2184
f 2183 2184 2185
f 2183 2185 2186
f 2183 2186 2187
f 2176 2179 2188
f 2188 2179 2189
f 2188 2189 2190
f 2188 2190 2191
f 2188 2191 2192
f 2188 2192 2193
f 2193 2192 2194
f 2193 2194 2195
f 2195 2194 2196
f 2173 2197 2171
f 2171 2197 2198
f 2198 2197 1934
f 2198 1934 1590
f 1590 1934 1597
f 2197 2199 2200
f 2200 2199 2201
f 2201 2199 2202
f 2202 2199 2203
f 2202 2203 2204
f 2202 2204 2205
f 2205 2204 2206
f 2206 2204 2207
f 2206 2207 2208
f 2208 2207 2209
f 2209 2207 2210
f 2210 2207 2211
f 2210 2211 2212
f 2212 2211 2213
f 2212 2213 2214
f 2212 2214 2215
f 2215 2214 2216
f 2205 2206 2217
f 2217 2206 2218
f 2217 2218 2219
f 2217 2219 2220
f 2217 2220 2221
f 2217 2221 2222
f 2222 2221 2223
f 2222 2223 2224
f 2224 2223 2225
f 2224 2225 2226
f 2227 1612 2200
f 2200 1612 1527
f 2200 1527 2197
f 2197 1527 1869
f 2197 1869 1934
f 1934 1869 1916
f 1916 1869 1868
f 2227 2228 2229
f 2228 2227 2230
f 2228 2230 2231
f 2231 2230 2232
f 2231 2232 2233
f 2233 2232 2234
f 2233 2234 2235
f 2235 2234 2236
f 2235 2236 2237
f 2237 2236 2238
f 2238 2236 2239
f 2239 2236 2240
f 2240 2236 2241
f 2240 2241 2242
f 2242 2241 2243
f 2242 2243 2244
f 2244 2243 2245
f 2233 2235 2246
f 2246 2235 2247
f 2246 2247 2248
f 2246 2248 2249
f 2246 2249 2250
f 2250 2249 2251
f 2250 2251 2252
f 2252 2251 2253
f 2253 2251 2254
f 2253 2254 2255
f 2256 1825 2229
f 2229 1825 1632
f 2229 1632 2227
f 2227 1632 1501
f 2227 1501 1836
f 1836 1501 1838
f 2256 2257 2258
f 2257 2256 2259
f 2257 2259 2260
f 2260 2259 2261
f 2260 2261 2262
f 2262 2261 2263
f 2263 2261 2264
f 2263 2264 2265
f 2265 2264 2266
f 2266 2264 2267
f 2267 2264 2268
f 2268 2264 2269
f 2268 2269 2270
f 2270 2269 2271
f 2270 2271 2272
f 2262 2263 2273
f 2273 2263 2274
f 2273 2274 2275
f 2273 2275 2276
f 2273 2276 2277
f 2277 2276 2278
f 2278 2276 2279
f 2279 2276 2280
f 2281 1986 2258
f 2258 1986 1825
f 2258 1825 2256
f 2281 2282 2283
f 2282 2281 2284
f 2284 2281 2285
f 2284 2285 2286
f 2286 2285 2287
f 2287 2285 2288
f 2287 2288 2289
f 2289 2288 2290
f 2290 2288 2291
f 2291 2288 2292
f 2292 2288 2293
f 2292 2293 2294
f 2292 2294 2295
f 2295 2294 2296
f 2295 2296 2297
f 2286 2287 2298
f 2298 2287 2299
f 2298 2299 2300
f 2298 2300 2301
f 2298 2301 2302
f 2298 2302 2303
f 2303 2302 2304
f 2304 2302 2305
f 2304 2305 2306
f 2306 2305 2307
f 2308 2007 2283
f 2283 2007 1467
f 2283 1467 2281
f 2281 1467 1986
f 2308 2309 2310
f 2310 2309 2311
f 2311 2309 2312
f 2311 2312 2313
f 2311 2313 2314
f 2314 2313 2315
f 2314 2315 2316
f 2316 2315 2317
f 2317 2315 2318
f 2318 2315 2319
f 2319 2315 2320
f 2319 2320 2321
f 2319 2321 2322
f 2322 2321 2323
f 2322 2323 2324
f 2311 2314 2325
f 2325 2314 2326
f 2325 2326 2327
f 2325 2327 2328
f 2325 2328 2329
f 2325 2329 2330
f 2330 2329 2331
f 2331 2329 2332
f 2331 2332 2333
f 2333 2332 2334
f 2335 2030 2310
f 2310 2030 1670
f 2310 1670 1454
f 1454 1670 1456
f 2335 2336 2092
f 2092 2336 2337
f 2337 2336 2338
f 2338 2336 2339
f 2338 2339 2340
f 2338 2340 2341
f 2341 2340 2342
f 2341 2342 2343
f 2343 2342 2344
f 2344 2342 2345
f 2345 2342 2346
f 2345 2346 2347
f 2345 2347 2348
f 2345 2348 2349
f 2338 2341 2350
f 2350 2341 2351
f 2350 2351 2352
f 2350 2352 2353
f 2350 2353 2354
f 2350 2354 2355
f 2355 2354 2356
f 2355 2356 2357
f 2357 2356 2358
f 2104 2359 2102
f 2102 2359 2360
f 2360 2359 2361
f 2361 2359 2362
f 2362 2359 2363
f 2362 2363 2364
f 2362 2364 2365
f 2365 2364 2366
f 2365 2366 2367
f 2367 2366 2368
f 2141 2144 2369
f 2141 2369 2370
f 2141 2370 2371
f 2371 2372 2141
f 2141 2372 1571
f 1571 2372 2373
f 2374 1572 2373
f 2373 1572 1571
f 2375 1572 2374
f 1572 2375 2376
f 1572 2376 1573
f 1573 2376 2377
f 1573 2377 1574
f 1574 2377 2378
f 2378 2379 1574
f 1574 2379 1575
f 1575 2379 1580
f 1580 2379 2380
f 1580 2380 1905
f 1905 2380 2198
f 1905 2198 1892
f 1892 2198 1551
f 1551 2198 1590
f 2142 2171 2381
f 2381 2382 2142
f 2142 2382 2383
f 2142 2383 2143
f 2059 2073 2072
f 2073 2059 2070
f 2070 2059 2076
f 2070 2076 2062
f 2070 2062 2069
f 2069 2068 2077
f 1714 2063 1713
f 1713 2063 2062
f 1713 2062 1734
f 1734 2062 2061
f 1734 2061 1723
f 1723 2061 1724
f 2061 2060 1724
f 1724 2060 1725
f 1702 2048 2058
f 2058 2044 1702
f 1702 2044 2057
f 1702 2057 1703
f 2057 2046 1703
f 2046 1745 1388
f 2046 1388 2082
f 2082 1388 1722
f 1745 2046 1747
f 1747 2046 2056
f 2047 1747 2056
f 2055 1749 2047
f 2047 1749 1747
f 1749 2055 2054
f 1749 2054 1751
f 2054 2053 1751
f 1751 2053 2040
f 1751 2040 2052
f 1751 2052 1752
f 1752 2052 2051
f 1752 2051 1700
f 1700 2051 1701
f 1701 2051 2050
f 2050 2042 1701
f 1701 2042 2049
f 2049 2048 1701
f 1701 2048 1702
f 2017 1769 1768
f 2017 1768 2022
f 2022 1768 2023
f 2017 2018 1769
f 1769 2018 2034
f 1769 2034 1770
f 2034 2018 2035
f 2035 2018 2036
f 1770 2034 1771
f 1771 2034 2033
f 1771 2033 1772
f 1772 2033 2032
f 1772 2032 1773
f 1773 2032 2030
f 1773 2030 2335
f 2030 2032 2031
f 1670 2030 1672
f 1672 2030 2029
f 1672 2029 1673
f 2029 1674 1673
f 1674 2029 1675
f 1675 2029 1680
f 1675 1680 1679
f 2029 2027 1680
f 1680 2027 1681
f 1681 2027 2025
f 1681 2025 2024
f 1681 2024 2082
f 2082 2024 1762
f 2082 1762 2046
f 2046 1762 1401
f 2046 1401 1687
f 2025 2020 2021
f 2021 2024 2025
f 2024 1766 1762
f 1766 2024 1767
f 1767 2024 2023
f 1767 2023 1768
f 2022 2019 2018
f 2022 2018 2017
f 2019 2022 2021
f 2019 2021 2020
f 1994 1783 1794
f 1994 1794 1999
f 1999 1794 1779
f 1994 1995 1783
f 1783 1995 2011
f 1783 2011 1784
f 2011 1995 2012
f 2012 1995 2013
f 1784 2011 1777
f 1777 2011 1785
f 1785 2011 2010
f 1785 2010 1786
f 1786 2010 2009
f 1786 2009 2007
f 1786 2007 2308
f 2007 2009 2008
f 2006 1655 2007
f 2007 1655 1653
f 2007 1653 1467
f 1467 1653 1468
f 1468 1653 1652
f 1468 1652 1469
f 1655 2006 1656
f 2006 1657 1656
f 1657 2006 1658
f 1658 2006 1663
f 1658 1663 1662
f 2006 2004 1663
f 1663 2004 1664
f 1664 2004 2002
f 1664 2002 2001
f 1664 2001 1666
f 1666 2001 2082
f 1666 2082 1804
f 2002 1997 1998
f 1998 2001 2002
f 2001 1793 1781
f 2000 1793 2001
f 1999 1779 2000
f 1999 1996 1995
f 1999 1995 1994
f 1996 1999 1998
f 1996 1998 1997
f 1975 1805 1647
f 1647 1805 1484
f 1647 1484 1649
f 1649 1484 1483
f 1975 1806 1805
f 1806 1975 1977
f 1806 1977 1982
f 1992 1806 1982
f 1992 1809 1806
f 1992 1984 1809
f 1809 1984 1989
f 1809 1989 1795
f 1795 1989 1988
f 1988 1986 1796
f 1988 1796 1795
f 1986 1988 1987
f 1985 1640 1986
f 1986 1640 1638
f 1986 1638 1825
f 1825 1638 1494
f 1825 1494 1826
f 1640 1985 1641
f 1641 1985 1984
f 1984 1642 1641
f 1642 1984 1643
f 1643 1984 1646
f 1984 1982 1646
f 1646 1982 1647
f 1647 1982 1977
f 1647 1977 1978
f 1647 1978 1975
f 1975 1978 1977
f 1958 1812 1484
f 1484 1812 1828
f 1484 1828 1485
f 1812 1958 1811
f 1811 1958 1814
f 1814 1958 1973
f 1814 1973 1972
f 1814 1972 1815
f 1815 1972 1970
f 1970 1969 1816
f 1816 1969 1817
f 1817 1969 1967
f 1817 1967 1825
f 1825 1967 1632
f 1967 1969 1968
f 1966 1633 1967
f 1965 1628 1966
f 1966 1628 1633
f 1628 1965 1634
f 1634 1965 1635
f 1635 1965 1627
f 1627 1965 1963
f 1627 1963 1618
f 1627 1618 1636
f 1963 1620 1619
f 1963 1619 1618
f 1963 1959 1620
f 1620 1959 1960
f 1959 1620 1960
f 1959 1958 1621
f 1936 1846 1941
f 1936 1941 1937
f 1937 1941 1938
f 1936 1937 1953
f 1953 1937 1954
f 1954 1937 1955
f 1936 1953 1848
f 1848 1953 1835
f 1835 1953 1952
f 1835 1952 1836
f 1836 1952 2227
f 2227 1952 1949
f 2227 1949 1612
f 1612 1949 1613
f 1613 1949 1948
f 1613 1948 1608
f 1952 1951 1949
f 1949 1951 1950
f 1608 1948 1614
f 1614 1948 1615
f 1615 1948 1616
f 1616 1948 1946
f 1616 1946 1601
f 1616 1601 1607
f 1607 1601 1617
f 1946 1602 1601
f 1946 1944 1602
f 1602 1944 1603
f 1603 1944 1943
f 1603 1943 2141
f 2141 1943 1510
f 2141 1510 1621
f 1621 1510 1509
f 1621 1509 1622
f 1622 1509 1623
f 1623 1509 1624
f 1624 1509 1508
f 1944 1939 1940
f 1940 1943 1944
f 1943 1845 1844
f 1943 1844 1510
f 1845 1943 1846
f 1846 1943 1942
f 1846 1942 1941
f 1938 1941 1940
f 1938 1940 1939
f 1918 1867 1859
f 1918 1859 1925
f 1925 1859 1926
f 1926 1859 1861
f 1918 1917 1867
f 1867 1917 1916
f 1867 1916 1868
f 1934 1933 1597
f 1597 1933 1598
f 1598 1933 1932
f 1598 1932 1931
f 1598 1931 1593
f 1593 1931 1930
f 1593 1930 1599
f 1599 1930 1600
f 1600 1930 1929
f 1929 1928 1600
f 1600 1928 1584
f 1584 1928 1927
f 1584 1927 1923
f 1584 1923 2141
f 2141 1923 1603
f 1926 1862 1923
f 1923 1862 1851
f 1923 1851 1849
f 1849 1851 1850
f 1918 1925 1921
f 1921 1925 1924
f 1921 1924 1922
f 1922 1924 1923
f 1918 1921 1919
f 1919 1921 1920
f 1899 1883 2141
f 2141 1883 1543
f 2141 1543 1584
f 1584 1543 1542
f 1584 1542 1585
f 1899 1884 1883
f 1915 1885 1899
f 1899 1885 1884
f 1914 1886 1915
f 1915 1886 1885
f 1908 1890 1914
f 1914 1890 1887
f 1890 1908 1913
f 1890 1913 1891
f 1891 1913 1912
f 1891 1912 1892
f 1892 1912 1905
f 1905 1912 1911
f 1905 1903 1580
f 1580 1903 1559
f 1580 1559 1558
f 1580 1558 1581
f 1906 1908 1901
f 1901 1908 1906
f 1903 1905 1904
f 1902 1563 1903
f 1903 1563 1561
f 1903 1561 1559
f 1563 1902 1901
f 1563 1901 1564
f 1564 1901 1900
f 1564 1900 1565
f 1565 1900 1566
f 1899 1566 1900
f 1896 1881 1883
f 1887 1545 1896
f 1895 1546 1887
f 1887 1546 1545
f 1546 1895 1547
f 1547 1895 1549
f 1549 1895 1894
f 1549 1894 1889
f 1549 1889 1550
f 1550 1889 1893
f 1550 1893 1892
f 1550 1892 1551
f 1890 1889 1888
f 1890 1888 1887
f 1889 1890 1888
f 1887 1886 1914
f 1883 1882 1543
f 1543 1882 1544
f 1544 1882 1545
f 1545 1882 1881
f 1545 1881 1896
f 1849 1521 1518
f 1849 1518 1603
f 1603 1518 1533
f 1603 1533 1604
f 1521 1849 1516
f 1516 1849 1515
f 1515 1849 1880
f 1880 1879 1515
f 1515 1879 1525
f 1525 1879 1878
f 1525 1878 1526
f 1526 1878 1877
f 1526 1877 1527
f 1527 1877 1869
f 1877 1876 1871
f 1877 1871 1869
f 1875 1867 1872
f 1867 1875 1858
f 1858 1875 1855
f 1858 1855 1856
f 1870 1869 1871
f 1926 1861 1862
f 1851 1862 1861
f 1850 1851 1860
f 1850 1860 1853
f 1853 1860 1859
f 1853 1859 1855
f 1855 1859 1858
f 1855 1858 1856
f 1936 1848 1846
f 1846 1848 1847
f 1845 1842 1844
f 1510 1844 1511
f 1511 1844 1843
f 1511 1843 1841
f 1511 1841 1840
f 1511 1840 1514
f 1514 1840 1839
f 1514 1839 1500
f 1500 1839 1838
f 1836 1838 1837
f 1812 1810 1829
f 1812 1829 1828
f 1812 1811 1810
f 1834 1829 1810
f 1834 1831 1829
f 1834 1833 1831
f 1485 1828 1486
f 1486 1828 1827
f 1486 1827 1487
f 1487 1827 1488
f 1488 1827 1492
f 1488 1492 1489
f 1489 1492 1491
f 1489 1491 1490
f 1827 1826 1492
f 1492 1826 1493
f 1493 1826 1494
f 1817 1825 1819
f 1819 1825 1824
f 1819 1824 1820
f 1820 1824 1815
f 1824 1823 1815
f 1815 1823 1814
f 1817 1819 1818
f 1816 1815 1970
f 1809 1808 1806
f 1806 1808 1807
f 1804 1460 1459
f 1804 1459 1666
f 1666 1459 1472
f 1666 1472 1667
f 1667 1472 1471
f 1803 1462 1804
f 1804 1462 1460
f 1803 1800 1464
f 1803 1464 1462
f 1800 1803 1801
f 1800 1799 1464
f 1464 1799 1465
f 1465 1799 1466
f 1466 1799 1798
f 1466 1798 1467
f 1467 1798 1796
f 1467 1796 1986
f 1796 1798 1797
f 1779 1793 2000
f 2001 1781 2082
f 1792 1448 1781
f 1781 1448 1446
f 1781 1446 2082
f 2082 1446 1683
f 2082 1683 1681
f 1681 1683 1678
f 1678 1683 1682
f 1448 1792 1791
f 1790 1447 1791
f 1791 1447 1448
f 1790 1439 1447
f 1439 1790 1789
f 1439 1789 1452
f 1789 1788 1452
f 1452 1788 1453
f 1453 1788 1775
f 1453 1775 1787
f 1453 1787 1454
f 1454 1787 1786
f 1757 1420 1412
f 1757 1412 1764
f 1764 1412 1765
f 1765 1412 1413
f 1757 1756 1420
f 1420 1756 1755
f 1420 1755 1421
f 1421 1755 1422
f 1755 1773 1422
f 1765 1415 1762
f 1762 1415 1404
f 1762 1404 1401
f 1401 1404 1402
f 1757 1764 1760
f 1760 1764 1763
f 1760 1763 1761
f 1761 1763 1762
f 1757 1760 1758
f 1758 1760 1759
f 1390 1738 1737
f 1390 1737 1391
f 1736 1391 1737
f 1736 1393 1392
f 1752 1754 1753
f 1745 1747 1744
f 1744 1399 1745
f 1399 1744 1743
f 1399 1743 1400
f 1400 1743 1390
f 1390 1743 1742
f 1390 1742 1738
f 1738 1742 1739
f 1739 1742 1741
f 1739 1741 1740
f 1711 1719 1713
f 1719 1711 1734
f 1734 1711 1713
f 1393 1731 1394
f 1394 1731 1730
f 1394 1730 1395
f 1395 1730 1718
f 1395 1718 1729
f 1395 1729 1396
f 1396 1729 1728
f 1396 1728 1397
f 1397 1728 1727
f 1397 1727 1720
f 1397 1720 1726
f 1397 1726 1398
f 1398 1726 1388
f 1388 1726 1722
f 1734 1723 1720
f 1734 1720 1719
f 1720 1723 1721
f 1721 1723 1722
f 1718 1714 1719
f 1719 1714 1713
f 1714 1718 1717
f 1687 1686 1704
f 1687 1704 1703
f 1709 1704 1686
f 1709 1706 1704
f 1709 1708 1706
f 1699 1694 1700
f 1700 1694 1692
f 1700 1692 1430
f 1430 1692 1691
f 1430 1691 1431
f 1695 1690 1699
f 1695 1698 1690
f 1690 1698 1689
f 1699 1690 1695
f 1699 1695 1694
f 1692 1694 1693
f 1431 1691 1690
f 1689 1432 1690
f 1690 1432 1431
f 1689 1433 1432
f 1433 1689 1401
f 1401 1689 1686
f 1401 1686 1687
f 1670 1669 1456
f 1456 1669 1457
f 1669 1674 1457
f 1457 1674 1452
f 1452 1674 1437
f 1437 1674 1684
f 1437 1684 1443
f 1437 1443 1434
f 1434 1443 1439
f 1684 1674 1685
f 1685 1674 1677
f 1685 1677 1682
f 1443 1684 1445
f 1445 1684 1446
f 1446 1684 1683
f 1675 1679 1676
f 1676 1679 1677
f 1679 1678 1677
f 1670 1672 1671
f 1469 1652 1657
f 1469 1657 1668
f 1469 1668 1667
f 1657 1660 1668
f 1668 1660 1665
f 1469 1667 1470
f 1470 1667 1471
f 1665 1661 1666
f 1666 1661 1664
f 1658 1662 1659
f 1659 1662 1660
f 1662 1661 1660
f 1653 1655 1654
f 1637 1495 1638
f 1637 1497 1496
f 1497 1637 1498
f 1498 1637 1650
f 1498 1650 1489
f 1489 1650 1481
f 1637 1648 1650
f 1650 1648 1651
f 1481 1650 1482
f 1482 1650 1483
f 1483 1650 1649
f 1648 1647 1649
f 1643 1646 1644
f 1644 1646 1645
f 1645 1646 1644
f 1638 1640 1639
f 1636 1618 1622
f 1622 1618 1621
f 1633 1632 1967
f 1501 1632 1503
f 1503 1632 1631
f 1503 1631 1504
f 1631 1630 1504
f 1504 1630 1505
f 1505 1630 1626
f 1626 1630 1629
f 1626 1629 1627
f 1627 1629 1628
f 1626 1625 1505
f 1505 1625 1624
f 1505 1624 1508
f 1959 1621 1620
f 1617 1601 1603
f 1527 1612 1611
f 1527 1611 1528
f 1528 1611 1610
f 1610 1529 1528
f 1529 1610 1607
f 1607 1610 1608
f 1608 1610 1609
f 1529 1607 1606
f 1606 1605 1529
f 1529 1605 1530
f 1604 1533 1605
f 1605 1533 1531
f 1597 1596 1590
f 1590 1588 1551
f 1551 1588 1552
f 1552 1588 1587
f 1552 1587 1553
f 1591 1593 1586
f 1586 1593 1591
f 1588 1590 1589
f 1587 1586 1553
f 1553 1586 1554
f 1554 1586 1585
f 1554 1585 1541
f 1541 1585 1542
f 1556 1558 1557
f 1580 1577 1576
f 1580 1576 1575
f 2141 1571 1570
f 1568 1567 1570
f 1570 1567 1566
f 1570 1566 2141
f 2141 1566 1899
f 1567 1568 1556
f 1541 1555 1547
f 1541 1547 1554
f 1549 1548 1547
f 1518 1516 1531
f 1531 1516 1515
f 1531 1515 1530
f 1530 1515 1540
f 1530 1540 1538
f 1538 1540 1529
f 1529 1540 1525
f 1529 1525 1539
f 1531 1533 1518
f 1531 1530 1605
f 1518 1521 1516
f 1501 1500 1838
f 1511 1514 1513
f 1511 1513 1512
f 1510 1507 1509
f 1505 1508 1506
f 1501 1503 1502
f 1499 1481 1484
f 1496 1495 1637
f 1638 1495 1494
f 1474 1459 1458
f 1474 1458 1476
f 1476 1458 1470
f 1470 1458 1480
f 1470 1480 1478
f 1478 1480 1469
f 1469 1480 1465
f 1469 1465 1479
f 1474 1472 1459
f 1472 1474 1471
f 1452 1437 1434
f 1434 1437 1435
f 1454 1456 1455
f 1446 1448 1447
f 1447 1441 1446
f 1439 1443 1441
f 1434 1435 1437
f 1430 1429 1424
f 1430 1424 1700
f 1700 1424 1422
f 1700 1422 1773
f 1428 1420 1425
f 1420 1428 1411
f 1411 1428 1408
f 1411 1408 1409
f 1422 1424 1423
f 1765 1413 1415
f 1404 1415 1413
f 1402 1404 1413
f 1402 1413 1412
f 1402 1412 1406
f 1406 1412 1408
f 1408 1412 1411
f 1408 1411 1409
f 1399 1387 1745
f 1745 1387 1388
f 1736 1392 1391
f 1958 1484 1621
f 1621 1484 2141
f 1849 1603 1923
f 2046 1687 1703
f 1773 2335 1700
f 1700 2335 2092
f 1786 2308 1454
f 1454 2308 2310
f 2091 1752 1700
f 2047 2043 2039
f 2039 2043 2041
f 2047 2045 2043
f 2043 2045 2046
f 2043 2046 2045
f 2043 2045 2044
f 2041 2043 2042
f 2039 2041 2040
f 1774 1776 1775
f 1782 1778 1774
f 1774 1778 1776
f 1778 1782 1780
f 1778 1780 1781
f 1778 1781 1780
f 1778 1780 1779
f 1776 1778 1777
f 2078 2384 2077
f 2077 2384 2385
f 2077 2385 2079
f 2079 2385 2386
f 2079 2386 2080
f 2080 2386 2387
f 2080 2387 2081
f 2081 2387 2388
f 2081 2388 2083
f 2083 2388 2389
f 2083 2389 2084
f 2084 2389 2390
f 2084 2390 2085
f 2085 2390 2391
f 2085 2391 2087
f 2087 2391 2392
f 2087 2392 2088
f 2088 2392 2393
f 2088 2393 2089
f 2089 2393 2394
f 2089 2394 2090
f 2090 2394 2395
f 2090 2395 2091
f 2091 2395 2396
f 2091 2396 2094
f 2094 2396 2397
f 2094 2397 2095
f 2095 2397 2398
f 2095 2398 2096
f 2096 2398 2399
f 2096 2399 2078
f 2078 2399 2384
f 2387 2386 2400
f 2388 2401 2389
f 2385 2402 2386
f 2387 2400 2388
f 2388 2400 2401
f 2399 2398 2384
f 2390 2389 2403
f 2397 2396 2398
f 2384 2398 2404
f 2384 2404 2385
f 2385 2404 2402
f 2392 2391 2393
f 2390 2403 2391
f 2391 2405 2393
f 2396 2406 2398
f 2403 2405 2391
f 2394 2393 2395
f 2393 2407 2395
f 2386 2402 2400
f 2389 2401 2403
f 2395 2407 2396
f 2396 2407 2406
f 2402 2408 2400
f 2409 2404 2095
f 2095 2404 2398
f 2095 2398 2410
f 2410 2398 2406
f 2410 2406 2411
f 2411 2406 2407
f 2411 2407 2088
f 2088 2407 2393
f 2088 2393 2412
f 2412 2393 2405
f 2412 2405 2413
f 2413 2405 2403
f 2413 2403 2414
f 2414 2403 2401
f 2414 2401 2415
f 2415 2401 2400
f 2415 2400 2416
f 2416 2400 2408
f 2416 2408 2417
f 2417 2408 2402
f 2417 2402 2409
f 2409 2402 2404
f 2143 2418 2144
f 2144 2418 2419
f 2144 2419 2369
f 2369 2419 2420
f 2369 2420 2370
f 2370 2420 2421
f 2370 2421 2371
f 2371 2421 2422
f 2371 2422 2372
f 2372 2422 2423
f 2372 2423 2373
f 2373 2423 2424
f 2373 2424 2374
f 2374 2424 2425
f 2374 2425 2375
f 2375 2425 2426
f 2375 2426 2376
f 2376 2426 2427
f 2376 2427 2377
f 2377 2427 2428
f 2377 2428 2378
f 2378 2428 2429
f 2378 2429 2379
f 2379 2429 2430
f 2379 2430 2380
f 2380 2430 2431
f 2380 2431 2198
f 2198 2431 2432
f 2198 2432 2171
f 2171 2432 2433
f 2171 2433 2381
f 2381 2433 2434
f 2381 2434 2382
f 2382 2434 2435
f 2382 2435 2383
f 2383 2435 2436
f 2383 2436 2143
f 2143 2436 2418
f 2435 2434 2436
f 2422 2421 2423
f 2428 2427 2429
f 2429 2437 2430
f 2423 2421 2438
f 2424 2423 2425
f 2429 2427 2437
f 2423 2438 2425
f 2434 2439 2436
f 2431 2430 2440
f 2431 2440 2432
f 2420 2419 2441
f 2420 2441 2421
f 2426 2425 2427
f 2436 2439 2418
f 2427 2425 2442
f 2434 2433 2443
f 2434 2443 2439
f 2432 2440 2433
f 2418 2439 2444
f 2419 2418 2441
f 2433 2440 2443
f 2418 2444 2441
f 2430 2437 2440
f 2445 2444 2446
f 2446 2444 2439
f 2446 2439 2447
f 2447 2439 2443
f 2447 2443 2448
f 2448 2443 2440
f 2448 2440 2449
f 2449 2440 2437
f 2449 2437 2376
f 2376 2437 2427
f 2376 2427 2450
f 2450 2427 2442
f 2450 2442 2374
f 2374 2442 2425
f 2374 2425 2451
f 2451 2425 2438
f 2451 2438 2370
f 2370 2438 2421
f 2370 2421 2452
f 2452 2421 2441
f 2452 2441 2445
f 2445 2441 2444
f 1389 1385 1382
f 1382 1385 1384
f 1385 1389 1388
f 1385 1388 1387
f 1385 1387 1386
f 1384 1383 1382
f 2409 2412 2417
f 2417 2412 2413
f 2417 2413 2416
f 2416 2413 2415
f 2415 2413 2414
f 2412 2409 2088
f 2088 2409 2095
f 2088 2095 2410
f 2088 2410 2411
f 2453 2454 2455
f 2455 2454 2456
f 2457 2453 2082
f 2082 2453 2455
f 2458 2459 2082
f 2082 2459 2457
f 2082 2455 2141
f 2141 2455 2456
f 2141 2456 2460
f 2459 2458 2460
f 2459 2460 2454
f 2454 2460 2456
f 2461 2462 2458
f 2458 2462 2463
f 2458 2463 2464
f 2464 2463 2465
f 2461 2466 2467
f 2467 2466 2468
f 2468 2466 2469
f 2468 2469 2470
f 2468 2470 2471
f 2471 2470 2472
f 2472 2470 2473
f 2472 2473 2474
f 2474 2473 2475
f 2475 2473 2476
f 2475 2476 2477
f 2477 2476 2478
f 2477 2478 2479
f 2477 2479 2480
f 2480 2479 2481
f 2468 2471 2482
f 2468 2482 2483
f 2483 2482 2484
f 2483 2484 2485
f 2483 2485 2486
f 2483 2486 2487
f 2487 2486 2488
f 2487 2488 2489
f 2489 2488 2490
f 2461 2467 2462
f 2463 2491 2465
f 2465 2491 2492
f 2492 2491 2493
f 2492 2493 2494
f 2494 2493 2495
f 2495 2493 2496
f 2495 2496 2497
f 2497 2496 2498
f 2497 2498 2499
f 2499 2498 2500
f 2500 2498 2501
f 2501 2498 2502
f 2501 2502 2503
f 2503 2502 2504
f 2503 2504 2505
f 2505 2504 2506
f 2494 2495 2507
f 2507 2495 2508
f 2507 2508 2509
f 2507 2509 2510
f 2507 2510 2511
f 2511 2510 2512
f 2512 2510 2513
f 2512 2513 2514
f 2514 2513 2515
f 2514 2515 2516
f 2464 2517 2458
f 2458 2517 2518
f 2458 2518 2519
f 2517 2520 2521
f 2521 2520 2522
f 2522 2520 2523
f 2522 2523 2524
f 2524 2523 2525
f 2525 2523 2526
f 2526 2523 2527
f 2526 2527 2528
f 2528 2527 2529
f 2529 2527 2530
f 2530 2527 2531
f 2530 2531 2532
f 2532 2531 2533
f 2532 2533 2534
f 2524 2525 2535
f 2524 2535 2536
f 2536 2535 2537
f 2536 2537 2538
f 2536 2538 2539
f 2539 2538 2540
f 2540 2538 2541
f 2541 2538 2542
f 2517 2521 2518
f 2543 2519 2544
f 2544 2519 2545
f 2544 2545 2546
f 2546 2545 2547
f 2547 2545 2548
f 2548 2545 2549
f 2548 2549 2550
f 2550 2549 2551
f 2551 2549 2552
f 2552 2549 2553
f 2552 2553 2554
f 2552 2554 2555
f 2555 2554 2556
f 2555 2556 2557
f 2546 2547 2558
f 2546 2558 2559
f 2559 2558 2560
f 2559 2560 2561
f 2559 2561 2562
f 2559 2562 2563
f 2563 2562 2564
f 2564 2562 2565
f 2564 2565 2566
f 2566 2565 2567
f 2519 2543 2568
f 2519 2568 2458
f 2458 2568 2569
f 2458 2569 2570
f 2569 2571 2570
f 2570 2571 2572
f 2572 2571 2573
f 2572 2573 2574
f 2572 2574 2575
f 2575 2574 2576
f 2576 2574 2577
f 2576 2577 2578
f 2578 2577 2579
f 2579 2577 2580
f 2580 2577 2581
f 2580 2581 2582
f 2580 2582 2583
f 2583 2582 2584
f 2583 2584 2585
f 2572 2575 2586
f 2572 2586 2587
f 2587 2586 2588
f 2587 2588 2589
f 2587 2589 2590
f 2587 2590 2591
f 2591 2590 2592
f 2592 2590 2593
f 2592 2593 2594
f 2594 2593 2595
f 2570 2596 2458
f 2458 2596 2460
f 2596 2597 2598
f 2598 2597 2599
f 2599 2597 2600
f 2599 2600 2601
f 2599 2601 2602
f 2602 2601 2603
f 2603 2601 2604
f 2603 2604 2605
f 2605 2604 2606
f 2606 2604 2607
f 2606 2607 2608
f 2606 2608 2609
f 2606 2609 2610
f 2599 2602 2611
f 2599 2611 2612
f 2612 2611 2613
f 2612 2613 2614
f 2612 2614 2615
f 2612 2615 2616
f 2616 2615 2617
f 2616 2617 2618
f 2618 2617 2619
f 2596 2598 2620
f 2596 2620 2460
f 2460 2620 2621
f 2460 2621 2622
f 2622 2621 2623
f 2621 2624 2623
f 2623 2624 2625
f 2625 2624 2626
f 2625 2626 2627
f 2625 2627 2628
f 2628 2627 2629
f 2629 2627 2630
f 2629 2630 2631
f 2631 2630 2632
f 2632 2630 2633
f 2632 2633 2634
f 2634 2633 2635
f 2634 2635 2636
f 2634 2636 2637
f 2637 2636 2638
f 2625 2628 2639
f 2639 2628 2640
f 2639 2640 2641
f 2641 2640 2642
f 2641 2642 2643
f 2641 2643 2644
f 2641 2644 2645
f 2645 2644 2646
f 2645 2646 2647
f 2647 2646 2648
f 2647 2648 2649
f 2622 2650 2460
f 2460 2650 2651
f 2460 2651 2652
f 2650 2653 2654
f 2654 2653 2655
f 2655 2653 2656
f 2655 2656 2657
f 2657 2656 2658
f 2658 2656 2659
f 2658 2659 2660
f 2660 2659 2661
f 2660 2661 2662
f 2662 2661 2663
f 2663 2661 2664
f 2664 2661 2665
f 2664 2665 2666
f 2666 2665 2667
f 2666 2667 2668
f 2668 2667 2669
f 2657 2658 2670
f 2657 2670 2671
f 2671 2670 2672
f 2671 2672 2673
f 2671 2673 2674
f 2674 2673 2675
f 2674 2675 2676
f 2676 2675 2677
f 2677 2675 2678
f 2677 2678 2679
f 2650 2654 2651
f 2652 2680 2681
f 2681 2680 2682
f 2682 2680 2683
f 2682 2683 2684
f 2684 2683 2685
f 2685 2683 2686
f 2686 2683 2687
f 2686 2687 2688
f 2688 2687 2689
f 2689 2687 2690
f 2690 2687 2691
f 2690 2691 2692
f 2692 2691 2693
f 2692 2693 2694
f 2684 2685 2695
f 2684 2695 2696
f 2696 2695 2697
f 2696 2697 2698
f 2696 2698 2699
f 2699 2698 2700
f 2700 2698 2701
f 2701 2698 2702
f 2652 2681 2703
f 2652 2703 2460
f 2460 2703 2704
f 2460 2704 2705
f 2705 2704 2706
f 2706 2704 2707
f 2707 2704 2708
f 2707 2708 2709
f 2709 2708 2710
f 2710 2708 2711
f 2711 2708 2712
f 2711 2712 2713
f 2713 2712 2714
f 2714 2712 2715
f 2715 2712 2716
f 2715 2716 2717
f 2715 2717 2718
f 2718 2717 2719
f 2718 2719 2720
f 2709 2710 2721
f 2709 2721 2722
f 2722 2721 2723
f 2722 2723 2724
f 2722 2724 2725
f 2722 2725 2726
f 2726 2725 2727
f 2727 2725 2728
f 2727 2728 2729
f 2729 2728 2730
f 2731 2732 2454
f 2454 2732 2459
f 2457 2459 2733
f 2733 2459 2732
f 2453 2457 2734
f 2734 2457 2733
f 2454 2453 2731
f 2731 2453 2734
f 2704 2703 2146
f 2146 2703 2172
f 2197 2173 2651
f 2651 2173 2652
f 2650 2622 2200
f 2200 2622 2227
f 2256 2229 2620
f 2620 2229 2621
f 2596 2570 2258
f 2258 2570 2281
f 2308 2283 2568
f 2568 2283 2569
f 2519 2518 2310
f 2310 2518 2335
f 2093 2092 2464
f 2464 2092 2517
f 2086 2461 2082
f 2082 2461 2458
f 2705 2142 2460
f 2460 2142 2141
f 2463 2462 2109
f 2109 2462 2110
f 2735 2736 2737
f 2735 2737 2738
f 2739 2738 2740
f 2739 2740 2741
f 2742 2741 2743
f 2742 2743 2744
f 2737 2736 2745
f 2737 2745 2746
f 2740 2746 2743
f 2740 2743 2741
f 2736 2735 2747
f 2736 2747 2748
f 2748 2747 2745
f 2745 2747 2746
f 2749 2743 2747
f 2747 2743 2746
f 2742 2744 2750
f 2750 2744 2751
f 2735 2739 2751
f 2751 2739 2752
f 2751 2752 2750
f 2739 2735 2738
f 2740 2738 2746
f 2746 2738 2737
f 2742 2750 2752
f 2742 2752 2741
f 2741 2752 2739
f 2748 2745 2736
f 2749 2753 2754
f 2749 2754 2755
f 2756 2755 2757
f 2756 2757 2758
f 2759 2758 2760
f 2759 2760 2761
f 2754 2753 2762
f 2754 2762 2763
f 2757 2763 2760
f 2757 2760 2758
f 2753 2749 2764
f 2753 2764 2765
f 2765 2764 2762
f 2762 2764 2763
f 2766 2760 2764
f 2764 2760 2763
f 2759 2761 2767
f 2767 2761 2743
f 2749 2756 2743
f 2743 2756 2768
f 2743 2768 2767
f 2756 2749 2755
f 2757 2755 2763
f 2763 2755 2754
f 2759 2767 2768
f 2759 2768 2758
f 2758 2768 2756
f 2765 2762 2753
f 2769 2770 2766
f 2766 2770 2771
f 2766 2771 2772
f 2773 2774 2775
f 2773 2775 2776
f 2776 2775 2777
f 2772 2771 2778
f 2772 2778 2779
f 2779 2778 2777
f 2779 2777 2775
f 2771 2770 2780
f 2771 2780 2778
f 2778 2780 2781
f 2778 2781 2777
f 2770 2769 2782
f 2782 2769 2783
f 2782 2783 2781
f 2782 2781 2780
f 2782 2780 2770
f 2776 2777 2784
f 2784 2777 2785
f 2784 2785 2760
f 2766 2774 2760
f 2760 2774 2773
f 2760 2773 2784
f 2774 2766 2772
f 2775 2774 2779
f 2779 2774 2772
f 2776 2784 2773
f 2781 2786 2787
f 2781 2787 2788
f 2788 2787 2789
f 2788 2789 2790
f 2791 2792 2793
f 2791 2793 2794
f 2786 2781 2795
f 2786 2795 2796
f 2790 2789 2793
f 2790 2793 2792
f 2781 2797 2795
f 2795 2797 2798
f 2795 2798 2796
f 2796 2798 2789
f 2798 2793 2789
f 2791 2794 2776
f 2776 2794 2777
f 2781 2779 2777
f 2777 2779 2799
f 2777 2799 2776
f 2776 2799 2791
f 2779 2781 2788
f 2789 2787 2796
f 2796 2787 2786
f 2788 2790 2779
f 2779 2790 2792
f 2779 2792 2799
f 2799 2792 2791
f 2798 2800 2801
f 2798 2801 2802
f 2803 2802 2804
f 2803 2804 2805
f 2806 2805 2807
f 2806 2807 2808
f 2801 2800 2809
f 2801 2809 2810
f 2804 2810 2807
f 2804 2807 2805
f 2800 2798 2811
f 2800 2811 2812
f 2812 2811 2813
f 2812 2813 2814
f 2814 2815 2812
f 2812 2815 2809
f 2809 2815 2810
f 2815 2807 2810
f 2806 2808 2816
f 2816 2808 2793
f 2798 2803 2793
f 2793 2803 2817
f 2793 2817 2816
f 2803 2798 2802
f 2804 2802 2810
f 2810 2802 2801
f 2806 2816 2817
f 2806 2817 2805
f 2805 2817 2803
f 2812 2809 2800
f 2815 2818 2819
f 2820 2819 2821
f 2820 2821 2822
f 2823 2822 2824
f 2823 2824 2825
f 2825 2824 2826
f 2825 2826 2827
f 2827 2826 2807
f 2819 2818 2828
f 2819 2828 2821
f 2822 2821 2824
f 2818 2815 2829
f 2818 2829 2830
f 2830 2829 2831
f 2830 2831 2828
f 2828 2831 2821
f 2831 2824 2821
f 2815 2832 2807
f 2807 2832 2833
f 2807 2833 2827
f 2832 2815 2820
f 2820 2815 2819
f 2832 2820 2822
f 2833 2832 2823
f 2823 2832 2822
f 2825 2827 2833
f 2825 2833 2823
f 2830 2828 2818
f 2834 2835 2836
f 2837 2838 2839
f 2837 2839 2840
f 2760 2785 2761
f 2841 2842 2843
f 2844 2845 2846
f 2824 2826 2807
f 2847 2848 2849
f 2850 2851 2852
f 2853 2854 2855
f 2855 2854 2843
f 2855 2843 2847
f 2847 2843 2842
f 2847 2842 2848
f 2848 2842 2841
f 2848 2841 2849
f 2849 2841 2856
f 2849 2856 2835
f 2835 2856 2751
f 2835 2751 2836
f 2836 2751 2857
f 2836 2857 2838
f 2838 2857 2858
f 2838 2858 2839
f 2839 2858 2761
f 2839 2761 2840
f 2840 2761 2760
f 2840 2760 2859
f 2859 2760 2860
f 2859 2860 2861
f 2861 2860 2777
f 2861 2777 2862
f 2862 2777 2794
f 2862 2794 2863
f 2862 2863 2864
f 2864 2863 2793
f 2864 2793 2865
f 2865 2793 2866
f 2865 2866 2867
f 2867 2866 2868
f 2867 2868 2869
f 2869 2868 2807
f 2869 2807 2870
f 2870 2807 2871
f 2870 2871 2872
f 2872 2871 2824
f 2872 2824 2873
f 2873 2824 2874
f 2873 2874 2875
f 2875 2874 2876
f 2875 2876 2877
f 2877 2876 2878
f 2877 2878 2851
f 2851 2878 2846
f 2851 2846 2852
f 2852 2846 2845
f 2852 2845 2879
f 2879 2845 2880
f 2879 2880 2853
f 2853 2880 2854
f 2863 2794 2793
f 2857 2751 2744
f 2857 2744 2858
f 2858 2743 2761
f 2858 2744 2743
f 2860 2760 2785
f 2868 2866 2807
f 2871 2807 2824
f 2856 2841 2751
f 2760 2761 2785
f 2824 2807 2826
f 2878 2881 2846
f 2751 2841 2882
f 2883 2841 2843
f 2880 2845 2884
f 2884 2845 2844
f 2881 2878 2876
f 2826 2824 2807
f 2807 2866 2808
f 2808 2866 2793
f 2777 2860 2785
f 2885 2877 2886
f 2886 2877 2851
f 2886 2851 2887
f 2887 2851 2850
f 2887 2850 2888
f 2888 2850 2852
f 2888 2852 2889
f 2889 2852 2879
f 2889 2879 2890
f 2890 2879 2853
f 2890 2853 2891
f 2891 2853 2855
f 2891 2855 2892
f 2892 2855 2847
f 2892 2847 2893
f 2893 2847 2849
f 2893 2849 2835
f 2893 2835 2894
f 2894 2835 2834
f 2894 2834 2895
f 2895 2834 2836
f 2895 2836 2838
f 2895 2838 2896
f 2896 2838 2897
f 2897 2838 2837
f 2897 2837 2898
f 2898 2837 2840
f 2898 2840 2899
f 2899 2840 2859
f 2899 2859 2900
f 2900 2859 2861
f 2900 2861 2901
f 2901 2861 2862
f 2901 2862 2902
f 2902 2862 2903
f 2903 2862 2864
f 2903 2864 2904
f 2904 2864 2865
f 2904 2865 2905
f 2905 2865 2867
f 2905 2867 2906
f 2906 2867 2869
f 2906 2869 2907
f 2907 2869 2870
f 2907 2870 2908
f 2908 2870 2872
f 2908 2872 2909
f 2909 2872 2873
f 2909 2873 2910
f 2910 2873 2875
f 2910 2875 2885
f 2885 2875 2877
f 2911 2912 2885
f 2911 2885 2886
f 2912 2913 2914
f 2912 2914 2915
f 2915 2914 2910
f 2910 2914 2909
f 2907 2908 2916
f 2907 2916 2917
f 2914 2918 2909
f 2919 2918 2920
f 2919 2920 2916
f 2917 2921 2922
f 2917 2922 2905
f 2903 2904 2923
f 2903 2923 2924
f 2905 2922 2904
f 2925 2926 2900
f 2900 2926 2899
f 2925 2927 2926
f 2926 2927 2899
f 2927 2928 2929
f 2927 2929 2899
f 2930 2931 2932
f 2930 2932 2933
f 2933 2932 2897
f 2897 2932 2896
f 2932 2934 2896
f 2934 2935 2895
f 2934 2895 2896
f 2936 2937 2894
f 2894 2937 2893
f 2936 2938 2937
f 2937 2938 2893
f 2938 2939 2892
f 2938 2892 2893
f 2940 2939 2941
f 2940 2941 2891
f 2891 2941 2890
f 2888 2889 2942
f 2888 2942 2943
f 2941 2944 2890
f 2943 2945 2946
f 2946 2945 2887
f 2945 2947 2887
f 2947 2945 2911
f 2887 2888 2946
f 2946 2888 2943
f 2897 2898 2933
f 2933 2898 2930
f 2898 2899 2929
f 2900 2901 2925
f 2925 2901 2948
f 2905 2906 2917
f 2915 2910 2912
f 2889 2890 2944
f 2912 2910 2885
f 2916 2908 2919
f 2919 2908 2909
f 2919 2909 2918
f 2906 2907 2917
f 2949 2904 2922
f 2923 2904 2949
f 2902 2903 2924
f 2948 2902 2924
f 2902 2948 2901
f 2898 2929 2928
f 2930 2898 2928
f 2936 2895 2935
f 2936 2894 2895
f 2940 2891 2939
f 2939 2891 2892
f 2942 2889 2944
f 2947 2911 2887
f 2887 2911 2886
f 2911 2950 2912
f 2912 2950 2951
f 2912 2951 2913
f 2913 2951 2952
f 2913 2952 2914
f 2914 2952 2953
f 2914 2953 2918
f 2918 2953 2920
f 2920 2953 2954
f 2920 2954 2916
f 2916 2954 2955
f 2916 2955 2917
f 2917 2955 2921
f 2921 2955 2956
f 2921 2956 2922
f 2922 2956 2949
f 2949 2956 2957
f 2949 2957 2923
f 2923 2957 2958
f 2923 2958 2924
f 2924 2958 2959
f 2924 2959 2948
f 2948 2959 2925
f 2925 2959 2960
f 2925 2960 2961
f 2925 2961 2927
f 2927 2961 2962
f 2927 2962 2928
f 2928 2962 2963
f 2928 2963 2930
f 2930 2963 2964
f 2930 2964 2931
f 2931 2964 2965
f 2931 2965 2932
f 2932 2965 2966
f 2932 2966 2934
f 2934 2966 2935
f 2935 2966 2967
f 2935 2967 2968
f 2935 2968 2936
f 2936 2968 2969
f 2936 2969 2938
f 2938 2969 2970
f 2938 2970 2971
f 2938 2971 2939
f 2939 2971 2972
f 2939 2972 2973
f 2939 2973 2941
f 2941 2973 2974
f 2941 2974 2944
f 2944 2974 2975
f 2944 2975 2942
f 2942 2975 2976
f 2942 2976 2943
f 2943 2976 2977
f 2943 2977 2945
f 2945 2977 2950
f 2945 2950 2911
f 2955 2978 2956
f 2956 2979 2957
f 2961 2960 2980
f 2961 2980 2962
f 2963 2962 2964
f 1083 2959 1084
f 1084 2959 2958
f 1084 2958 1085
f 1085 2958 2957
f 1085 2957 1086
f 1086 2957 2979
f 1086 2979 1087
f 1087 2979 2956
f 1087 2956 1088
f 1088 2956 2978
f 1088 2978 1089
f 1089 2978 2955
f 1089 2955 1090
f 1090 2955 2954
f 1090 2954 1091
f 1091 2954 2953
f 1091 2953 1124
f 1124 2953 2952
f 1124 2952 1126
f 1126 2952 2951
f 1126 2951 1128
f 1128 2951 2950
f 1128 2950 1130
f 1130 2950 2977
f 1130 2977 1132
f 1132 2977 2976
f 1132 2976 1134
f 1134 2976 2975
f 1134 2975 1136
f 1136 2975 2974
f 1136 2974 1138
f 1138 2974 2973
f 1138 2973 1140
f 1140 2973 2972
f 1140 2972 1142
f 1142 2972 2971
f 1142 2971 1144
f 1144 2971 2970
f 1144 2970 1146
f 1146 2970 2969
f 1146 2969 1148
f 1148 2969 2968
f 1148 2968 1150
f 1150 2968 2967
f 1150 2967 1122
f 1122 2967 2966
f 1122 2966 1151
f 1151 2966 2965
f 1151 2965 1152
f 1152 2965 2964
f 1152 2964 1153
f 1153 2964 2962
f 1153 2962 1154
f 1154 2962 2980
f 1154 2980 1155
f 1155 2980 2960
f 1155 2960 1083
f 1083 2960 2959
f 2981 2982 2983
f 2983 2982 2984
f 2983 2984 2985
f 2985 2984 2751
f 2985 2751 2986
f 2986 2751 2987
f 2986 2987 2988
f 2988 2987 2989
f 2988 2989 2990
f 2990 2989 2991
f 2990 2991 2992
f 2992 2991 2993
f 2992 2993 2994
f 2994 2993 2995
f 2994 2995 2841
f 2841 2995 2882
f 2882 2995 2996
f 2882 2996 2751
f 2751 2996 2997
f 2751 2997 2987
f 2987 2997 2989
f 2984 2735 2751
f 2841 2883 2994
f 2994 2883 2992
f 2883 2843 2992
f 2992 2843 2998
f 2992 2999 3000
f 2992 3000 2990
f 2990 3000 2988
f 2999 2992 2982
f 2999 2982 2981
f 3000 2999 3001
f 3001 2999 2981
f 3001 2981 2985
f 2985 2981 2983
f 3001 2988 3000
f 2993 2991 3002
f 3002 2991 2989
f 3002 2989 2997
f 3002 2995 2993
f 2986 2988 3001
f 2986 3001 2985
f 2996 2995 3002
f 2996 3002 2997
f 3003 3004 3005
f 3003 3005 3006
f 3007 3008 3009
f 3007 3009 3010
f 3010 3009 2843
f 3003 3011 3004
f 3006 3005 3012
f 3006 3012 3013
f 3013 3012 2843
f 3013 2843 3009
f 3004 3011 2998
f 3004 2998 3014
f 3014 2998 3015
f 3015 2998 3012
f 3015 3012 3005
f 2998 2843 3012
f 3010 2843 3016
f 3016 2843 2854
f 3016 2854 2880
f 3003 3008 2880
f 2880 3008 3007
f 2880 3007 3016
f 3008 3003 3006
f 3015 3005 3004
f 3014 3015 3004
f 3009 3008 3013
f 3013 3008 3006
f 3010 3016 3007
f 3017 3018 3019
f 3020 3019 3021
f 3020 3021 3022
f 3022 3021 3023
f 3022 3023 3024
f 3024 3023 2880
f 3024 2880 3025
f 3025 2880 3026
f 3026 2880 2884
f 3026 2884 3027
f 3027 2884 2844
f 3027 2844 2846
f 3017 3028 3018
f 3018 3028 3029
f 3018 3029 3030
f 3030 3029 3031
f 3030 3031 3003
f 3030 3003 3032
f 3032 3003 3033
f 3033 3003 3034
f 3033 3034 3035
f 3035 3034 3021
f 3035 3021 3019
f 3003 2880 3034
f 3017 3036 2846
f 2846 3036 3037
f 2846 3037 3027
f 3036 3017 3020
f 3020 3017 3019
f 3036 3020 3022
f 3037 3036 3038
f 3038 3036 3022
f 3038 3022 3024
f 3035 3019 3018
f 3026 3027 3037
f 3026 3037 3038
f 3033 3035 3030
f 3030 3035 3018
f 3032 3033 3030
f 3023 3021 3034
f 3025 3026 3038
f 3025 3038 3024
f 2880 3023 3034
f 3017 2846 3039
f 3017 3039 3040
f 3040 3039 3041
f 3040 3041 3042
f 3043 3042 3044
f 3044 3042 3045
f 3045 3042 3041
f 3045 3041 3046
f 3047 3048 3049
f 3047 3049 3050
f 3050 3049 2846
f 3050 2846 3051
f 3051 2846 2881
f 3051 2881 2876
f 3045 3048 2876
f 2876 3048 3047
f 2876 3047 3051
f 3042 3043 3017
f 3042 3017 3052
f 3047 3050 3051
f 3039 2846 3053
f 3053 2846 3049
f 3053 3049 3048
f 3052 3017 3040
f 3039 3053 3046
f 3046 3053 3048
f 3042 3052 3040
f 3039 3046 3041
f 3046 3048 3045
f 3054 3055 2831
f 2831 3055 3056
f 2831 3056 3057
f 3058 3057 3059
f 3058 3059 3060
f 3061 3060 2876
f 3056 3055 3062
f 3056 3062 3063
f 3059 3063 2876
f 3059 2876 3060
f 3055 3054 3064
f 3064 3054 3045
f 3064 3045 3062
f 3062 3045 3063
f 3045 2876 3063
f 3061 2876 3065
f 3065 2876 2874
f 3065 2874 2824
f 2831 3058 2824
f 2824 3058 3066
f 2824 3066 3065
f 3058 2831 3057
f 3059 3057 3063
f 3063 3057 3056
f 3061 3065 3066
f 3061 3066 3060
f 3060 3066 3058
f 3064 3062 3055
f 2125 3017 2124
f 2124 3017 3043
f 2124 3043 3044
f 2124 3044 2123
f 2123 3044 3045
f 2123 3045 2121
f 2121 3045 3054
f 2121 3054 2132
f 2132 3054 2831
f 2132 2831 2829
f 2829 2815 2132
f 2132 2815 2133
f 2984 2485 2735
f 2735 2485 2484
f 2735 2484 2482
f 2735 2482 2747
f 2747 2482 2471
f 2747 2471 2749
f 2749 2471 2472
f 2749 2472 2764
f 2764 2472 2766
f 2766 2472 2769
f 2769 2472 2474
f 2984 2982 2485
f 2769 2474 2475
f 2769 2475 2783
f 2783 2475 2781
f 2781 2475 2477
f 2781 2477 2797
f 2798 2797 2477
f 2480 3067 2477
f 2477 3067 2797
f 2477 2797 2798
f 2798 2797 2136
f 3067 2480 3068
f 3068 2480 2481
f 3068 2481 3069
f 3069 2481 2479
f 3069 2479 3070
f 3070 2479 2478
f 3070 2478 3071
f 3071 2478 2476
f 3071 2476 3072
f 3072 2476 2473
f 3072 2473 3073
f 3073 2473 2470
f 3073 2470 3074
f 3074 2470 2469
f 3074 2469 3075
f 3075 2469 2466
f 3075 2466 3076
f 3076 2466 2461
f 2461 2086 3076
f 3076 2086 3075
f 3075 2086 2111
f 3075 2111 3074
f 3074 2111 2118
f 3074 2118 3073
f 3073 2118 2120
f 3073 2120 3072
f 3072 2120 2131
f 3072 2131 3071
f 3071 2131 2135
f 3071 2135 3070
f 3070 2135 2137
f 3070 2137 3069
f 3069 2137 2138
f 3069 2138 3068
f 3068 2138 2140
f 3068 2140 3067
f 3067 2140 2139
f 3067 2139 2797
f 2797 2139 2136
f 2798 2136 2811
f 2811 2136 2813
f 2813 2136 2134
f 2813 2134 2814
f 2814 2134 2133
f 2814 2133 2815
f 2485 2982 2486
f 2486 2982 2992
f 2486 2992 2488
f 2488 2992 2998
f 2488 2998 3011
f 3011 3003 2488
f 2488 3003 3011
f 3011 3003 2128
f 3011 2128 3077
f 3077 2128 2130
f 3077 2130 3078
f 3078 2130 2129
f 3078 2129 3079
f 3079 2129 2127
f 3079 2127 3080
f 3080 2127 2122
f 3080 2122 3081
f 3081 2122 2119
f 3081 2119 3082
f 3082 2119 2117
f 3082 2117 3083
f 3083 2117 2110
f 2128 3003 3031
f 2128 3031 2126
f 2126 3031 3029
f 2126 3029 3028
f 2126 3028 2125
f 2125 3028 3017
f 2110 2462 3083
f 3083 2462 3082
f 3082 2462 2467
f 3082 2467 3081
f 3081 2467 2468
f 3081 2468 3080
f 3080 2468 2483
f 3080 2483 3079
f 3079 2483 2487
f 3079 2487 3078
f 3078 2487 2489
f 3078 2489 3077
f 3077 2489 2490
f 3077 2490 3011
f 3011 2490 2488
f 3084 3085 3086
f 3086 3085 3087
f 3086 3087 3088
f 3089 3088 3090
f 3089 3090 3091
f 3092 3091 3093
f 3087 3085 3094
f 3087 3094 3095
f 3090 3095 3093
f 3090 3093 3091
f 3085 3084 3096
f 3096 3084 3097
f 3096 3097 3094
f 3094 3097 3095
f 3097 3093 3095
f 3092 3093 3098
f 3098 3093 3099
f 3098 3099 3100
f 3086 3089 3100
f 3100 3089 3101
f 3100 3101 3098
f 3089 3086 3088
f 3090 3088 3095
f 3095 3088 3087
f 3092 3098 3101
f 3092 3101 3091
f 3091 3101 3089
f 3096 3094 3085
f 3097 3102 3103
f 3097 3103 3104
f 3105 3106 3107
f 3105 3107 3108
f 3108 3107 3109
f 3097 3110 3102
f 3104 3103 3111
f 3104 3111 3112
f 3112 3111 3109
f 3112 3109 3107
f 3102 3110 3113
f 3102 3113 3114
f 3114 3113 3115
f 3115 3113 3111
f 3115 3111 3103
f 3113 3109 3111
f 3108 3109 3116
f 3116 3109 3117
f 3116 3117 3093
f 3097 3106 3093
f 3093 3106 3105
f 3093 3105 3116
f 3106 3097 3104
f 3115 3103 3102
f 3114 3115 3102
f 3107 3106 3112
f 3112 3106 3104
f 3108 3116 3105
f 3118 3119 3113
f 3113 3119 3120
f 3113 3120 3121
f 3121 3120 3122
f 3121 3122 3123
f 3124 3123 3125
f 3124 3125 3126
f 3126 3125 3127
f 3126 3127 3128
f 3118 3129 3119
f 3119 3129 3130
f 3119 3130 3131
f 3122 3131 3132
f 3122 3132 3133
f 3133 3132 3127
f 3133 3127 3125
f 3131 3130 3134
f 3131 3134 3132
f 3132 3134 3135
f 3132 3135 3127
f 3127 3135 3136
f 3130 3129 3137
f 3137 3129 3135
f 3137 3135 3134
f 3137 3134 3130
f 3126 3128 3138
f 3138 3128 3139
f 3138 3139 3140
f 3140 3139 3141
f 3140 3141 3109
f 3113 3142 3109
f 3109 3142 3143
f 3109 3143 3140
f 3140 3143 3138
f 3142 3113 3121
f 3122 3120 3131
f 3131 3120 3119
f 3121 3123 3142
f 3142 3123 3124
f 3142 3124 3143
f 3143 3124 3138
f 3125 3123 3133
f 3133 3123 3122
f 3126 3138 3124
f 3135 3144 3136
f 3136 3144 3145
f 3136 3145 3146
f 3146 3145 3147
f 3146 3147 3148
f 3149 3148 3150
f 3149 3150 3151
f 3151 3150 3152
f 3151 3152 3153
f 3144 3135 3154
f 3144 3154 3155
f 3147 3155 3156
f 3147 3156 3157
f 3157 3156 3152
f 3157 3152 3150
f 3135 3158 3154
f 3154 3158 3159
f 3154 3159 3160
f 3160 3159 3161
f 3160 3161 3162
f 3162 3161 3156
f 3162 3156 3155
f 3161 3152 3156
f 3151 3153 3163
f 3163 3153 3164
f 3163 3164 3126
f 3126 3164 3128
f 3126 3128 3127
f 3136 3133 3127
f 3127 3133 3165
f 3127 3165 3126
f 3126 3165 3163
f 3133 3136 3146
f 3147 3145 3155
f 3155 3145 3144
f 3146 3148 3133
f 3133 3148 3149
f 3133 3149 3165
f 3165 3149 3163
f 3162 3155 3154
f 3160 3162 3154
f 3150 3148 3157
f 3157 3148 3147
f 3151 3163 3149
f 3161 3166 3167
f 3161 3167 3168
f 3168 3167 3169
f 3168 3169 3170
f 3170 3169 3171
f 3170 3171 3172
f 3173 3172 3174
f 3173 3174 3175
f 3161 3176 3166
f 3166 3176 3177
f 3166 3177 3178
f 3178 3177 3179
f 3178 3179 3180
f 3171 3180 3174
f 3171 3174 3172
f 3177 3176 3181
f 3177 3181 3182
f 3182 3181 3183
f 3183 3184 3182
f 3182 3184 3179
f 3179 3184 3180
f 3184 3174 3180
f 3173 3175 3185
f 3185 3175 3186
f 3185 3186 3187
f 3187 3186 3152
f 3161 3188 3152
f 3152 3188 3189
f 3152 3189 3187
f 3187 3189 3185
f 3188 3161 3168
f 3169 3167 3178
f 3178 3167 3166
f 3168 3170 3188
f 3188 3170 3190
f 3188 3190 3189
f 3189 3190 3185
f 3171 3169 3180
f 3180 3169 3178
f 3173 3185 3190
f 3173 3190 3172
f 3172 3190 3170
f 3182 3179 3177
f 3184 3191 3192
f 3192 3191 3193
f 3192 3193 3194
f 3195 3196 3197
f 3195 3197 3198
f 3198 3197 3199
f 3198 3199 3200
f 3200 3199 3174
f 3184 3201 3191
f 3191 3201 3202
f 3191 3202 3193
f 3196 3194 3197
f 3202 3201 3203
f 3202 3203 3193
f 3193 3203 3194
f 3203 3197 3194
f 3184 3204 3174
f 3174 3204 3205
f 3174 3205 3200
f 3200 3205 3198
f 3204 3184 3206
f 3206 3184 3192
f 3206 3192 3194
f 3204 3206 3196
f 3196 3206 3194
f 3205 3204 3195
f 3195 3204 3196
f 3195 3198 3205
f 3207 3208 3209
f 3207 3209 3210
f 3211 3212 3213
f 3214 3215 3216
f 3217 3218 3219
f 3217 3219 3220
f 3221 3222 3223
f 3218 3224 3219
f 3219 3224 3225
f 3219 3225 3220
f 3220 3225 3226
f 3220 3226 3208
f 3208 3226 3100
f 3208 3100 3209
f 3209 3100 3099
f 3209 3099 3210
f 3210 3099 3227
f 3210 3227 3212
f 3212 3227 3228
f 3212 3228 3213
f 3213 3228 3109
f 3213 3109 3229
f 3229 3109 3230
f 3229 3230 3231
f 3231 3230 3139
f 3231 3139 3232
f 3232 3139 3233
f 3232 3233 3234
f 3234 3233 3127
f 3234 3127 3235
f 3235 3127 3153
f 3235 3153 3236
f 3236 3153 3152
f 3236 3152 3237
f 3237 3152 3238
f 3237 3238 3239
f 3239 3238 3174
f 3239 3174 3240
f 3240 3174 3241
f 3240 3241 3242
f 3242 3241 3197
f 3242 3197 3243
f 3243 3197 3244
f 3243 3244 3245
f 3245 3244 3246
f 3245 3246 3247
f 3247 3246 3248
f 3247 3248 3249
f 3249 3248 3216
f 3249 3216 3250
f 3250 3216 3215
f 3250 3215 3222
f 3222 3215 3214
f 3222 3214 3223
f 3223 3214 3251
f 3223 3251 3218
f 3218 3251 3224
f 3227 3099 3093
f 3228 3227 3117
f 3228 3117 3109
f 3224 3252 3225
f 3227 3093 3117
f 3251 3214 3253
f 3251 3253 3224
f 3224 3253 3252
f 3100 3226 3254
f 3230 3109 3139
f 3233 3139 3127
f 3238 3175 3174
f 3241 3174 3199
f 3248 3246 3216
f 3254 3226 3225
f 3255 3214 3216
f 3256 3216 3246
f 3197 3241 3199
f 3186 3175 3238
f 3186 3238 3152
f 3127 3128 3164
f 3164 3153 3127
f 3127 3139 3128
f 3141 3139 3109
f 3257 3245 3258
f 3258 3245 3247
f 3258 3247 3249
f 3258 3249 3259
f 3259 3249 3250
f 3259 3250 3260
f 3260 3250 3222
f 3260 3222 3261
f 3261 3222 3221
f 3261 3221 3262
f 3262 3221 3223
f 3262 3223 3263
f 3263 3223 3218
f 3263 3218 3264
f 3264 3218 3217
f 3264 3217 3265
f 3265 3217 3220
f 3265 3220 3266
f 3266 3220 3208
f 3266 3208 3267
f 3267 3208 3207
f 3267 3207 3268
f 3268 3207 3210
f 3268 3210 3269
f 3269 3210 3270
f 3270 3210 3212
f 3270 3212 3271
f 3271 3212 3211
f 3271 3211 3272
f 3272 3211 3213
f 3272 3213 3273
f 3273 3213 3229
f 3273 3229 3274
f 3274 3229 3231
f 3274 3231 3275
f 3275 3231 3232
f 3275 3232 3276
f 3276 3232 3234
f 3276 3234 3235
f 3276 3235 3277
f 3277 3235 3278
f 3278 3235 3236
f 3278 3236 3279
f 3279 3236 3237
f 3279 3237 3280
f 3280 3237 3239
f 3280 3239 3281
f 3281 3239 3240
f 3281 3240 3282
f 3282 3240 3242
f 3282 3242 3283
f 3283 3242 3243
f 3283 3243 3257
f 3257 3243 3245
f 3284 3285 3286
f 3285 3284 3287
f 3285 3287 3288
f 3288 3287 3283
f 3283 3287 3282
f 3289 3287 3290
f 3289 3290 3291
f 3292 3293 3280
f 3280 3293 3294
f 3280 3294 3279
f 3278 3279 3295
f 3278 3295 3296
f 3296 3295 3297
f 3292 3298 3293
f 3293 3298 3294
f 3294 3298 3279
f 3299 3300 3297
f 3297 3300 3296
f 3300 3299 3301
f 3300 3301 3302
f 3276 3302 3275
f 3302 3303 3275
f 3304 3305 3303
f 3303 3305 3273
f 3303 3273 3275
f 3275 3273 3274
f 3305 3306 3307
f 3307 3306 3272
f 3272 3306 3270
f 3272 3270 3271
f 3269 3270 3308
f 3269 3308 3309
f 3306 3308 3270
f 3310 3311 3266
f 3312 3266 3311
f 3312 3311 3313
f 3313 3314 3265
f 3313 3265 3312
f 3312 3265 3266
f 3314 3315 3316
f 3264 3316 3263
f 3261 3262 3317
f 3261 3317 3318
f 3316 3319 3263
f 3318 3320 3321
f 3321 3320 3259
f 3259 3322 3258
f 3259 3320 3322
f 3259 3260 3321
f 3321 3260 3318
f 3323 3264 3265
f 3266 3267 3310
f 3307 3272 3305
f 3302 3276 3300
f 3324 3280 3281
f 3288 3283 3285
f 3262 3263 3319
f 3257 3258 3286
f 3285 3257 3286
f 3285 3283 3257
f 3289 3282 3287
f 3291 3281 3289
f 3289 3281 3282
f 3324 3281 3291
f 3280 3324 3292
f 3292 3324 3291
f 3295 3279 3298
f 3277 3278 3296
f 3300 3277 3296
f 3277 3300 3276
f 3273 3305 3272
f 3310 3268 3309
f 3309 3268 3269
f 3310 3267 3268
f 3316 3323 3314
f 3314 3323 3265
f 3316 3264 3323
f 3317 3262 3319
f 3261 3318 3260
f 3320 3286 3322
f 3322 3286 3258
f 3286 3325 3326
f 3286 3326 3284
f 3284 3326 3287
f 3287 3326 3327
f 3287 3327 3328
f 3287 3328 3290
f 3290 3328 3329
f 3290 3329 3291
f 3291 3329 3330
f 3291 3330 3292
f 3292 3330 3331
f 3292 3331 3298
f 3298 3331 3295
f 3295 3331 3332
f 3295 3332 3333
f 3295 3333 3297
f 3297 3333 3334
f 3297 3334 3299
f 3299 3334 3301
f 3301 3334 3335
f 3301 3335 3302
f 3302 3335 3336
f 3302 3336 3303
f 3303 3336 3337
f 3303 3337 3304
f 3304 3337 3338
f 3304 3338 3305
f 3305 3338 3339
f 3305 3339 3306
f 3306 3339 3340
f 3306 3340 3341
f 3306 3341 3308
f 3308 3341 3342
f 3308 3342 3309
f 3309 3342 3343
f 3309 3343 3310
f 3310 3343 3344
f 3310 3344 3311
f 3311 3344 3345
f 3311 3345 3313
f 3313 3345 3314
f 3314 3345 3346
f 3314 3346 3315
f 3315 3346 3347
f 3315 3347 3316
f 3316 3347 3348
f 3316 3348 3319
f 3319 3348 3349
f 3319 3349 3317
f 3317 3349 3350
f 3317 3350 3318
f 3318 3350 3351
f 3318 3351 3320
f 3320 3351 3352
f 3320 3352 3353
f 3320 3353 3286
f 3286 3353 3325
f 3332 3331 3354
f 3332 3354 3333
f 3335 3334 3355
f 3335 3355 3336
f 1105 3334 1103
f 1103 3334 3333
f 1103 3333 1101
f 1101 3333 3354
f 1101 3354 1099
f 1099 3354 3331
f 1099 3331 1097
f 1097 3331 3330
f 1097 3330 1095
f 1095 3330 3329
f 1095 3329 1094
f 1094 3329 3328
f 1094 3328 1093
f 1093 3328 3327
f 1093 3327 1156
f 1156 3327 3326
f 1156 3326 1197
f 1197 3326 3325
f 1197 3325 1199
f 1199 3325 3353
f 1199 3353 1201
f 1201 3353 3352
f 1201 3352 1202
f 1202 3352 3351
f 1202 3351 1204
f 1204 3351 3350
f 1204 3350 1206
f 1206 3350 3349
f 1206 3349 1208
f 1208 3349 3348
f 1208 3348 1210
f 1210 3348 3347
f 1210 3347 1212
f 1212 3347 3346
f 1212 3346 1214
f 1214 3346 3345
f 1214 3345 1217
f 1217 3345 3344
f 1217 3344 1218
f 1218 3344 3343
f 1218 3343 1121
f 1121 3343 3342
f 1121 3342 1119
f 1119 3342 3341
f 1119 3341 1117
f 1117 3341 3340
f 1117 3340 1115
f 1115 3340 3339
f 1115 3339 1113
f 1113 3339 3338
f 1113 3338 1111
f 1111 3338 3337
f 1111 3337 1109
f 1109 3337 3336
f 1109 3336 1107
f 1107 3336 3355
f 1107 3355 1105
f 1105 3355 3334
f 3356 3357 3358
f 3358 3357 3100
f 3358 3100 3359
f 3359 3100 3360
f 3359 3360 3361
f 3361 3360 3362
f 3361 3362 3363
f 3363 3362 3364
f 3363 3364 3365
f 3365 3364 3366
f 3365 3366 3254
f 3254 3366 3100
f 3100 3366 3367
f 3100 3367 3360
f 3357 3086 3100
f 3254 3225 3365
f 3365 3225 3363
f 3363 3368 3369
f 3363 3369 3361
f 3361 3369 3359
f 3368 3363 3357
f 3368 3357 3356
f 3369 3368 3358
f 3358 3368 3356
f 3358 3359 3369
f 3364 3362 3367
f 3367 3362 3360
f 3367 3366 3364
f 3370 3371 3372
f 3370 3372 3373
f 3374 3375 3376
f 3374 3376 3365
f 3365 3376 3225
f 3370 3377 3371
f 3373 3372 3378
f 3373 3378 3362
f 3362 3378 3225
f 3362 3225 3376
f 3371 3377 3363
f 3371 3363 3379
f 3379 3363 3380
f 3380 3363 3378
f 3380 3378 3372
f 3363 3225 3378
f 3365 3225 3381
f 3381 3225 3252
f 3381 3252 3253
f 3370 3375 3253
f 3253 3375 3374
f 3253 3374 3381
f 3375 3370 3373
f 3380 3372 3371
f 3379 3380 3371
f 3376 3375 3362
f 3362 3375 3373
f 3365 3381 3374
f 3382 3383 3384
f 3384 3383 3385
f 3384 3385 3386
f 3386 3385 3387
f 3386 3387 3388
f 3389 3388 3253
f 3389 3253 3390
f 3390 3253 3391
f 3391 3253 3214
f 3391 3214 3392
f 3392 3214 3255
f 3392 3255 3216
f 3382 3393 3383
f 3383 3393 3394
f 3383 3394 3395
f 3395 3394 3396
f 3396 3394 3370
f 3396 3370 3397
f 3397 3370 3387
f 3397 3387 3385
f 3370 3253 3387
f 3382 3398 3216
f 3216 3398 3399
f 3216 3399 3392
f 3392 3399 3391
f 3398 3382 3400
f 3400 3382 3384
f 3400 3384 3386
f 3398 3400 3401
f 3401 3400 3386
f 3401 3386 3388
f 3399 3398 3402
f 3402 3398 3401
f 3402 3401 3389
f 3389 3401 3388
f 3397 3385 3395
f 3395 3385 3383
f 3390 3391 3402
f 3402 3391 3399
f 3390 3402 3389
f 3396 3397 3395
f 3253 3388 3387
f 3382 3216 3403
f 3382 3403 3404
f 3405 3404 3406
f 3405 3406 3407
f 3407 3406 3408
f 3408 3406 3409
f 3408 3409 3410
f 3411 3410 3412
f 3411 3412 3413
f 3414 3413 3216
f 3414 3216 3415
f 3415 3216 3256
f 3415 3256 3246
f 3408 3411 3246
f 3246 3411 3416
f 3246 3416 3415
f 3407 3382 3405
f 3403 3216 3412
f 3412 3216 3413
f 3405 3382 3404
f 3403 3412 3410
f 3413 3414 3416
f 3416 3414 3415
f 3404 3403 3409
f 3404 3409 3406
f 3409 3403 3410
f 3413 3416 3411
f 3410 3411 3408
f 3203 3417 3418
f 3203 3418 3419
f 3419 3418 3420
f 3419 3420 3421
f 3422 3423 3246
f 3422 3246 3244
f 3417 3203 3424
f 3417 3424 3425
f 3421 3420 3246
f 3421 3246 3423
f 3424 3203 3426
f 3424 3426 3408
f 3424 3408 3425
f 3425 3408 3420
f 3408 3246 3420
f 3422 3244 3427
f 3427 3244 3197
f 3203 3428 3197
f 3197 3428 3429
f 3197 3429 3427
f 3427 3429 3422
f 3428 3203 3419
f 3420 3418 3425
f 3425 3418 3417
f 3419 3421 3428
f 3428 3421 3423
f 3428 3423 3429
f 3429 3423 3422
f 2344 3382 3407
f 2344 3407 3408
f 2344 3408 2343
f 3408 3426 2343
f 2343 3426 2341
f 3426 3203 2341
f 2341 3203 2351
f 2351 3203 3201
f 2351 3201 2352
f 2352 3201 2353
f 2353 3201 3184
f 3357 2537 3086
f 3086 2537 3084
f 3084 2537 2535
f 3084 2535 3097
f 3097 2535 2525
f 3097 2525 3110
f 3110 2525 2526
f 3110 2526 3113
f 3113 2526 2528
f 3113 2528 3118
f 3118 2528 3129
f 3129 2528 2529
f 3129 2529 2530
f 3129 2530 3135
f 3135 2530 3136
f 3136 2530 2532
f 3136 2532 3159
f 3161 3159 2532
f 2534 3430 2532
f 2532 3430 3159
f 2532 3159 3161
f 3161 3159 2356
f 3430 2534 3431
f 3431 2534 2533
f 3431 2533 3432
f 3432 2533 2531
f 3432 2531 3433
f 3433 2531 2527
f 3433 2527 3434
f 3434 2527 2523
f 3434 2523 3435
f 3435 2523 2520
f 3435 2520 3436
f 3436 2520 2517
f 2517 2092 3436
f 3436 2092 3435
f 3435 2092 2337
f 3435 2337 3434
f 3434 2337 2338
f 3434 2338 3433
f 3433 2338 2350
f 3433 2350 3432
f 3432 2350 2355
f 3432 2355 3431
f 3431 2355 2357
f 3431 2357 3430
f 3430 2357 2358
f 3430 2358 3159
f 3159 2358 2356
f 2354 3176 2356
f 2356 3176 3161
f 3176 2354 3181
f 3181 2354 3183
f 3183 2354 2353
f 3183 2353 3184
f 3159 3158 3136
f 3136 3158 3135
f 2537 3357 2538
f 2538 3357 3363
f 2538 3363 3377
f 3377 3370 2538
f 2538 3370 3377
f 3377 3370 2345
f 3377 2345 3437
f 3437 2345 2349
f 3437 2349 3438
f 3438 2349 2348
f 3438 2348 3439
f 3439 2348 2347
f 3439 2347 3440
f 3440 2347 2346
f 3440 2346 3441
f 3441 2346 2342
f 3441 2342 3442
f 3442 2342 2340
f 3442 2340 3443
f 3443 2340 2339
f 3443 2339 3444
f 3444 2339 2336
f 3444 2336 3445
f 3445 2336 2335
f 2345 3370 3394
f 2345 3394 3393
f 2345 3393 2344
f 2344 3393 3382
f 2335 2518 3445
f 3445 2518 3444
f 3444 2518 2521
f 3444 2521 3443
f 3443 2521 2522
f 3443 2522 3442
f 3442 2522 2524
f 3442 2524 3441
f 3441 2524 2536
f 3441 2536 3440
f 3440 2536 2539
f 3440 2539 3439
f 3439 2539 2540
f 3439 2540 3438
f 3438 2540 2541
f 3438 2541 3437
f 3437 2541 2542
f 3437 2542 3377
f 3377 2542 2538
f 3446 3447 3448
f 3446 3448 3449
f 3449 3448 3450
f 3449 3450 3451
f 3452 3451 3453
f 3452 3453 3454
f 3454 3453 3455
f 3447 3446 3456
f 3447 3456 3457
f 3450 3457 3458
f 3450 3458 3459
f 3459 3458 3455
f 3459 3455 3453
f 3446 3460 3456
f 3456 3460 3461
f 3461 3460 3462
f 3461 3462 3463
f 3463 3462 3458
f 3463 3458 3457
f 3462 3455 3458
f 3454 3455 3464
f 3464 3455 3465
f 3464 3465 3466
f 3466 3465 3467
f 3446 3468 3467
f 3467 3468 3469
f 3467 3469 3466
f 3466 3469 3464
f 3468 3446 3449
f 3450 3448 3457
f 3457 3448 3447
f 3449 3451 3468
f 3468 3451 3452
f 3468 3452 3469
f 3469 3452 3464
f 3463 3457 3456
f 3461 3463 3456
f 3453 3451 3459
f 3459 3451 3450
f 3454 3464 3452
f 3462 3461 3463
f 3462 3463 3458
f 3458 3463 3470
f 3458 3470 3471
f 3472 3473 3474
f 3472 3474 3475
f 3461 3462 3476
f 3461 3476 3477
f 3471 3470 3474
f 3471 3474 3473
f 3462 3478 3476
f 3476 3478 3479
f 3476 3479 3477
f 3477 3479 3470
f 3479 3474 3470
f 3472 3475 3454
f 3454 3475 3455
f 3462 3459 3455
f 3455 3459 3453
f 3455 3453 3454
f 3454 3453 3472
f 3459 3462 3458
f 3470 3463 3477
f 3477 3463 3461
f 3458 3471 3459
f 3459 3471 3473
f 3459 3473 3453
f 3453 3473 3472
f 3480 3481 3479
f 3479 3481 3482
f 3479 3482 3483
f 3484 3485 3486
f 3484 3486 3487
f 3487 3486 3488
f 3483 3482 3489
f 3483 3489 3490
f 3490 3489 3488
f 3490 3488 3486
f 3482 3481 3491
f 3482 3491 3489
f 3489 3491 3492
f 3489 3492 3488
f 3480 3493 3481
f 3481 3493 3494
f 3494 3493 3492
f 3494 3492 3491
f 3494 3491 3481
f 3487 3488 3495
f 3495 3488 3496
f 3495 3496 3474
f 3479 3485 3474
f 3474 3485 3484
f 3474 3484 3495
f 3485 3479 3483
f 3486 3485 3490
f 3490 3485 3483
f 3487 3495 3484
f 3492 3497 3498
f 3492 3498 3499
f 3499 3498 3500
f 3499 3500 3501
f 3502 3503 3504
f 3502 3504 3505
f 3497 3492 3506
f 3497 3506 3507
f 3501 3500 3504
f 3501 3504 3503
f 3492 3508 3506
f 3506 3508 3509
f 3506 3509 3507
f 3507 3509 3500
f 3509 3504 3500
f 3502 3505 3487
f 3487 3505 3488
f 3492 3490 3488
f 3488 3490 3510
f 3488 3510 3487
f 3487 3510 3502
f 3490 3492 3499
f 3500 3498 3507
f 3507 3498 3497
f 3499 3501 3490
f 3490 3501 3503
f 3490 3503 3510
f 3510 3503 3502
f 3509 3511 3512
f 3509 3512 3513
f 3514 3513 3515
f 3514 3515 3516
f 3517 3516 3518
f 3517 3518 3519
f 3512 3511 3520
f 3512 3520 3521
f 3515 3521 3518
f 3515 3518 3516
f 3511 3509 3522
f 3511 3522 3523
f 3523 3522 3524
f 3524 3525 3523
f 3523 3525 3520
f 3520 3525 3521
f 3525 3518 3521
f 3517 3519 3526
f 3526 3519 3504
f 3509 3514 3504
f 3504 3514 3527
f 3504 3527 3526
f 3514 3509 3513
f 3515 3513 3521
f 3521 3513 3512
f 3517 3526 3527
f 3517 3527 3516
f 3516 3527 3514
f 3523 3520 3511
f 3525 3528 3529
f 3525 3529 3530
f 3531 3530 3532
f 3531 3532 3533
f 3534 3533 3535
f 3534 3535 3536
f 3536 3535 3537
f 3536 3537 3538
f 3538 3537 3539
f 3538 3539 3518
f 3530 3529 3540
f 3530 3540 3532
f 3533 3532 3535
f 3529 3528 3541
f 3541 3528 3542
f 3541 3542 3543
f 3541 3543 3540
f 3540 3543 3532
f 3543 3535 3532
f 3525 3544 3518
f 3518 3544 3545
f 3518 3545 3538
f 3544 3525 3531
f 3531 3525 3530
f 3544 3531 3533
f 3545 3544 3534
f 3534 3544 3533
f 3536 3538 3545
f 3536 3545 3534
f 3541 3540 3529
f 3546 3547 3548
f 3549 3550 3551
f 3552 3553 3554
f 3555 3556 3557
f 3558 3559 3560
f 3504 3519 3561
f 3504 3561 3562
f 3505 3562 3488
f 3563 3551 3564
f 3565 3566 3567
f 3568 3569 3570
f 3570 3569 3554
f 3570 3554 3571
f 3571 3554 3553
f 3571 3553 3572
f 3572 3553 3573
f 3573 3553 3574
f 3573 3574 3547
f 3547 3574 3467
f 3547 3467 3548
f 3548 3467 3465
f 3548 3465 3546
f 3546 3465 3575
f 3546 3575 3576
f 3576 3575 3577
f 3576 3577 3549
f 3549 3577 3578
f 3549 3578 3550
f 3550 3578 3475
f 3550 3475 3551
f 3551 3475 3474
f 3551 3474 3564
f 3564 3474 3579
f 3564 3579 3580
f 3580 3579 3581
f 3580 3581 3582
f 3582 3581 3562
f 3582 3562 3583
f 3583 3562 3561
f 3583 3561 3584
f 3584 3561 3585
f 3584 3585 3586
f 3586 3585 3519
f 3586 3519 3565
f 3565 3519 3518
f 3565 3518 3566
f 3566 3518 3539
f 3566 3539 3567
f 3567 3539 3587
f 3567 3587 3588
f 3588 3587 3535
f 3588 3535 3589
f 3589 3535 3590
f 3589 3590 3591
f 3591 3590 3560
f 3591 3560 3592
f 3592 3560 3558
f 3592 3558 3593
f 3593 3558 3594
f 3593 3594 3595
f 3595 3594 3557
f 3595 3557 3556
f 3595 3556 3596
f 3596 3556 3555
f 3596 3555 3568
f 3568 3555 3569
f 3575 3465 3577
f 3578 3577 3475
f 3574 3553 3467
f 3577 3465 3455
f 3577 3455 3475
f 3581 3579 3488
f 3581 3488 3562
f 3585 3561 3519
f 3594 3558 3559
f 3467 3553 3597
f 3474 3496 3579
f 3587 3539 3535
f 3558 3560 3559
f 3552 3554 3598
f 3598 3554 3569
f 3569 3555 3598
f 3599 3555 3557
f 3600 3559 3558
f 3600 3558 3560
f 3590 3535 3560
f 3535 3590 3560
f 3537 3535 3539
f 3504 3562 3505
f 3488 3579 3496
f 3601 3591 3602
f 3602 3591 3592
f 3602 3592 3603
f 3603 3592 3593
f 3603 3593 3604
f 3604 3593 3605
f 3605 3593 3595
f 3605 3595 3606
f 3606 3595 3596
f 3606 3596 3607
f 3607 3596 3568
f 3607 3568 3608
f 3608 3568 3570
f 3608 3570 3609
f 3609 3570 3571
f 3609 3571 3610
f 3610 3571 3572
f 3610 3572 3611
f 3611 3572 3573
f 3611 3573 3612
f 3612 3573 3547
f 3612 3547 3546
f 3612 3546 3613
f 3613 3546 3614
f 3614 3546 3576
f 3614 3576 3549
f 3614 3549 3615
f 3615 3549 3616
f 3616 3549 3551
f 3616 3551 3563
f 3616 3563 3617
f 3617 3563 3564
f 3617 3564 3618
f 3618 3564 3580
f 3618 3580 3582
f 3618 3582 3619
f 3619 3582 3620
f 3620 3582 3583
f 3620 3583 3621
f 3621 3583 3584
f 3621 3584 3586
f 3621 3586 3622
f 3622 3586 3565
f 3622 3565 3623
f 3623 3565 3567
f 3623 3567 3624
f 3624 3567 3588
f 3624 3588 3625
f 3625 3588 3589
f 3625 3589 3601
f 3601 3589 3591
f 3626 3627 3628
f 3628 3627 3629
f 3628 3629 3625
f 3623 3624 3630
f 3623 3630 3631
f 3625 3629 3624
f 3630 3629 3632
f 3630 3632 3631
f 3633 3634 3622
f 3622 3635 3621
f 3620 3621 3636
f 3620 3636 3637
f 3622 3634 3635
f 3617 3638 3639
f 3639 3638 3640
f 3618 3641 3617
f 3641 3638 3617
f 3639 3640 3642
f 3639 3642 3617
f 3643 3640 3644
f 3643 3644 3645
f 3643 3645 3646
f 3646 3645 3615
f 3614 3615 3645
f 3614 3645 3647
f 3648 3649 3612
f 3612 3649 3611
f 3649 3650 3611
f 3651 3652 3650
f 3650 3652 3610
f 3650 3610 3611
f 3608 3653 3607
f 3605 3606 3654
f 3605 3654 3655
f 3653 3656 3607
f 3655 3657 3658
f 3655 3658 3604
f 3603 3604 3602
f 3604 3605 3655
f 3648 3612 3659
f 3615 3616 3646
f 3646 3616 3643
f 3642 3616 3617
f 3641 3618 3660
f 3633 3622 3631
f 3625 3601 3628
f 3606 3607 3656
f 3661 3626 3602
f 3628 3601 3626
f 3626 3601 3602
f 3630 3624 3629
f 3622 3623 3631
f 3636 3621 3635
f 3636 3635 3634
f 3619 3620 3637
f 3660 3619 3637
f 3619 3660 3618
f 3643 3616 3640
f 3640 3616 3642
f 3613 3614 3647
f 3659 3613 3647
f 3659 3612 3613
f 3609 3610 3652
f 3653 3608 3651
f 3651 3608 3609
f 3651 3609 3652
f 3654 3606 3656
f 3658 3661 3604
f 3604 3661 3602
f 3661 3662 3626
f 3626 3662 3663
f 3626 3663 3627
f 3627 3663 3664
f 3627 3664 3665
f 3627 3665 3629
f 3629 3665 3666
f 3629 3666 3632
f 3632 3666 3631
f 3631 3666 3667
f 3631 3667 3668
f 3631 3668 3633
f 3633 3668 3669
f 3633 3669 3634
f 3634 3669 3670
f 3634 3670 3636
f 3636 3670 3671
f 3636 3671 3672
f 3636 3672 3637
f 3637 3672 3673
f 3637 3673 3660
f 3660 3673 3641
f 3641 3673 3674
f 3641 3674 3675
f 3641 3675 3638
f 3638 3675 3676
f 3638 3676 3640
f 3640 3676 3677
f 3640 3677 3644
f 3644 3677 3678
f 3644 3678 3645
f 3645 3678 3679
f 3645 3679 3647
f 3647 3679 3680
f 3647 3680 3659
f 3659 3680 3681
f 3659 3681 3648
f 3648 3681 3649
f 3649 3681 3682
f 3649 3682 3650
f 3650 3682 3683
f 3650 3683 3651
f 3651 3683 3684
f 3651 3684 3685
f 3651 3685 3653
f 3653 3685 3686
f 3653 3686 3656
f 3656 3686 3687
f 3656 3687 3688
f 3656 3688 3654
f 3654 3688 3689
f 3654 3689 3655
f 3655 3689 3690
f 3655 3690 3657
f 3657 3690 3658
f 3658 3690 3691
f 3658 3691 3661
f 3661 3691 3662
f 3688 3687 3692
f 3688 3692 3689
f 3686 3685 3687
f 1223 3673 1221
f 1221 3673 3672
f 1221 3672 1237
f 1237 3672 3671
f 1237 3671 1239
f 1239 3671 3670
f 1239 3670 1241
f 1241 3670 3669
f 1241 3669 1243
f 1243 3669 3668
f 1243 3668 1245
f 1245 3668 3667
f 1245 3667 1247
f 1247 3667 3666
f 1247 3666 1159
f 1159 3666 3665
f 1159 3665 1249
f 1249 3665 3664
f 1249 3664 1250
f 1250 3664 3663
f 1250 3663 1252
f 1252 3663 3662
f 1252 3662 1254
f 1254 3662 3691
f 1254 3691 1256
f 1256 3691 3690
f 1256 3690 1259
f 1259 3690 3689
f 1259 3689 1261
f 1261 3689 3692
f 1261 3692 1263
f 1263 3692 3687
f 1263 3687 1265
f 1265 3687 3685
f 1265 3685 1267
f 1267 3685 3684
f 1267 3684 1269
f 1269 3684 3683
f 1269 3683 1270
f 1270 3683 3682
f 1270 3682 1272
f 1272 3682 3681
f 1272 3681 1274
f 1274 3681 3680
f 1274 3680 1235
f 1235 3680 3679
f 1235 3679 1233
f 1233 3679 3678
f 1233 3678 1231
f 1231 3678 3677
f 1231 3677 1229
f 1229 3677 3676
f 1229 3676 1227
f 1227 3676 3675
f 1227 3675 1225
f 1225 3675 3674
f 1225 3674 1223
f 1223 3674 3673
f 3693 3694 3695
f 3695 3694 3696
f 3695 3696 3697
f 3697 3696 3467
f 3697 3467 3698
f 3698 3467 3699
f 3698 3699 3700
f 3700 3699 3701
f 3700 3701 3702
f 3702 3701 3703
f 3702 3703 3704
f 3704 3703 3705
f 3704 3705 3706
f 3706 3705 3707
f 3706 3707 3553
f 3553 3707 3597
f 3597 3707 3708
f 3597 3708 3467
f 3467 3708 3709
f 3467 3709 3699
f 3696 3446 3467
f 3553 3552 3706
f 3706 3552 3704
f 3704 3710 3711
f 3704 3711 3702
f 3702 3711 3700
f 3710 3704 3694
f 3710 3694 3693
f 3711 3710 3712
f 3712 3710 3693
f 3712 3693 3697
f 3697 3693 3695
f 3698 3700 3712
f 3712 3700 3711
f 3698 3712 3697
f 3705 3703 3713
f 3713 3703 3701
f 3713 3701 3709
f 3709 3701 3699
f 3708 3707 3713
f 3713 3707 3705
f 3708 3713 3709
f 3714 3715 3716
f 3716 3715 3717
f 3716 3717 3718
f 3719 3720 3721
f 3719 3721 3706
f 3706 3721 3552
f 3714 3722 3715
f 3718 3717 3723
f 3718 3723 3703
f 3703 3723 3552
f 3703 3552 3721
f 3715 3722 3704
f 3715 3704 3724
f 3724 3704 3725
f 3725 3704 3723
f 3725 3723 3717
f 3704 3552 3723
f 3706 3552 3726
f 3726 3552 3598
f 3726 3598 3555
f 3716 3720 3555
f 3555 3720 3719
f 3555 3719 3726
f 3720 3716 3718
f 3725 3717 3715
f 3724 3725 3715
f 3721 3720 3703
f 3703 3720 3718
f 3706 3726 3719
f 3727 3728 3729
f 3730 3729 3731
f 3730 3731 3732
f 3733 3732 3555
f 3733 3555 3734
f 3734 3555 3599
f 3734 3599 3735
f 3735 3599 3557
f 3735 3557 3594
f 3727 3736 3728
f 3728 3736 3737
f 3728 3737 3738
f 3738 3737 3714
f 3738 3714 3739
f 3739 3714 3731
f 3739 3731 3729
f 3716 3555 3714
f 3714 3555 3731
f 3727 3740 3594
f 3594 3740 3741
f 3594 3741 3735
f 3740 3727 3730
f 3730 3727 3729
f 3740 3730 3732
f 3741 3740 3733
f 3733 3740 3732
f 3739 3729 3728
f 3734 3735 3741
f 3734 3741 3733
f 3738 3739 3728
f 3555 3732 3731
f 3727 3594 3742
f 3727 3742 3743
f 3744 3745 3746
f 3746 3745 3747
f 3746 3747 3748
f 3748 3747 3749
f 3748 3749 3750
f 3750 3749 3742
f 3750 3742 3751
f 3752 3753 3594
f 3752 3594 3559
f 3752 3559 3754
f 3754 3559 3600
f 3754 3600 3560
f 3748 3755 3560
f 3560 3755 3756
f 3560 3756 3754
f 3754 3756 3752
f 3745 3744 3727
f 3742 3594 3751
f 3751 3594 3753
f 3745 3727 3743
f 3753 3752 3756
f 3745 3743 3747
f 3751 3753 3755
f 3751 3755 3750
f 3750 3755 3748
f 3755 3753 3756
f 3747 3743 3749
f 3749 3743 3742
f 3543 3757 3758
f 3543 3758 3759
f 3759 3758 3760
f 3759 3760 3761
f 3762 3761 3763
f 3762 3763 3764
f 3764 3763 3560
f 3543 3765 3757
f 3757 3765 3766
f 3757 3766 3767
f 3760 3767 3768
f 3760 3768 3769
f 3769 3768 3560
f 3769 3560 3763
f 3766 3765 3748
f 3766 3748 3770
f 3770 3748 3771
f 3771 3748 3768
f 3771 3768 3767
f 3748 3560 3768
f 3764 3560 3772
f 3772 3560 3590
f 3772 3590 3773
f 3773 3590 3535
f 3543 3774 3535
f 3535 3774 3775
f 3535 3775 3773
f 3773 3775 3772
f 3774 3543 3759
f 3760 3758 3767
f 3767 3758 3757
f 3759 3761 3774
f 3774 3761 3762
f 3774 3762 3775
f 3775 3762 3772
f 3771 3767 3766
f 3770 3771 3766
f 3763 3761 3769
f 3769 3761 3760
f 3764 3772 3762
f 2291 3727 3744
f 2291 3744 2290
f 2290 3744 3746
f 2290 3746 3748
f 2290 3748 2289
f 2289 3748 2287
f 2287 3748 3765
f 2287 3765 2299
f 2299 3765 3543
f 2299 3543 3542
f 2299 3542 2300
f 2300 3542 3528
f 2300 3528 2301
f 2301 3528 3525
f 3696 2589 3446
f 3446 2589 2588
f 3446 2588 2586
f 3446 2586 3460
f 3460 2586 2575
f 3460 2575 3462
f 3462 2575 2576
f 3462 2576 3478
f 3478 2576 2578
f 3478 2578 3479
f 3479 2578 3480
f 3480 2578 2579
f 3480 2579 3493
f 2589 3696 3694
f 3493 2579 2580
f 3493 2580 3492
f 3492 2580 3508
f 3509 3508 2580
f 3509 2580 2583
f 2585 3776 2583
f 2583 3776 3777
f 2583 3777 3509
f 3509 3777 2305
f 3509 2305 2302
f 3776 2585 3778
f 3778 2585 2584
f 3778 2584 3779
f 3779 2584 2582
f 3779 2582 3780
f 3780 2582 2581
f 3780 2581 3781
f 3781 2581 2577
f 3781 2577 3782
f 3782 2577 2574
f 3782 2574 3783
f 3783 2574 2573
f 3783 2573 3784
f 3784 2573 2571
f 3784 2571 2569
f 2569 2283 3784
f 3784 2283 2282
f 3784 2282 3783
f 3783 2282 2284
f 3783 2284 3782
f 3782 2284 2286
f 3782 2286 3781
f 3781 2286 2298
f 3781 2298 3780
f 3780 2298 2303
f 3780 2303 3779
f 3779 2303 2304
f 3779 2304 3778
f 3778 2304 2306
f 3778 2306 3776
f 3776 2306 2307
f 3776 2307 3777
f 3777 2307 2305
f 3509 2302 3522
f 3522 2302 3524
f 3524 2302 2301
f 3524 2301 3525
f 2589 3694 2590
f 2590 3694 3704
f 2590 3704 3722
f 3722 3714 2590
f 2590 3714 2593
f 2593 3714 3716
f 2593 3716 3785
f 3785 3716 2295
f 3785 2295 3786
f 3786 2295 2297
f 3786 2297 3787
f 3787 2297 2296
f 3787 2296 3788
f 3788 2296 2294
f 3788 2294 3789
f 3789 2294 2293
f 3789 2293 3790
f 3790 2293 2288
f 3790 2288 3791
f 3791 2288 2285
f 3791 2285 3792
f 3792 2285 2281
f 2295 3716 2292
f 2292 3716 3714
f 2292 3714 3737
f 2292 3737 3736
f 2292 3736 2291
f 2291 3736 3727
f 2281 2570 3792
f 3792 2570 3791
f 3791 2570 2572
f 3791 2572 3790
f 3790 2572 2587
f 3790 2587 3789
f 3789 2587 2591
f 3789 2591 3788
f 3788 2591 2592
f 3788 2592 3787
f 3787 2592 2594
f 3787 2594 3786
f 3786 2594 2595
f 3786 2595 3785
f 3785 2595 2593
f 3793 3794 3795
f 3793 3795 3796
f 3797 3796 3798
f 3797 3798 3799
f 3800 3799 3801
f 3800 3801 3802
f 3795 3794 3803
f 3795 3803 3804
f 3798 3804 3801
f 3798 3801 3799
f 3794 3793 3805
f 3794 3805 3806
f 3806 3805 3803
f 3803 3805 3804
f 3807 3801 3805
f 3805 3801 3804
f 3800 3802 3808
f 3808 3802 3809
f 3793 3797 3809
f 3809 3797 3810
f 3809 3810 3808
f 3797 3793 3796
f 3798 3796 3804
f 3804 3796 3795
f 3800 3808 3810
f 3800 3810 3799
f 3799 3810 3797
f 3806 3803 3794
f 3807 3811 3812
f 3807 3812 3813
f 3814 3813 3815
f 3814 3815 3816
f 3817 3816 3818
f 3817 3818 3819
f 3812 3811 3820
f 3812 3820 3821
f 3815 3821 3818
f 3815 3818 3816
f 3811 3807 3822
f 3811 3822 3823
f 3823 3822 3820
f 3820 3822 3821
f 3824 3818 3822
f 3822 3818 3821
f 3817 3819 3825
f 3825 3819 3801
f 3807 3814 3801
f 3801 3814 3826
f 3801 3826 3825
f 3814 3807 3813
f 3815 3813 3821
f 3821 3813 3812
f 3817 3825 3826
f 3817 3826 3816
f 3816 3826 3814
f 3823 3820 3811
f 3827 3828 3824
f 3824 3828 3829
f 3824 3829 3830
f 3831 3832 3833
f 3831 3833 3834
f 3834 3833 3835
f 3834 3835 3836
f 3830 3829 3837
f 3830 3837 3838
f 3838 3837 3835
f 3838 3835 3833
f 3829 3828 3839
f 3829 3839 3837
f 3837 3839 3840
f 3837 3840 3835
f 3828 3827 3841
f 3841 3827 3842
f 3842 3840 3841
f 3841 3840 3839
f 3841 3839 3828
f 3834 3836 3843
f 3843 3836 3844
f 3843 3844 3818
f 3824 3832 3818
f 3818 3832 3831
f 3818 3831 3843
f 3832 3824 3830
f 3833 3832 3838
f 3838 3832 3830
f 3834 3843 3831
f 3840 3845 3846
f 3840 3846 3847
f 3847 3846 3848
f 3847 3848 3849
f 3850 3851 3852
f 3850 3852 3853
f 3845 3840 3854
f 3845 3854 3855
f 3849 3848 3852
f 3849 3852 3851
f 3840 3856 3854
f 3854 3856 3857
f 3854 3857 3855
f 3855 3857 3848
f 3857 3852 3848
f 3850 3853 3858
f 3858 3853 3835
f 3840 3859 3835
f 3835 3859 3860
f 3835 3860 3858
f 3858 3860 3850
f 3859 3840 3847
f 3848 3846 3855
f 3855 3846 3845
f 3847 3849 3859
f 3859 3849 3851
f 3859 3851 3860
f 3860 3851 3850
f 3857 3861 3862
f 3857 3862 3863
f 3864 3863 3865
f 3864 3865 3866
f 3867 3866 3868
f 3867 3868 3869
f 3862 3861 3870
f 3862 3870 3871
f 3865 3871 3868
f 3865 3868 3866
f 3861 3857 3872
f 3861 3872 3873
f 3873 3872 3874
f 3873 3874 3875
f 3875 3876 3873
f 3873 3876 3870
f 3870 3876 3871
f 3876 3868 3871
f 3867 3869 3877
f 3877 3869 3852
f 3857 3864 3852
f 3852 3864 3878
f 3852 3878 3877
f 3864 3857 3863
f 3865 3863 3871
f 3871 3863 3862
f 3867 3877 3878
f 3867 3878 3866
f 3866 3878 3864
f 3873 3870 3861
f 3876 3879 3880
f 3881 3880 3882
f 3881 3882 3883
f 3884 3883 3885
f 3884 3885 3886
f 3886 3885 3887
f 3886 3887 3888
f 3888 3887 3868
f 3880 3879 3889
f 3880 3889 3882
f 3883 3882 3885
f 3879 3876 3890
f 3879 3890 3891
f 3891 3890 3892
f 3891 3892 3889
f 3889 3892 3882
f 3892 3885 3882
f 3876 3893 3868
f 3868 3893 3894
f 3868 3894 3888
f 3893 3876 3881
f 3881 3876 3880
f 3893 3881 3883
f 3894 3893 3884
f 3884 3893 3883
f 3886 3888 3894
f 3886 3894 3884
f 3891 3889 3879
f 3895 3896 3897
f 3898 3899 3900
f 3898 3900 3901
f 3818 3844 3819
f 3902 3903 3904
f 3905 3906 3907
f 3885 3887 3868
f 3908 3909 3910
f 3911 3912 3913
f 3914 3915 3916
f 3916 3915 3904
f 3916 3904 3908
f 3908 3904 3903
f 3908 3903 3909
f 3909 3903 3902
f 3909 3902 3910
f 3910 3902 3917
f 3910 3917 3896
f 3896 3917 3809
f 3896 3809 3897
f 3897 3809 3918
f 3897 3918 3899
f 3899 3918 3919
f 3899 3919 3900
f 3900 3919 3819
f 3900 3819 3901
f 3901 3819 3818
f 3901 3818 3920
f 3920 3818 3921
f 3920 3921 3922
f 3922 3921 3835
f 3922 3835 3923
f 3923 3835 3853
f 3923 3853 3924
f 3923 3924 3925
f 3925 3924 3852
f 3925 3852 3926
f 3926 3852 3927
f 3926 3927 3928
f 3928 3927 3929
f 3928 3929 3930
f 3930 3929 3868
f 3930 3868 3931
f 3931 3868 3932
f 3931 3932 3933
f 3933 3932 3885
f 3933 3885 3934
f 3934 3885 3935
f 3934 3935 3936
f 3936 3935 3937
f 3936 3937 3938
f 3938 3937 3939
f 3938 3939 3912
f 3912 3939 3907
f 3912 3907 3913
f 3913 3907 3906
f 3913 3906 3940
f 3940 3906 3941
f 3940 3941 3914
f 3914 3941 3915
f 3924 3853 3852
f 3918 3809 3802
f 3918 3802 3919
f 3919 3801 3819
f 3932 3868 3885
f 3919 3802 3801
f 3921 3818 3844
f 3929 3927 3868
f 3917 3902 3809
f 3818 3819 3844
f 3885 3868 3887
f 3939 3942 3907
f 3943 3902 3904
f 3941 3906 3944
f 3944 3906 3905
f 3942 3939 3937
f 3887 3885 3868
f 3868 3927 3869
f 3869 3927 3852
f 3835 3921 3836
f 3836 3921 3844
f 3945 3938 3946
f 3946 3938 3912
f 3946 3912 3947
f 3947 3912 3911
f 3947 3911 3948
f 3948 3911 3913
f 3948 3913 3949
f 3949 3913 3940
f 3949 3940 3950
f 3950 3940 3914
f 3950 3914 3951
f 3951 3914 3916
f 3951 3916 3952
f 3952 3916 3908
f 3952 3908 3953
f 3953 3908 3910
f 3953 3910 3896
f 3953 3896 3954
f 3954 3896 3895
f 3954 3895 3955
f 3955 3895 3897
f 3955 3897 3899
f 3955 3899 3956
f 3956 3899 3957
f 3957 3899 3898
f 3957 3898 3958
f 3958 3898 3901
f 3958 3901 3959
f 3959 3901 3960
f 3960 3901 3920
f 3960 3920 3961
f 3961 3920 3922
f 3961 3922 3962
f 3962 3922 3923
f 3962 3923 3963
f 3963 3923 3964
f 3964 3923 3925
f 3964 3925 3965
f 3965 3925 3926
f 3965 3926 3966
f 3966 3926 3928
f 3966 3928 3967
f 3967 3928 3930
f 3967 3930 3968
f 3968 3930 3931
f 3968 3931 3969
f 3969 3931 3933
f 3969 3933 3970
f 3970 3933 3934
f 3970 3934 3971
f 3971 3934 3936
f 3971 3936 3945
f 3945 3936 3938
f 3972 3973 3945
f 3972 3945 3946
f 3973 3974 3975
f 3973 3975 3976
f 3976 3975 3971
f 3971 3975 3970
f 3968 3969 3977
f 3968 3977 3978
f 3975 3979 3970
f 3980 3979 3977
f 3978 3981 3982
f 3978 3982 3966
f 3964 3965 3983
f 3964 3983 3984
f 3966 3982 3965
f 3985 3986 3961
f 3961 3986 3960
f 3985 3987 3986
f 3986 3987 3960
f 3987 3988 3989
f 3987 3989 3960
f 3990 3991 3992
f 3990 3992 3958
f 3958 3992 3957
f 3957 3992 3956
f 3992 3993 3956
f 3993 3994 3955
f 3993 3955 3956
f 3995 3996 3954
f 3954 3996 3953
f 3995 3997 3996
f 3996 3997 3953
f 3997 3998 3952
f 3997 3952 3953
f 3999 3998 4000
f 3999 4000 3951
f 3951 4000 3950
f 3950 4001 3949
f 3948 3949 4002
f 3948 4002 4003
f 4003 4002 4004
f 4000 4005 3950
f 3950 4005 4001
f 4003 4004 4006
f 4003 4006 4007
f 4007 4006 3947
f 4006 4008 3947
f 4008 4006 3972
f 3947 3948 4007
f 4007 3948 4003
f 4009 3954 3955
f 3958 3959 3990
f 3959 3960 3989
f 3961 3962 3985
f 3985 3962 4010
f 3966 3967 3978
f 3976 3971 3973
f 3949 4001 4005
f 3973 3971 3945
f 3977 3969 3980
f 3980 3969 3970
f 3980 3970 3979
f 3967 3968 3978
f 4011 3965 3982
f 3983 3965 4011
f 3963 3964 3984
f 4010 3963 3984
f 3963 4010 3962
f 3959 3989 3988
f 3990 3959 3988
f 3995 4009 3994
f 3994 4009 3955
f 3995 3954 4009
f 3999 3951 3998
f 3998 3951 3952
f 4002 3949 4005
f 4008 3972 3947
f 3947 3972 3946
f 3972 4012 3973
f 3973 4012 4013
f 3973 4013 3974
f 3974 4013 4014
f 3974 4014 3975
f 3975 4014 4015
f 3975 4015 3979
f 3979 4015 4016
f 3979 4016 3977
f 3977 4016 4017
f 3977 4017 3978
f 3978 4017 3981
f 3981 4017 4018
f 3981 4018 3982
f 3982 4018 4011
f 4011 4018 4019
f 4011 4019 3983
f 3983 4019 4020
f 3983 4020 3984
f 3984 4020 4021
f 3984 4021 4010
f 4010 4021 3985
f 3985 4021 4022
f 3985 4022 4023
f 3985 4023 3987
f 3987 4023 4024
f 3987 4024 3988
f 3988 4024 4025
f 3988 4025 3990
f 3990 4025 4026
f 3990 4026 3991
f 3991 4026 4027
f 3991 4027 3992
f 3992 4027 4028
f 3992 4028 3993
f 3993 4028 3994
f 3994 4028 4029
f 3994 4029 4030
f 3994 4030 3995
f 3995 4030 4031
f 3995 4031 3997
f 3997 4031 4032
f 3997 4032 4033
f 3997 4033 3998
f 3998 4033 4034
f 3998 4034 4035
f 3998 4035 4000
f 4000 4035 4036
f 4000 4036 4005
f 4005 4036 4037
f 4005 4037 4002
f 4002 4037 4038
f 4002 4038 4004
f 4004 4038 4039
f 4004 4039 4006
f 4006 4039 4012
f 4006 4012 3972
f 4024 4026 4025
f 4040 4018 4017
f 4018 4041 4019
f 4023 4022 4042
f 4023 4042 4024
f 1176 4021 1174
f 1174 4021 4020
f 1174 4020 1172
f 1172 4020 4019
f 1172 4019 1171
f 1171 4019 4041
f 1171 4041 1169
f 1169 4041 4018
f 1169 4018 1168
f 1168 4018 4040
f 1168 4040 1166
f 1166 4040 4017
f 1166 4017 1164
f 1164 4017 4016
f 1164 4016 1162
f 1162 4016 4015
f 1162 4015 1277
f 1277 4015 4014
f 1277 4014 1336
f 1336 4014 4013
f 1336 4013 1334
f 1334 4013 4012
f 1334 4012 1332
f 1332 4012 4039
f 1332 4039 1330
f 1330 4039 4038
f 1330 4038 1328
f 1328 4038 4037
f 1328 4037 1326
f 1326 4037 4036
f 1326 4036 1324
f 1324 4036 4035
f 1324 4035 1322
f 1322 4035 4034
f 1322 4034 1320
f 1320 4034 4033
f 1320 4033 1318
f 1318 4033 4032
f 1318 4032 1316
f 1316 4032 4031
f 1316 4031 1314
f 1314 4031 4030
f 1314 4030 1312
f 1312 4030 4029
f 1312 4029 1189
f 1189 4029 4028
f 1189 4028 1187
f 1187 4028 4027
f 1187 4027 1185
f 1185 4027 4026
f 1185 4026 1182
f 1182 4026 4024
f 1182 4024 1180
f 1180 4024 4042
f 1180 4042 1178
f 1178 4042 4022
f 1178 4022 1176
f 1176 4022 4021
f 4043 4044 4045
f 4043 4045 4046
f 4046 4045 3809
f 4046 3809 4047
f 4047 3809 4048
f 4047 4048 4049
f 4049 4048 4050
f 4049 4050 4051
f 4051 4050 4052
f 4051 4052 4053
f 4053 4052 4054
f 4053 4054 3902
f 3902 4054 3809
f 3809 4054 4055
f 3809 4055 4048
f 4045 3793 3809
f 3902 3943 4053
f 4053 3943 4051
f 3943 3904 4051
f 4051 3904 4056
f 4051 4057 4058
f 4051 4058 4049
f 4049 4058 4047
f 4057 4051 4044
f 4057 4044 4043
f 4058 4057 4046
f 4046 4057 4043
f 4046 4047 4058
f 4052 4050 4055
f 4055 4050 4048
f 4055 4054 4052
f 4059 4060 4061
f 4059 4061 4062
f 4063 4064 4065
f 4063 4065 4066
f 4066 4065 3904
f 4059 4067 4060
f 4062 4061 4068
f 4062 4068 4069
f 4069 4068 3904
f 4069 3904 4065
f 4060 4067 4056
f 4060 4056 4070
f 4070 4056 4071
f 4071 4056 4068
f 4071 4068 4061
f 4056 3904 4068
f 4066 3904 4072
f 4072 3904 3915
f 4072 3915 3941
f 4059 4064 3941
f 3941 4064 4063
f 3941 4063 4072
f 4064 4059 4062
f 4071 4061 4060
f 4070 4071 4060
f 4065 4064 4069
f 4069 4064 4062
f 4066 4072 4063
f 4073 4074 4075
f 4076 4075 4077
f 4076 4077 4078
f 4078 4077 4079
f 4078 4079 4080
f 4080 4079 3941
f 4080 3941 4081
f 4081 3941 4082
f 4082 3941 3944
f 4082 3944 4083
f 4083 3944 3905
f 4083 3905 3907
f 4073 4084 4074
f 4074 4084 4085
f 4074 4085 4086
f 4086 4085 4087
f 4086 4087 4059
f 4086 4059 4088
f 4088 4059 4089
f 4089 4059 4090
f 4089 4090 4091
f 4091 4090 4077
f 4091 4077 4075
f 4059 3941 4090
f 4073 4092 3907
f 3907 4092 4093
f 3907 4093 4083
f 4092 4073 4076
f 4076 4073 4075
f 4092 4076 4078
f 4093 4092 4094
f 4094 4092 4078
f 4094 4078 4080
f 4091 4075 4074
f 4082 4083 4093
f 4082 4093 4094
f 4089 4091 4086
f 4086 4091 4074
f 4088 4089 4086
f 4079 4077 4090
f 4081 4082 4094
f 4081 4094 4080
f 3941 4079 4090
f 4073 3907 4095
f 4073 4095 4096
f 4096 4095 4097
f 4096 4097 4098
f 4099 4098 4100
f 4100 4098 4101
f 4101 4098 4097
f 4101 4097 4102
f 4103 4104 4105
f 4103 4105 4106
f 4106 4105 3907
f 4106 3907 4107
f 4107 3907 3942
f 4107 3942 3937
f 4101 4104 3937
f 3937 4104 4103
f 3937 4103 4107
f 4098 4099 4073
f 4098 4073 4108
f 4103 4106 4107
f 4095 3907 4109
f 4109 3907 4105
f 4109 4105 4104
f 4108 4073 4096
f 4095 4109 4102
f 4102 4109 4104
f 4098 4108 4096
f 4095 4102 4097
f 4102 4104 4101
f 4110 4111 3892
f 3892 4111 4112
f 3892 4112 4113
f 4114 4113 4115
f 4114 4115 4116
f 4117 4116 3937
f 4112 4111 4118
f 4112 4118 4119
f 4115 4119 3937
f 4115 3937 4116
f 4111 4110 4120
f 4120 4110 4101
f 4120 4101 4118
f 4118 4101 4119
f 4101 3937 4119
f 4117 3937 4121
f 4121 3937 3935
f 4121 3935 3885
f 3892 4114 3885
f 3885 4114 4122
f 3885 4122 4121
f 4114 3892 4113
f 4115 4113 4119
f 4119 4113 4112
f 4117 4121 4122
f 4117 4122 4116
f 4116 4122 4114
f 4120 4118 4111
f 2239 4073 2238
f 2238 4073 4099
f 2238 4099 4100
f 2238 4100 2237
f 2237 4100 4101
f 2237 4101 2235
f 2235 4101 4110
f 2235 4110 2247
f 2247 4110 3892
f 2247 3892 3890
f 3890 3876 2247
f 2247 3876 2248
f 4045 2643 3793
f 3793 2643 2642
f 3793 2642 2640
f 3793 2640 3805
f 3805 2640 2628
f 3805 2628 3807
f 3807 2628 2629
f 3807 2629 3822
f 3822 2629 3824
f 3824 2629 3827
f 3827 2629 2631
f 4045 4044 2643
f 3827 2631 2632
f 3827 2632 3842
f 3842 2632 2634
f 3842 2634 3840
f 3840 2634 3856
f 3857 3856 2634
f 2637 4123 2634
f 2634 4123 3856
f 2634 3856 3857
f 3857 3856 2251
f 4123 2637 4124
f 4124 2637 2638
f 4124 2638 4125
f 4125 2638 2636
f 4125 2636 4126
f 4126 2636 2635
f 4126 2635 4127
f 4127 2635 2633
f 4127 2633 4128
f 4128 2633 2630
f 4128 2630 4129
f 4129 2630 2627
f 4129 2627 4130
f 4130 2627 2626
f 4130 2626 4131
f 4131 2626 2624
f 4131 2624 4132
f 4132 2624 2621
f 2621 2229 4132
f 4132 2229 4131
f 4131 2229 2228
f 4131 2228 4130
f 4130 2228 2231
f 4130 2231 4129
f 4129 2231 2233
f 4129 2233 4128
f 4128 2233 2246
f 4128 2246 4127
f 4127 2246 2250
f 4127 2250 4126
f 4126 2250 2252
f 4126 2252 4125
f 4125 2252 2253
f 4125 2253 4124
f 4124 2253 2255
f 4124 2255 4123
f 4123 2255 2254
f 4123 2254 3856
f 3856 2254 2251
f 3857 2251 3872
f 3872 2251 3874
f 3874 2251 2249
f 3874 2249 3875
f 3875 2249 2248
f 3875 2248 3876
f 2643 4044 2644
f 2644 4044 4051
f 2644 4051 2646
f 2646 4051 4056
f 2646 4056 4067
f 4067 4059 2646
f 2646 4059 4067
f 4067 4059 2242
f 4067 2242 4133
f 4133 2242 2244
f 4133 2244 4134
f 4134 2244 2245
f 4134 2245 4135
f 4135 2245 2243
f 4135 2243 4136
f 4136 2243 2241
f 4136 2241 4137
f 4137 2241 2236
f 4137 2236 4138
f 4138 2236 2234
f 4138 2234 4139
f 4139 2234 2232
f 4139 2232 4140
f 4140 2232 2230
f 4140 2230 4141
f 4141 2230 2227
f 2242 4059 4087
f 2242 4087 2240
f 2240 4087 4085
f 2240 4085 4084
f 2240 4084 2239
f 2239 4084 4073
f 2227 2622 4141
f 4141 2622 4140
f 4140 2622 2623
f 4140 2623 4139
f 4139 2623 2625
f 4139 2625 4138
f 4138 2625 2639
f 4138 2639 4137
f 4137 2639 2641
f 4137 2641 4136
f 4136 2641 2645
f 4136 2645 4135
f 4135 2645 2647
f 4135 2647 4134
f 4134 2647 2649
f 4134 2649 4133
f 4133 2649 2648
f 4133 2648 4067
f 4067 2648 2646
f 4142 4143 4144
f 4144 4143 4145
f 4144 4145 4146
f 4147 4146 4148
f 4147 4148 4149
f 4150 4149 4151
f 4145 4143 4152
f 4145 4152 4153
f 4148 4153 4151
f 4148 4151 4149
f 4143 4142 4154
f 4154 4142 4155
f 4154 4155 4152
f 4152 4155 4153
f 4155 4151 4153
f 4150 4151 4156
f 4156 4151 4157
f 4156 4157 4158
f 4144 4147 4158
f 4158 4147 4159
f 4158 4159 4156
f 4147 4144 4146
f 4148 4146 4153
f 4153 4146 4145
f 4150 4156 4159
f 4150 4159 4149
f 4149 4159 4147
f 4154 4152 4143
f 4155 4160 4161
f 4155 4161 4162
f 4163 4164 4165
f 4163 4165 4166
f 4166 4165 4167
f 4155 4168 4160
f 4162 4161 4169
f 4162 4169 4170
f 4170 4169 4167
f 4170 4167 4165
f 4160 4168 4171
f 4160 4171 4172
f 4172 4171 4173
f 4173 4171 4169
f 4173 4169 4161
f 4171 4167 4169
f 4166 4167 4174
f 4174 4167 4175
f 4174 4175 4151
f 4155 4164 4151
f 4151 4164 4163
f 4151 4163 4174
f 4164 4155 4162
f 4173 4161 4160
f 4172 4173 4160
f 4165 4164 4170
f 4170 4164 4162
f 4166 4174 4163
f 4176 4177 4171
f 4171 4177 4178
f 4171 4178 4179
f 4179 4178 4180
f 4179 4180 4181
f 4182 4181 4183
f 4182 4183 4184
f 4184 4183 4185
f 4184 4185 4186
f 4177 4176 4187
f 4177 4187 4188
f 4180 4188 4189
f 4180 4189 4190
f 4190 4189 4185
f 4190 4185 4183
f 4176 4191 4187
f 4188 4187 4192
f 4188 4192 4189
f 4189 4192 4193
f 4189 4193 4185
f 4185 4193 4194
f 4187 4191 4195
f 4195 4191 4193
f 4195 4193 4192
f 4195 4192 4187
f 4184 4186 4196
f 4196 4186 4197
f 4196 4197 4198
f 4198 4197 4199
f 4198 4199 4167
f 4171 4200 4167
f 4167 4200 4201
f 4167 4201 4198
f 4198 4201 4196
f 4200 4171 4179
f 4180 4178 4188
f 4188 4178 4177
f 4179 4181 4200
f 4200 4181 4182
f 4200 4182 4201
f 4201 4182 4196
f 4183 4181 4190
f 4190 4181 4180
f 4184 4196 4182
f 4193 4202 4194
f 4194 4202 4203
f 4194 4203 4204
f 4204 4203 4205
f 4204 4205 4206
f 4207 4206 4208
f 4207 4208 4209
f 4209 4208 4210
f 4209 4210 4211
f 4202 4193 4212
f 4202 4212 4213
f 4205 4213 4214
f 4205 4214 4215
f 4215 4214 4210
f 4215 4210 4208
f 4193 4216 4212
f 4212 4216 4217
f 4212 4217 4218
f 4218 4217 4219
f 4218 4219 4220
f 4220 4219 4214
f 4220 4214 4213
f 4219 4210 4214
f 4209 4211 4221
f 4221 4211 4222
f 4221 4222 4184
f 4184 4222 4186
f 4184 4186 4185
f 4194 4190 4185
f 4185 4190 4223
f 4185 4223 4184
f 4184 4223 4221
f 4190 4194 4204
f 4205 4203 4213
f 4213 4203 4202
f 4204 4206 4190
f 4190 4206 4207
f 4190 4207 4223
f 4223 4207 4221
f 4220 4213 4212
f 4218 4220 4212
f 4208 4206 4215
f 4215 4206 4205
f 4209 4221 4207
f 4219 4224 4225
f 4219 4225 4226
f 4226 4225 4227
f 4226 4227 4228
f 4228 4227 4229
f 4228 4229 4230
f 4231 4230 4232
f 4231 4232 4233
f 4219 4234 4224
f 4224 4234 4235
f 4224 4235 4236
f 4236 4235 4237
f 4236 4237 4238
f 4229 4238 4232
f 4229 4232 4230
f 4235 4234 4239
f 4235 4239 4240
f 4240 4239 4241
f 4241 4242 4240
f 4240 4242 4237
f 4237 4242 4238
f 4242 4232 4238
f 4231 4233 4243
f 4243 4233 4244
f 4243 4244 4245
f 4245 4244 4210
f 4219 4246 4210
f 4210 4246 4247
f 4210 4247 4245
f 4245 4247 4243
f 4246 4219 4226
f 4227 4225 4236
f 4236 4225 4224
f 4226 4228 4246
f 4246 4228 4248
f 4246 4248 4247
f 4247 4248 4243
f 4229 4227 4238
f 4238 4227 4236
f 4231 4243 4248
f 4231 4248 4230
f 4230 4248 4228
f 4240 4237 4235
f 4242 4249 4250
f 4250 4249 4251
f 4250 4251 4252
f 4253 4254 4255
f 4253 4255 4256
f 4256 4255 4257
f 4256 4257 4258
f 4258 4257 4232
f 4242 4259 4249
f 4249 4259 4260
f 4249 4260 4251
f 4254 4252 4255
f 4260 4259 4261
f 4260 4261 4251
f 4251 4261 4252
f 4261 4255 4252
f 4242 4262 4232
f 4232 4262 4263
f 4232 4263 4258
f 4258 4263 4256
f 4262 4242 4264
f 4264 4242 4250
f 4264 4250 4252
f 4262 4264 4254
f 4254 4264 4252
f 4263 4262 4253
f 4253 4262 4254
f 4253 4256 4263
f 4265 4266 4267
f 4265 4267 4268
f 4269 4270 4271
f 4272 4273 4274
f 4275 4255 4257
f 4276 4277 4278
f 4278 4277 4279
f 4278 4279 4280
f 4280 4279 4281
f 4280 4281 4266
f 4266 4281 4158
f 4266 4158 4267
f 4267 4158 4157
f 4267 4157 4268
f 4268 4157 4282
f 4268 4282 4270
f 4270 4282 4283
f 4270 4283 4271
f 4271 4283 4167
f 4271 4167 4284
f 4284 4167 4285
f 4284 4285 4286
f 4286 4285 4197
f 4286 4197 4287
f 4287 4197 4288
f 4287 4288 4289
f 4289 4288 4185
f 4289 4185 4290
f 4290 4185 4211
f 4290 4211 4291
f 4291 4211 4210
f 4291 4210 4292
f 4292 4210 4293
f 4292 4293 4294
f 4294 4293 4232
f 4294 4232 4295
f 4295 4232 4275
f 4295 4275 4296
f 4296 4275 4255
f 4296 4255 4297
f 4297 4255 4298
f 4297 4298 4299
f 4299 4298 4300
f 4299 4300 4301
f 4301 4300 4302
f 4301 4302 4303
f 4303 4302 4274
f 4303 4274 4304
f 4304 4274 4273
f 4304 4273 4305
f 4305 4273 4272
f 4305 4272 4306
f 4306 4272 4307
f 4307 4272 4308
f 4307 4308 4276
f 4276 4308 4277
f 4282 4157 4151
f 4283 4282 4175
f 4283 4175 4167
f 4277 4309 4279
f 4282 4151 4175
f 4288 4197 4185
f 4293 4233 4232
f 4308 4272 4310
f 4308 4310 4277
f 4158 4281 4311
f 4285 4167 4197
f 4275 4232 4257
f 4275 4257 4255
f 4302 4300 4274
f 4277 4310 4309
f 4311 4281 4279
f 4312 4272 4274
f 4313 4274 4300
f 4255 4275 4257
f 4244 4233 4293
f 4244 4293 4210
f 4185 4186 4222
f 4222 4211 4185
f 4185 4197 4186
f 4199 4197 4167
f 4314 4299 4315
f 4315 4299 4301
f 4315 4301 4303
f 4315 4303 4316
f 4316 4303 4304
f 4316 4304 4317
f 4317 4304 4305
f 4317 4305 4318
f 4318 4305 4306
f 4318 4306 4319
f 4319 4306 4307
f 4319 4307 4320
f 4320 4307 4276
f 4320 4276 4321
f 4321 4276 4278
f 4321 4278 4322
f 4322 4278 4280
f 4322 4280 4323
f 4323 4280 4266
f 4323 4266 4324
f 4324 4266 4265
f 4324 4265 4325
f 4325 4265 4268
f 4325 4268 4326
f 4326 4268 4327
f 4327 4268 4270
f 4327 4270 4328
f 4328 4270 4269
f 4328 4269 4329
f 4329 4269 4271
f 4329 4271 4330
f 4330 4271 4284
f 4330 4284 4331
f 4331 4284 4286
f 4331 4286 4332
f 4332 4286 4287
f 4332 4287 4333
f 4333 4287 4289
f 4333 4289 4290
f 4333 4290 4334
f 4334 4290 4335
f 4335 4290 4291
f 4335 4291 4336
f 4336 4291 4292
f 4336 4292 4337
f 4337 4292 4294
f 4337 4294 4338
f 4338 4294 4295
f 4338 4295 4339
f 4339 4295 4296
f 4339 4296 4340
f 4340 4296 4297
f 4340 4297 4314
f 4314 4297 4299
f 4341 4342 4343
f 4342 4341 4344
f 4342 4344 4345
f 4345 4344 4340
f 4340 4344 4339
f 4346 4344 4347
f 4346 4347 4348
f 4349 4350 4337
f 4337 4350 4351
f 4337 4351 4336
f 4335 4336 4352
f 4335 4352 4353
f 4353 4352 4354
f 4349 4355 4350
f 4350 4355 4351
f 4351 4355 4336
f 4356 4357 4354
f 4354 4357 4353
f 4357 4356 4358
f 4357 4358 4359
f 4333 4359 4332
f 4359 4360 4332
f 4361 4362 4360
f 4360 4362 4330
f 4360 4330 4332
f 4332 4330 4331
f 4362 4363 4364
f 4364 4363 4329
f 4329 4363 4327
f 4329 4327 4328
f 4326 4327 4365
f 4326 4365 4366
f 4363 4365 4327
f 4367 4368 4323
f 4369 4323 4368
f 4369 4368 4370
f 4370 4371 4322
f 4370 4322 4369
f 4369 4322 4323
f 4371 4372 4373
f 4321 4373 4320
f 4318 4319 4374
f 4318 4374 4375
f 4373 4376 4320
f 4375 4377 4378
f 4378 4377 4316
f 4316 4379 4315
f 4316 4377 4379
f 4316 4317 4378
f 4378 4317 4375
f 4380 4321 4322
f 4323 4324 4367
f 4364 4329 4362
f 4359 4333 4357
f 4381 4337 4338
f 4345 4340 4342
f 4319 4320 4376
f 4314 4315 4343
f 4342 4314 4343
f 4342 4340 4314
f 4346 4339 4344
f 4348 4338 4346
f 4346 4338 4339
f 4381 4338 4348
f 4337 4381 4349
f 4349 4381 4348
f 4352 4336 4355
f 4334 4335 4353
f 4357 4334 4353
f 4334 4357 4333
f 4330 4362 4329
f 4367 4325 4366
f 4366 4325 4326
f 4367 4324 4325
f 4373 4380 4371
f 4371 4380 4322
f 4373 4321 4380
f 4374 4319 4376
f 4318 4375 4317
f 4377 4343 4379
f 4379 4343 4315
f 4343 4382 4383
f 4343 4383 4341
f 4341 4383 4344
f 4344 4383 4384
f 4344 4384 4385
f 4344 4385 4347
f 4347 4385 4386
f 4347 4386 4348
f 4348 4386 4387
f 4348 4387 4349
f 4349 4387 4388
f 4349 4388 4389
f 4349 4389 4355
f 4355 4389 4352
f 4352 4389 4390
f 4352 4390 4391
f 4352 4391 4354
f 4354 4391 4392
f 4354 4392 4356
f 4356 4392 4358
f 4358 4392 4393
f 4358 4393 4359
f 4359 4393 4394
f 4359 4394 4360
f 4360 4394 4395
f 4360 4395 4361
f 4361 4395 4396
f 4361 4396 4362
f 4362 4396 4397
f 4362 4397 4363
f 4363 4397 4398
f 4363 4398 4365
f 4365 4398 4399
f 4365 4399 4366
f 4366 4399 4400
f 4366 4400 4367
f 4367 4400 4401
f 4367 4401 4368
f 4368 4401 4402
f 4368 4402 4370
f 4370 4402 4371
f 4371 4402 4403
f 4371 4403 4372
f 4372 4403 4404
f 4372 4404 4373
f 4373 4404 4405
f 4373 4405 4376
f 4376 4405 4406
f 4376 4406 4374
f 4374 4406 4407
f 4374 4407 4375
f 4375 4407 4408
f 4375 4408 4377
f 4377 4408 4409
f 4377 4409 4410
f 4377 4410 4343
f 4343 4410 4382
f 4411 4394 4393
f 4411 4393 4392
f 4412 4391 4390
f 4412 4390 4389
f 4387 4386 4388
f 4397 4396 4413
f 1340 4392 1338
f 1338 4392 4391
f 1338 4391 1355
f 1355 4391 4412
f 1355 4412 1357
f 1357 4412 4389
f 1357 4389 1360
f 1360 4389 4388
f 1360 4388 1363
f 1363 4388 4386
f 1363 4386 1364
f 1364 4386 4385
f 1364 4385 1280
f 1280 4385 4384
f 1280 4384 1283
f 1283 4384 4383
f 1283 4383 1286
f 1286 4383 4382
f 1286 4382 1288
f 1288 4382 4410
f 1288 4410 1290
f 1290 4410 4409
f 1290 4409 1291
f 1291 4409 4408
f 1291 4408 1293
f 1293 4408 4407
f 1293 4407 1295
f 1295 4407 4406
f 1295 4406 1297
f 1297 4406 4405
f 1297 4405 1299
f 1299 4405 4404
f 1299 4404 1301
f 1301 4404 4403
f 1301 4403 1303
f 1303 4403 4402
f 1303 4402 1306
f 1306 4402 4401
f 1306 4401 1307
f 1307 4401 4400
f 1307 4400 1310
f 1310 4400 4399
f 1310 4399 1353
f 1353 4399 4398
f 1353 4398 1351
f 1351 4398 4397
f 1351 4397 1349
f 1349 4397 4413
f 1349 4413 1348
f 1348 4413 4396
f 1348 4396 1346
f 1346 4396 4395
f 1346 4395 1344
f 1344 4395 4394
f 1344 4394 1342
f 1342 4394 4411
f 1342 4411 1340
f 1340 4411 4392
f 4414 4415 4416
f 4416 4415 4158
f 4416 4158 4417
f 4417 4158 4418
f 4417 4418 4419
f 4419 4418 4420
f 4419 4420 4421
f 4421 4420 4422
f 4421 4422 4423
f 4423 4422 4424
f 4423 4424 4311
f 4311 4424 4158
f 4158 4424 4425
f 4158 4425 4418
f 4415 4144 4158
f 4311 4279 4423
f 4423 4279 4421
f 4421 4426 4427
f 4421 4427 4419
f 4419 4427 4417
f 4426 4421 4415
f 4426 4415 4414
f 4427 4426 4416
f 4416 4426 4414
f 4416 4417 4427
f 4422 4420 4425
f 4425 4420 4418
f 4425 4424 4422
f 4428 4429 4430
f 4428 4430 4431
f 4432 4433 4434
f 4432 4434 4423
f 4423 4434 4279
f 4428 4435 4429
f 4431 4430 4436
f 4431 4436 4420
f 4420 4436 4279
f 4420 4279 4434
f 4429 4435 4421
f 4429 4421 4437
f 4437 4421 4438
f 4438 4421 4436
f 4438 4436 4430
f 4421 4279 4436
f 4423 4279 4439
f 4439 4279 4309
f 4439 4309 4310
f 4428 4433 4310
f 4310 4433 4432
f 4310 4432 4439
f 4433 4428 4431
f 4438 4430 4429
f 4437 4438 4429
f 4434 4433 4420
f 4420 4433 4431
f 4423 4439 4432
f 4440 4441 4442
f 4442 4441 4443
f 4442 4443 4444
f 4444 4443 4445
f 4444 4445 4446
f 4447 4446 4310
f 4447 4310 4448
f 4448 4310 4449
f 4449 4310 4272
f 4449 4272 4450
f 4450 4272 4312
f 4450 4312 4274
f 4440 4451 4441
f 4441 4451 4452
f 4441 4452 4453
f 4453 4452 4454
f 4454 4452 4428
f 4454 4428 4455
f 4455 4428 4445
f 4455 4445 4443
f 4428 4310 4445
f 4440 4456 4274
f 4274 4456 4457
f 4274 4457 4450
f 4450 4457 4449
f 4456 4440 4458
f 4458 4440 4442
f 4458 4442 4444
f 4456 4458 4459
f 4459 4458 4444
f 4459 4444 4446
f 4457 4456 4460
f 4460 4456 4459
f 4460 4459 4447
f 4447 4459 4446
f 4455 4443 4453
f 4453 4443 4441
f 4448 4449 4460
f 4460 4449 4457
f 4448 4460 4447
f 4454 4455 4453
f 4310 4446 4445
f 4440 4274 4461
f 4440 4461 4462
f 4463 4462 4464
f 4463 4464 4465
f 4465 4464 4466
f 4466 4464 4467
f 4466 4467 4468
f 4469 4468 4470
f 4469 4470 4471
f 4472 4471 4274
f 4472 4274 4473
f 4473 4274 4313
f 4473 4313 4300
f 4466 4469 4300
f 4300 4469 4474
f 4300 4474 4473
f 4465 4440 4463
f 4461 4274 4470
f 4470 4274 4471
f 4463 4440 4462
f 4461 4470 4468
f 4471 4472 4474
f 4474 4472 4473
f 4462 4461 4467
f 4462 4467 4464
f 4467 4461 4468
f 4471 4474 4469
f 4468 4469 4466
f 4261 4475 4476
f 4261 4476 4477
f 4477 4476 4478
f 4477 4478 4479
f 4480 4481 4300
f 4480 4300 4298
f 4475 4261 4482
f 4475 4482 4483
f 4479 4478 4300
f 4479 4300 4481
f 4261 4484 4482
f 4482 4484 4466
f 4482 4466 4483
f 4483 4466 4478
f 4466 4300 4478
f 4480 4298 4485
f 4485 4298 4255
f 4261 4486 4255
f 4255 4486 4487
f 4255 4487 4485
f 4485 4487 4480
f 4486 4261 4477
f 4478 4476 4483
f 4483 4476 4475
f 4477 4479 4486
f 4486 4479 4481
f 4486 4481 4487
f 4487 4481 4480
f 2182 4440 4465
f 2182 4465 4466
f 2182 4466 2181
f 4466 4484 2181
f 2181 4484 2179
f 2179 4484 4261
f 2179 4261 2189
f 2189 4261 4259
f 2189 4259 2190
f 2190 4259 2191
f 2191 4259 4242
f 4415 2697 4144
f 4144 2697 4142
f 4142 2697 2695
f 4142 2695 4155
f 4155 2695 2685
f 4155 2685 4168
f 4168 2685 2686
f 4168 2686 4171
f 4171 2686 2688
f 4171 2688 4176
f 4176 2688 2689
f 4176 2689 4191
f 4191 2689 2690
f 4191 2690 4193
f 4193 2690 4194
f 4194 2690 2692
f 4194 2692 4217
f 4219 4217 2692
f 2694 4488 2692
f 2692 4488 4217
f 2692 4217 4219
f 4219 4217 2194
f 4488 2694 4489
f 4489 2694 2693
f 4489 2693 4490
f 4490 2693 2691
f 4490 2691 4491
f 4491 2691 2687
f 4491 2687 4492
f 4492 2687 2683
f 4492 2683 4493
f 4493 2683 2680
f 4493 2680 4494
f 4494 2680 2652
f 2652 2173 4494
f 4494 2173 4493
f 4493 2173 2175
f 4493 2175 4492
f 4492 2175 2176
f 4492 2176 4491
f 4491 2176 2188
f 4491 2188 4490
f 4490 2188 2193
f 4490 2193 4489
f 4489 2193 2195
f 4489 2195 4488
f 4488 2195 2196
f 4488 2196 4217
f 4217 2196 2194
f 2192 4234 2194
f 2194 4234 4219
f 4234 2192 4239
f 4239 2192 4241
f 4241 2192 2191
f 4241 2191 4242
f 4217 4216 4194
f 4194 4216 4193
f 2697 4415 2698
f 2698 4415 4421
f 2698 4421 4435
f 4435 4428 2698
f 2698 4428 4435
f 4435 4428 2183
f 4435 2183 4495
f 4495 2183 2187
f 4495 2187 4496
f 4496 2187 2186
f 4496 2186 4497
f 4497 2186 2185
f 4497 2185 4498
f 4498 2185 2184
f 4498 2184 4499
f 4499 2184 2180
f 4499 2180 4500
f 4500 2180 2178
f 4500 2178 4501
f 4501 2178 2177
f 4501 2177 4502
f 4502 2177 2174
f 4502 2174 4503
f 4503 2174 2172
f 2183 4428 4452
f 2183 4452 4451
f 2183 4451 2182
f 2182 4451 4440
f 2172 2703 4503
f 4503 2703 4502
f 4502 2703 2681
f 4502 2681 4501
f 4501 2681 2682
f 4501 2682 4500
f 4500 2682 2684
f 4500 2684 4499
f 4499 2684 2696
f 4499 2696 4498
f 4498 2696 2699
f 4498 2699 4497
f 4497 2699 2700
f 4497 2700 4496
f 4496 2700 2701
f 4496 2701 4495
f 4495 2701 2702
f 4495 2702 4435
f 4435 2702 2698
f 4504 4505 4506
f 4504 4506 4507
f 4508 4509 4510
f 4508 4510 4511
f 4511 4510 4512
f 4504 4513 4505
f 4507 4506 4514
f 4507 4514 4515
f 4515 4514 4512
f 4515 4512 4510
f 4505 4513 4516
f 4505 4516 4517
f 4517 4516 4518
f 4518 4516 4514
f 4518 4514 4506
f 4516 4512 4514
f 4511 4512 4519
f 4519 4512 4520
f 4519 4520 4521
f 4504 4509 4521
f 4521 4509 4508
f 4521 4508 4519
f 4509 4504 4507
f 4518 4506 4505
f 4517 4518 4505
f 4510 4509 4515
f 4515 4509 4507
f 4511 4519 4508
f 4516 4517 4518
f 4516 4518 4514
f 4514 4518 4522
f 4514 4522 4523
f 4524 4523 4525
f 4524 4525 4526
f 4526 4525 4527
f 4516 4528 4517
f 4517 4528 4529
f 4517 4529 4530
f 4522 4530 4531
f 4522 4531 4532
f 4532 4531 4527
f 4532 4527 4525
f 4529 4528 4533
f 4529 4533 4534
f 4534 4533 4535
f 4535 4533 4531
f 4535 4531 4530
f 4533 4527 4531
f 4526 4527 4536
f 4536 4527 4537
f 4536 4537 4511
f 4511 4537 4512
f 4516 4515 4512
f 4512 4515 4510
f 4512 4510 4511
f 4511 4510 4536
f 4515 4516 4514
f 4522 4518 4530
f 4530 4518 4517
f 4514 4523 4515
f 4515 4523 4524
f 4515 4524 4510
f 4510 4524 4536
f 4535 4530 4529
f 4534 4535 4529
f 4525 4523 4532
f 4532 4523 4522
f 4526 4536 4524
f 4538 4539 4533
f 4533 4539 4540
f 4533 4540 4541
f 4542 4541 4543
f 4542 4543 4544
f 4544 4543 4545
f 4544 4545 4546
f 4546 4545 4547
f 4540 4539 4548
f 4540 4548 4549
f 4549 4548 4550
f 4549 4550 4551
f 4551 4550 4547
f 4551 4547 4545
f 4538 4552 4539
f 4539 4552 4553
f 4539 4553 4548
f 4548 4553 4554
f 4548 4554 4550
f 4550 4554 4555
f 4550 4555 4547
f 4553 4552 4556
f 4556 4552 4555
f 4556 4555 4554
f 4556 4554 4553
f 4546 4547 4557
f 4557 4547 4558
f 4557 4558 4559
f 4559 4558 4560
f 4559 4560 4527
f 4533 4542 4527
f 4527 4542 4561
f 4527 4561 4559
f 4542 4533 4541
f 4543 4541 4549
f 4549 4541 4540
f 4557 4559 4561
f 4557 4561 4544
f 4544 4561 4542
f 4545 4543 4551
f 4551 4543 4549
f 4546 4557 4544
f 4555 4562 4563
f 4555 4563 4564
f 4564 4563 4565
f 4564 4565 4566
f 4567 4568 4569
f 4567 4569 4570
f 4562 4555 4571
f 4562 4571 4572
f 4566 4565 4569
f 4566 4569 4568
f 4555 4573 4571
f 4571 4573 4574
f 4571 4574 4572
f 4572 4574 4565
f 4575 4569 4574
f 4574 4569 4565
f 4567 4570 4546
f 4546 4570 4547
f 4555 4551 4547
f 4547 4551 4576
f 4547 4576 4546
f 4546 4576 4567
f 4551 4555 4564
f 4565 4563 4572
f 4572 4563 4562
f 4564 4566 4551
f 4551 4566 4568
f 4551 4568 4576
f 4576 4568 4567
f 4574 4577 4575
f 4575 4577 4578
f 4575 4578 4579
f 4580 4579 4581
f 4580 4581 4582
f 4583 4582 4584
f 4583 4584 4585
f 4578 4577 4586
f 4578 4586 4587
f 4581 4587 4584
f 4581 4584 4582
f 4577 4574 4588
f 4577 4588 4589
f 4589 4588 4590
f 4590 4591 4589
f 4589 4591 4586
f 4586 4591 4587
f 4591 4584 4587
f 4583 4585 4592
f 4592 4585 4593
f 4592 4593 4569
f 4575 4580 4569
f 4569 4580 4594
f 4569 4594 4592
f 4580 4575 4579
f 4581 4579 4587
f 4587 4579 4578
f 4583 4592 4594
f 4583 4594 4582
f 4582 4594 4580
f 4589 4586 4577
f 4591 4595 4596
f 4597 4598 4599
f 4597 4599 4600
f 4600 4599 4601
f 4600 4601 4602
f 4602 4601 4603
f 4602 4603 4604
f 4604 4603 4605
f 4604 4605 4584
f 4591 4606 4595
f 4598 4596 4607
f 4598 4607 4599
f 4599 4607 4601
f 4595 4606 4608
f 4595 4608 4609
f 4609 4608 4610
f 4609 4610 4611
f 4611 4610 4607
f 4611 4607 4596
f 4610 4601 4607
f 4591 4597 4584
f 4584 4597 4612
f 4584 4612 4604
f 4597 4591 4598
f 4598 4591 4596
f 4612 4597 4600
f 4611 4596 4595
f 4609 4611 4595
f 4602 4604 4612
f 4602 4612 4600
f 4613 4614 4615
f 4616 4617 4618
f 4547 4619 4558
f 4620 4621 4622
f 4623 4621 4624
f 4623 4624 4625
f 4626 4601 4605
f 4585 4627 4569
f 4628 4629 4614
f 4630 4631 4632
f 4633 4621 4634
f 4634 4621 4635
f 4634 4635 4629
f 4629 4635 4636
f 4629 4636 4614
f 4614 4636 4521
f 4614 4521 4615
f 4615 4521 4520
f 4615 4520 4613
f 4613 4520 4637
f 4613 4637 4638
f 4638 4637 4639
f 4638 4639 4616
f 4616 4639 4640
f 4616 4640 4617
f 4617 4640 4537
f 4617 4537 4618
f 4618 4537 4527
f 4618 4527 4641
f 4641 4527 4642
f 4641 4642 4643
f 4643 4642 4558
f 4643 4558 4644
f 4644 4558 4645
f 4645 4558 4619
f 4645 4619 4646
f 4646 4619 4647
f 4646 4647 4648
f 4648 4647 4569
f 4648 4569 4649
f 4649 4569 4627
f 4649 4627 4585
f 4649 4585 4650
f 4650 4585 4584
f 4650 4584 4651
f 4651 4584 4626
f 4651 4626 4652
f 4652 4626 4601
f 4652 4601 4653
f 4653 4601 4654
f 4653 4654 4655
f 4655 4654 4656
f 4655 4656 4631
f 4631 4656 4657
f 4631 4657 4632
f 4632 4657 4658
f 4632 4658 4630
f 4630 4658 4659
f 4630 4659 4660
f 4660 4659 4625
f 4660 4625 4661
f 4661 4625 4662
f 4661 4662 4663
f 4663 4662 4624
f 4663 4624 4633
f 4633 4624 4621
f 4637 4520 4639
f 4640 4639 4537
f 4635 4621 4620
f 4635 4620 4636
f 4639 4520 4512
f 4639 4512 4537
f 4642 4527 4558
f 4584 4605 4626
f 4662 4625 4624
f 4521 4636 4664
f 4527 4560 4558
f 4626 4605 4601
f 4657 4656 4658
f 4664 4636 4620
f 4621 4623 4622
f 4665 4658 4656
f 4656 4654 4601
f 4601 4654 4656
f 4601 4626 4603
f 4603 4626 4605
f 4593 4585 4569
f 4569 4647 4570
f 4570 4647 4619
f 4619 4547 4570
f 4666 4655 4667
f 4667 4655 4631
f 4667 4631 4630
f 4667 4630 4668
f 4668 4630 4669
f 4669 4630 4660
f 4669 4660 4670
f 4670 4660 4661
f 4670 4661 4671
f 4671 4661 4663
f 4671 4663 4672
f 4672 4663 4633
f 4672 4633 4673
f 4673 4633 4634
f 4673 4634 4674
f 4674 4634 4629
f 4674 4629 4675
f 4675 4629 4676
f 4676 4629 4628
f 4676 4628 4677
f 4677 4628 4614
f 4677 4614 4678
f 4678 4614 4613
f 4678 4613 4679
f 4679 4613 4680
f 4680 4613 4638
f 4680 4638 4681
f 4681 4638 4616
f 4681 4616 4682
f 4682 4616 4618
f 4682 4618 4683
f 4683 4618 4641
f 4683 4641 4684
f 4684 4641 4643
f 4684 4643 4685
f 4685 4643 4644
f 4685 4644 4686
f 4686 4644 4645
f 4686 4645 4646
f 4686 4646 4687
f 4687 4646 4688
f 4688 4646 4648
f 4688 4648 4689
f 4689 4648 4649
f 4689 4649 4690
f 4690 4649 4650
f 4690 4650 4691
f 4691 4650 4651
f 4691 4651 4652
f 4691 4652 4692
f 4692 4652 4693
f 4693 4652 4653
f 4693 4653 4655
f 4693 4655 4666
f 4694 4695 4696
f 4695 4694 4697
f 4695 4697 4693
f 4693 4697 4692
f 4698 4697 4699
f 4698 4699 4700
f 4701 4702 4690
f 4688 4689 4703
f 4688 4703 4704
f 4701 4705 4702
f 4690 4702 4689
f 4702 4705 4703
f 4684 4685 4706
f 4684 4706 4707
f 4707 4706 4708
f 4686 4709 4685
f 4709 4706 4685
f 4707 4708 4683
f 4707 4683 4684
f 4710 4708 4711
f 4710 4711 4682
f 4682 4711 4681
f 4680 4681 4712
f 4680 4712 4713
f 4711 4712 4681
f 4714 4715 4716
f 4714 4716 4677
f 4677 4716 4676
f 4716 4717 4676
f 4717 4718 4675
f 4717 4675 4676
f 4673 4719 4672
f 4670 4671 4720
f 4670 4720 4721
f 4719 4722 4672
f 4721 4723 4724
f 4721 4724 4668
f 4668 4669 4721
f 4673 4674 4675
f 4677 4678 4714
f 4709 4686 4725
f 4701 4690 4700
f 4693 4666 4695
f 4671 4672 4722
f 4666 4667 4696
f 4726 4696 4667
f 4695 4666 4696
f 4698 4692 4697
f 4700 4691 4698
f 4698 4691 4692
f 4690 4691 4700
f 4703 4689 4702
f 4687 4688 4704
f 4725 4687 4704
f 4687 4725 4686
f 4710 4682 4708
f 4708 4682 4683
f 4679 4680 4713
f 4714 4679 4713
f 4714 4678 4679
f 4719 4673 4727
f 4727 4673 4675
f 4727 4675 4718
f 4720 4671 4722
f 4670 4721 4669
f 4724 4726 4668
f 4668 4726 4667
f 4726 4728 4696
f 4696 4728 4729
f 4696 4729 4694
f 4694 4729 4730
f 4694 4730 4697
f 4697 4730 4731
f 4697 4731 4699
f 4699 4731 4732
f 4699 4732 4700
f 4700 4732 4733
f 4700 4733 4734
f 4700 4734 4701
f 4701 4734 4735
f 4701 4735 4705
f 4705 4735 4703
f 4703 4735 4736
f 4703 4736 4737
f 4703 4737 4704
f 4704 4737 4738
f 4704 4738 4725
f 4725 4738 4739
f 4725 4739 4709
f 4709 4739 4740
f 4709 4740 4741
f 4709 4741 4706
f 4706 4741 4742
f 4706 4742 4708
f 4708 4742 4743
f 4708 4743 4744
f 4708 4744 4711
f 4711 4744 4712
f 4712 4744 4745
f 4712 4745 4746
f 4712 4746 4713
f 4713 4746 4747
f 4713 4747 4714
f 4714 4747 4715
f 4715 4747 4748
f 4715 4748 4716
f 4716 4748 4749
f 4716 4749 4717
f 4717 4749 4718
f 4718 4749 4750
f 4718 4750 4727
f 4727 4750 4751
f 4727 4751 4719
f 4719 4751 4752
f 4719 4752 4722
f 4722 4752 4753
f 4722 4753 4720
f 4720 4753 4754
f 4720 4754 4721
f 4721 4754 4755
f 4721 4755 4723
f 4723 4755 4756
f 4723 4756 4724
f 4724 4756 4757
f 4724 4757 4726
f 4726 4757 4728
f 4737 4736 4758
f 4737 4758 4738
f 4739 4738 4740
f 1296 4738 1294
f 1294 4738 4758
f 1294 4758 1292
f 1292 4758 4736
f 1292 4736 1289
f 1289 4736 4735
f 1289 4735 1287
f 1287 4735 4734
f 1287 4734 1285
f 1285 4734 4733
f 1285 4733 1284
f 1284 4733 4732
f 1284 4732 1282
f 1282 4732 4731
f 1282 4731 1281
f 1281 4731 4730
f 1281 4730 1365
f 1365 4730 4729
f 1365 4729 1366
f 1366 4729 4728
f 1366 4728 1367
f 1367 4728 4757
f 1367 4757 1368
f 1368 4757 4756
f 1368 4756 1369
f 1369 4756 4755
f 1369 4755 1370
f 1370 4755 4754
f 1370 4754 1371
f 1371 4754 4753
f 1371 4753 1372
f 1372 4753 4752
f 1372 4752 1373
f 1373 4752 4751
f 1373 4751 1374
f 1374 4751 4750
f 1374 4750 1375
f 1375 4750 4749
f 1375 4749 1376
f 1376 4749 4748
f 1376 4748 1377
f 1377 4748 4747
f 1377 4747 1309
f 1309 4747 4746
f 1309 4746 1308
f 1308 4746 4745
f 1308 4745 1305
f 1305 4745 4744
f 1305 4744 1304
f 1304 4744 4743
f 1304 4743 1302
f 1302 4743 4742
f 1302 4742 1300
f 1300 4742 4741
f 1300 4741 1298
f 1298 4741 4740
f 1298 4740 1296
f 1296 4740 4738
f 4759 4760 4761
f 4759 4761 4762
f 4762 4761 4521
f 4762 4521 4763
f 4763 4521 4764
f 4763 4764 4765
f 4765 4764 4766
f 4765 4766 4767
f 4767 4766 4768
f 4767 4768 4769
f 4769 4768 4770
f 4769 4770 4664
f 4664 4770 4521
f 4521 4770 4771
f 4521 4771 4764
f 4761 4504 4521
f 4664 4620 4769
f 4769 4620 4767
f 4767 4772 4773
f 4767 4773 4765
f 4765 4773 4763
f 4772 4767 4760
f 4772 4760 4759
f 4773 4772 4762
f 4762 4772 4759
f 4762 4763 4773
f 4768 4766 4771
f 4771 4766 4764
f 4771 4770 4768
f 4774 4775 4776
f 4774 4776 4777
f 4778 4779 4780
f 4778 4780 4769
f 4769 4780 4620
f 4774 4781 4775
f 4777 4776 4782
f 4777 4782 4766
f 4766 4782 4620
f 4766 4620 4780
f 4775 4781 4767
f 4775 4767 4783
f 4783 4767 4784
f 4784 4767 4782
f 4784 4782 4776
f 4767 4620 4782
f 4769 4620 4785
f 4785 4620 4622
f 4785 4622 4623
f 4774 4779 4623
f 4623 4779 4778
f 4623 4778 4785
f 4779 4774 4777
f 4784 4776 4775
f 4783 4784 4775
f 4780 4779 4766
f 4766 4779 4777
f 4769 4785 4778
f 4786 4787 4788
f 4789 4788 4790
f 4789 4790 4791
f 4792 4791 4623
f 4792 4623 4793
f 4793 4623 4794
f 4794 4623 4625
f 4794 4625 4659
f 4786 4795 4787
f 4787 4795 4796
f 4787 4796 4797
f 4797 4796 4774
f 4797 4774 4798
f 4798 4774 4790
f 4798 4790 4788
f 4774 4623 4790
f 4786 4799 4659
f 4659 4799 4800
f 4659 4800 4794
f 4799 4786 4789
f 4789 4786 4788
f 4799 4789 4791
f 4800 4799 4792
f 4792 4799 4791
f 4798 4788 4787
f 4793 4794 4800
f 4793 4800 4792
f 4797 4798 4787
f 4623 4791 4790
f 4786 4659 4801
f 4786 4801 4802
f 4803 4802 4804
f 4803 4804 4805
f 4805 4804 4806
f 4806 4804 4807
f 4807 4804 4808
f 4807 4808 4809
f 4810 4809 4811
f 4810 4811 4812
f 4813 4812 4659
f 4813 4659 4658
f 4813 4658 4814
f 4814 4658 4665
f 4814 4665 4656
f 4807 4810 4656
f 4656 4810 4815
f 4656 4815 4814
f 4803 4805 4786
f 4801 4659 4811
f 4811 4659 4812
f 4803 4786 4802
f 4801 4811 4809
f 4812 4813 4815
f 4815 4813 4814
f 4802 4801 4808
f 4802 4808 4804
f 4808 4801 4809
f 4812 4815 4810
f 4809 4810 4807
f 4610 4816 4817
f 4610 4817 4818
f 4818 4817 4819
f 4818 4819 4820
f 4821 4820 4822
f 4821 4822 4823
f 4823 4822 4656
f 4816 4610 4824
f 4816 4824 4825
f 4819 4825 4826
f 4819 4826 4827
f 4827 4826 4656
f 4827 4656 4822
f 4610 4828 4824
f 4824 4828 4829
f 4829 4828 4807
f 4829 4807 4830
f 4830 4807 4826
f 4830 4826 4825
f 4807 4656 4826
f 4823 4656 4831
f 4831 4656 4654
f 4831 4654 4832
f 4832 4654 4601
f 4610 4833 4601
f 4601 4833 4834
f 4601 4834 4832
f 4832 4834 4831
f 4833 4610 4818
f 4819 4817 4825
f 4825 4817 4816
f 4818 4820 4833
f 4833 4820 4821
f 4833 4821 4834
f 4834 4821 4831
f 4830 4825 4824
f 4829 4830 4824
f 4822 4820 4827
f 4827 4820 4819
f 4823 4831 4821
f 4786 4805 2154
f 2154 4805 2153
f 4805 4806 2153
f 2153 4806 4807
f 2153 4807 2152
f 4807 4828 2152
f 2152 4828 2150
f 2150 4828 4610
f 2150 4610 2162
f 2162 4610 4608
f 2162 4608 2163
f 2163 4608 4606
f 2163 4606 2164
f 2164 4606 4591
f 4761 2724 4504
f 4504 2724 2723
f 4504 2723 4513
f 4513 2723 2721
f 4513 2721 4516
f 4516 2721 2710
f 4516 2710 4528
f 4528 2710 2711
f 4528 2711 4533
f 4533 2711 2713
f 4533 2713 4538
f 4538 2713 2714
f 4538 2714 4552
f 2724 4761 4760
f 4552 2714 2715
f 4552 2715 4555
f 4555 2715 4573
f 4574 4573 2715
f 4574 2715 2718
f 2720 4835 2718
f 2718 4835 4836
f 2718 4836 4575
f 4575 4836 2168
f 4575 2168 2165
f 4835 2720 4837
f 4837 2720 2719
f 4837 2719 4838
f 4838 2719 2717
f 4838 2717 4839
f 4839 2717 2716
f 4839 2716 4840
f 4840 2716 2712
f 4840 2712 4841
f 4841 2712 2708
f 4841 2708 4842
f 4842 2708 2704
f 2704 2146 4842
f 4842 2146 4841
f 4841 2146 2147
f 4841 2147 4840
f 4840 2147 2161
f 4840 2161 4839
f 4839 2161 2166
f 4839 2166 4838
f 4838 2166 2167
f 4838 2167 4837
f 4837 2167 2169
f 4837 2169 4835
f 4835 2169 2170
f 4835 2170 4836
f 4836 2170 2168
f 2165 4574 4575
f 4574 2165 4588
f 4588 2165 4590
f 4590 2165 2164
f 4590 2164 4591
f 4575 4574 2718
f 2724 4760 2725
f 2725 4760 4767
f 2725 4767 4781
f 4781 4774 2725
f 2725 4774 2728
f 2728 4774 4843
f 4843 4774 2158
f 4843 2158 4844
f 4844 2158 2160
f 4844 2160 4845
f 4845 2160 2159
f 4845 2159 4846
f 4846 2159 2157
f 4846 2157 4847
f 4847 2157 2156
f 4847 2156 4848
f 4848 2156 2151
f 4848 2151 4849
f 4849 2151 2149
f 4849 2149 4850
f 4850 2149 2148
f 4850 2148 4851
f 4851 2148 2145
f 4851 2145 2142
f 2158 4774 2155
f 2155 4774 4796
f 2155 4796 4795
f 2155 4795 2154
f 2154 4795 4786
f 2142 2705 4851
f 4851 2705 2706
f 4851 2706 4850
f 4850 2706 2707
f 4850 2707 4849
f 4849 2707 2709
f 4849 2709 4848
f 4848 2709 2722
f 4848 2722 4847
f 4847 2722 2726
f 4847 2726 4846
f 4846 2726 2727
f 4846 2727 4845
f 4845 2727 2729
f 4845 2729 4844
f 4844 2729 2730
f 4844 2730 4843
f 4843 2730 2728
f 4852 4853 4854
f 4854 4853 4855
f 4854 4855 4856
f 4857 4856 4858
f 4857 4858 4859
f 4860 4859 4861
f 4855 4853 4862
f 4855 4862 4863
f 4858 4863 4861
f 4858 4861 4859
f 4853 4852 4864
f 4864 4852 4865
f 4864 4865 4862
f 4862 4865 4863
f 4865 4861 4863
f 4860 4861 4866
f 4866 4861 4867
f 4866 4867 4868
f 4854 4857 4868
f 4868 4857 4869
f 4868 4869 4866
f 4857 4854 4856
f 4858 4856 4863
f 4863 4856 4855
f 4860 4866 4869
f 4860 4869 4859
f 4859 4869 4857
f 4864 4862 4853
f 4870 4871 4865
f 4865 4871 4872
f 4865 4872 4873
f 4874 4873 4875
f 4874 4875 4876
f 4877 4876 4878
f 4872 4871 4879
f 4872 4879 4880
f 4875 4880 4878
f 4875 4878 4876
f 4871 4870 4881
f 4881 4870 4882
f 4881 4882 4879
f 4879 4882 4880
f 4882 4878 4880
f 4877 4878 4883
f 4883 4878 4884
f 4883 4884 4861
f 4865 4874 4861
f 4861 4874 4885
f 4861 4885 4883
f 4874 4865 4873
f 4875 4873 4880
f 4880 4873 4872
f 4877 4883 4885
f 4877 4885 4876
f 4876 4885 4874
f 4881 4879 4871
f 4886 4887 4882
f 4882 4887 4888
f 4882 4888 4889
f 4890 4891 4892
f 4890 4892 4893
f 4893 4892 4894
f 4893 4894 4895
f 4886 4896 4887
f 4889 4888 4897
f 4889 4897 4898
f 4898 4897 4894
f 4898 4894 4892
f 4888 4887 4899
f 4888 4899 4897
f 4897 4899 4900
f 4897 4900 4894
f 4894 4900 4901
f 4887 4896 4902
f 4902 4896 4900
f 4902 4900 4899
f 4902 4899 4887
f 4893 4895 4903
f 4903 4895 4904
f 4903 4904 4878
f 4882 4891 4878
f 4878 4891 4890
f 4878 4890 4903
f 4891 4882 4889
f 4892 4891 4898
f 4898 4891 4889
f 4893 4903 4890
f 4901 4905 4906
f 4901 4906 4907
f 4907 4906 4908
f 4907 4908 4909
f 4910 4911 4912
f 4910 4912 4913
f 4905 4901 4914
f 4905 4914 4915
f 4909 4908 4912
f 4909 4912 4911
f 4901 4916 4914
f 4914 4916 4917
f 4914 4917 4915
f 4915 4917 4908
f 4917 4912 4908
f 4910 4913 4918
f 4918 4913 4894
f 4901 4919 4894
f 4894 4919 4920
f 4894 4920 4918
f 4918 4920 4910
f 4919 4901 4907
f 4908 4906 4915
f 4915 4906 4905
f 4907 4909 4919
f 4919 4909 4911
f 4919 4911 4920
f 4920 4911 4910
f 4917 4921 4922
f 4917 4922 4923
f 4923 4922 4924
f 4923 4924 4925
f 4925 4924 4926
f 4925 4926 4927
f 4928 4927 4929
f 4928 4929 4930
f 4921 4917 4931
f 4921 4931 4932
f 4932 4931 4933
f 4932 4933 4934
f 4926 4934 4929
f 4926 4929 4927
f 4917 4935 4931
f 4931 4935 4936
f 4931 4936 4937
f 4937 4936 4938
f 4938 4939 4937
f 4937 4939 4933
f 4933 4939 4934
f 4939 4929 4934
f 4928 4930 4940
f 4940 4930 4941
f 4940 4941 4942
f 4942 4941 4912
f 4917 4943 4912
f 4912 4943 4944
f 4912 4944 4942
f 4942 4944 4940
f 4943 4917 4923
f 4924 4922 4932
f 4932 4922 4921
f 4923 4925 4943
f 4943 4925 4945
f 4943 4945 4944
f 4944 4945 4940
f 4926 4924 4934
f 4934 4924 4932
f 4928 4940 4945
f 4928 4945 4927
f 4927 4945 4925
f 4937 4933 4931
f 4939 4946 4947
f 4947 4946 4948
f 4947 4948 4949
f 4950 4951 4952
f 4950 4952 4953
f 4953 4952 4954
f 4953 4954 4955
f 4955 4954 4929
f 4946 4939 4956
f 4946 4956 4948
f 4951 4949 4952
f 4939 4957 4956
f 4956 4957 4958
f 4956 4958 4948
f 4948 4958 4949
f 4959 4952 4958
f 4958 4952 4949
f 4939 4960 4929
f 4929 4960 4961
f 4929 4961 4955
f 4955 4961 4953
f 4960 4939 4962
f 4962 4939 4947
f 4962 4947 4949
f 4960 4962 4951
f 4951 4962 4949
f 4961 4960 4950
f 4950 4960 4951
f 4950 4953 4961
f 4963 4964 4965
f 4963 4965 4966
f 4967 4968 4969
f 4894 4970 4904
f 4868 4867 4971
f 4972 4973 4974
f 4930 4929 4975
f 4976 4977 4978
f 4979 4980 4981
f 4982 4983 4984
f 4982 4984 4985
f 4985 4984 4986
f 4985 4986 4987
f 4987 4986 4988
f 4987 4988 4964
f 4964 4988 4868
f 4964 4868 4965
f 4965 4868 4867
f 4965 4867 4966
f 4966 4867 4989
f 4966 4989 4968
f 4968 4989 4990
f 4968 4990 4969
f 4969 4990 4878
f 4969 4878 4977
f 4977 4878 4991
f 4977 4991 4978
f 4978 4991 4904
f 4978 4904 4976
f 4976 4904 4970
f 4976 4970 4992
f 4992 4970 4894
f 4992 4894 4993
f 4993 4894 4913
f 4993 4913 4994
f 4994 4913 4912
f 4994 4912 4980
f 4980 4912 4975
f 4980 4975 4981
f 4981 4975 4929
f 4981 4929 4995
f 4995 4929 4996
f 4995 4996 4997
f 4997 4996 4952
f 4997 4952 4998
f 4998 4952 4999
f 4998 4999 5000
f 5000 4999 4974
f 5000 4974 5001
f 5001 4974 5002
f 5001 5002 5003
f 5003 5002 4972
f 5003 4972 5004
f 5004 4972 5005
f 5004 5005 5006
f 5006 5005 5007
f 5006 5007 5008
f 5008 5007 5009
f 5008 5009 4982
f 4982 5009 4983
f 4983 5009 4984
f 4989 4867 4861
f 4990 4989 4884
f 4990 4884 4878
f 5002 4974 4972
f 4988 4971 4868
f 4989 4861 4884
f 5005 4972 5007
f 4868 4971 4867
f 4991 4878 4904
f 4996 4929 4954
f 4974 4973 4972
f 4971 4988 5010
f 5010 4988 4986
f 5009 5007 5011
f 5011 5007 4972
f 4973 4972 4974
f 4952 4996 4954
f 4941 4930 4975
f 4941 4975 4912
f 4894 4904 4895
f 5012 5000 5001
f 5012 5001 5013
f 5013 5001 5003
f 5013 5003 5014
f 5014 5003 5004
f 5014 5004 5015
f 5015 5004 5006
f 5015 5006 5016
f 5016 5006 5008
f 5016 5008 5017
f 5017 5008 4982
f 5017 4982 5018
f 5018 4982 4985
f 5018 4985 5019
f 5019 4985 4987
f 5019 4987 5020
f 5020 4987 4964
f 5020 4964 5021
f 5021 4964 4963
f 5021 4963 5022
f 5022 4963 4966
f 5022 4966 5023
f 5023 4966 4968
f 5023 4968 5024
f 5024 4968 4967
f 5024 4967 5025
f 5025 4967 4969
f 5025 4969 5026
f 5026 4969 4977
f 5026 4977 5027
f 5027 4977 4976
f 5027 4976 5028
f 5028 4976 5029
f 5029 4976 4992
f 5029 4992 4993
f 5029 4993 5030
f 5030 4993 5031
f 5031 4993 4994
f 5031 4994 5032
f 5032 4994 4980
f 5032 4980 5033
f 5033 4980 4979
f 5033 4979 5034
f 5034 4979 4981
f 5034 4981 5035
f 5035 4981 4995
f 5035 4995 5036
f 5036 4995 5037
f 5037 4995 4997
f 5037 4997 4998
f 5037 4998 5038
f 5038 4998 5012
f 5012 4998 5000
f 5039 5040 5041
f 5040 5039 5042
f 5040 5042 5043
f 5043 5042 5038
f 5038 5042 5037
f 5042 5044 5037
f 5045 5044 5046
f 5047 5048 5034
f 5034 5048 5033
f 5031 5032 5049
f 5031 5049 5050
f 5050 5049 5051
f 5047 5052 5048
f 5048 5052 5033
f 5033 5052 5032
f 5053 5054 5029
f 5029 5054 5028
f 5053 5055 5054
f 5054 5055 5028
f 5056 5057 5055
f 5055 5057 5026
f 5055 5026 5028
f 5028 5026 5027
f 5057 5058 5059
f 5059 5058 5025
f 5025 5058 5024
f 5024 5058 5023
f 5058 5060 5023
f 5060 5061 5022
f 5060 5022 5023
f 5062 5063 5020
f 5064 5020 5063
f 5064 5063 5065
f 5065 5066 5019
f 5065 5019 5064
f 5064 5019 5020
f 5067 5066 5068
f 5069 5068 5017
f 5015 5016 5070
f 5015 5070 5071
f 5068 5072 5017
f 5073 5071 5074
f 5073 5074 5014
f 5014 5075 5013
f 5014 5074 5075
f 5014 5015 5073
f 5017 5018 5069
f 5069 5018 5068
f 5068 5018 5067
f 5020 5021 5062
f 5076 5021 5022
f 5059 5025 5057
f 5053 5029 5077
f 5078 5030 5031
f 5043 5038 5040
f 5016 5017 5072
f 5012 5013 5041
f 5040 5012 5041
f 5040 5038 5012
f 5046 5036 5045
f 5045 5036 5037
f 5045 5037 5044
f 5035 5036 5046
f 5034 5035 5047
f 5047 5035 5046
f 5049 5032 5052
f 5078 5031 5050
f 5077 5030 5078
f 5077 5078 5050
f 5030 5077 5029
f 5026 5057 5025
f 5062 5076 5061
f 5061 5076 5022
f 5062 5021 5076
f 5067 5018 5066
f 5066 5018 5019
f 5070 5016 5072
f 5015 5071 5073
f 5074 5041 5075
f 5075 5041 5013
f 5041 5079 5080
f 5041 5080 5039
f 5039 5080 5081
f 5039 5081 5042
f 5042 5081 5044
f 5044 5081 5082
f 5044 5082 5083
f 5044 5083 5046
f 5046 5083 5084
f 5046 5084 5047
f 5047 5084 5085
f 5047 5085 5052
f 5052 5085 5049
f 5049 5085 5086
f 5049 5086 5051
f 5051 5086 5087
f 5051 5087 5050
f 5050 5087 5088
f 5050 5088 5077
f 5077 5088 5053
f 5053 5088 5089
f 5053 5089 5090
f 5053 5090 5055
f 5055 5090 5091
f 5055 5091 5056
f 5056 5091 5092
f 5056 5092 5057
f 5057 5092 5093
f 5057 5093 5058
f 5058 5093 5094
f 5058 5094 5095
f 5058 5095 5060
f 5060 5095 5096
f 5060 5096 5061
f 5061 5096 5097
f 5061 5097 5062
f 5062 5097 5098
f 5062 5098 5063
f 5063 5098 5099
f 5063 5099 5065
f 5065 5099 5100
f 5065 5100 5066
f 5066 5100 5101
f 5066 5101 5102
f 5066 5102 5068
f 5068 5102 5103
f 5068 5103 5072
f 5072 5103 5104
f 5072 5104 5070
f 5070 5104 5105
f 5070 5105 5071
f 5071 5105 5106
f 5071 5106 5074
f 5074 5106 5079
f 5074 5079 5041
f 5100 5099 5098
f 5107 5079 5106
f 5106 5105 5108
f 5101 5100 5109
f 5101 5109 5102
f 1327 5088 1329
f 1329 5088 5087
f 1329 5087 1331
f 1331 5087 5086
f 1331 5086 1333
f 1333 5086 5085
f 1333 5085 1335
f 1335 5085 5084
f 1335 5084 1337
f 1337 5084 5083
f 1337 5083 1278
f 1278 5083 5082
f 1278 5082 1279
f 1279 5082 5081
f 1279 5081 1362
f 1362 5081 5080
f 1362 5080 1361
f 1361 5080 5079
f 1361 5079 1359
f 1359 5079 5107
f 1359 5107 1358
f 1358 5107 5106
f 1358 5106 1356
f 1356 5106 5108
f 1356 5108 1354
f 1354 5108 5105
f 1354 5105 1339
f 1339 5105 5104
f 1339 5104 1341
f 1341 5104 5103
f 1341 5103 1343
f 1343 5103 5102
f 1343 5102 1345
f 1345 5102 5109
f 1345 5109 1347
f 1347 5109 5100
f 1347 5100 1350
f 1350 5100 5098
f 1350 5098 1352
f 1352 5098 5097
f 1352 5097 1311
f 1311 5097 5096
f 1311 5096 1313
f 1313 5096 5095
f 1313 5095 1315
f 1315 5095 5094
f 1315 5094 1317
f 1317 5094 5093
f 1317 5093 1319
f 1319 5093 5092
f 1319 5092 1321
f 1321 5092 5091
f 1321 5091 1323
f 1323 5091 5090
f 1323 5090 1325
f 1325 5090 5089
f 1325 5089 1327
f 1327 5089 5088
f 5110 5111 5112
f 5112 5111 4868
f 5112 4868 5113
f 5113 4868 5114
f 5113 5114 5115
f 5115 5114 5116
f 5115 5116 5117
f 5117 5116 5118
f 5117 5118 5119
f 5119 5118 5120
f 5119 5120 4971
f 4971 5120 4868
f 4868 5120 5121
f 4868 5121 5114
f 5111 4854 4868
f 4971 5010 5119
f 5119 5010 5117
f 5010 4986 5117
f 5122 5123 5117
f 5117 5123 5124
f 5117 5124 5115
f 5115 5124 5113
f 5123 5122 5111
f 5123 5111 5110
f 5124 5123 5112
f 5112 5123 5110
f 5112 5113 5124
f 5118 5116 5121
f 5121 5116 5114
f 5121 5120 5118
f 5125 5126 5127
f 5125 5127 5128
f 5129 5130 5131
f 5129 5131 5132
f 5132 5131 4986
f 5125 5133 5126
f 5128 5127 5134
f 5128 5134 5135
f 5135 5134 4986
f 5135 4986 5131
f 5126 5133 5117
f 5126 5117 5136
f 5136 5117 5137
f 5137 5117 5134
f 5137 5134 5127
f 5117 4986 5134
f 5132 4986 5138
f 5138 4986 4984
f 5138 4984 5009
f 5125 5130 5009
f 5009 5130 5129
f 5009 5129 5138
f 5130 5125 5128
f 5137 5127 5126
f 5136 5137 5126
f 5131 5130 5135
f 5135 5130 5128
f 5132 5138 5129
f 5139 5140 5141
f 5142 5141 5143
f 5142 5143 5144
f 5145 5144 5009
f 5145 5009 5146
f 5146 5009 5147
f 5147 5009 5011
f 5147 5011 4972
f 5139 5148 5140
f 5140 5148 5149
f 5140 5149 5150
f 5140 5150 5151
f 5151 5150 5125
f 5151 5125 5152
f 5152 5125 5143
f 5152 5143 5141
f 5125 5009 5143
f 5139 5153 4972
f 4972 5153 5154
f 4972 5154 5147
f 5153 5139 5142
f 5142 5139 5141
f 5153 5142 5144
f 5154 5153 5145
f 5145 5153 5144
f 5152 5141 5140
f 5146 5147 5154
f 5146 5154 5145
f 5151 5152 5140
f 5009 5144 5143
f 5139 4972 5155
f 5139 5155 5156
f 5157 5156 5158
f 5157 5158 5159
f 5159 5158 5160
f 5160 5158 5161
f 5160 5161 5162
f 5163 5162 5164
f 5163 5164 5165
f 5166 5165 4972
f 5166 4972 5167
f 5167 4972 4973
f 5167 4973 4974
f 5160 5163 4974
f 4974 5163 5168
f 4974 5168 5167
f 5159 5139 5157
f 5155 4972 5164
f 5164 4972 5165
f 5157 5139 5156
f 5155 5164 5162
f 5165 5166 5168
f 5168 5166 5167
f 5156 5155 5161
f 5156 5161 5158
f 5161 5155 5162
f 5165 5168 5163
f 5162 5163 5160
f 4959 5169 5170
f 4959 5170 5171
f 5172 5171 5173
f 5172 5173 5174
f 5175 5174 4974
f 5175 4974 4999
f 5170 5169 5176
f 5170 5176 5177
f 5173 5177 4974
f 5173 4974 5174
f 5169 4959 5178
f 5169 5178 5179
f 5179 5178 5176
f 5176 5178 5177
f 5160 4974 5178
f 5178 4974 5177
f 5175 4999 5180
f 5180 4999 4952
f 4959 5172 4952
f 4952 5172 5181
f 4952 5181 5180
f 5172 4959 5171
f 5173 5171 5177
f 5177 5171 5170
f 5175 5180 5181
f 5175 5181 5174
f 5174 5181 5172
f 5179 5176 5169
f 2209 5139 2208
f 2208 5139 5159
f 2208 5159 5160
f 2208 5160 5178
f 2208 5178 2206
f 5178 4959 2206
f 2206 4959 2218
f 4959 4958 2218
f 2218 4958 4957
f 2218 4957 2219
f 2219 4957 4939
f 2219 4939 2220
f 5111 2672 4854
f 4854 2672 2670
f 4854 2670 4852
f 4852 2670 4865
f 4865 2670 2658
f 4865 2658 4870
f 4870 2658 2660
f 4870 2660 4882
f 4882 2660 2662
f 4882 2662 4886
f 4886 2662 4896
f 4896 2662 2663
f 4896 2663 2664
f 4896 2664 4900
f 4900 2664 2666
f 4900 2666 4901
f 4901 2666 4916
f 4917 4916 2666
f 2668 5182 2666
f 2666 5182 4916
f 2666 4916 4917
f 4917 4916 2223
f 5182 2668 5183
f 5183 2668 2669
f 5183 2669 5184
f 5184 2669 2667
f 5184 2667 5185
f 5185 2667 2665
f 5185 2665 5186
f 5186 2665 2661
f 5186 2661 5187
f 5187 2661 2659
f 5187 2659 5188
f 5188 2659 2656
f 5188 2656 5189
f 5189 2656 2653
f 5189 2653 5190
f 5190 2653 2650
f 2650 2200 5190
f 5190 2200 5189
f 5189 2200 2201
f 5189 2201 5188
f 5188 2201 2202
f 5188 2202 5187
f 5187 2202 2205
f 5187 2205 5186
f 5186 2205 2217
f 5186 2217 5185
f 5185 2217 2222
f 5185 2222 5184
f 5184 2222 2224
f 5184 2224 5183
f 5183 2224 2226
f 5183 2226 5182
f 5182 2226 2225
f 5182 2225 4916
f 4916 2225 2223
f 4917 2223 4935
f 4935 2223 2221
f 4935 2221 4936
f 4936 2221 4938
f 4938 2221 2220
f 4938 2220 4939
f 2672 5111 2673
f 2673 5111 5122
f 2673 5122 2675
f 2675 5122 5117
f 2675 5117 5133
f 5133 5125 2675
f 2675 5125 5133
f 5133 5125 2212
f 5133 2212 5191
f 5191 2212 2215
f 5191 2215 5192
f 5192 2215 2216
f 5192 2216 5193
f 5193 2216 2214
f 5193 2214 5194
f 5194 2214 2213
f 5194 2213 5195
f 5195 2213 2211
f 5195 2211 5196
f 5196 2211 2207
f 5196 2207 5197
f 5197 2207 2204
f 5197 2204 5198
f 5198 2204 2203
f 5198 2203 5199
f 5199 2203 2199
f 5199 2199 5200
f 5200 2199 2197
f 2212 5125 5150
f 2212 5150 5149
f 2212 5149 2210
f 2210 5149 5148
f 2210 5148 2209
f 2209 5148 5139
f 2197 2651 5200
f 5200 2651 5199
f 5199 2651 2654
f 5199 2654 5198
f 5198 2654 2655
f 5198 2655 5197
f 5197 2655 2657
f 5197 2657 5196
f 5196 2657 2671
f 5196 2671 5195
f 5195 2671 2674
f 5195 2674 5194
f 5194 2674 2676
f 5194 2676 5193
f 5193 2676 2677
f 5193 2677 5192
f 5192 2677 2679
f 5192 2679 5191
f 5191 2679 2678
f 5191 2678 5133
f 5133 2678 2675
f 5201 5202 5203
f 5201 5203 5204
f 5204 5203 5205
f 5204 5205 5206
f 5207 5208 5209
f 5207 5209 5210
f 5202 5201 5211
f 5202 5211 5212
f 5206 5205 5209
f 5206 5209 5208
f 5201 5213 5211
f 5211 5213 5214
f 5211 5214 5212
f 5212 5214 5205
f 5214 5209 5205
f 5207 5210 5215
f 5215 5210 5216
f 5201 5217 5216
f 5216 5217 5218
f 5216 5218 5215
f 5215 5218 5207
f 5217 5201 5204
f 5205 5203 5212
f 5212 5203 5202
f 5204 5206 5217
f 5217 5206 5208
f 5217 5208 5218
f 5218 5208 5207
f 5214 5219 5220
f 5214 5220 5221
f 5222 5221 5223
f 5222 5223 5224
f 5225 5224 5226
f 5225 5226 5227
f 5220 5219 5228
f 5220 5228 5229
f 5223 5229 5226
f 5223 5226 5224
f 5219 5214 5230
f 5219 5230 5231
f 5231 5230 5228
f 5228 5230 5229
f 5232 5226 5230
f 5230 5226 5229
f 5225 5227 5233
f 5233 5227 5209
f 5214 5222 5209
f 5209 5222 5234
f 5209 5234 5233
f 5222 5214 5221
f 5223 5221 5229
f 5229 5221 5220
f 5225 5233 5234
f 5225 5234 5224
f 5224 5234 5222
f 5231 5228 5219
f 5235 5236 5232
f 5232 5236 5237
f 5232 5237 5238
f 5239 5240 5241
f 5239 5241 5242
f 5242 5241 5243
f 5238 5237 5244
f 5238 5244 5245
f 5245 5244 5243
f 5245 5243 5241
f 5237 5236 5246
f 5237 5246 5244
f 5244 5246 5247
f 5244 5247 5243
f 5236 5235 5248
f 5248 5235 5247
f 5248 5247 5246
f 5248 5246 5236
f 5242 5243 5249
f 5249 5243 5250
f 5249 5250 5226
f 5232 5240 5226
f 5226 5240 5239
f 5226 5239 5249
f 5240 5232 5238
f 5241 5240 5245
f 5245 5240 5238
f 5242 5249 5239
f 5247 5251 5252
f 5247 5252 5253
f 5253 5252 5254
f 5253 5254 5255
f 5256 5257 5258
f 5256 5258 5259
f 5251 5247 5260
f 5251 5260 5261
f 5255 5254 5258
f 5255 5258 5257
f 5247 5262 5260
f 5260 5262 5263
f 5260 5263 5261
f 5261 5263 5254
f 5263 5258 5254
f 5256 5259 5242
f 5242 5259 5243
f 5247 5245 5243
f 5243 5245 5264
f 5243 5264 5242
f 5242 5264 5256
f 5245 5247 5253
f 5254 5252 5261
f 5261 5252 5251
f 5253 5255 5245
f 5245 5255 5257
f 5245 5257 5264
f 5264 5257 5256
f 5263 5265 5266
f 5263 5266 5267
f 5268 5267 5269
f 5268 5269 5270
f 5270 5269 5271
f 5270 5271 5272
f 5272 5271 5273
f 5272 5273 5274
f 5266 5265 5275
f 5266 5275 5276
f 5276 5275 5277
f 5276 5277 5278
f 5278 5277 5273
f 5278 5273 5271
f 5265 5263 5279
f 5265 5279 5280
f 5280 5279 5281
f 5281 5279 5282
f 5282 5283 5281
f 5281 5283 5284
f 5284 5283 5277
f 5284 5277 5275
f 5283 5273 5277
f 5272 5274 5285
f 5285 5274 5286
f 5285 5286 5287
f 5287 5286 5258
f 5263 5268 5258
f 5258 5268 5288
f 5258 5288 5287
f 5268 5263 5267
f 5269 5267 5276
f 5276 5267 5266
f 5285 5287 5288
f 5285 5288 5270
f 5270 5288 5268
f 5284 5275 5280
f 5280 5275 5265
f 5281 5284 5280
f 5271 5269 5278
f 5278 5269 5276
f 5272 5285 5270
f 5283 5289 5290
f 5291 5290 5292
f 5291 5292 5293
f 5294 5293 5295
f 5294 5295 5296
f 5296 5295 5297
f 5296 5297 5298
f 5298 5297 5273
f 5290 5289 5299
f 5290 5299 5292
f 5293 5292 5295
f 5289 5283 5300
f 5289 5300 5301
f 5301 5300 5302
f 5301 5302 5299
f 5299 5302 5292
f 5302 5295 5292
f 5283 5303 5273
f 5273 5303 5304
f 5273 5304 5298
f 5303 5283 5291
f 5291 5283 5290
f 5303 5291 5293
f 5304 5303 5294
f 5294 5303 5293
f 5296 5298 5304
f 5296 5304 5294
f 5301 5299 5289
f 5305 5306 5307
f 5308 5309 5310
f 5308 5310 5311
f 5273 5312 5286
f 5313 5314 5315
f 5315 5314 5316
f 5315 5316 5317
f 5317 5316 5318
f 5317 5318 5319
f 5319 5318 5320
f 5319 5320 5321
f 5321 5320 5322
f 5321 5322 5306
f 5306 5322 5216
f 5306 5216 5307
f 5307 5216 5323
f 5307 5323 5309
f 5309 5323 5324
f 5309 5324 5310
f 5310 5324 5227
f 5310 5227 5311
f 5311 5227 5226
f 5311 5226 5325
f 5325 5226 5326
f 5325 5326 5327
f 5327 5326 5243
f 5327 5243 5328
f 5328 5243 5329
f 5328 5329 5330
f 5330 5329 5331
f 5330 5331 5332
f 5332 5331 5286
f 5332 5286 5333
f 5333 5286 5334
f 5334 5286 5312
f 5334 5312 5335
f 5335 5312 5273
f 5335 5273 5336
f 5336 5273 5337
f 5336 5337 5338
f 5338 5337 5295
f 5338 5295 5339
f 5339 5295 5340
f 5339 5340 5341
f 5341 5340 5342
f 5341 5342 5343
f 5343 5342 5344
f 5343 5344 5345
f 5345 5344 5346
f 5345 5346 5347
f 5347 5346 5348
f 5347 5348 5349
f 5349 5348 5350
f 5349 5350 5313
f 5313 5350 5314
f 5323 5216 5210
f 5323 5210 5324
f 5324 5209 5227
f 5318 5316 5320
f 5324 5210 5209
f 5329 5243 5259
f 5331 5329 5258
f 5331 5258 5286
f 5348 5346 5351
f 5322 5320 5216
f 5226 5250 5326
f 5329 5259 5258
f 5337 5273 5295
f 5344 5352 5346
f 5216 5320 5353
f 5354 5320 5316
f 5354 5316 5355
f 5355 5316 5314
f 5350 5348 5356
f 5356 5348 5351
f 5352 5344 5342
f 5297 5295 5273
f 5273 5286 5274
f 5243 5326 5250
f 5357 5343 5358
f 5358 5343 5345
f 5358 5345 5359
f 5359 5345 5360
f 5360 5345 5347
f 5360 5347 5361
f 5361 5347 5349
f 5361 5349 5362
f 5362 5349 5313
f 5362 5313 5363
f 5363 5313 5315
f 5363 5315 5364
f 5364 5315 5317
f 5364 5317 5365
f 5365 5317 5319
f 5365 5319 5366
f 5366 5319 5321
f 5366 5321 5367
f 5367 5321 5306
f 5367 5306 5305
f 5367 5305 5368
f 5368 5305 5307
f 5368 5307 5369
f 5369 5307 5309
f 5369 5309 5370
f 5370 5309 5308
f 5370 5308 5371
f 5371 5308 5311
f 5371 5311 5372
f 5372 5311 5325
f 5372 5325 5373
f 5373 5325 5327
f 5373 5327 5328
f 5373 5328 5374
f 5374 5328 5375
f 5375 5328 5330
f 5375 5330 5376
f 5376 5330 5332
f 5376 5332 5377
f 5377 5332 5333
f 5377 5333 5378
f 5378 5333 5334
f 5378 5334 5379
f 5379 5334 5335
f 5379 5335 5380
f 5380 5335 5336
f 5380 5336 5381
f 5381 5336 5338
f 5381 5338 5339
f 5381 5339 5382
f 5382 5339 5383
f 5383 5339 5341
f 5383 5341 5357
f 5357 5341 5343
f 5384 5385 5357
f 5384 5357 5358
f 5385 5386 5387
f 5387 5386 5388
f 5387 5388 5389
f 5387 5389 5382
f 5380 5381 5390
f 5380 5390 5391
f 5392 5389 5393
f 5392 5393 5390
f 5391 5394 5395
f 5391 5395 5378
f 5375 5376 5396
f 5375 5396 5397
f 5378 5395 5377
f 5398 5395 5396
f 5373 5399 5400
f 5373 5400 5372
f 5400 5399 5372
f 5399 5401 5372
f 5401 5402 5403
f 5401 5403 5372
f 5404 5405 5406
f 5404 5406 5407
f 5407 5406 5370
f 5370 5406 5369
f 5406 5408 5369
f 5409 5410 5367
f 5367 5410 5366
f 5409 5411 5410
f 5410 5411 5366
f 5411 5412 5364
f 5411 5364 5366
f 5366 5364 5365
f 5363 5413 5362
f 5360 5361 5414
f 5360 5414 5415
f 5415 5414 5416
f 5413 5417 5418
f 5413 5418 5362
f 5418 5417 5414
f 5414 5417 5416
f 5415 5419 5420
f 5420 5419 5359
f 5419 5421 5359
f 5421 5419 5384
f 5359 5360 5420
f 5420 5360 5415
f 5409 5367 5422
f 5370 5371 5407
f 5407 5371 5404
f 5371 5372 5403
f 5399 5373 5423
f 5378 5379 5391
f 5382 5383 5387
f 5361 5362 5418
f 5387 5383 5385
f 5385 5383 5357
f 5390 5381 5392
f 5392 5381 5382
f 5392 5382 5389
f 5379 5380 5391
f 5396 5377 5398
f 5398 5377 5395
f 5396 5376 5377
f 5374 5375 5397
f 5423 5374 5397
f 5374 5423 5373
f 5371 5403 5402
f 5404 5371 5402
f 5368 5369 5408
f 5422 5368 5408
f 5422 5367 5368
f 5413 5363 5412
f 5412 5363 5364
f 5414 5361 5418
f 5421 5384 5359
f 5359 5384 5358
f 5384 5424 5385
f 5385 5424 5425
f 5385 5425 5386
f 5386 5425 5426
f 5386 5426 5388
f 5388 5426 5427
f 5388 5427 5389
f 5389 5427 5428
f 5389 5428 5393
f 5393 5428 5390
f 5390 5428 5429
f 5390 5429 5391
f 5391 5429 5430
f 5391 5430 5394
f 5394 5430 5431
f 5394 5431 5395
f 5395 5431 5432
f 5395 5432 5396
f 5396 5432 5433
f 5396 5433 5434
f 5396 5434 5397
f 5397 5434 5435
f 5397 5435 5423
f 5423 5435 5399
f 5399 5435 5436
f 5399 5436 5437
f 5399 5437 5401
f 5401 5437 5438
f 5401 5438 5402
f 5402 5438 5404
f 5404 5438 5439
f 5404 5439 5405
f 5405 5439 5440
f 5405 5440 5406
f 5406 5440 5408
f 5408 5440 5441
f 5408 5441 5442
f 5408 5442 5422
f 5422 5442 5443
f 5422 5443 5409
f 5409 5443 5411
f 5411 5443 5444
f 5411 5444 5445
f 5411 5445 5412
f 5412 5445 5446
f 5412 5446 5447
f 5412 5447 5413
f 5413 5447 5448
f 5413 5448 5417
f 5417 5448 5449
f 5417 5449 5416
f 5416 5449 5450
f 5416 5450 5415
f 5415 5450 5451
f 5415 5451 5419
f 5419 5451 5452
f 5419 5452 5384
f 5384 5452 5424
f 5453 5448 5447
f 5453 5447 5446
f 5454 5451 5450
f 5454 5450 5449
f 5424 5452 5425
f 5443 5455 5444
f 1262 5435 1260
f 1260 5435 5434
f 1260 5434 1258
f 1258 5434 5433
f 1258 5433 1257
f 1257 5433 5432
f 1257 5432 1255
f 1255 5432 5431
f 1255 5431 1253
f 1253 5431 5430
f 1253 5430 1251
f 1251 5430 5429
f 1251 5429 1248
f 1248 5429 5428
f 1248 5428 1161
f 1161 5428 5427
f 1161 5427 1163
f 1163 5427 5426
f 1163 5426 1165
f 1165 5426 5425
f 1165 5425 1167
f 1167 5425 5452
f 1167 5452 1170
f 1170 5452 5451
f 1170 5451 1173
f 1173 5451 5454
f 1173 5454 1175
f 1175 5454 5449
f 1175 5449 1177
f 1177 5449 5448
f 1177 5448 1179
f 1179 5448 5453
f 1179 5453 1181
f 1181 5453 5446
f 1181 5446 1183
f 1183 5446 5445
f 1183 5445 1184
f 1184 5445 5444
f 1184 5444 1186
f 1186 5444 5455
f 1186 5455 1188
f 1188 5455 5443
f 1188 5443 1190
f 1190 5443 5442
f 1190 5442 1191
f 1191 5442 5441
f 1191 5441 1273
f 1273 5441 5440
f 1273 5440 1271
f 1271 5440 5439
f 1271 5439 1268
f 1268 5439 5438
f 1268 5438 1266
f 1266 5438 5437
f 1266 5437 1264
f 1264 5437 5436
f 1264 5436 1262
f 1262 5436 5435
f 5456 5457 5458
f 5456 5458 5459
f 5459 5458 5460
f 5460 5458 5216
f 5460 5216 5461
f 5461 5216 5462
f 5461 5462 5463
f 5463 5462 5464
f 5463 5464 5465
f 5465 5464 5466
f 5465 5466 5467
f 5467 5466 5468
f 5467 5468 5469
f 5469 5468 5470
f 5469 5470 5320
f 5320 5470 5353
f 5353 5470 5471
f 5353 5471 5216
f 5216 5471 5472
f 5216 5472 5462
f 5462 5472 5464
f 5458 5201 5216
f 5320 5354 5469
f 5469 5354 5467
f 5354 5316 5467
f 5467 5316 5473
f 5467 5474 5475
f 5467 5475 5465
f 5465 5475 5463
f 5474 5467 5457
f 5474 5457 5456
f 5475 5474 5476
f 5476 5474 5456
f 5476 5456 5460
f 5460 5456 5459
f 5476 5463 5475
f 5468 5466 5477
f 5477 5466 5464
f 5477 5464 5472
f 5477 5470 5468
f 5461 5463 5476
f 5461 5476 5460
f 5471 5470 5477
f 5471 5477 5472
f 5478 5479 5480
f 5478 5480 5481
f 5481 5480 5482
f 5481 5482 5483
f 5484 5483 5485
f 5484 5485 5469
f 5469 5485 5316
f 5469 5316 5354
f 5478 5486 5479
f 5479 5486 5487
f 5479 5487 5488
f 5482 5488 5489
f 5482 5489 5466
f 5466 5489 5316
f 5466 5316 5485
f 5486 5490 5487
f 5487 5490 5467
f 5487 5467 5491
f 5491 5467 5492
f 5492 5467 5489
f 5492 5489 5488
f 5473 5316 5467
f 5467 5316 5489
f 5469 5354 5493
f 5493 5354 5355
f 5493 5355 5494
f 5494 5355 5314
f 5494 5314 5350
f 5478 5495 5350
f 5350 5495 5496
f 5350 5496 5494
f 5494 5496 5493
f 5495 5478 5481
f 5482 5480 5488
f 5488 5480 5479
f 5481 5483 5495
f 5495 5483 5484
f 5495 5484 5496
f 5496 5484 5493
f 5492 5488 5487
f 5491 5492 5487
f 5485 5483 5466
f 5466 5483 5482
f 5469 5493 5484
f 5497 5498 5499
f 5500 5499 5501
f 5500 5501 5502
f 5502 5501 5503
f 5502 5503 5504
f 5504 5503 5350
f 5504 5350 5505
f 5505 5350 5506
f 5506 5350 5356
f 5506 5356 5507
f 5507 5356 5351
f 5507 5351 5346
f 5497 5508 5498
f 5498 5508 5509
f 5498 5509 5510
f 5510 5509 5511
f 5510 5511 5512
f 5512 5511 5478
f 5512 5478 5513
f 5513 5478 5514
f 5513 5514 5515
f 5515 5514 5501
f 5515 5501 5499
f 5478 5350 5514
f 5497 5516 5346
f 5346 5516 5517
f 5346 5517 5507
f 5516 5497 5500
f 5500 5497 5499
f 5516 5500 5502
f 5517 5516 5518
f 5518 5516 5502
f 5518 5502 5504
f 5515 5499 5498
f 5506 5507 5517
f 5506 5517 5518
f 5513 5515 5510
f 5510 5515 5498
f 5512 5513 5510
f 5503 5501 5514
f 5505 5506 5518
f 5505 5518 5504
f 5350 5503 5514
f 5497 5346 5519
f 5497 5519 5520
f 5520 5519 5521
f 5520 5521 5522
f 5523 5522 5524
f 5524 5522 5521
f 5524 5521 5525
f 5526 5527 5528
f 5526 5528 5529
f 5529 5528 5346
f 5529 5346 5530
f 5530 5346 5352
f 5530 5352 5342
f 5524 5527 5342
f 5342 5527 5526
f 5342 5526 5530
f 5522 5523 5531
f 5531 5523 5497
f 5526 5529 5530
f 5519 5346 5532
f 5532 5346 5528
f 5532 5528 5527
f 5531 5497 5520
f 5519 5532 5525
f 5525 5532 5527
f 5522 5531 5520
f 5519 5525 5521
f 5525 5527 5524
f 5302 5533 5534
f 5302 5534 5535
f 5536 5537 5538
f 5536 5538 5539
f 5539 5538 5342
f 5302 5540 5533
f 5535 5534 5541
f 5535 5541 5542
f 5542 5541 5342
f 5542 5342 5538
f 5533 5540 5524
f 5533 5524 5543
f 5543 5524 5544
f 5544 5524 5541
f 5544 5541 5534
f 5524 5342 5541
f 5539 5342 5545
f 5545 5342 5340
f 5545 5340 5295
f 5302 5537 5295
f 5295 5537 5536
f 5295 5536 5545
f 5537 5302 5535
f 5544 5534 5533
f 5543 5544 5533
f 5538 5537 5542
f 5542 5537 5535
f 5539 5545 5536
f 2267 5497 5523
f 2267 5523 2266
f 2266 5523 5524
f 2266 5524 2265
f 2265 5524 2263
f 2263 5524 5540
f 2263 5540 2274
f 2274 5540 5302
f 2274 5302 5300
f 2274 5300 2275
f 5300 5283 2275
f 5458 2614 5201
f 5201 2614 2613
f 5201 2613 2611
f 5201 2611 5213
f 5213 2611 2602
f 5213 2602 5214
f 5214 2602 2603
f 5214 2603 5230
f 5230 2603 2605
f 5230 2605 5232
f 5232 2605 5235
f 2614 5458 5457
f 5235 2605 2606
f 5235 2606 5247
f 5247 2606 5262
f 5263 5262 2606
f 2610 5546 2606
f 2606 5546 5262
f 2606 5262 5263
f 5263 5262 2276
f 5546 2610 5547
f 5547 2610 2609
f 5547 2609 5548
f 5548 2609 2608
f 5548 2608 5549
f 5549 2608 2607
f 5549 2607 5550
f 5550 2607 2604
f 5550 2604 5551
f 5551 2604 2601
f 5551 2601 5552
f 5552 2601 2600
f 5552 2600 5553
f 5553 2600 2597
f 5553 2597 5554
f 5554 2597 2596
f 2596 2258 5554
f 5554 2258 5553
f 5553 2258 2257
f 5553 2257 5552
f 5552 2257 2260
f 5552 2260 5551
f 5551 2260 2262
f 5551 2262 5550
f 5550 2262 2273
f 5550 2273 5549
f 5549 2273 2277
f 5549 2277 5548
f 5548 2277 2278
f 5548 2278 5547
f 5547 2278 2279
f 5547 2279 5546
f 5546 2279 2280
f 5546 2280 5262
f 5262 2280 2276
f 5263 2276 5279
f 5279 2276 5282
f 5282 2276 2275
f 5282 2275 5283
f 2614 5457 2615
f 2615 5457 5467
f 2615 5467 5473
f 2615 5473 2617
f 2617 5473 5486
f 5486 5478 2617
f 2617 5478 5486
f 5486 5478 2270
f 5486 2270 5555
f 5555 2270 2272
f 5555 2272 5556
f 5556 2272 2271
f 5556 2271 5557
f 5557 2271 2269
f 5557 2269 5558
f 5558 2269 2264
f 5558 2264 5559
f 5559 2264 2261
f 5559 2261 5560
f 5560 2261 2259
f 5560 2259 5561
f 5561 2259 2256
f 5486 5473 5490
f 5490 5473 5467
f 2270 5478 5511
f 2270 5511 2268
f 2268 5511 5509
f 2268 5509 5508
f 2268 5508 2267
f 2267 5508 5497
f 2256 2620 5561
f 5561 2620 5560
f 5560 2620 2598
f 5560 2598 5559
f 5559 2598 2599
f 5559 2599 5558
f 5558 2599 2612
f 5558 2612 5557
f 5557 2612 2616
f 5557 2616 5556
f 5556 2616 2618
f 5556 2618 5555
f 5555 2618 2619
f 5555 2619 5486
f 5486 2619 2617
f 5562 5563 5564
f 5562 5564 5565
f 5566 5567 5568
f 5566 5568 5569
f 5569 5568 5570
f 5562 5571 5563
f 5565 5564 5572
f 5565 5572 5573
f 5573 5572 5570
f 5573 5570 5568
f 5563 5571 5574
f 5563 5574 5575
f 5575 5574 5576
f 5576 5574 5572
f 5576 5572 5564
f 5574 5570 5572
f 5569 5570 5577
f 5577 5570 5578
f 5577 5578 5579
f 5562 5567 5579
f 5579 5567 5566
f 5579 5566 5577
f 5567 5562 5565
f 5576 5564 5563
f 5575 5576 5563
f 5568 5567 5573
f 5573 5567 5565
f 5569 5577 5566
f 5574 5575 5576
f 5574 5576 5572
f 5572 5576 5580
f 5572 5580 5581
f 5582 5581 5583
f 5582 5583 5584
f 5584 5583 5585
f 5574 5586 5575
f 5575 5586 5587
f 5575 5587 5588
f 5580 5588 5589
f 5580 5589 5590
f 5590 5589 5585
f 5590 5585 5583
f 5587 5586 5591
f 5587 5591 5592
f 5592 5591 5593
f 5593 5591 5589
f 5593 5589 5588
f 5591 5585 5589
f 5584 5585 5594
f 5594 5585 5595
f 5594 5595 5569
f 5569 5595 5570
f 5574 5573 5570
f 5570 5573 5568
f 5570 5568 5569
f 5569 5568 5594
f 5573 5574 5572
f 5580 5576 5588
f 5588 5576 5575
f 5572 5581 5573
f 5573 5581 5582
f 5573 5582 5568
f 5568 5582 5594
f 5593 5588 5587
f 5592 5593 5587
f 5583 5581 5590
f 5590 5581 5580
f 5584 5594 5582
f 5596 5597 5591
f 5591 5597 5598
f 5591 5598 5599
f 5600 5599 5601
f 5600 5601 5602
f 5602 5601 5603
f 5602 5603 5604
f 5604 5603 5605
f 5598 5597 5606
f 5598 5606 5607
f 5607 5606 5608
f 5607 5608 5609
f 5609 5608 5605
f 5609 5605 5603
f 5596 5610 5597
f 5597 5610 5611
f 5597 5611 5606
f 5606 5611 5612
f 5606 5612 5608
f 5608 5612 5613
f 5608 5613 5605
f 5611 5610 5614
f 5614 5610 5613
f 5614 5613 5612
f 5614 5612 5611
f 5604 5605 5615
f 5615 5605 5616
f 5615 5616 5617
f 5617 5616 5618
f 5617 5618 5585
f 5591 5600 5585
f 5585 5600 5619
f 5585 5619 5617
f 5600 5591 5599
f 5601 5599 5607
f 5607 5599 5598
f 5615 5617 5619
f 5615 5619 5602
f 5602 5619 5600
f 5603 5601 5609
f 5609 5601 5607
f 5604 5615 5602
f 5613 5620 5621
f 5613 5621 5622
f 5622 5621 5623
f 5622 5623 5624
f 5625 5626 5627
f 5625 5627 5628
f 5620 5613 5629
f 5620 5629 5630
f 5624 5623 5627
f 5624 5627 5626
f 5613 5631 5629
f 5629 5631 5632
f 5629 5632 5630
f 5630 5632 5623
f 5632 5627 5623
f 5625 5628 5604
f 5604 5628 5605
f 5613 5609 5605
f 5605 5609 5633
f 5605 5633 5604
f 5604 5633 5625
f 5609 5613 5622
f 5623 5621 5630
f 5630 5621 5620
f 5622 5624 5609
f 5609 5624 5626
f 5609 5626 5633
f 5633 5626 5625
f 5634 5635 5632
f 5632 5635 5636
f 5632 5636 5637
f 5638 5637 5639
f 5638 5639 5640
f 5641 5640 5642
f 5641 5642 5643
f 5636 5635 5644
f 5636 5644 5645
f 5639 5645 5642
f 5639 5642 5640
f 5635 5634 5646
f 5635 5646 5647
f 5647 5646 5648
f 5648 5649 5647
f 5647 5649 5644
f 5644 5649 5645
f 5649 5642 5645
f 5641 5643 5650
f 5650 5643 5651
f 5650 5651 5627
f 5632 5638 5627
f 5627 5638 5652
f 5627 5652 5650
f 5638 5632 5637
f 5639 5637 5645
f 5645 5637 5636
f 5641 5650 5652
f 5641 5652 5640
f 5640 5652 5638
f 5647 5644 5635
f 5649 5653 5654
f 5655 5656 5657
f 5655 5657 5658
f 5658 5657 5659
f 5658 5659 5660
f 5660 5659 5661
f 5660 5661 5662
f 5662 5661 5663
f 5662 5663 5642
f 5649 5664 5653
f 5656 5654 5665
f 5656 5665 5657
f 5657 5665 5659
f 5653 5664 5666
f 5653 5666 5667
f 5667 5666 5668
f 5667 5668 5669
f 5669 5668 5665
f 5669 5665 5654
f 5668 5659 5665
f 5649 5655 5642
f 5642 5655 5670
f 5642 5670 5662
f 5655 5649 5656
f 5656 5649 5654
f 5670 5655 5658
f 5669 5654 5653
f 5667 5669 5653
f 5660 5662 5670
f 5660 5670 5658
f 5671 5672 5673
f 5674 5675 5676
f 5605 5677 5616
f 5678 5679 5680
f 5680 5679 5681
f 5681 5679 5682
f 5681 5682 5683
f 5684 5659 5663
f 5643 5685 5627
f 5686 5687 5672
f 5688 5689 5690
f 5691 5679 5692
f 5692 5679 5693
f 5692 5693 5687
f 5687 5693 5694
f 5687 5694 5672
f 5672 5694 5579
f 5672 5579 5673
f 5673 5579 5578
f 5673 5578 5671
f 5671 5578 5695
f 5671 5695 5696
f 5696 5695 5697
f 5696 5697 5674
f 5674 5697 5698
f 5674 5698 5675
f 5675 5698 5595
f 5675 5595 5676
f 5676 5595 5585
f 5676 5585 5699
f 5699 5585 5700
f 5699 5700 5701
f 5701 5700 5616
f 5701 5616 5702
f 5702 5616 5703
f 5702 5703 5704
f 5704 5703 5677
f 5704 5677 5705
f 5705 5677 5706
f 5705 5706 5707
f 5707 5706 5627
f 5707 5627 5708
f 5708 5627 5685
f 5708 5685 5709
f 5709 5685 5642
f 5709 5642 5710
f 5710 5642 5684
f 5710 5684 5711
f 5711 5684 5659
f 5711 5659 5712
f 5712 5659 5713
f 5712 5713 5714
f 5714 5713 5715
f 5714 5715 5689
f 5689 5715 5716
f 5689 5716 5690
f 5690 5716 5717
f 5690 5717 5688
f 5688 5717 5718
f 5688 5718 5719
f 5719 5718 5683
f 5719 5683 5720
f 5720 5683 5721
f 5720 5721 5722
f 5722 5721 5682
f 5722 5682 5691
f 5691 5682 5679
f 5703 5616 5677
f 5685 5643 5642
f 5693 5679 5678
f 5693 5678 5694
f 5695 5578 5697
f 5698 5697 5595
f 5721 5683 5682
f 5697 5578 5570
f 5697 5570 5595
f 5579 5694 5723
f 5700 5585 5618
f 5700 5618 5616
f 5642 5663 5684
f 5684 5663 5659
f 5716 5715 5717
f 5723 5694 5678
f 5724 5717 5715
f 5715 5713 5659
f 5659 5713 5715
f 5659 5684 5661
f 5661 5684 5663
f 5651 5643 5627
f 5627 5706 5628
f 5628 5706 5677
f 5677 5605 5628
f 5725 5714 5726
f 5726 5714 5689
f 5726 5689 5688
f 5726 5688 5727
f 5727 5688 5728
f 5728 5688 5719
f 5728 5719 5729
f 5729 5719 5720
f 5729 5720 5730
f 5730 5720 5722
f 5730 5722 5731
f 5731 5722 5691
f 5731 5691 5732
f 5732 5691 5692
f 5732 5692 5733
f 5733 5692 5687
f 5733 5687 5734
f 5734 5687 5686
f 5734 5686 5735
f 5735 5686 5672
f 5735 5672 5736
f 5736 5672 5671
f 5736 5671 5737
f 5737 5671 5738
f 5738 5671 5696
f 5738 5696 5739
f 5739 5696 5674
f 5739 5674 5740
f 5740 5674 5676
f 5740 5676 5741
f 5741 5676 5699
f 5741 5699 5742
f 5742 5699 5701
f 5742 5701 5743
f 5743 5701 5702
f 5743 5702 5744
f 5744 5702 5704
f 5744 5704 5705
f 5744 5705 5745
f 5745 5705 5746
f 5746 5705 5707
f 5746 5707 5747
f 5747 5707 5708
f 5747 5708 5748
f 5748 5708 5709
f 5748 5709 5749
f 5749 5709 5710
f 5749 5710 5711
f 5749 5711 5750
f 5750 5711 5751
f 5751 5711 5712
f 5751 5712 5714
f 5751 5714 5725
f 5752 5753 5754
f 5753 5752 5755
f 5753 5755 5751
f 5751 5755 5750
f 5756 5755 5757
f 5756 5757 5758
f 5759 5760 5748
f 5746 5747 5761
f 5746 5761 5762
f 5759 5763 5760
f 5748 5760 5747
f 5760 5763 5761
f 5742 5743 5764
f 5742 5764 5765
f 5765 5764 5766
f 5744 5767 5743
f 5767 5764 5743
f 5765 5766 5741
f 5765 5741 5742
f 5768 5766 5769
f 5768 5769 5740
f 5740 5769 5739
f 5738 5739 5770
f 5738 5770 5771
f 5769 5770 5739
f 5772 5773 5774
f 5772 5774 5735
f 5735 5774 5734
f 5774 5775 5734
f 5775 5776 5733
f 5775 5733 5734
f 5732 5777 5731
f 5729 5730 5778
f 5729 5778 5779
f 5777 5780 5731
f 5779 5781 5782
f 5779 5782 5727
f 5727 5728 5779
f 5735 5736 5772
f 5767 5744 5783
f 5759 5748 5758
f 5751 5725 5753
f 5730 5731 5780
f 5725 5726 5754
f 5784 5754 5726
f 5753 5725 5754
f 5756 5750 5755
f 5758 5749 5756
f 5756 5749 5750
f 5748 5749 5758
f 5761 5747 5760
f 5745 5746 5762
f 5783 5745 5762
f 5745 5783 5744
f 5768 5740 5766
f 5766 5740 5741
f 5737 5738 5771
f 5772 5737 5771
f 5772 5736 5737
f 5777 5732 5785
f 5785 5732 5733
f 5785 5733 5776
f 5778 5730 5780
f 5729 5779 5728
f 5782 5784 5727
f 5727 5784 5726
f 5784 5786 5754
f 5754 5786 5787
f 5754 5787 5752
f 5752 5787 5788
f 5752 5788 5755
f 5755 5788 5789
f 5755 5789 5757
f 5757 5789 5790
f 5757 5790 5758
f 5758 5790 5791
f 5758 5791 5792
f 5758 5792 5759
f 5759 5792 5793
f 5759 5793 5763
f 5763 5793 5761
f 5761 5793 5794
f 5761 5794 5795
f 5761 5795 5762
f 5762 5795 5796
f 5762 5796 5783
f 5783 5796 5767
f 5767 5796 5797
f 5767 5797 5798
f 5767 5798 5764
f 5764 5798 5799
f 5764 5799 5766
f 5766 5799 5800
f 5766 5800 5801
f 5766 5801 5769
f 5769 5801 5770
f 5770 5801 5802
f 5770 5802 5803
f 5770 5803 5771
f 5771 5803 5804
f 5771 5804 5772
f 5772 5804 5773
f 5773 5804 5805
f 5773 5805 5774
f 5774 5805 5806
f 5774 5806 5775
f 5775 5806 5776
f 5776 5806 5807
f 5776 5807 5785
f 5785 5807 5808
f 5785 5808 5777
f 5777 5808 5809
f 5777 5809 5780
f 5780 5809 5810
f 5780 5810 5778
f 5778 5810 5811
f 5778 5811 5779
f 5779 5811 5812
f 5779 5812 5781
f 5781 5812 5813
f 5781 5813 5782
f 5782 5813 5814
f 5782 5814 5784
f 5784 5814 5786
f 1207 5796 1205
f 1205 5796 5795
f 1205 5795 1203
f 1203 5795 5794
f 1203 5794 1200
f 1200 5794 5793
f 1200 5793 1198
f 1198 5793 5792
f 1198 5792 1196
f 1196 5792 5791
f 1196 5791 1195
f 1195 5791 5790
f 1195 5790 1157
f 1157 5790 5789
f 1157 5789 1158
f 1158 5789 5788
f 1158 5788 1246
f 1246 5788 5787
f 1246 5787 1244
f 1244 5787 5786
f 1244 5786 1242
f 1242 5786 5814
f 1242 5814 1240
f 1240 5814 5813
f 1240 5813 1238
f 1238 5813 5812
f 1238 5812 1236
f 1236 5812 5811
f 1236 5811 1222
f 1222 5811 5810
f 1222 5810 1224
f 1224 5810 5809
f 1224 5809 1226
f 1226 5809 5808
f 1226 5808 1228
f 1228 5808 5807
f 1228 5807 1230
f 1230 5807 5806
f 1230 5806 1232
f 1232 5806 5805
f 1232 5805 1234
f 1234 5805 5804
f 1234 5804 1220
f 1220 5804 5803
f 1220 5803 1219
f 1219 5803 5802
f 1219 5802 1216
f 1216 5802 5801
f 1216 5801 1215
f 1215 5801 5800
f 1215 5800 1213
f 1213 5800 5799
f 1213 5799 1211
f 1211 5799 5798
f 1211 5798 1209
f 1209 5798 5797
f 1209 5797 1207
f 1207 5797 5796
f 5815 5816 5817
f 5815 5817 5818
f 5818 5817 5579
f 5818 5579 5819
f 5819 5579 5820
f 5819 5820 5821
f 5821 5820 5822
f 5821 5822 5823
f 5823 5822 5824
f 5823 5824 5825
f 5825 5824 5826
f 5825 5826 5723
f 5723 5826 5579
f 5579 5826 5827
f 5579 5827 5820
f 5817 5562 5579
f 5723 5678 5825
f 5825 5678 5823
f 5823 5828 5829
f 5823 5829 5821
f 5821 5829 5819
f 5828 5823 5816
f 5828 5816 5815
f 5829 5828 5818
f 5818 5828 5815
f 5818 5819 5829
f 5824 5822 5827
f 5827 5822 5820
f 5827 5826 5824
f 5830 5831 5832
f 5830 5832 5833
f 5834 5835 5836
f 5834 5836 5825
f 5825 5836 5678
f 5830 5837 5831
f 5833 5832 5838
f 5833 5838 5822
f 5822 5838 5678
f 5822 5678 5836
f 5831 5837 5823
f 5831 5823 5839
f 5839 5823 5840
f 5840 5823 5838
f 5840 5838 5832
f 5823 5678 5838
f 5825 5678 5841
f 5841 5678 5680
f 5841 5680 5681
f 5830 5835 5681
f 5681 5835 5834
f 5681 5834 5841
f 5835 5830 5833
f 5840 5832 5831
f 5839 5840 5831
f 5836 5835 5822
f 5822 5835 5833
f 5825 5841 5834
f 5842 5843 5844
f 5845 5844 5846
f 5845 5846 5847
f 5848 5847 5681
f 5848 5681 5849
f 5849 5681 5850
f 5850 5681 5683
f 5850 5683 5718
f 5842 5851 5843
f 5843 5851 5852
f 5843 5852 5853
f 5853 5852 5830
f 5853 5830 5854
f 5854 5830 5846
f 5854 5846 5844
f 5830 5681 5846
f 5842 5855 5718
f 5718 5855 5856
f 5718 5856 5850
f 5855 5842 5845
f 5845 5842 5844
f 5855 5845 5847
f 5856 5855 5848
f 5848 5855 5847
f 5854 5844 5843
f 5849 5850 5856
f 5849 5856 5848
f 5853 5854 5843
f 5681 5847 5846
f 5842 5718 5857
f 5842 5857 5858
f 5859 5858 5860
f 5859 5860 5861
f 5861 5860 5862
f 5862 5860 5863
f 5863 5860 5864
f 5863 5864 5865
f 5866 5865 5867
f 5866 5867 5868
f 5869 5868 5718
f 5869 5718 5717
f 5869 5717 5870
f 5870 5717 5724
f 5870 5724 5715
f 5863 5866 5715
f 5715 5866 5871
f 5715 5871 5870
f 5859 5861 5842
f 5857 5718 5867
f 5867 5718 5868
f 5859 5842 5858
f 5857 5867 5865
f 5868 5869 5871
f 5871 5869 5870
f 5858 5857 5864
f 5858 5864 5860
f 5864 5857 5865
f 5868 5871 5866
f 5865 5866 5863
f 5668 5872 5873
f 5668 5873 5874
f 5874 5873 5875
f 5874 5875 5876
f 5877 5876 5878
f 5877 5878 5879
f 5879 5878 5715
f 5872 5668 5880
f 5872 5880 5881
f 5875 5881 5882
f 5875 5882 5883
f 5883 5882 5715
f 5883 5715 5878
f 5668 5884 5880
f 5880 5884 5885
f 5885 5884 5863
f 5885 5863 5886
f 5886 5863 5882
f 5886 5882 5881
f 5863 5715 5882
f 5879 5715 5887
f 5887 5715 5713
f 5887 5713 5888
f 5888 5713 5659
f 5668 5889 5659
f 5659 5889 5890
f 5659 5890 5888
f 5888 5890 5887
f 5889 5668 5874
f 5875 5873 5881
f 5881 5873 5872
f 5874 5876 5889
f 5889 5876 5877
f 5889 5877 5890
f 5890 5877 5887
f 5886 5881 5880
f 5885 5886 5880
f 5878 5876 5883
f 5883 5876 5875
f 5879 5887 5877
f 5842 5861 2318
f 2318 5861 2317
f 5861 5862 2317
f 2317 5862 5863
f 2317 5863 2316
f 5863 5884 2316
f 2316 5884 2314
f 2314 5884 5668
f 2314 5668 2326
f 2326 5668 5666
f 2326 5666 2327
f 2327 5666 5664
f 2327 5664 2328
f 2328 5664 5649
f 5817 2561 5562
f 5562 2561 2560
f 5562 2560 5571
f 5571 2560 2558
f 5571 2558 5574
f 5574 2558 2547
f 5574 2547 5586
f 5586 2547 2548
f 5586 2548 5591
f 5591 2548 2550
f 5591 2550 5596
f 5596 2550 2551
f 5596 2551 5610
f 2561 5817 5816
f 5610 2551 2552
f 5610 2552 5613
f 5613 2552 5631
f 5632 5631 2552
f 5632 2552 2555
f 2557 5891 2555
f 2555 5891 5892
f 2555 5892 5632
f 5632 5892 2332
f 5632 2332 2329
f 5891 2557 5893
f 5893 2557 2556
f 5893 2556 5894
f 5894 2556 2554
f 5894 2554 5895
f 5895 2554 2553
f 5895 2553 5896
f 5896 2553 2549
f 5896 2549 5897
f 5897 2549 2545
f 5897 2545 5898
f 5898 2545 2519
f 2519 2310 5898
f 5898 2310 5897
f 5897 2310 2311
f 5897 2311 5896
f 5896 2311 2325
f 5896 2325 5895
f 5895 2325 2330
f 5895 2330 5894
f 5894 2330 2331
f 5894 2331 5893
f 5893 2331 2333
f 5893 2333 5891
f 5891 2333 2334
f 5891 2334 5892
f 5892 2334 2332
f 2329 5634 5632
f 5634 2329 5646
f 5646 2329 5648
f 5648 2329 2328
f 5648 2328 5649
f 2561 5816 2562
f 2562 5816 5823
f 2562 5823 5837
f 5837 5830 2562
f 2562 5830 2565
f 2565 5830 5899
f 5899 5830 2322
f 5899 2322 5900
f 5900 2322 2324
f 5900 2324 5901
f 5901 2324 2323
f 5901 2323 5902
f 5902 2323 2321
f 5902 2321 5903
f 5903 2321 2320
f 5903 2320 5904
f 5904 2320 2315
f 5904 2315 5905
f 5905 2315 2313
f 5905 2313 5906
f 5906 2313 2312
f 5906 2312 5907
f 5907 2312 2309
f 5907 2309 2308
f 2322 5830 2319
f 2319 5830 5852
f 2319 5852 5851
f 2319 5851 2318
f 2318 5851 5842
f 2308 2568 5907
f 5907 2568 2543
f 5907 2543 5906
f 5906 2543 2544
f 5906 2544 5905
f 5905 2544 2546
f 5905 2546 5904
f 5904 2546 2559
f 5904 2559 5903
f 5903 2559 2563
f 5903 2563 5902
f 5902 2563 2564
f 5902 2564 5901
f 5901 2564 2566
f 5901 2566 5900
f 5900 2566 2567
f 5900 2567 5899
f 5899 2567 2565
f 5908 5909 5910
f 5910 5909 5911
f 5910 5911 5912
f 5913 5912 5914
f 5913 5914 5915
f 5916 5915 5917
f 5911 5909 5918
f 5911 5918 5919
f 5914 5919 5917
f 5914 5917 5915
f 5909 5908 5920
f 5909 5920 5921
f 5921 5920 5918
f 5918 5920 5919
f 5920 5917 5919
f 5916 5917 5922
f 5922 5917 5923
f 5922 5923 5924
f 5910 5913 5924
f 5924 5913 5925
f 5924 5925 5922
f 5913 5910 5912
f 5914 5912 5919
f 5919 5912 5911
f 5916 5922 5925
f 5916 5925 5915
f 5915 5925 5913
f 5921 5918 5909
f 5926 5927 5920
f 5920 5927 5928
f 5920 5928 5929
f 5930 5929 5931
f 5930 5931 5932
f 5933 5932 5934
f 5928 5927 5935
f 5928 5935 5936
f 5931 5936 5934
f 5931 5934 5932
f 5927 5926 5937
f 5937 5926 5938
f 5937 5938 5935
f 5935 5938 5936
f 5938 5934 5936
f 5933 5934 5939
f 5939 5934 5940
f 5939 5940 5917
f 5920 5930 5917
f 5917 5930 5941
f 5917 5941 5939
f 5930 5920 5929
f 5931 5929 5936
f 5936 5929 5928
f 5933 5939 5941
f 5933 5941 5932
f 5932 5941 5930
f 5937 5935 5927
f 5942 5943 5938
f 5938 5943 5944
f 5938 5944 5945
f 5946 5947 5948
f 5946 5948 5949
f 5949 5948 5950
f 5949 5950 5951
f 5942 5952 5943
f 5945 5944 5953
f 5945 5953 5954
f 5954 5953 5950
f 5954 5950 5948
f 5944 5943 5955
f 5944 5955 5953
f 5953 5955 5956
f 5953 5956 5950
f 5943 5952 5957
f 5957 5952 5958
f 5958 5956 5957
f 5957 5956 5955
f 5957 5955 5943
f 5949 5951 5959
f 5959 5951 5960
f 5959 5960 5934
f 5938 5947 5934
f 5934 5947 5946
f 5934 5946 5959
f 5947 5938 5945
f 5948 5947 5954
f 5954 5947 5945
f 5949 5959 5946
f 5956 5961 5962
f 5956 5962 5963
f 5963 5962 5964
f 5963 5964 5965
f 5966 5967 5968
f 5966 5968 5969
f 5961 5956 5970
f 5961 5970 5971
f 5965 5964 5968
f 5965 5968 5967
f 5956 5972 5970
f 5970 5972 5973
f 5970 5973 5971
f 5971 5973 5964
f 5973 5968 5964
f 5966 5969 5974
f 5974 5969 5950
f 5956 5975 5950
f 5950 5975 5976
f 5950 5976 5974
f 5974 5976 5966
f 5975 5956 5963
f 5964 5962 5971
f 5971 5962 5961
f 5963 5965 5975
f 5975 5965 5967
f 5975 5967 5976
f 5976 5967 5966
f 5973 5977 5978
f 5973 5978 5979
f 5979 5978 5980
f 5979 5980 5981
f 5981 5980 5982
f 5981 5982 5983
f 5984 5983 5985
f 5984 5985 5986
f 5977 5973 5987
f 5977 5987 5988
f 5988 5987 5989
f 5988 5989 5990
f 5982 5990 5985
f 5982 5985 5983
f 5973 5991 5987
f 5987 5991 5992
f 5987 5992 5993
f 5993 5992 5994
f 5994 5995 5993
f 5993 5995 5989
f 5989 5995 5990
f 5995 5985 5990
f 5984 5986 5996
f 5996 5986 5997
f 5996 5997 5998
f 5998 5997 5968
f 5973 5999 5968
f 5968 5999 6000
f 5968 6000 5998
f 5998 6000 5996
f 5999 5973 5979
f 5980 5978 5988
f 5988 5978 5977
f 5979 5981 5999
f 5999 5981 6001
f 5999 6001 6000
f 6000 6001 5996
f 5982 5980 5990
f 5990 5980 5988
f 5984 5996 6001
f 5984 6001 5983
f 5983 6001 5981
f 5993 5989 5987
f 5995 6002 6003
f 6003 6002 6004
f 6003 6004 6005
f 6006 6007 6008
f 6006 6008 6009
f 6009 6008 6010
f 6009 6010 6011
f 6011 6010 5985
f 6002 5995 6012
f 6002 6012 6004
f 6007 6005 6008
f 5995 6013 6012
f 6012 6013 6014
f 6012 6014 6004
f 6004 6014 6005
f 6015 6008 6014
f 6014 6008 6005
f 5995 6016 5985
f 5985 6016 6017
f 5985 6017 6011
f 6011 6017 6009
f 6016 5995 6018
f 6018 5995 6003
f 6018 6003 6005
f 6016 6018 6007
f 6007 6018 6005
f 6017 6016 6006
f 6006 6016 6007
f 6006 6009 6017
f 6019 6020 6021
f 6019 6021 6022
f 6023 6024 6025
f 5950 6026 5960
f 5924 5923 6027
f 6028 6029 6030
f 5986 5985 6031
f 6032 6033 6034
f 6035 6036 6037
f 6038 6039 6040
f 6038 6040 6041
f 6041 6040 6042
f 6041 6042 6043
f 6043 6042 6044
f 6043 6044 6020
f 6020 6044 5924
f 6020 5924 6021
f 6021 5924 5923
f 6021 5923 6022
f 6022 5923 6045
f 6022 6045 6024
f 6024 6045 6046
f 6024 6046 6025
f 6025 6046 5934
f 6025 5934 6033
f 6033 5934 6047
f 6033 6047 6034
f 6034 6047 5960
f 6034 5960 6032
f 6032 5960 6026
f 6032 6026 6048
f 6048 6026 5950
f 6048 5950 6049
f 6049 5950 5969
f 6049 5969 6050
f 6050 5969 5968
f 6050 5968 6036
f 6036 5968 6031
f 6036 6031 6037
f 6037 6031 5985
f 6037 5985 6051
f 6051 5985 6052
f 6051 6052 6053
f 6053 6052 6008
f 6053 6008 6054
f 6054 6008 6055
f 6054 6055 6056
f 6056 6055 6030
f 6056 6030 6057
f 6057 6030 6058
f 6057 6058 6059
f 6059 6058 6028
f 6059 6028 6060
f 6060 6028 6061
f 6060 6061 6062
f 6062 6061 6063
f 6062 6063 6064
f 6064 6063 6065
f 6064 6065 6038
f 6038 6065 6039
f 6039 6065 6040
f 6044 6027 5924
f 6045 5923 5917
f 6046 6045 5940
f 6046 5940 5934
f 6058 6030 6028
f 6061 6028 6063
f 6045 5917 5940
f 5924 6027 5923
f 6047 5934 5960
f 6052 5985 6010
f 6030 6029 6028
f 6027 6044 6066
f 6066 6044 6042
f 6065 6063 6067
f 6067 6063 6028
f 6029 6028 6030
f 6008 6052 6010
f 5997 5986 6031
f 5997 6031 5968
f 5950 5960 5951
f 6068 6056 6057
f 6068 6057 6069
f 6069 6057 6059
f 6069 6059 6070
f 6070 6059 6060
f 6070 6060 6071
f 6071 6060 6062
f 6071 6062 6072
f 6072 6062 6064
f 6072 6064 6073
f 6073 6064 6038
f 6073 6038 6074
f 6074 6038 6041
f 6074 6041 6075
f 6075 6041 6043
f 6075 6043 6076
f 6076 6043 6020
f 6076 6020 6077
f 6077 6020 6019
f 6077 6019 6078
f 6078 6019 6022
f 6078 6022 6079
f 6079 6022 6024
f 6079 6024 6080
f 6080 6024 6023
f 6080 6023 6081
f 6081 6023 6025
f 6081 6025 6082
f 6082 6025 6033
f 6082 6033 6083
f 6083 6033 6032
f 6083 6032 6084
f 6084 6032 6085
f 6085 6032 6048
f 6085 6048 6049
f 6085 6049 6086
f 6086 6049 6087
f 6087 6049 6050
f 6087 6050 6088
f 6088 6050 6036
f 6088 6036 6089
f 6089 6036 6035
f 6089 6035 6090
f 6090 6035 6037
f 6090 6037 6091
f 6091 6037 6051
f 6091 6051 6092
f 6092 6051 6093
f 6093 6051 6053
f 6093 6053 6054
f 6093 6054 6094
f 6094 6054 6068
f 6068 6054 6056
f 6095 6096 6097
f 6097 6068 6069
f 6096 6095 6098
f 6096 6098 6099
f 6099 6098 6094
f 6094 6098 6093
f 6098 6100 6093
f 6101 6100 6102
f 6103 6104 6090
f 6090 6104 6089
f 6087 6088 6105
f 6087 6105 6106
f 6106 6105 6107
f 6103 6108 6104
f 6104 6108 6089
f 6089 6108 6088
f 6106 6109 6087
f 6110 6111 6085
f 6085 6111 6084
f 6110 6112 6111
f 6111 6112 6084
f 6113 6114 6112
f 6112 6114 6082
f 6112 6082 6084
f 6084 6082 6083
f 6114 6115 6116
f 6116 6115 6117
f 6116 6117 6081
f 6081 6117 6080
f 6080 6117 6079
f 6117 6118 6079
f 6118 6119 6078
f 6118 6078 6079
f 6120 6121 6077
f 6077 6121 6076
f 6122 6076 6121
f 6122 6121 6123
f 6123 6124 6075
f 6123 6075 6122
f 6122 6075 6076
f 6125 6124 6126
f 6127 6126 6073
f 6071 6072 6128
f 6071 6128 6129
f 6126 6130 6073
f 6131 6129 6132
f 6131 6132 6070
f 6070 6133 6069
f 6070 6132 6133
f 6070 6071 6131
f 6073 6074 6127
f 6127 6074 6126
f 6126 6074 6125
f 6134 6077 6078
f 6116 6081 6114
f 6110 6085 6135
f 6136 6085 6086
f 6136 6086 6087
f 6136 6087 6109
f 6099 6094 6096
f 6072 6073 6130
f 6096 6068 6097
f 6096 6094 6068
f 6102 6092 6101
f 6101 6092 6093
f 6101 6093 6100
f 6091 6092 6102
f 6090 6091 6103
f 6103 6091 6102
f 6105 6088 6108
f 6136 6109 6106
f 6135 6136 6106
f 6136 6135 6085
f 6082 6114 6081
f 6120 6134 6119
f 6119 6134 6078
f 6120 6077 6134
f 6125 6074 6124
f 6124 6074 6075
f 6128 6072 6130
f 6071 6129 6131
f 6132 6097 6133
f 6133 6097 6069
f 6097 6137 6138
f 6097 6138 6095
f 6095 6138 6139
f 6095 6139 6098
f 6098 6139 6100
f 6100 6139 6140
f 6100 6140 6141
f 6100 6141 6102
f 6102 6141 6142
f 6102 6142 6103
f 6103 6142 6143
f 6103 6143 6108
f 6108 6143 6105
f 6105 6143 6144
f 6105 6144 6107
f 6107 6144 6145
f 6107 6145 6106
f 6106 6145 6146
f 6106 6146 6135
f 6135 6146 6110
f 6110 6146 6147
f 6110 6147 6148
f 6110 6148 6112
f 6112 6148 6149
f 6112 6149 6113
f 6113 6149 6150
f 6113 6150 6114
f 6114 6150 6151
f 6114 6151 6115
f 6115 6151 6152
f 6115 6152 6117
f 6117 6152 6153
f 6117 6153 6118
f 6118 6153 6154
f 6118 6154 6119
f 6119 6154 6155
f 6119 6155 6120
f 6120 6155 6156
f 6120 6156 6121
f 6121 6156 6157
f 6121 6157 6123
f 6123 6157 6158
f 6123 6158 6124
f 6124 6158 6159
f 6124 6159 6160
f 6124 6160 6126
f 6126 6160 6161
f 6126 6161 6130
f 6130 6161 6162
f 6130 6162 6128
f 6128 6162 6163
f 6128 6163 6129
f 6129 6163 6164
f 6129 6164 6132
f 6132 6164 6137
f 6132 6137 6097
f 6165 6164 6163
f 1135 6146 1133
f 1133 6146 6145
f 1133 6145 1131
f 1131 6145 6144
f 1131 6144 1129
f 1129 6144 6143
f 1129 6143 1127
f 1127 6143 6142
f 1127 6142 1125
f 1125 6142 6141
f 1125 6141 1123
f 1123 6141 6140
f 1123 6140 1092
f 1092 6140 6139
f 1092 6139 1096
f 1096 6139 6138
f 1096 6138 1098
f 1098 6138 6137
f 1098 6137 1100
f 1100 6137 6164
f 1100 6164 6165
f 1100 6165 1102
f 1102 6165 6163
f 1102 6163 1104
f 1104 6163 6162
f 1104 6162 1106
f 1106 6162 6161
f 1106 6161 1108
f 1108 6161 6160
f 1108 6160 1110
f 1110 6160 6159
f 1110 6159 1112
f 1112 6159 6158
f 1112 6158 1114
f 1114 6158 6157
f 1114 6157 1116
f 1116 6157 6156
f 1116 6156 1118
f 1118 6156 6155
f 1118 6155 1120
f 1120 6155 6154
f 1120 6154 1149
f 1149 6154 6153
f 1149 6153 1147
f 1147 6153 6152
f 1147 6152 1145
f 1145 6152 6151
f 1145 6151 1143
f 1143 6151 6150
f 1143 6150 1141
f 1141 6150 6149
f 1141 6149 1139
f 1139 6149 6148
f 1139 6148 1137
f 1137 6148 6147
f 1137 6147 1135
f 1135 6147 6146
f 6166 6167 6168
f 6168 6167 5924
f 6168 5924 6169
f 6169 5924 6170
f 6169 6170 6171
f 6171 6170 6172
f 6171 6172 6173
f 6173 6172 6174
f 6173 6174 6175
f 6175 6174 6176
f 6175 6176 6027
f 6027 6176 5924
f 5924 6176 6177
f 5924 6177 6170
f 6167 5910 5924
f 6027 6066 6175
f 6175 6066 6173
f 6066 6042 6173
f 6178 6179 6173
f 6173 6179 6180
f 6173 6180 6171
f 6171 6180 6169
f 6179 6178 6167
f 6179 6167 6166
f 6180 6179 6168
f 6168 6179 6166
f 6168 6169 6180
f 6174 6172 6177
f 6177 6172 6170
f 6177 6176 6174
f 6181 6182 6183
f 6181 6183 6184
f 6185 6186 6187
f 6185 6187 6188
f 6188 6187 6042
f 6181 6189 6182
f 6184 6183 6190
f 6184 6190 6191
f 6191 6190 6042
f 6191 6042 6187
f 6182 6189 6173
f 6182 6173 6192
f 6192 6173 6193
f 6193 6173 6190
f 6193 6190 6183
f 6173 6042 6190
f 6188 6042 6194
f 6194 6042 6040
f 6194 6040 6065
f 6181 6186 6065
f 6065 6186 6185
f 6065 6185 6194
f 6186 6181 6184
f 6193 6183 6182
f 6192 6193 6182
f 6187 6186 6191
f 6191 6186 6184
f 6188 6194 6185
f 6195 6196 6197
f 6198 6197 6199
f 6198 6199 6200
f 6201 6200 6065
f 6201 6065 6202
f 6202 6065 6203
f 6203 6065 6067
f 6203 6067 6028
f 6195 6204 6196
f 6196 6204 6205
f 6196 6205 6206
f 6206 6205 6181
f 6206 6181 6207
f 6207 6181 6199
f 6207 6199 6197
f 6181 6065 6199
f 6195 6208 6028
f 6028 6208 6209
f 6028 6209 6203
f 6208 6195 6198
f 6198 6195 6197
f 6208 6198 6200
f 6209 6208 6201
f 6201 6208 6200
f 6207 6197 6196
f 6202 6203 6209
f 6202 6209 6201
f 6206 6207 6196
f 6065 6200 6199
f 6195 6028 6210
f 6195 6210 6211
f 6211 6210 6212
f 6211 6212 6213
f 6214 6213 6215
f 6215 6213 6212
f 6215 6212 6216
f 6217 6218 6219
f 6217 6219 6220
f 6220 6219 6028
f 6220 6028 6221
f 6221 6028 6029
f 6221 6029 6030
f 6215 6218 6030
f 6030 6218 6217
f 6030 6217 6221
f 6214 6195 6213
f 6213 6195 6222
f 6217 6220 6221
f 6210 6028 6223
f 6223 6028 6219
f 6223 6219 6218
f 6222 6195 6211
f 6210 6223 6216
f 6216 6223 6218
f 6213 6222 6211
f 6210 6216 6212
f 6216 6218 6215
f 6015 6224 6225
f 6015 6225 6226
f 6227 6226 6228
f 6227 6228 6229
f 6230 6229 6030
f 6230 6030 6055
f 6225 6224 6231
f 6225 6231 6232
f 6228 6232 6030
f 6228 6030 6229
f 6224 6015 6233
f 6224 6233 6234
f 6234 6233 6231
f 6231 6233 6232
f 6215 6030 6233
f 6233 6030 6232
f 6230 6055 6235
f 6235 6055 6008
f 6015 6227 6008
f 6008 6227 6236
f 6008 6236 6235
f 6227 6015 6226
f 6228 6226 6232
f 6232 6226 6225
f 6230 6235 6236
f 6230 6236 6229
f 6229 6236 6227
f 6234 6231 6224
f 2361 6195 2360
f 2360 6195 6214
f 2360 6214 6215
f 2360 6215 2102
f 2102 6215 6233
f 6233 6015 2102
f 2102 6015 2101
f 6015 6014 2101
f 2101 6014 6013
f 2101 6013 2100
f 2100 6013 5995
f 2100 5995 2099
f 6167 2509 5910
f 5910 2509 2508
f 5910 2508 5908
f 5908 2508 2495
f 5908 2495 5920
f 5920 2495 5926
f 5926 2495 2497
f 5926 2497 5938
f 5938 2497 2499
f 5938 2499 5942
f 5942 2499 5952
f 5952 2499 2500
f 5952 2500 2501
f 5952 2501 5958
f 5958 2501 5956
f 5956 2501 2503
f 5956 2503 5972
f 5973 5972 2503
f 2505 6237 2503
f 2503 6237 5972
f 2503 5972 5973
f 5973 5972 2113
f 6237 2505 6238
f 6238 2505 2506
f 6238 2506 6239
f 6239 2506 2504
f 6239 2504 6240
f 6240 2504 2502
f 6240 2502 6241
f 6241 2502 2498
f 6241 2498 6242
f 6242 2498 2496
f 6242 2496 6243
f 6243 2496 2493
f 6243 2493 6244
f 6244 2493 2491
f 6244 2491 6245
f 6245 2491 2463
f 2463 2109 6245
f 6245 2109 6244
f 6244 2109 2108
f 6244 2108 6243
f 6243 2108 2105
f 6243 2105 6242
f 6242 2105 2103
f 6242 2103 6241
f 6241 2103 2098
f 6241 2098 6240
f 6240 2098 2112
f 6240 2112 6239
f 6239 2112 2114
f 6239 2114 6238
f 6238 2114 2116
f 6238 2116 6237
f 6237 2116 2115
f 6237 2115 5972
f 5972 2115 2113
f 5973 2113 5991
f 5991 2113 2097
f 5991 2097 5992
f 5992 2097 5994
f 5994 2097 2099
f 5994 2099 5995
f 2509 6167 2510
f 2510 6167 6178
f 2510 6178 6173
f 2510 6173 2513
f 2513 6173 6189
f 6189 6181 2513
f 2513 6181 6189
f 6189 6181 2365
f 6189 2365 6246
f 6246 2365 2367
f 6246 2367 6247
f 6247 2367 2368
f 6247 2368 6248
f 6248 2368 2366
f 6248 2366 6249
f 6249 2366 2364
f 6249 2364 6250
f 6250 2364 2363
f 6250 2363 6251
f 6251 2363 2359
f 6251 2359 6252
f 6252 2359 2104
f 6252 2104 6253
f 6253 2104 2106
f 6253 2106 6254
f 6254 2106 2107
f 6254 2107 6255
f 6255 2107 2093
f 2365 6181 2362
f 2362 6181 6205
f 2362 6205 6204
f 2362 6204 2361
f 2361 6204 6195
f 2093 2464 6255
f 6255 2464 6254
f 6254 2464 2465
f 6254 2465 6253
f 6253 2465 2492
f 6253 2492 6252
f 6252 2492 2494
f 6252 2494 6251
f 6251 2494 2507
f 6251 2507 6250
f 6250 2507 2511
f 6250 2511 6249
f 6249 2511 2512
f 6249 2512 6248
f 6248 2512 2514
f 6248 2514 6247
f 6247 2514 2516
f 6247 2516 6246
f 6246 2516 2515
f 6246 2515 6189
f 6189 2515 2513
f 2445 2449 2452
f 2452 2449 2376
f 2452 2376 2450
f 2452 2450 2370
f 2370 2450 2374
f 2370 2374 2451
f 2449 2445 2448
f 2448 2445 2446
f 2448 2446 2447
f 1066 1065 1073
f 1073 1065 1072
f 1065 1060 1072
f 1072 1060 1058
f 1074 1071 1081
f 1081 1071 1080
f 1071 1064 1080
f 1080 1064 1062
f 1082 1079 1381
f 1381 1079 1380
f 1079 1070 1380
f 1380 1070 1068
f 1379 1078 1160
f 1160 1078 1076
f 6256 6257 6258
f 6258 6257 6259
f 6258 6259 6260
f 6260 6259 6261
f 6260 6261 6262
f 6262 6261 6263
f 6262 6263 6264
f 6264 6263 6265
f 6264 6265 6266
f 6266 6265 6267
f 6266 6267 6268
f 6268 6267 6269
f 6268 6269 6270
f 6270 6269 6271
f 6270 6271 6272
f 6272 6271 6273
f 6272 6273 6274
f 6274 6273 6275
f 6274 6275 6276
f 6276 6275 6277
f 6276 6277 6278
f 6278 6277 6279
f 6278 6279 6280
f 6280 6279 6281
f 6280 6281 6282
f 6282 6281 6283
f 6282 6283 6284
f 6284 6283 6285
f 6284 6285 6286
f 6286 6285 6287
f 6286 6287 6288
f 6288 6287 6289
f 6288 6289 6290
f 6290 6289 6291
f 6290 6291 6292
f 6292 6291 6293
f 6292 6293 6256
f 6256 6293 6257
f 6271 6269 6273
f 6293 6291 6257
f 6267 6265 6269
f 6269 6294 6273
f 6257 6291 6295
f 6257 6295 6259
f 6259 6295 6261
f 6269 6265 6294
f 6275 6273 6277
f 6281 6296 6283
f 6289 6287 6291
f 6273 6297 6277
f 6291 6287 6298
f 6263 6261 6265
f 6281 6279 6296
f 6283 6296 6285
f 6277 6297 6279
f 6279 6299 6296
f 6265 6261 6300
f 6279 6297 6299
f 6285 6296 6301
f 6285 6301 6287
f 6287 6301 6298
f 6302 6295 6290
f 6290 6295 6291
f 6290 6291 6303
f 6303 6291 6298
f 6303 6298 6304
f 6304 6298 6301
f 6304 6301 6305
f 6305 6301 6296
f 6305 6296 6306
f 6306 6296 6299
f 6306 6299 6307
f 6307 6299 6297
f 6307 6297 6272
f 6272 6297 6273
f 6272 6273 6308
f 6308 6273 6294
f 6308 6294 6264
f 6264 6294 6265
f 6264 6265 6309
f 6309 6265 6300
f 6309 6300 6260
f 6260 6300 6261
f 6260 6261 6302
f 6302 6261 6295
f 6260 6302 6290
f 6260 6290 6309
f 6309 6290 6303
f 6309 6303 6264
f 6264 6303 6308
f 6308 6303 6304
f 6308 6304 6272
f 6272 6304 6305
f 6272 6305 6307
f 6307 6305 6306
f 6310 6311 6312
f 6312 6311 6313
f 6312 6313 6314
f 6314 6313 6315
f 6314 6315 6316
f 6316 6315 6317
f 6316 6317 6318
f 6318 6317 6319
f 6318 6319 6320
f 6320 6319 6321
f 6320 6321 6322
f 6322 6321 6323
f 6322 6323 6324
f 6324 6323 6325
f 6324 6325 6326
f 6326 6325 6327
f 6326 6327 6328
f 6328 6327 6329
f 6328 6329 6330
f 6330 6329 6331
f 6330 6331 6332
f 6332 6331 6333
f 6332 6333 6334
f 6334 6333 6335
f 6334 6335 6336
f 6336 6335 6337
f 6336 6337 6338
f 6338 6337 6339
f 6338 6339 6340
f 6340 6339 6341
f 6340 6341 6342
f 6342 6341 6343
f 6342 6343 6344
f 6344 6343 6345
f 6344 6345 6346
f 6346 6345 6347
f 6346 6347 6310
f 6310 6347 6311
f 6319 6317 6321
f 6345 6343 6347
f 6331 6329 6333
f 6333 6348 6335
f 6323 6321 6325
f 6333 6329 6348
f 6321 6317 6349
f 6321 6349 6325
f 6337 6335 6339
f 6343 6350 6347
f 6339 6335 6351
f 6315 6313 6352
f 6315 6352 6317
f 6327 6325 6329
f 6347 6350 6311
f 6329 6325 6353
f 6343 6341 6350
f 6339 6351 6341
f 6341 6354 6350
f 6311 6350 6355
f 6313 6311 6352
f 6341 6351 6354
f 6335 6348 6351
f 6311 6355 6352
f 6356 6355 6357
f 6357 6355 6350
f 6357 6350 6358
f 6358 6350 6354
f 6358 6354 6359
f 6359 6354 6351
f 6359 6351 6360
f 6360 6351 6348
f 6360 6348 6328
f 6328 6348 6329
f 6328 6329 6361
f 6361 6329 6353
f 6361 6353 6324
f 6324 6353 6325
f 6324 6325 6362
f 6362 6325 6349
f 6362 6349 6316
f 6316 6349 6317
f 6316 6317 6363
f 6363 6317 6352
f 6363 6352 6356
f 6356 6352 6355
f 6363 6356 6357
f 6363 6357 6316
f 6316 6357 6362
f 6362 6357 6358
f 6362 6358 6324
f 6324 6358 6359
f 6324 6359 6361
f 6361 6359 6328
f 6328 6359 6360
f 1378 1192 1381
f 1381 1192 1194
f 1381 1194 1081
f 1081 1194 1073
f 1081 1073 1074
f 6364 335 1194
f 1194 335 483
f 1194 483 1073
f 1073 483 1066
f 6365 6310 6364
f 6364 6310 6278
f 1276 476 6365
f 6365 476 6334
f 6365 6334 6336
f 1075 1067 1276
f 1276 1067 1061
f 1276 1061 1057
f 1057 1061 1063
f 1075 1077 1067
f 1067 1069 1061
f 1059 488 1057
f 1057 488 1276
f 487 476 488
f 488 476 1276
f 477 6332 476
f 476 6332 6334
f 334 6314 477
f 477 6314 6316
f 335 6256 334
f 334 6256 6258
f 335 481 483
f 1081 1082 1381
f 6258 6260 334
f 334 6260 6262
f 6262 6264 334
f 334 6264 6266
f 6266 6268 334
f 334 6268 6270
f 6270 6272 334
f 334 6272 6274
f 334 6274 6314
f 6314 6274 6276
f 6314 6276 6312
f 6312 6276 6310
f 6310 6276 6278
f 6278 6280 6364
f 6280 6282 6364
f 6282 6284 6364
f 6364 6284 6286
f 6364 6286 6288
f 6288 6290 6364
f 6364 6290 335
f 335 6290 6292
f 335 6292 6256
f 6316 6318 477
f 477 6318 6320
f 6320 6322 477
f 477 6322 6324
f 6324 6326 477
f 477 6326 6328
f 477 6328 6330
f 477 6330 6332
f 6336 6338 6365
f 6338 6340 6365
f 6365 6340 6342
f 6365 6342 6344
f 6365 6344 6346
f 6365 6346 6310
f 6365 6364 6366
f 6366 6364 6367
f 1276 6365 1275
f 1275 6365 6366
f 440 333 478
f 478 333 337
f 480 478 338
f 338 478 337
f 480 338 479
f 479 338 336
f 479 336 477
f 477 336 334
f 2734 2733 2731
f 2731 2733 2732
f 1275 6366 1193
f 1193 6366 6367
f 1193 6367 1194
f 1194 6367 6364
f 474 475 325
f 325 475 330
f 325 330 485
f 485 330 487
f 487 330 329
f 487 329 476
f 485 482 325
f 325 482 481
f 325 481 326
f 326 481 335
f 6368 6369 6370
f 6370 6369 6371
f 6370 6371 6372
f 6369 6368 6373
f 6373 6368 6374
f 6373 6374 6375
f 6375 6374 6376
f 6375 6376 6377
f 6377 6376 6378
f 6377 6378 6379
f 6379 6378 6380
f 6379 6380 6381
f 6381 6380 6382
f 6381 6382 6383
f 6383 6382 6384
f 6383 6384 6385
f 6385 6384 6386
f 6385 6386 6387
f 6387 6386 6388
f 6387 6388 6389
f 6389 6388 6390
f 6389 6390 6391
f 6391 6390 6392
f 6391 6392 6393
f 6393 6392 6394
f 6393 6394 6395
f 6395 6394 6396
f 6395 6396 6397
f 6397 6396 6398
f 6397 6398 6399
f 6399 6398 6400
f 6399 6400 6401
f 6401 6400 6402
f 6401 6402 6403
f 6403 6402 6404
f 6403 6404 6405
f 6405 6404 6406
f 6405 6406 6407
f 6407 6406 6408
f 6407 6408 6409
f 6409 6408 6410
f 6409 6410 6411
f 6411 6410 6412
f 6411 6412 6413
f 6413 6412 6414
f 6413 6414 6415
f 6415 6414 6416
f 6415 6416 6417
f 6417 6416 6418
f 6417 6418 6419
f 6419 6418 6420
f 6419 6420 6421
f 6421 6420 6422
f 6421 6422 6423
f 6423 6422 6424
f 6423 6424 6425
f 6425 6424 6426
f 6425 6426 6427
f 6427 6426 6428
f 6427 6428 6429
f 6429 6428 6430
f 6429 6430 6431
f 6431 6430 6432
f 6431 6432 6433
f 6433 6432 6434
f 6433 6434 6435
f 6435 6434 6436
f 6435 6436 6437
f 6437 6436 6438
f 6437 6438 6439
f 6439 6438 6440
f 6439 6440 6441
f 6441 6440 6442
f 6441 6442 6443
f 6443 6442 6444
f 6443 6444 6445
f 6445 6444 6446
f 6445 6446 6447
f 6447 6446 6448
f 6447 6448 6449
f 6449 6448 6450
f 6449 6450 6451
f 6451 6450 6452
f 6451 6452 6453
f 6453 6452 6454
f 6453 6454 6455
f 6455 6454 6456
f 6455 6456 6457
f 6457 6456 6458
f 6457 6458 6459
f 6459 6458 6460
f 6459 6460 6461
f 6461 6460 6462
f 6461 6462 6463
f 6463 6462 6464
f 6463 6464 6465
f 6465 6464 6466
f 6465 6466 6467
f 6467 6466 6468
f 6467 6468 6469
f 6469 6468 6470
f 6469 6470 6471
f 6471 6470 6472
f 6471 6472 6473
f 6473 6472 6474
f 6473 6474 6475
f 6475 6474 6476
f 6475 6476 6477
f 6477 6476 6478
f 6477 6478 6479
f 6479 6478 6480
f 6479 6480 6481
f 6481 6480 6482
f 6481 6482 6483
f 6483 6482 6484
f 6483 6484 6485
f 6485 6484 6486
f 6485 6486 6487
f 6487 6486 6488
f 6487 6488 6489
f 6489 6488 6490
f 6489 6490 6491
f 6491 6490 6492
f 6491 6492 6493
f 6493 6492 6494
f 6493 6494 6495
f 6495 6494 6496
f 6495 6496 6497
f 6497 6496 6498
f 6497 6498 6499
f 6499 6498 6500
f 6499 6500 6501
f 6501 6500 6502
f 6501 6502 6503
f 6501 6503 6504
f 6504 6503 6505
f 6504 6505 6506
f 6506 6505 6507
f 6506 6507 6508
f 6508 6507 6509
f 6508 6509 6510
f 6510 6509 6511
f 6510 6511 6512
f 6512 6511 6513
f 6512 6513 6514
f 6514 6513 6515
f 6514 6515 6516
f 6516 6515 6517
f 6516 6517 6518
f 6518 6517 6519
f 6518 6519 6520
f 6520 6519 6521
f 6520 6521 6522
f 6522 6521 6523
f 6522 6523 6524
f 6524 6523 6525
f 6524 6525 6526
f 6526 6525 6527
f 6526 6527 6528
f 6528 6527 6529
f 6528 6529 6530
f 6530 6529 6531
f 6530 6531 6532
f 6532 6531 6533
f 6532 6533 6534
f 6534 6533 6535
f 6534 6535 6536
f 6536 6535 6537
f 6536 6537 6538
f 6538 6537 6539
f 6538 6539 6540
f 6540 6539 6541
f 6540 6541 6542
f 6542 6541 6543
f 6542 6543 6544
f 6544 6543 6545
f 6544 6545 6546
f 6546 6545 6547
f 6546 6547 6548
f 6548 6547 6549
f 6548 6549 6550
f 6550 6549 6551
f 6550 6551 6552
f 6552 6551 6553
f 6552 6553 6554
f 6554 6553 6555
f 6554 6555 6556
f 6556 6555 6557
f 6556 6557 6558
f 6558 6557 6559
f 6558 6559 6560
f 6560 6559 6561
f 6560 6561 6562
f 6562 6561 6563
f 6562 6563 6564
f 6564 6563 6565
f 6564 6565 6566
f 6566 6565 6567
f 6566 6567 6568
f 6568 6567 6569
f 6568 6569 6570
f 6570 6569 6571
f 6571 6569 6572
f 6571 6572 6573
f 6573 6572 6574
f 6573 6574 6575
f 6575 6574 6576
f 6575 6576 6577
f 6577 6576 6578
f 6577 6578 6579
f 6579 6578 6580
f 6579 6580 6581
f 6581 6580 6582
f 6581 6582 6583
f 6583 6582 6584
f 6583 6584 6585
f 6585 6584 6586
f 6585 6586 6587
f 6587 6586 6588
f 6587 6588 6589
f 6589 6588 6590
f 6589 6590 6591
f 6591 6590 6592
f 6591 6592 6593
f 6593 6592 6594
f 6593 6594 6595
f 6595 6594 6596
f 6595 6596 6597
f 6597 6596 6598
f 6597 6598 6599
f 6599 6598 6600
f 6599 6600 6601
f 6601 6600 6602
f 6601 6602 6603
f 6603 6602 6604
f 6603 6604 6605
f 6605 6604 6606
f 6605 6606 6607
f 6607 6606 6608
f 6607 6608 6609
f 6609 6608 6610
f 6609 6610 6611
f 6611 6610 6612
f 6611 6612 6613
f 6613 6612 6614
f 6613 6614 6615
f 6615 6614 6616
f 6615 6616 6617
f 6617 6616 6618
f 6617 6618 6619
f 6619 6618 6620
f 6619 6620 6621
f 6621 6620 6622
f 6621 6622 6623
f 6623 6622 6624
f 6623 6624 6625
f 6625 6624 6626
f 6625 6626 6627
f 6627 6626 6628
f 6627 6628 6629
f 6629 6628 6630
f 6629 6630 6631
f 6631 6630 6632
f 6631 6632 6633
f 6633 6632 6371
f 6633 6371 6369
f 6634 6635 6636
f 6636 6635 6637
f 6637 6635 6638
f 6637 6638 6639
f 6639 6638 6640
f 6639 6640 6641
f 6641 6640 6642
f 6641 6642 6643
f 6643 6642 6644
f 6643 6644 6645
f 6645 6644 6646
f 6645 6646 6647
f 6647 6646 6648
f 6647 6648 6649
f 6649 6648 6650
f 6649 6650 6651
f 6651 6650 6652
f 6651 6652 6653
f 6653 6652 6654
f 6654 6652 6655
f 6654 6655 6656
f 6656 6655 6657
f 6656 6657 6658
f 6658 6657 6659
f 6658 6659 6660
f 6660 6659 6661
f 6660 6661 6662
f 6662 6661 6663
f 6662 6663 6664
f 6664 6663 6665
f 6664 6665 6666
f 6666 6665 6667
f 6666 6667 6668
f 6668 6667 6669
f 6668 6669 6670
f 6670 6669 6671
f 6671 6669 6672
f 6671 6672 6673
f 6673 6672 6674
f 6673 6674 6675
f 6675 6674 6676
f 6675 6676 6677
f 6677 6676 6678
f 6677 6678 6679
f 6679 6678 6680
f 6679 6680 6681
f 6681 6680 6682
f 6681 6682 6683
f 6683 6682 6684
f 6683 6684 6685
f 6685 6684 6686
f 6685 6686 6687
f 6687 6686 6688
f 6688 6686 6689
f 6688 6689 6690
f 6690 6689 6691
f 6690 6691 6692
f 6692 6691 6693
f 6692 6693 6694
f 6694 6693 6695
f 6694 6695 6696
f 6696 6695 6697
f 6696 6697 6698
f 6698 6697 6699
f 6698 6699 6700
f 6700 6699 6701
f 6700 6701 6702
f 6702 6701 6703
f 6702 6703 6704
f 6704 6703 6705
f 6704 6705 6706
f 6706 6705 6707
f 6707 6705 6708
f 6707 6708 6709
f 6709 6708 6710
f 6709 6710 6711
f 6711 6710 6712
f 6711 6712 6713
f 6713 6712 6714
f 6713 6714 6715
f 6715 6714 6716
f 6715 6716 6717
f 6717 6716 6718
f 6717 6718 6719
f 6719 6718 6720
f 6719 6720 6721
f 6721 6720 6722
f 6721 6722 6723
f 6723 6722 6724
f 6724 6722 6725
f 6724 6725 6726
f 6726 6725 6727
f 6726 6727 6728
f 6728 6727 6729
f 6728 6729 6730
f 6730 6729 6731
f 6730 6731 6732
f 6732 6731 6733
f 6732 6733 6734
f 6734 6733 6735
f 6734 6735 6736
f 6736 6735 6737
f 6736 6737 6738
f 6738 6737 6739
f 6738 6739 6740
f 6740 6739 6741
f 6741 6739 6742
f 6741 6742 6743
f 6743 6742 6744
f 6743 6744 6745
f 6745 6744 6746
f 6745 6746 6747
f 6747 6746 6748
f 6747 6748 6749
f 6749 6748 6750
f 6749 6750 6751
f 6751 6750 6752
f 6751 6752 6753
f 6753 6752 6754
f 6753 6754 6755
f 6755 6754 6756
f 6755 6756 6757
f 6757 6756 6758
f 6755 6759 6753
f 6751 6760 6749
f 6749 6761 6747
f 6747 6762 6745
f 6745 6763 6743
f 6741 6764 6740
f 6740 6764 6738
f 6736 6765 6734
f 6734 6766 6732
f 6732 6767 6730
f 6730 6768 6728
f 6769 6721 6723
f 6721 6769 6719
f 6717 6770 6715
f 6715 6771 6713
f 6713 6772 6711
f 6711 6773 6709
f 6700 6774 6698
f 6698 6775 6696
f 6696 6776 6694
f 6694 6777 6692
f 6692 6778 6690
f 6690 6779 6688
f 6688 6779 6687
f 6683 6780 6681
f 6681 6781 6679
f 6679 6782 6677
f 6677 6783 6675
f 6673 6784 6671
f 6671 6784 6670
f 6662 6785 6660
f 6660 6786 6658
f 6658 6787 6656
f 6656 6788 6654
f 6653 6654 6789
f 6653 6789 6651
f 6649 6790 6647
f 6647 6791 6645
f 6645 6792 6643
f 6643 6793 6641
f 6639 6794 6637
f 6795 6796 6797
f 6797 6796 6798
f 6797 6798 6799
f 6799 6798 6800
f 6799 6800 6801
f 6801 6800 6802
f 6801 6802 6803
f 6803 6802 6804
f 6803 6804 6805
f 6805 6804 6806
f 6805 6806 6807
f 6807 6806 6808
f 6807 6808 6809
f 6809 6808 6810
f 6809 6810 6811
f 6811 6810 6812
f 6811 6812 6813
f 6813 6812 6814
f 6813 6814 6815
f 6815 6814 6816
f 6815 6816 6817
f 6817 6816 6818
f 6817 6818 6819
f 6819 6818 6820
f 6819 6820 6821
f 6821 6820 6822
f 6821 6822 6823
f 6823 6822 6824
f 6823 6824 6825
f 6825 6824 6826
f 6825 6826 6827
f 6827 6826 6828
f 6827 6828 6829
f 6829 6828 6830
f 6829 6830 6831
f 6831 6830 6832
f 6831 6832 6833
f 6833 6832 6834
f 6833 6834 6835
f 6835 6834 6836
f 6835 6836 6837
f 6837 6836 6838
f 6837 6838 6839
f 6839 6838 6840
f 6839 6840 6841
f 6841 6840 6842
f 6841 6842 6843
f 6843 6842 6844
f 6843 6844 6845
f 6845 6844 6846
f 6845 6846 6847
f 6847 6846 6848
f 6847 6848 6849
f 6849 6848 6850
f 6849 6850 6851
f 6851 6850 6852
f 6851 6852 6853
f 6853 6852 6854
f 6853 6854 6855
f 6855 6854 6856
f 6855 6856 6857
f 6857 6856 6858
f 6857 6858 6859
f 6859 6858 6860
f 6859 6860 6861
f 6861 6860 6862
f 6861 6862 6863
f 6863 6862 6864
f 6863 6864 6865
f 6865 6864 6866
f 6865 6866 6867
f 6867 6866 6868
f 6867 6868 6869
f 6869 6868 6870
f 6869 6870 6871
f 6871 6870 6872
f 6871 6872 6873
f 6873 6872 6874
f 6873 6874 6875
f 6875 6874 6876
f 6875 6876 6877
f 6877 6876 6878
f 6877 6878 6879
f 6879 6878 6880
f 6879 6880 6881
f 6881 6880 6882
f 6881 6882 6883
f 6883 6882 6884
f 6883 6884 6885
f 6885 6884 6886
f 6885 6886 6887
f 6887 6886 6888
f 6887 6888 6889
f 6889 6888 6890
f 6889 6890 6891
f 6891 6890 6892
f 6891 6892 6893
f 6893 6892 6894
f 6893 6894 6895
f 6895 6894 6896
f 6895 6896 6897
f 6897 6896 6898
f 6897 6898 6899
f 6899 6898 6900
f 6899 6900 6901
f 6901 6900 6902
f 6901 6902 6903
f 6903 6902 6904
f 6903 6904 6905
f 6905 6904 6906
f 6905 6906 6907
f 6907 6906 6908
f 6907 6908 6909
f 6909 6908 6910
f 6909 6910 6911
f 6911 6910 6912
f 6911 6912 6913
f 6913 6912 6914
f 6913 6914 6915
f 6915 6914 6916
f 6915 6916 6917
f 6917 6916 6918
f 6917 6918 6919
f 6919 6918 6920
f 6919 6920 6921
f 6921 6920 6922
f 6921 6922 6923
f 6923 6922 6924
f 6923 6924 6925
f 6925 6924 6926
f 6925 6926 6927
f 6927 6926 6928
f 6929 6930 6931
f 6931 6930 6932
f 6933 6934 6935
f 6935 6934 6936
f 6937 6933 6938
f 6938 6933 6935
f 6939 6940 6941
f 6941 6940 6942
f 6943 6944 6945
f 6945 6944 6946
f 6947 6948 6949
f 6949 6948 6950
f 6951 6947 6952
f 6952 6947 6949
f 6953 6954 6955
f 6955 6954 6956
f 6957 6953 6958
f 6958 6953 6955
f 6959 6960 6961
f 6961 6960 6962
f 6963 6964 6965
f 6965 6964 6966
f 6967 6968 6969
f 6969 6968 6970
f 6971 6972 6973
f 6973 6972 6974
f 6975 6976 6977
f 6977 6976 6978
f 6979 6980 6981
f 6981 6980 6982
f 6983 6984 6985
f 6985 6984 6986
f 6987 6988 6989
f 6989 6988 6990
f 6991 6992 6993
f 6993 6992 6994
f 6995 6996 6997
f 6997 6996 6998
f 6999 6995 7000
f 7000 6995 6997
f 7001 7002 7003
f 7003 7002 7004
f 7005 7001 7006
f 7006 7001 7003
f 7007 6996 7008
f 7008 6996 6998
f 7009 7010 7011
f 7011 7010 7012
f 7013 7014 7015
f 7015 7014 7016
f 7017 6984 7018
f 7018 6984 6986
f 7019 7020 7021
f 7021 7020 7022
f 7023 7019 7024
f 7024 7019 7021
f 7025 6980 7026
f 7026 6980 6982
f 7027 7028 7029
f 7029 7028 7030
f 6968 7031 6970
f 6970 7031 7032
f 7033 7034 7035
f 7035 7034 7036
f 7037 7038 7039
f 7039 7038 7040
f 7041 7042 7043
f 7043 7042 7044
f 7045 7046 7047
f 7047 7046 7048
f 7049 7050 7051
f 7051 7050 7052
f 7053 7054 7055
f 7055 7054 7056
f 7057 7053 7058
f 7058 7053 7055
f 7059 7060 7061
f 7061 7060 7062
f 7063 6934 7064
f 7064 6934 6936
f 7065 6939 7066
f 7066 6939 6941
f 7067 6947 7068
f 7068 6947 6949
f 7069 7070 7071
f 7071 7070 7072
f 7073 7069 7074
f 7074 7069 7071
f 7075 7076 7077
f 7077 7076 7078
f 7079 7080 7081
f 7081 7080 7082
f 6975 6976 6977
f 6977 6976 6978
f 7083 7084 7085
f 7085 7084 7086
f 7087 7083 7088
f 7088 7083 7085
f 7089 7090 7091
f 7091 7090 7092
f 7005 7002 7006
f 7006 7002 7004
f 7093 7010 7094
f 7094 7010 7012
f 7095 7096 7097
f 7097 7096 7098
f 7099 7095 7100
f 7100 7095 7097
f 7101 7014 7102
f 7102 7014 7016
f 7103 7104 7105
f 7105 7104 7106
f 7107 7108 7109
f 7109 7108 7110
f 7027 7111 7029
f 7029 7111 7112
f 7113 7114 7115
f 7115 7114 7116
f 7117 7075 7118
f 7118 7075 7077
f 7119 7120 7121
f 7121 7120 7122
f 7123 7067 7124
f 7124 7067 7068
f 7125 7123 7126
f 7126 7123 7124
f 7127 7128 7129
f 7129 7128 7130
f 7131 7127 7132
f 7132 7127 7129
f 7065 7133 7066
f 7066 7133 7134
f 7135 7136 7137
f 7137 7136 7138
f 7139 7135 7140
f 7140 7135 7137
f 7141 7045 7142
f 7142 7045 7047
f 7143 7041 7144
f 7144 7041 7043
f 7145 7037 7146
f 7146 7037 7039
f 7147 7148 7149
f 7149 7148 7150
f 7028 7151 7030
f 7030 7151 7152
f 7019 7023 7021
f 7021 7023 7024
f 7001 7153 7003
f 7003 7153 7154
f 7155 7156 7157
f 7157 7156 7158
f 7159 7099 7160
f 7160 7099 7100
f 7161 7103 7162
f 7162 7103 7105
f 7114 7113 7116
f 7116 7113 7115
f 7163 7117 7164
f 7164 7117 7118
f 7165 7131 7166
f 7166 7131 7132
f 6933 6937 6935
f 6935 6937 6938
f 6944 6943 6946
f 6946 6943 6945
f 7167 7168 7169
f 7169 7168 7170
f 7147 7148 7149
f 7149 7148 7150
f 6991 7171 6993
f 6993 7171 7172
f 6995 6999 6997
f 6997 6999 7000
f 7173 7174 7175
f 7175 7174 7176
f 7083 7087 7085
f 7085 7087 7088
f 6976 7177 6978
f 6978 7177 7178
f 7179 7180 7181
f 7181 7180 7182
f 7069 7183 7071
f 7071 7183 7184
f 6929 7185 6931
f 6931 7185 7186
f 6934 6937 6936
f 6936 6937 6938
f 6940 7187 6942
f 6942 7187 7188
f 7189 7049 7190
f 7190 7049 7051
f 6944 7189 6946
f 6946 7189 7190
f 7045 7141 7047
f 7047 7141 7142
f 7041 7143 7043
f 7043 7143 7144
f 6954 6957 6956
f 6956 6957 6958
f 6960 6959 6962
f 6962 6959 6961
f 7191 7145 7192
f 7192 7145 7146
f 7034 7033 7036
f 7036 7033 7035
f 6964 7034 6966
f 6966 7034 7036
f 6968 6967 6970
f 6970 6967 6969
f 7193 7194 7195
f 7195 7194 7196
f 7148 7147 7150
f 7150 7147 7149
f 7151 7028 7152
f 7152 7028 7030
f 7197 7198 7199
f 7199 7198 7200
f 6976 7197 6978
f 6978 7197 7199
f 6980 7025 6982
f 6982 7025 7026
f 7201 7019 7202
f 7202 7019 7021
f 7203 7084 7204
f 7204 7084 7086
f 7084 7203 7086
f 7086 7203 7204
f 6984 6983 6986
f 6986 6983 6985
f 7205 7013 7206
f 7206 7013 7015
f 7207 7205 7208
f 7208 7205 7206
f 6988 6987 6990
f 6990 6987 6989
f 7209 7009 7210
f 7210 7009 7011
f 7009 7209 7011
f 7011 7209 7210
f 7211 7212 7213
f 7213 7212 7214
f 7215 7211 7216
f 7216 7211 7213
f 6996 7007 6998
f 6998 7007 7008
f 7153 7001 7154
f 7154 7001 7003
f 7217 7090 7218
f 7218 7090 7092
f 7002 7005 7004
f 7004 7005 7006
f 6996 7007 6998
f 6998 7007 7008
f 7219 7155 7220
f 7220 7155 7157
f 7221 7219 7222
f 7222 7219 7220
f 7010 7093 7012
f 7012 7093 7094
f 7223 6992 7224
f 7224 6992 6994
f 6992 7223 6994
f 6994 7223 7224
f 7014 7013 7016
f 7016 7013 7015
f 6984 7017 6986
f 6986 7017 7018
f 7103 7161 7105
f 7105 7161 7162
f 7225 7025 7226
f 7226 7025 7026
f 6980 7225 6982
f 6982 7225 7226
f 7227 7107 7228
f 7228 7107 7109
f 7028 7027 7030
f 7030 7027 7029
f 6972 7229 6974
f 6974 7229 7230
f 7231 7114 7232
f 7232 7114 7116
f 7233 7231 7234
f 7234 7231 7232
f 7235 7163 7236
f 7236 7163 7164
f 7034 7237 7036
f 7036 7237 7238
f 7038 7037 7040
f 7040 7037 7039
f 7239 7183 7240
f 7240 7183 7184
f 6954 7119 6956
f 6956 7119 7121
f 7042 7041 7044
f 7044 7041 7043
f 7050 7049 7052
f 7052 7049 7051
f 7054 7241 7056
f 7056 7241 7242
f 7135 7139 7137
f 7137 7139 7140
f 7060 7135 7062
f 7062 7135 7137
f 6934 7063 6936
f 6936 7063 7064
f 7243 6933 7244
f 7244 6933 6935
f 7245 7246 7247
f 7247 7246 7248
f 7128 7245 7130
f 7130 7245 7247
f 6947 6951 6949
f 6949 6951 6952
f 7143 7249 7144
f 7144 7249 7250
f 7249 7143 7250
f 7250 7143 7144
f 7251 6959 7252
f 7252 6959 6961
f 7253 7191 7254
f 7254 7191 7192
f 7255 7253 7256
f 7256 7253 7254
f 7257 7258 7259
f 7259 7258 7260
f 7168 7167 7170
f 7170 7167 7169
f 7080 7079 7082
f 7082 7079 7081
f 7179 7147 7181
f 7181 7147 7149
f 7180 7179 7182
f 7182 7179 7181
f 7108 7261 7110
f 7110 7261 7262
f 6976 6975 6978
f 6978 6975 6977
f 7263 7264 7265
f 7265 7264 7266
f 7104 7263 7106
f 7106 7263 7265
f 7267 6983 7268
f 7268 6983 6985
f 6983 7267 6985
f 6985 7267 7268
f 7096 7269 7098
f 7098 7269 7270
f 7173 6987 7175
f 7175 6987 6989
f 7171 6991 7172
f 7172 6991 6993
f 7271 7272 7273
f 7273 7272 7274
f 7272 7271 7274
f 7274 7271 7273
f 7275 6995 7276
f 7276 6995 6997
f 7277 7275 7278
f 7278 7275 7276
f 7090 7089 7092
f 7092 7089 7091
f 7279 7280 7281
f 7281 7280 7282
f 7002 7279 7004
f 7004 7279 7281
f 7283 7284 7285
f 7285 7284 7286
f 7155 7272 7157
f 7157 7272 7274
f 7010 7093 7012
f 7012 7093 7094
f 7287 7173 7288
f 7288 7173 7175
f 7174 7287 7176
f 7176 7287 7288
f 7096 7099 7098
f 7098 7099 7100
f 7014 7289 7016
f 7016 7289 7290
f 7291 7083 7292
f 7292 7083 7085
f 7020 7293 7022
f 7022 7293 7294
f 7177 6976 7178
f 7178 6976 6978
f 7111 7295 7112
f 7112 7295 7296
f 7297 7179 7298
f 7298 7179 7181
f 7299 7297 7300
f 7300 7297 7298
f 7080 7079 7082
f 7082 7079 7081
f 7114 7080 7116
f 7116 7080 7082
f 7301 7257 7302
f 7302 7257 7259
f 7303 7301 7304
f 7304 7301 7302
f 7075 7117 7077
f 7077 7117 7118
f 7305 7251 7306
f 7306 7251 7252
f 7307 7305 7308
f 7308 7305 7306
f 7183 7069 7184
f 7184 7069 7071
f 7120 7119 7122
f 7122 7119 7121
f 7046 7309 7048
f 7048 7309 7310
f 7133 7065 7134
f 7134 7065 7066
f 7054 7241 7056
f 7056 7241 7242
f 7241 7054 7242
f 7242 7054 7056
f 7136 7311 7138
f 7138 7311 7312
f 7185 6929 7186
f 7186 6929 6931
f 6635 6634 7313
f 7313 6634 6636
f 7314 7315 7316
f 7316 7315 7317
f 6758 6756 6757
f 6757 6756 7318
f 7315 7314 7319
f 7319 7314 7320
f 7319 7320 7321
f 7321 7320 7322
f 7321 7322 7323
f 7323 7322 7324
f 7323 7324 7325
f 7325 7324 7326
f 7325 7326 7327
f 7327 7326 7328
f 7327 7328 7329
f 7329 7328 7330
f 7329 7330 7331
f 7331 7330 7332
f 7331 7332 7333
f 7333 7332 7334
f 7333 7334 7335
f 7335 7334 7336
f 7335 7336 7337
f 7337 7336 7338
f 7337 7338 7339
f 7339 7338 7340
f 7339 7340 7341
f 7341 7340 7342
f 7341 7342 7343
f 7343 7342 7344
f 7343 7344 7345
f 7345 7344 7346
f 7345 7346 7347
f 7347 7346 7348
f 7347 7348 7349
f 7349 7348 7350
f 7349 7350 7351
f 7351 7350 7352
f 7351 7352 7353
f 7353 7352 7354
f 7353 7354 7355
f 7355 7354 7356
f 7355 7356 7357
f 7357 7356 7358
f 7357 7358 7359
f 7359 7358 7360
f 7359 7360 7361
f 7361 7360 7362
f 7361 7362 7363
f 7363 7362 7364
f 7363 7364 7365
f 7365 7364 7366
f 7365 7366 7367
f 7367 7366 7368
f 7367 7368 7369
f 7369 7368 7370
f 7369 7370 7371
f 7371 7370 7372
f 7371 7372 7373
f 7373 7372 7374
f 7373 7374 7375
f 7375 7374 7376
f 7375 7376 7377
f 7377 7376 7378
f 7377 7378 7379
f 7379 7378 7380
f 7379 7380 7381
f 7381 7380 7382
f 7381 7382 7383
f 7383 7382 7384
f 7383 7384 7385
f 7385 7384 7386
f 7385 7386 7387
f 7387 7386 7388
f 7387 7388 7389
f 7389 7388 7390
f 7389 7390 7391
f 7391 7390 7392
f 7391 7392 7393
f 7393 7392 7394
f 7393 7394 7395
f 7395 7394 7396
f 7395 7396 7397
f 7397 7396 7398
f 7397 7398 7399
f 7399 7398 7400
f 7399 7400 7401
f 7401 7400 7402
f 7401 7402 7403
f 7403 7402 7404
f 7403 7404 7405
f 7405 7404 7406
f 7405 7406 7407
f 7407 7406 7408
f 7407 7408 7409
f 7409 7408 7410
f 7409 7410 7411
f 7411 7410 7412
f 7411 7412 7413
f 7413 7412 7414
f 7413 7414 7415
f 7415 7414 7416
f 7415 7416 7417
f 7417 7416 7418
f 7417 7418 7419
f 7419 7418 7420
f 7419 7420 7421
f 7421 7420 7422
f 7421 7422 7423
f 7423 7422 7424
f 7423 7424 7425
f 7425 7424 7426
f 7425 7426 7427
f 7427 7426 7428
f 7427 7428 7429
f 7429 7428 7430
f 7429 7430 7431
f 7431 7430 7432
f 7431 7432 7433
f 7433 7432 7434
f 6636 6637 7313
f 7313 6637 7435
f 7435 6637 6794
f 7435 6794 6639
f 7435 6639 6640
f 6640 6639 6641
f 6640 6641 6642
f 6642 6641 6793
f 6642 6793 6643
f 6642 6643 6644
f 6644 6643 6792
f 6644 6792 6645
f 6644 6645 6646
f 6646 6645 6791
f 6646 6791 6647
f 6646 6647 6648
f 6648 6647 6790
f 6648 6790 6649
f 6648 6649 6650
f 6650 6649 6651
f 6650 6651 6652
f 6652 6651 6789
f 6652 6789 6654
f 6652 6654 7436
f 7436 6654 6788
f 7436 6788 6656
f 7436 6656 6657
f 6657 6656 6787
f 6657 6787 6658
f 6657 6658 6659
f 6659 6658 6786
f 6659 6786 6660
f 6659 6660 6661
f 6661 6660 6785
f 6661 6785 6662
f 6661 6662 6663
f 6663 6662 6664
f 6663 6664 6665
f 6665 6664 6666
f 6665 6666 6667
f 6667 6666 6668
f 6667 6668 6669
f 6669 6668 6670
f 6669 6670 7437
f 7437 6670 6784
f 7437 6784 6673
f 7437 6673 6674
f 6674 6673 6675
f 6674 6675 6676
f 6676 6675 6783
f 6676 6783 6677
f 6676 6677 6678
f 6678 6677 6782
f 6678 6782 6679
f 6678 6679 6680
f 6680 6679 6781
f 6680 6781 6681
f 6680 6681 6682
f 6682 6681 6780
f 6682 6780 6683
f 6682 6683 6684
f 6684 6683 6685
f 6684 6685 6686
f 6686 6685 6687
f 6686 6687 6689
f 6689 6687 6779
f 6689 6779 6690
f 6689 6690 6691
f 6691 6690 6778
f 6691 6778 6692
f 6691 6692 6693
f 6693 6692 6777
f 6693 6777 6694
f 6693 6694 6695
f 6695 6694 6776
f 6695 6776 6696
f 6695 6696 6697
f 6697 6696 6775
f 6697 6775 6698
f 6697 6698 6699
f 6699 6698 6774
f 6699 6774 6700
f 6699 6700 6701
f 6701 6700 6702
f 6701 6702 6703
f 6703 6702 6704
f 6703 6704 6705
f 6705 6704 6706
f 6705 6706 6707
f 6705 6707 6708
f 6708 6707 6709
f 6708 6709 6710
f 6710 6709 6773
f 6710 6773 6711
f 6710 6711 6712
f 6712 6711 6772
f 6712 6772 6713
f 6712 6713 6714
f 6714 6713 6771
f 6714 6771 6715
f 6714 6715 6716
f 6716 6715 6770
f 6716 6770 6717
f 6716 6717 6718
f 6718 6717 6719
f 6718 6719 7438
f 7438 6719 6769
f 7438 6769 6722
f 6722 6769 6723
f 6722 6723 6724
f 6722 6724 6725
f 6725 6724 6726
f 6725 6726 6727
f 6727 6726 6728
f 6727 6728 6729
f 6729 6728 6768
f 6729 6768 6730
f 6729 6730 7439
f 7439 6730 6767
f 7439 6767 6732
f 7439 6732 6733
f 6733 6732 6766
f 6733 6766 6734
f 6733 6734 6735
f 6735 6734 6765
f 6735 6765 6736
f 6735 6736 6737
f 6737 6736 6738
f 6737 6738 6739
f 6739 6738 6764
f 6739 6764 6741
f 6739 6741 6742
f 6742 6741 6743
f 6742 6743 6744
f 6744 6743 6763
f 6744 6763 6745
f 6744 6745 6746
f 6746 6745 6762
f 6746 6762 6747
f 6746 6747 6748
f 6748 6747 6761
f 6748 6761 6749
f 6748 6749 6750
f 6750 6749 6760
f 6750 6760 6751
f 6750 6751 6752
f 6752 6751 6753
f 6752 6753 7440
f 7440 6753 6759
f 7440 6759 6755
f 6757 7318 6755
f 6755 7318 7440
f 7441 7442 7443
f 7443 7442 7444
f 7443 7444 7445
f 7445 7444 7446
f 7445 7446 7447
f 7447 7446 7448
f 7447 7448 7449
f 7449 7448 7450
f 7449 7450 7451
f 7451 7450 7452
f 7451 7452 7453
f 7453 7452 7454
f 7453 7454 7455
f 7455 7454 7456
f 7455 7456 7457
f 7457 7456 7458
f 7457 7458 7459
f 7459 7458 7460
f 7459 7460 7461
f 7461 7460 7462
f 7461 7462 7463
f 7463 7462 7464
f 7463 7464 7465
f 7465 7464 7466
f 7465 7466 7467
f 7467 7466 7468
f 7467 7468 7469
f 7469 7468 7470
f 7469 7470 7471
f 7471 7470 7472
f 7471 7472 7473
f 7473 7472 7474
f 7473 7474 7475
f 7475 7474 7476
f 7442 7441 7477
f 7477 7441 7478
f 7477 7478 7479
f 7479 7478 7480
f 7479 7480 7481
f 7481 7480 7482
f 7481 7482 7483
f 7483 7482 7484
f 7483 7484 7485
f 7485 7484 7486
f 7485 7486 7487
f 7487 7486 7488
f 7487 7488 7489
f 7489 7488 7490
f 7489 7490 7491
f 7491 7490 7492
f 7491 7492 7493
f 7493 7492 7494
f 7493 7494 7495
f 7495 7494 7496
f 7495 7496 7497
f 7497 7496 7498
f 7497 7498 7499
f 7499 7498 7500
f 7499 7500 7501
f 7501 7500 7502
f 7501 7502 7503
f 7503 7502 7504
f 7503 7504 7505
f 7505 7504 7506
f 7505 7506 7507
f 7507 7506 7508
f 7507 7508 7509
f 7509 7508 7510
f 7509 7510 7511
f 7511 7510 7512
f 7511 7512 7513
f 7445 7514 7443
f 7443 7514 7515
f 7443 7515 7441
f 7441 7515 7516
f 7441 7516 7478
f 7478 7516 7517
f 7478 7517 7480
f 7480 7517 7518
f 7480 7518 7482
f 7482 7518 7519
f 7482 7519 7484
f 7484 7519 7520
f 7484 7520 7486
f 7486 7520 7521
f 7486 7521 7488
f 7488 7521 7522
f 7488 7522 7490
f 7490 7522 7523
f 7490 7523 7492
f 7492 7523 7524
f 7492 7524 7494
f 7494 7524 7525
f 7494 7525 7496
f 7496 7525 7526
f 7496 7526 7498
f 7498 7526 7527
f 7498 7527 7500
f 7500 7527 7528
f 7500 7528 7502
f 7502 7528 7529
f 7502 7529 7504
f 7504 7529 7530
f 7504 7530 7506
f 7506 7530 7531
f 7506 7531 7508
f 7508 7531 7532
f 7508 7532 7510
f 7510 7532 7533
f 7510 7533 7512
f 7512 7533 7534
f 7512 7534 7513
f 7513 7534 7535
f 7513 7535 7511
f 7511 7535 7536
f 7511 7536 7509
f 7509 7536 7537
f 7509 7537 7507
f 7507 7537 7538
f 7507 7538 7505
f 7505 7538 7539
f 7505 7539 7503
f 7503 7539 7540
f 7503 7540 7501
f 7501 7540 7541
f 7501 7541 7499
f 7499 7541 7542
f 7499 7542 7497
f 7497 7542 7543
f 7497 7543 7495
f 7495 7543 7544
f 7495 7544 7493
f 7493 7544 7545
f 7493 7545 7491
f 7491 7545 7546
f 7491 7546 7489
f 7489 7546 7547
f 7489 7547 7487
f 7487 7547 7548
f 7487 7548 7485
f 7485 7548 7549
f 7485 7549 7483
f 7483 7549 7550
f 7483 7550 7481
f 7481 7550 7551
f 7481 7551 7479
f 7479 7551 7552
f 7479 7552 7477
f 7477 7552 7553
f 7477 7553 7442
f 7442 7553 7554
f 7442 7554 7444
f 7444 7554 7555
f 7444 7555 7446
f 7446 7555 7556
f 7446 7556 7448
f 7448 7556 7557
f 7448 7557 7450
f 7450 7557 7558
f 7450 7558 7452
f 7452 7558 7559
f 7452 7559 7454
f 7454 7559 7560
f 7454 7560 7456
f 7456 7560 7561
f 7456 7561 7458
f 7458 7561 7562
f 7458 7562 7460
f 7460 7562 7563
f 7460 7563 7462
f 7462 7563 7564
f 7462 7564 7464
f 7464 7564 7565
f 7464 7565 7466
f 7466 7565 7566
f 7466 7566 7468
f 7468 7566 7567
f 7468 7567 7470
f 7470 7567 7568
f 7470 7568 7472
f 7472 7568 7569
f 7472 7569 7474
f 7474 7569 7570
f 7474 7570 7476
f 7476 7570 7571
f 7476 7571 7475
f 7475 7571 7572
f 7475 7572 7473
f 7473 7572 7573
f 7473 7573 7471
f 7471 7573 7574
f 7471 7574 7469
f 7469 7574 7575
f 7469 7575 7467
f 7467 7575 7576
f 7467 7576 7465
f 7465 7576 7577
f 7465 7577 7463
f 7463 7577 7578
f 7463 7578 7461
f 7461 7578 7579
f 7461 7579 7459
f 7459 7579 7580
f 7459 7580 7457
f 7457 7580 7581
f 7457 7581 7455
f 7455 7581 7582
f 7455 7582 7453
f 7453 7582 7583
f 7453 7583 7451
f 7451 7583 7584
f 7451 7584 7449
f 7449 7584 7585
f 7449 7585 7447
f 7447 7585 7586
f 7447 7586 7445
f 7445 7586 7514
f 7586 7587 7514
f 7514 7587 7515
f 7520 7588 7521
f 7521 7588 7522
f 7523 7589 7524
f 7524 7589 7525
f 7531 7590 7532
f 7532 7590 7533
f 7535 7591 7536
f 7536 7591 7537
f 7544 7592 7545
f 7545 7592 7593
f 7545 7593 7546
f 7546 7593 7547
f 7550 7594 7551
f 7551 7594 7595
f 7551 7595 7552
f 7552 7595 7596
f 7552 7596 7553
f 7553 7596 7554
f 7597 7598 7599
f 7599 7598 7600
f 7599 7600 6795
f 7598 7597 7601
f 7601 7597 7602
f 7601 7602 7603
f 7603 7602 7604
f 7603 7604 7605
f 7605 7604 7606
f 7605 7606 7607
f 7607 7606 7608
f 7607 7608 7609
f 7609 7608 7610
f 7609 7610 7611
f 7611 7610 7612
f 7611 7612 7613
f 7613 7612 7614
f 7613 7614 7615
f 7615 7614 7616
f 7615 7616 7617
f 7617 7616 7618
f 7617 7618 7619
f 7619 7618 7620
f 7619 7620 7621
f 7621 7620 7622
f 7621 7622 7623
f 7623 7622 7624
f 7623 7624 7625
f 7625 7624 7626
f 7625 7626 7627
f 7627 7626 7628
f 7628 7626 7629
f 7628 7629 7630
f 7630 7629 7631
f 7630 7631 7632
f 7632 7631 7633
f 7632 7633 7634
f 7634 7633 7635
f 7634 7635 7636
f 7636 7635 7637
f 7636 7637 7638
f 7638 7637 7639
f 7638 7639 7640
f 7640 7639 7641
f 7640 7641 7642
f 7642 7641 7643
f 7642 7643 7644
f 7644 7643 7645
f 7644 7645 7646
f 7646 7645 7647
f 7646 7647 7648
f 7648 7647 7649
f 7648 7649 7650
f 7650 7649 7651
f 7650 7651 7652
f 7652 7651 7653
f 7652 7653 7654
f 7654 7653 7655
f 7654 7655 7656
f 7656 7655 7657
f 7656 7657 7658
f 7658 7657 7659
f 7658 7659 7660
f 7660 7659 7661
f 7660 7661 7662
f 7662 7661 7663
f 7663 7661 7664
f 7663 7664 7665
f 7665 7664 7666
f 7665 7666 7667
f 7667 7666 7668
f 7667 7668 7669
f 7669 7668 7670
f 7669 7670 7671
f 7671 7670 7672
f 7671 7672 7673
f 7673 7672 7674
f 7673 7674 7675
f 7675 7674 7676
f 7675 7676 7677
f 7677 7676 7678
f 7677 7678 7679
f 7679 7678 7680
f 7679 7680 7681
f 7681 7680 7682
f 7681 7682 7683
f 7683 7682 7684
f 7683 7684 7685
f 7685 7684 7686
f 7685 7686 7687
f 7687 7686 7688
f 7687 7688 7689
f 7689 7688 7690
f 7689 7690 7691
f 7691 7690 7692
f 7691 7692 7693
f 7693 7692 7694
f 7693 7694 7695
f 7695 7694 7696
f 7695 7696 7697
f 7697 7696 7698
f 7698 7696 7699
f 7698 7699 7700
f 7700 7699 7701
f 7700 7701 7702
f 7702 7701 7703
f 7702 7703 7704
f 7704 7703 7705
f 7704 7705 7706
f 7706 7705 7707
f 7706 7707 7708
f 7708 7707 7709
f 7708 7709 7710
f 7710 7709 7711
f 7710 7711 7712
f 7712 7711 7713
f 7712 7713 7714
f 7714 7713 7715
f 7714 7715 7716
f 7716 7715 7717
f 7716 7717 7718
f 7718 7717 7719
f 7718 7719 7720
f 7720 7719 7721
f 7720 7721 7722
f 7722 7721 7723
f 7722 7723 7724
f 7724 7723 7725
f 7724 7725 7726
f 7726 7725 6927
f 7726 6927 7727
f 7725 7728 6927
f 6927 7728 6925
f 6925 7728 7729
f 6925 7729 6923
f 6923 7729 7730
f 6923 7730 6921
f 6921 7730 7731
f 6921 7731 6919
f 6919 7731 7732
f 6919 7732 6917
f 6917 7732 7733
f 6917 7733 6915
f 6915 7733 7734
f 6915 7734 6913
f 6913 7734 7735
f 6913 7735 6911
f 6911 7735 7736
f 6911 7736 6909
f 6909 7736 7737
f 6909 7737 6907
f 6907 7737 7738
f 6907 7738 6905
f 6905 7738 7739
f 6905 7739 6903
f 6903 7739 7740
f 6903 7740 6901
f 6901 7740 7741
f 6901 7741 6899
f 6899 7741 7742
f 6899 7742 6897
f 6897 7742 6895
f 6895 7742 7743
f 6895 7743 6893
f 6893 7743 7744
f 6893 7744 6891
f 6891 7744 7745
f 6891 7745 6889
f 6889 7745 7746
f 6889 7746 6887
f 6887 7746 7747
f 6887 7747 6885
f 6885 7747 7748
f 6885 7748 6883
f 6883 7748 7749
f 6883 7749 6881
f 6881 7749 7750
f 6881 7750 6879
f 6879 7750 7751
f 6879 7751 6877
f 6877 7751 7752
f 6877 7752 6875
f 6875 7752 7753
f 6875 7753 6873
f 6873 7753 7754
f 6873 7754 6871
f 6871 7754 7755
f 6871 7755 6869
f 6869 7755 7756
f 6869 7756 6867
f 6867 7756 7757
f 6867 7757 6865
f 6865 7757 7758
f 6865 7758 6863
f 6863 7758 7759
f 6863 7759 6861
f 6861 7759 6859
f 6859 7759 7760
f 6859 7760 6857
f 6857 7760 7761
f 6857 7761 6855
f 6855 7761 7762
f 6855 7762 6853
f 6853 7762 7763
f 6853 7763 6851
f 6851 7763 7764
f 6851 7764 6849
f 6849 7764 7765
f 6849 7765 6847
f 6847 7765 7766
f 6847 7766 6845
f 6845 7766 7767
f 6845 7767 6843
f 6843 7767 7768
f 6843 7768 6841
f 6841 7768 7769
f 6841 7769 6839
f 6839 7769 7770
f 6839 7770 6837
f 6837 7770 7771
f 6837 7771 6835
f 6835 7771 7772
f 6835 7772 6833
f 6833 7772 7773
f 6833 7773 6831
f 6831 7773 7774
f 6831 7774 6829
f 6829 7774 7775
f 6829 7775 6827
f 6827 7775 7776
f 6827 7776 6825
f 6825 7776 6823
f 6823 7776 7777
f 6823 7777 6821
f 6821 7777 7778
f 6821 7778 6819
f 6819 7778 7779
f 6819 7779 6817
f 6817 7779 7780
f 6817 7780 6815
f 6815 7780 7781
f 6815 7781 6813
f 6813 7781 7782
f 6813 7782 6811
f 6811 7782 7783
f 6811 7783 6809
f 6809 7783 7784
f 6809 7784 6807
f 6807 7784 7785
f 6807 7785 6805
f 6805 7785 7786
f 6805 7786 6803
f 6803 7786 7787
f 6803 7787 6801
f 6801 7787 7788
f 6801 7788 6799
f 6799 7788 7789
f 6799 7789 6797
f 6797 7789 7790
f 6797 7790 6795
f 6795 7790 7599
f 7791 7725 7792
f 7792 7725 7723
f 7792 7723 7793
f 7793 7723 7721
f 7793 7721 7794
f 7794 7721 7719
f 7794 7719 7795
f 7795 7719 7717
f 7795 7717 7796
f 7796 7717 7715
f 7796 7715 7797
f 7797 7715 7713
f 7797 7713 7798
f 7798 7713 7711
f 7798 7711 7799
f 7799 7711 7709
f 7799 7709 7800
f 7800 7709 7707
f 7800 7707 7801
f 7801 7707 7705
f 7801 7705 7802
f 7802 7705 7703
f 7802 7703 7803
f 7803 7703 7701
f 7803 7701 7804
f 7804 7701 7699
f 7804 7699 7805
f 7805 7699 7696
f 7805 7696 7806
f 7806 7696 7694
f 7806 7694 7807
f 7807 7694 7692
f 7807 7692 7808
f 7808 7692 7690
f 7808 7690 7809
f 7809 7690 7688
f 7809 7688 7810
f 7810 7688 7686
f 7810 7686 7811
f 7811 7686 7684
f 7811 7684 7812
f 7812 7684 7682
f 7812 7682 7813
f 7813 7682 7680
f 7813 7680 7814
f 7814 7680 7678
f 7814 7678 7815
f 7815 7678 7676
f 7815 7676 7816
f 7816 7676 7674
f 7816 7674 7817
f 7817 7674 7672
f 7817 7672 7818
f 7818 7672 7670
f 7818 7670 7819
f 7819 7670 7668
f 7819 7668 7820
f 7820 7668 7666
f 7820 7666 7821
f 7821 7666 7664
f 7821 7664 7822
f 7822 7664 7661
f 7822 7661 7823
f 7823 7661 7659
f 7823 7659 7824
f 7824 7659 7657
f 7824 7657 7825
f 7825 7657 7655
f 7825 7655 7826
f 7826 7655 7653
f 7826 7653 7827
f 7827 7653 7651
f 7827 7651 7828
f 7828 7651 7649
f 7828 7649 7829
f 7829 7649 7647
f 7829 7647 7830
f 7830 7647 7645
f 7830 7645 7831
f 7831 7645 7643
f 7831 7643 7832
f 7832 7643 7641
f 7832 7641 7833
f 7833 7641 7639
f 7833 7639 7834
f 7834 7639 7637
f 7834 7637 7835
f 7835 7637 7635
f 7835 7635 7836
f 7836 7635 7633
f 7836 7633 7837
f 7837 7633 7631
f 7837 7631 7838
f 7838 7631 7629
f 7838 7629 7839
f 7839 7629 7626
f 7839 7626 7840
f 7840 7626 7624
f 7840 7624 7841
f 7841 7624 7622
f 7841 7622 7842
f 7842 7622 7620
f 7842 7620 7843
f 7843 7620 7618
f 7843 7618 7844
f 7844 7618 7616
f 7844 7616 7845
f 7845 7616 7614
f 7845 7614 7846
f 7846 7614 7612
f 7846 7612 7847
f 7847 7612 7610
f 7847 7610 7848
f 7848 7610 7608
f 7848 7608 7849
f 7849 7608 7606
f 7849 7606 7850
f 7850 7606 7604
f 7850 7604 7851
f 7851 7604 7602
f 7851 7602 7852
f 7852 7602 7597
f 7852 7597 7853
f 7853 7597 7599
f 7854 7855 7853
f 7854 7853 7856
f 7855 7857 7853
f 7853 7857 7852
f 7852 7857 7858
f 7852 7858 7851
f 7851 7858 7859
f 7851 7859 7850
f 7850 7859 7860
f 7850 7860 7849
f 7849 7860 7861
f 7849 7861 7848
f 7848 7861 7862
f 7848 7862 7847
f 7847 7862 7863
f 7847 7863 7846
f 7846 7863 7864
f 7846 7864 7845
f 7845 7864 7865
f 7845 7865 7844
f 7844 7865 7866
f 7844 7866 7843
f 7843 7866 7867
f 7843 7867 7842
f 7842 7867 7868
f 7842 7868 7841
f 7841 7868 7869
f 7841 7869 7840
f 7840 7869 7870
f 7840 7870 7839
f 7839 7870 7871
f 7839 7871 7838
f 7838 7871 7872
f 7838 7872 7837
f 7837 7872 7873
f 7837 7873 7836
f 7836 7873 7874
f 7836 7874 7835
f 7835 7874 7875
f 7835 7875 7834
f 7834 7875 7876
f 7834 7876 7833
f 7833 7876 7877
f 7833 7877 7832
f 7832 7877 7878
f 7832 7878 7831
f 7831 7878 7879
f 7831 7879 7830
f 7830 7879 7880
f 7830 7880 7829
f 7829 7880 7881
f 7829 7881 7828
f 7828 7881 7882
f 7828 7882 7827
f 7827 7882 7883
f 7827 7883 7826
f 7826 7883 7884
f 7826 7884 7825
f 7825 7884 7885
f 7825 7885 7824
f 7824 7885 7886
f 7824 7886 7823
f 7823 7886 7887
f 7823 7887 7822
f 7822 7887 7888
f 7822 7888 7821
f 7821 7888 7889
f 7821 7889 7820
f 7820 7889 7890
f 7820 7890 7819
f 7819 7890 7891
f 7819 7891 7818
f 7818 7891 7892
f 7818 7892 7817
f 7817 7892 7893
f 7817 7893 7816
f 7816 7893 7894
f 7816 7894 7815
f 7815 7894 7895
f 7815 7895 7814
f 7814 7895 7896
f 7814 7896 7813
f 7813 7896 7897
f 7813 7897 7812
f 7812 7897 7898
f 7812 7898 7811
f 7811 7898 7899
f 7811 7899 7810
f 7810 7899 7900
f 7810 7900 7809
f 7809 7900 7901
f 7809 7901 7808
f 7808 7901 7902
f 7808 7902 7807
f 7807 7902 7903
f 7807 7903 7806
f 7806 7903 7904
f 7806 7904 7805
f 7805 7904 7905
f 7805 7905 7804
f 7804 7905 7906
f 7804 7906 7803
f 7803 7906 7907
f 7803 7907 7802
f 7802 7907 7908
f 7802 7908 7801
f 7801 7908 7909
f 7801 7909 7800
f 7800 7909 7910
f 7800 7910 7799
f 7799 7910 7911
f 7799 7911 7798
f 7798 7911 7912
f 7798 7912 7797
f 7797 7912 7913
f 7797 7913 7796
f 7796 7913 7914
f 7796 7914 7795
f 7795 7914 7915
f 7795 7915 7794
f 7794 7915 7916
f 7794 7916 7793
f 7793 7916 7917
f 7793 7917 7792
f 7792 7917 7918
f 7792 7918 7791
f 7791 7918 7919
f 7791 7919 7920
f 7791 7920 7921
f 7921 7920 7922
f 7921 7922 7923
f 7923 7922 7924
f 7923 7924 7925
f 7925 7924 7926
f 7925 7926 7927
f 7927 7926 7928
f 7927 7928 7929
f 7929 7928 7930
f 7929 7930 7931
f 7931 7930 7932
f 7931 7932 7933
f 7933 7932 7934
f 7933 7934 7935
f 7935 7934 7936
f 7935 7936 7937
f 7937 7936 7938
f 7937 7938 7939
f 7939 7938 7940
f 7939 7940 7941
f 7941 7940 7942
f 7941 7942 7943
f 7943 7942 7944
f 7943 7944 7945
f 7945 7944 7946
f 7945 7946 7947
f 7947 7946 7948
f 7947 7948 7949
f 7949 7948 7950
f 7949 7950 7951
f 7951 7950 7952
f 7951 7952 7953
f 7953 7952 7954
f 7953 7954 7955
f 7955 7954 7956
f 7955 7956 7957
f 7957 7956 7958
f 7957 7958 7959
f 7959 7958 7960
f 7959 7960 7961
f 7961 7960 7962
f 7961 7962 7963
f 7963 7962 7964
f 7963 7964 7965
f 7965 7964 7966
f 7965 7966 7967
f 7967 7966 7968
f 7967 7968 7969
f 7969 7968 7970
f 7969 7970 7971
f 7971 7970 7972
f 7971 7972 7973
f 7973 7972 7974
f 7973 7974 7975
f 7975 7974 7976
f 7975 7976 7977
f 7977 7976 7978
f 7977 7978 7979
f 7979 7978 7980
f 7979 7980 7981
f 7981 7980 7982
f 7981 7982 7983
f 7983 7982 7984
f 7983 7984 7985
f 7985 7984 7986
f 7985 7986 7987
f 7987 7986 7988
f 7987 7988 7989
f 7989 7988 7990
f 7989 7990 7991
f 7991 7990 7992
f 7991 7992 7993
f 7993 7992 7994
f 7993 7994 7995
f 7995 7994 7996
f 7995 7996 7997
f 7997 7996 7998
f 7997 7998 7999
f 7999 7998 8000
f 7999 8000 8001
f 8001 8000 8002
f 8001 8002 8003
f 8003 8002 8004
f 8003 8004 8005
f 8005 8004 8006
f 8005 8006 8007
f 8007 8006 8008
f 8007 8008 8009
f 8009 8008 8010
f 8009 8010 8011
f 8011 8010 8012
f 8011 8012 8013
f 8013 8012 8014
f 8013 8014 8015
f 8015 8014 8016
f 8015 8016 8017
f 8017 8016 8018
f 8017 8018 8019
f 8019 8018 8020
f 8019 8020 8021
f 8021 8020 8022
f 8021 8022 8023
f 8023 8022 8024
f 8023 8024 8025
f 8025 8024 8026
f 8025 8026 8027
f 8027 8026 8028
f 8027 8028 8029
f 8029 8028 8030
f 8029 8030 8031
f 8031 8030 8032
f 8031 8032 8033
f 8033 8032 8034
f 8033 8034 8035
f 8035 8034 8036
f 8035 8036 8037
f 8037 8036 8038
f 8037 8038 8039
f 8039 8038 8040
f 8039 8040 8041
f 8041 8040 8042
f 8041 8042 8043
f 8043 8042 8044
f 8043 8044 7856
f 7856 8044 7854
f 8045 7919 8046
f 8046 7919 7918
f 8046 7918 8047
f 8047 7918 7917
f 8047 7917 8048
f 8048 7917 7916
f 8048 7916 8049
f 8049 7916 7915
f 8049 7915 8050
f 8050 7915 7914
f 8050 7914 8051
f 8051 7914 7913
f 8051 7913 8052
f 8052 7913 7912
f 8052 7912 8053
f 8053 7912 7911
f 8053 7911 8054
f 8054 7911 7910
f 8054 7910 8055
f 8055 7910 7909
f 8055 7909 8056
f 8056 7909 7908
f 8056 7908 8057
f 8057 7908 7907
f 8057 7907 8058
f 8058 7907 7906
f 8058 7906 8059
f 8059 7906 7905
f 8059 7905 8060
f 8060 7905 7904
f 8060 7904 8061
f 8061 7904 7903
f 8061 7903 8062
f 8062 7903 7902
f 8062 7902 8063
f 8063 7902 7901
f 8063 7901 8064
f 8064 7901 7900
f 8064 7900 8065
f 8065 7900 7899
f 8065 7899 8066
f 8066 7899 7898
f 8066 7898 8067
f 8067 7898 7897
f 8067 7897 8068
f 8068 7897 7896
f 8068 7896 8069
f 8069 7896 7895
f 8069 7895 8070
f 8070 7895 7894
f 8070 7894 8071
f 8071 7894 7893
f 8071 7893 8072
f 8072 7893 7892
f 8072 7892 8073
f 8073 7892 7891
f 8073 7891 8074
f 8074 7891 7890
f 8074 7890 8075
f 8075 7890 7889
f 8075 7889 8076
f 8076 7889 7888
f 8076 7888 8077
f 8077 7888 7887
f 8077 7887 8078
f 8078 7887 7886
f 8078 7886 8079
f 8079 7886 7885
f 8079 7885 8080
f 8080 7885 7884
f 8080 7884 8081
f 8081 7884 7883
f 8081 7883 8082
f 8082 7883 7882
f 8082 7882 8083
f 8083 7882 7881
f 8083 7881 8084
f 8084 7881 7880
f 8084 7880 8085
f 8085 7880 7879
f 8085 7879 8086
f 8086 7879 7878
f 8086 7878 8087
f 8087 7878 7877
f 8087 7877 8088
f 8088 7877 7876
f 8088 7876 8089
f 8089 7876 7875
f 8089 7875 8090
f 8090 7875 7874
f 8090 7874 8091
f 8091 7874 7873
f 8091 7873 8092
f 8092 7873 7872
f 8092 7872 8093
f 8093 7872 7871
f 8093 7871 8094
f 8094 7871 7870
f 8094 7870 8095
f 8095 7870 7869
f 8095 7869 8096
f 8096 7869 7868
f 8096 7868 8097
f 8097 7868 7867
f 8097 7867 8098
f 8098 7867 7866
f 8098 7866 8099
f 8099 7866 7865
f 8099 7865 8100
f 8100 7865 7864
f 8100 7864 8101
f 8101 7864 7863
f 8101 7863 8102
f 8102 7863 7862
f 8102 7862 8103
f 8103 7862 7861
f 8103 7861 8104
f 8104 7861 7860
f 8104 7860 8105
f 8105 7860 7859
f 8105 7859 8106
f 8106 7859 7858
f 8106 7858 8107
f 8107 7858 7857
f 8107 7857 8108
f 8108 7857 7855
f 8109 8110 8111
f 8111 8110 8112
f 8111 8112 8113
f 8113 8112 8114
f 8113 8114 8115
f 8115 8114 8116
f 8115 8116 8117
f 8117 8116 8118
f 8117 8118 8119
f 8119 8118 8120
f 8119 8120 8121
f 8121 8120 8122
f 8121 8122 8123
f 8123 8122 8124
f 8123 8124 8125
f 8125 8124 8126
f 8125 8126 8127
f 8127 8126 8128
f 8127 8128 8129
f 8129 8128 8130
f 8129 8130 8131
f 8131 8130 8132
f 8131 8132 8133
f 8133 8132 8134
f 8133 8134 8135
f 8135 8134 8136
f 8135 8136 8137
f 8137 8136 8138
f 8137 8138 8139
f 8139 8138 8140
f 8139 8140 8141
f 8141 8140 8142
f 8141 8142 8143
f 8143 8142 8144
f 8143 8144 8145
f 8145 8144 8146
f 8145 8146 8147
f 8147 8146 8148
f 8147 8148 8149
f 8149 8148 8150
f 8149 8150 8151
f 8151 8150 8152
f 8151 8152 8153
f 8153 8152 8154
f 8153 8154 8155
f 8155 8154 8156
f 8155 8156 8157
f 8157 8156 8158
f 8157 8158 8159
f 8159 8158 8160
f 8159 8160 8161
f 8161 8160 8162
f 8161 8162 8163
f 8163 8162 8164
f 8163 8164 8165
f 8165 8164 8166
f 8165 8166 8167
f 8167 8166 8168
f 8167 8168 8169
f 8169 8168 8170
f 8169 8170 8171
f 8171 8170 8172
f 8171 8172 8173
f 8173 8172 8174
f 8173 8174 8175
f 8175 8174 8176
f 8175 8176 8177
f 8177 8176 8178
f 8177 8178 8179
f 8179 8178 8180
f 8179 8180 8181
f 8181 8180 8182
f 8181 8182 8183
f 8183 8182 8184
f 8183 8184 8185
f 8185 8184 8186
f 8185 8186 8187
f 8187 8186 8188
f 8187 8188 8189
f 8189 8188 8190
f 8189 8190 8191
f 8191 8190 8192
f 8191 8192 8193
f 8193 8192 8194
f 8193 8194 8195
f 8195 8194 8196
f 8195 8196 8197
f 8197 8196 8198
f 8197 8198 8199
f 8199 8198 8200
f 8199 8200 8201
f 8201 8200 8202
f 8201 8202 8203
f 8203 8202 8204
f 8203 8204 8205
f 8205 8204 8206
f 8205 8206 8207
f 8207 8206 8208
f 8207 8208 8209
f 8209 8208 8210
f 8209 8210 8211
f 8211 8210 8212
f 8211 8212 8213
f 8213 8212 8214
f 8213 8214 8215
f 8215 8214 8216
f 8215 8216 8217
f 8217 8216 8218
f 8217 8218 8219
f 8219 8218 8220
f 8219 8220 8221
f 8221 8220 8222
f 8221 8222 8223
f 8223 8222 8224
f 8223 8224 8225
f 8225 8224 8226
f 8225 8226 8227
f 8227 8226 8228
f 8227 8228 8229
f 8229 8228 8230
f 8229 8230 8231
f 8231 8230 8232
f 8231 8232 8233
f 8233 8232 8234
f 8233 8234 8235
f 8235 8234 8236
f 8235 8236 8237
f 8237 8236 8045
f 8237 8045 8046
f 8238 8107 8109
f 8109 8107 8108
f 8109 8108 8110
f 8107 8238 8106
f 8106 8238 8239
f 8106 8239 8105
f 8105 8239 8240
f 8105 8240 8104
f 8104 8240 8241
f 8104 8241 8103
f 8103 8241 8242
f 8103 8242 8102
f 8102 8242 8243
f 8102 8243 8101
f 8101 8243 8244
f 8101 8244 8100
f 8100 8244 8245
f 8100 8245 8099
f 8099 8245 8246
f 8099 8246 8098
f 8098 8246 8247
f 8098 8247 8097
f 8097 8247 8248
f 8097 8248 8096
f 8096 8248 8249
f 8096 8249 8095
f 8095 8249 8250
f 8095 8250 8094
f 8094 8250 8251
f 8094 8251 8093
f 8093 8251 8252
f 8093 8252 8092
f 8092 8252 8253
f 8092 8253 8091
f 8091 8253 8254
f 8091 8254 8090
f 8090 8254 8255
f 8090 8255 8089
f 8089 8255 8256
f 8089 8256 8088
f 8088 8256 8257
f 8088 8257 8087
f 8087 8257 8258
f 8087 8258 8086
f 8086 8258 8259
f 8086 8259 8085
f 8085 8259 8260
f 8085 8260 8084
f 8084 8260 8261
f 8084 8261 8083
f 8083 8261 8262
f 8083 8262 8082
f 8082 8262 8263
f 8082 8263 8081
f 8081 8263 8264
f 8081 8264 8080
f 8080 8264 8265
f 8080 8265 8079
f 8079 8265 8266
f 8079 8266 8078
f 8078 8266 8267
f 8078 8267 8077
f 8077 8267 8268
f 8077 8268 8076
f 8076 8268 8269
f 8076 8269 8075
f 8075 8269 8270
f 8075 8270 8074
f 8074 8270 8271
f 8074 8271 8073
f 8073 8271 8272
f 8073 8272 8072
f 8072 8272 8273
f 8072 8273 8071
f 8071 8273 8274
f 8071 8274 8070
f 8070 8274 8275
f 8070 8275 8069
f 8069 8275 8276
f 8069 8276 8068
f 8068 8276 8277
f 8068 8277 8067
f 8067 8277 8278
f 8067 8278 8066
f 8066 8278 8279
f 8066 8279 8065
f 8065 8279 8280
f 8065 8280 8064
f 8064 8280 8281
f 8064 8281 8063
f 8063 8281 8282
f 8063 8282 8062
f 8062 8282 8283
f 8062 8283 8061
f 8061 8283 8284
f 8061 8284 8060
f 8060 8284 8285
f 8060 8285 8059
f 8059 8285 8286
f 8059 8286 8058
f 8058 8286 8287
f 8058 8287 8057
f 8057 8287 8288
f 8057 8288 8056
f 8056 8288 8289
f 8056 8289 8055
f 8055 8289 8290
f 8055 8290 8054
f 8054 8290 8291
f 8054 8291 8053
f 8053 8291 8292
f 8053 8292 8052
f 8052 8292 8293
f 8052 8293 8051
f 8051 8293 8294
f 8051 8294 8050
f 8050 8294 8295
f 8050 8295 8049
f 8049 8295 8296
f 8049 8296 8048
f 8048 8296 8297
f 8048 8297 8047
f 8047 8297 8298
f 8047 8298 8046
f 8046 8298 8237
f 8299 8300 8301
f 8301 8300 8302
f 8301 8302 8303
f 8303 8302 8304
f 8303 8304 8305
f 8305 8304 8306
f 8305 8306 8307
f 8307 8306 8308
f 8307 8308 8309
f 8309 8308 8310
f 8309 8310 8311
f 8311 8310 8312
f 8311 8312 8313
f 8313 8312 8314
f 8313 8314 8315
f 8315 8314 8316
f 8315 8316 8317
f 8317 8316 8318
f 8317 8318 8319
f 8319 8318 8320
f 8319 8320 8321
f 8321 8320 8322
f 8321 8322 8323
f 8323 8322 8324
f 8323 8324 8325
f 8325 8324 8326
f 8325 8326 8327
f 8327 8326 8328
f 8327 8328 8329
f 8329 8328 8330
f 8329 8330 8331
f 8331 8330 8332
f 8331 8332 8333
f 8333 8332 8334
f 8333 8334 8335
f 8335 8334 8336
f 8335 8336 8337
f 8337 8336 8338
f 8337 8338 8339
f 8339 8338 8340
f 8339 8340 8341
f 8341 8340 8342
f 8341 8342 8343
f 8343 8342 8344
f 8343 8344 8345
f 8345 8344 8346
f 8345 8346 8347
f 8347 8346 8348
f 8347 8348 8349
f 8349 8348 8350
f 8349 8350 8351
f 8351 8350 8352
f 8351 8352 8353
f 8353 8352 8354
f 8353 8354 8355
f 8355 8354 8356
f 8355 8356 8357
f 8357 8356 8358
f 8357 8358 8359
f 8359 8358 8360
f 8359 8360 8361
f 8361 8360 8362
f 8361 8362 8363
f 8363 8362 8364
f 8363 8364 8365
f 8365 8364 8366
f 8365 8366 8367
f 8367 8366 8368
f 8367 8368 8369
f 8369 8368 8370
f 8369 8370 8371
f 8371 8370 8372
f 8371 8372 8373
f 8373 8372 8374
f 8373 8374 8375
f 8375 8374 8376
f 8375 8376 8377
f 8377 8376 8378
f 8377 8378 8379
f 8379 8378 8380
f 8379 8380 8381
f 8381 8380 8382
f 8381 8382 8383
f 8383 8382 8384
f 8383 8384 8385
f 8385 8384 8386
f 8385 8386 8387
f 8387 8386 8388
f 8387 8388 8389
f 8389 8388 8390
f 8389 8390 8391
f 8391 8390 8392
f 8391 8392 8393
f 8393 8392 8394
f 8393 8394 8395
f 8395 8394 8396
f 8395 8396 8397
f 8397 8396 8398
f 8397 8398 8399
f 8399 8398 8400
f 8399 8400 8401
f 8401 8400 8402
f 8401 8402 8403
f 8403 8402 8404
f 8403 8404 8405
f 8405 8404 8406
f 8405 8406 8407
f 8407 8406 8408
f 8407 8408 8409
f 8409 8408 8410
f 8409 8410 8411
f 8411 8410 8412
f 8411 8412 8413
f 8413 8412 8414
f 8413 8414 8415
f 8415 8414 8416
f 8415 8416 8417
f 8417 8416 8418
f 8417 8418 8419
f 8419 8418 8420
f 8419 8420 8421
f 8421 8420 8422
f 8421 8422 8423
f 8423 8422 8424
f 8423 8424 8425
f 8425 8424 8426
f 8425 8426 8427
f 8428 8429 8299
f 8299 8429 8430
f 8299 8430 8300
f 8429 8428 8431
f 8431 8428 8432
f 8431 8432 8433
f 8433 8432 8434
f 8433 8434 8435
f 8435 8434 8436
f 8435 8436 8437
f 8437 8436 8438
f 8437 8438 8439
f 8439 8438 8440
f 8439 8440 8441
f 8441 8440 8442
f 8441 8442 8443
f 8443 8442 8444
f 8443 8444 8445
f 8445 8444 8446
f 8445 8446 8447
f 8447 8446 8448
f 8447 8448 8449
f 8449 8448 8450
f 8449 8450 8451
f 8451 8450 8452
f 8451 8452 8453
f 8453 8452 8454
f 8453 8454 8455
f 8455 8454 8456
f 8455 8456 8457
f 8457 8456 8458
f 8457 8458 8459
f 8459 8458 8460
f 8459 8460 8461
f 8461 8460 8462
f 8461 8462 8463
f 8463 8462 8464
f 8463 8464 8465
f 8465 8464 8466
f 8465 8466 8467
f 8467 8466 8468
f 8467 8468 8469
f 8469 8468 8470
f 8469 8470 8471
f 8471 8470 8472
f 8471 8472 8473
f 8473 8472 8474
f 8473 8474 8475
f 8475 8474 8476
f 8475 8476 8477
f 8477 8476 8478
f 8477 8478 8479
f 8479 8478 8480
f 8479 8480 8481
f 8481 8480 8482
f 8481 8482 8483
f 8483 8482 8484
f 8483 8484 8485
f 8485 8484 8486
f 8485 8486 8487
f 8487 8486 8488
f 8487 8488 8489
f 8489 8488 8490
f 8489 8490 8491
f 8491 8490 8492
f 8491 8492 8493
f 8493 8492 8494
f 8493 8494 8495
f 8495 8494 8496
f 8495 8496 8497
f 8497 8496 8498
f 8497 8498 8499
f 8499 8498 8500
f 8499 8500 8501
f 8501 8500 8502
f 8501 8502 8503
f 8503 8502 8504
f 8503 8504 8505
f 8505 8504 8506
f 8505 8506 8507
f 8507 8506 8508
f 8507 8508 8509
f 8509 8508 8510
f 8509 8510 8511
f 8511 8510 8512
f 8511 8512 8513
f 8513 8512 8514
f 8513 8514 8515
f 8515 8514 8516
f 8515 8516 8517
f 8517 8516 8518
f 8517 8518 8519
f 8519 8518 8520
f 8519 8520 8521
f 8521 8520 8522
f 8521 8522 8523
f 8523 8522 8524
f 8523 8524 8525
f 8525 8524 8526
f 8525 8526 8527
f 8527 8526 8528
f 8527 8528 8529
f 8529 8528 8530
f 8529 8530 8531
f 8531 8530 8532
f 8531 8532 8533
f 8533 8532 8534
f 8533 8534 8535
f 8535 8534 8536
f 8535 8536 8537
f 8537 8536 8538
f 8537 8538 8539
f 8539 8538 8540
f 8539 8540 8541
f 8541 8540 8542
f 8541 8542 8543
f 8543 8542 8544
f 8543 8544 8545
f 8545 8544 8546
f 8545 8546 8547
f 8547 8546 8548
f 8547 8548 8427
f 8427 8548 8425
f 8426 8237 8427
f 8427 8237 8298
f 8427 8298 8547
f 8547 8298 8297
f 8547 8297 8545
f 8545 8297 8296
f 8545 8296 8543
f 8543 8296 8295
f 8543 8295 8541
f 8541 8295 8294
f 8541 8294 8539
f 8539 8294 8293
f 8539 8293 8537
f 8537 8293 8292
f 8537 8292 8535
f 8535 8292 8291
f 8535 8291 8533
f 8533 8291 8290
f 8533 8290 8531
f 8531 8290 8289
f 8531 8289 8529
f 8529 8289 8288
f 8529 8288 8527
f 8527 8288 8287
f 8527 8287 8525
f 8525 8287 8286
f 8525 8286 8523
f 8523 8286 8285
f 8523 8285 8521
f 8521 8285 8284
f 8521 8284 8519
f 8519 8284 8283
f 8519 8283 8517
f 8517 8283 8282
f 8517 8282 8515
f 8515 8282 8281
f 8515 8281 8513
f 8513 8281 8280
f 8513 8280 8511
f 8511 8280 8279
f 8511 8279 8509
f 8509 8279 8278
f 8509 8278 8507
f 8507 8278 8277
f 8507 8277 8505
f 8505 8277 8276
f 8505 8276 8503
f 8503 8276 8275
f 8503 8275 8501
f 8501 8275 8274
f 8501 8274 8499
f 8499 8274 8273
f 8499 8273 8497
f 8497 8273 8272
f 8497 8272 8495
f 8495 8272 8271
f 8495 8271 8493
f 8493 8271 8270
f 8493 8270 8491
f 8491 8270 8269
f 8491 8269 8489
f 8489 8269 8268
f 8489 8268 8487
f 8487 8268 8267
f 8487 8267 8485
f 8485 8267 8266
f 8485 8266 8483
f 8483 8266 8265
f 8483 8265 8481
f 8481 8265 8264
f 8481 8264 8479
f 8479 8264 8263
f 8479 8263 8477
f 8477 8263 8262
f 8477 8262 8475
f 8475 8262 8261
f 8475 8261 8473
f 8473 8261 8260
f 8473 8260 8471
f 8471 8260 8259
f 8471 8259 8469
f 8469 8259 8258
f 8469 8258 8467
f 8467 8258 8257
f 8467 8257 8465
f 8465 8257 8256
f 8465 8256 8463
f 8463 8256 8255
f 8463 8255 8461
f 8461 8255 8254
f 8461 8254 8459
f 8459 8254 8253
f 8459 8253 8457
f 8457 8253 8252
f 8457 8252 8455
f 8455 8252 8251
f 8455 8251 8453
f 8453 8251 8250
f 8453 8250 8451
f 8451 8250 8249
f 8451 8249 8449
f 8449 8249 8248
f 8449 8248 8447
f 8447 8248 8247
f 8447 8247 8445
f 8445 8247 8246
f 8445 8246 8443
f 8443 8246 8245
f 8443 8245 8441
f 8441 8245 8244
f 8441 8244 8439
f 8439 8244 8243
f 8439 8243 8437
f 8437 8243 8242
f 8437 8242 8435
f 8435 8242 8241
f 8435 8241 8433
f 8433 8241 8240
f 8433 8240 8431
f 8431 8240 8239
f 8431 8239 8429
f 8429 8239 8238
f 8429 8238 8430
f 8430 8238 8109
f 8549 8550 8551
f 8551 8550 8552
f 8551 8552 8553
f 8553 8552 8554
f 8553 8554 8555
f 8555 8554 8556
f 8555 8556 8557
f 8557 8556 8558
f 8557 8558 8559
f 8559 8558 8560
f 8559 8560 8561
f 8561 8560 8562
f 8561 8562 8563
f 8563 8562 8564
f 8563 8564 8565
f 8565 8564 8566
f 8565 8566 8567
f 8567 8566 8568
f 8567 8568 8569
f 8569 8568 8570
f 8569 8570 8571
f 8571 8570 8572
f 8571 8572 8573
f 8573 8572 8574
f 8573 8574 8575
f 8575 8574 8576
f 8575 8576 8577
f 8577 8576 8578
f 8577 8578 8579
f 8579 8578 8580
f 8579 8580 8581
f 8581 8580 8582
f 8581 8582 8583
f 8583 8582 8584
f 8583 8584 8585
f 8585 8584 8586
f 8585 8586 8587
f 8587 8586 8588
f 8587 8588 8589
f 8589 8588 8590
f 8589 8590 8591
f 8591 8590 8592
f 8591 8592 8593
f 8593 8592 8594
f 8593 8594 8595
f 8595 8594 8596
f 8595 8596 8597
f 8597 8596 8598
f 8597 8598 8599
f 8599 8598 8600
f 8599 8600 8601
f 8601 8600 8602
f 8601 8602 8603
f 8603 8602 8604
f 8603 8604 8605
f 8605 8604 8606
f 8605 8606 8607
f 8607 8606 8608
f 8607 8608 8609
f 8609 8608 8610
f 8609 8610 8611
f 8612 8613 8549
f 8549 8613 8614
f 8549 8614 8550
f 8613 8612 8615
f 8615 8612 8616
f 8615 8616 8617
f 8617 8616 8618
f 8617 8618 8619
f 8619 8618 8620
f 8619 8620 8621
f 8621 8620 8622
f 8621 8622 8623
f 8623 8622 8624
f 8623 8624 8625
f 8625 8624 8626
f 8625 8626 8627
f 8627 8626 8628
f 8627 8628 8629
f 8629 8628 8630
f 8629 8630 8631
f 8631 8630 8632
f 8631 8632 8633
f 8633 8632 8634
f 8633 8634 8635
f 8635 8634 8636
f 8635 8636 8637
f 8637 8636 8638
f 8637 8638 8639
f 8639 8638 8640
f 8639 8640 8641
f 8641 8640 8642
f 8641 8642 8643
f 8643 8642 8644
f 8643 8644 8645
f 8645 8644 8646
f 8645 8646 8647
f 8647 8646 8648
f 8647 8648 8649
f 8649 8648 8650
f 8649 8650 8651
f 8651 8650 8652
f 8651 8652 8653
f 8653 8652 8654
f 8653 8654 8655
f 8655 8654 8656
f 8655 8656 8657
f 8657 8656 8658
f 8657 8658 8659
f 8659 8658 8660
f 8659 8660 8661
f 8661 8660 8662
f 8661 8662 8663
f 8663 8662 8664
f 8663 8664 8665
f 8665 8664 8666
f 8665 8666 8667
f 8667 8666 8668
f 8667 8668 8669
f 8669 8668 8670
f 8669 8670 8671
f 8671 8670 8672
f 8671 8672 8673
f 8673 8672 8674
f 8673 8674 8675
f 8675 8674 8676
f 8675 8676 8677
f 8677 8676 8678
f 8677 8678 8679
f 8679 8678 8680
f 8679 8680 8681
f 8681 8680 8682
f 8681 8682 8683
f 8683 8682 8684
f 8683 8684 8685
f 8685 8684 8686
f 8685 8686 8687
f 8687 8686 8688
f 8687 8688 8689
f 8689 8688 8690
f 8689 8690 8691
f 8691 8690 8692
f 8691 8692 8693
f 8693 8692 8694
f 8693 8694 8695
f 8695 8694 8696
f 8695 8696 8697
f 8697 8696 8698
f 8697 8698 8699
f 8699 8698 8700
f 8699 8700 8701
f 8701 8700 8702
f 8701 8702 8703
f 8703 8702 8704
f 8703 8704 8705
f 8705 8704 8706
f 8705 8706 8707
f 8707 8706 8708
f 8707 8708 8709
f 8709 8708 8710
f 8709 8710 8711
f 8711 8710 8712
f 8711 8712 8713
f 8713 8712 8714
f 8713 8714 8715
f 8715 8714 8716
f 8715 8716 8717
f 8717 8716 8718
f 8717 8718 8719
f 8719 8718 8720
f 8719 8720 8721
f 8721 8720 8722
f 8721 8722 8723
f 8723 8722 8724
f 8723 8724 8725
f 8725 8724 8726
f 8725 8726 8727
f 8727 8726 8728
f 8727 8728 8729
f 8729 8728 8730
f 8729 8730 8731
f 8731 8730 8732
f 8731 8732 8733
f 8733 8732 8734
f 8732 8735 8734
f 8734 8735 8736
f 8736 8735 8737
f 8736 8737 8738
f 8738 8737 8739
f 8738 8739 8740
f 8740 8739 8741
f 8740 8741 8742
f 8742 8741 8743
f 8742 8743 8744
f 8744 8743 8745
f 8744 8745 8746
f 8746 8745 8747
f 8746 8747 8748
f 8748 8747 8749
f 8748 8749 8750
f 8750 8749 8751
f 8750 8751 8752
f 8752 8751 8753
f 8752 8753 8754
f 8754 8753 8755
f 8754 8755 8756
f 8756 8755 8757
f 8756 8757 8758
f 8758 8757 8759
f 8758 8759 8760
f 8760 8759 8761
f 8760 8761 8762
f 8762 8761 8763
f 8762 8763 8764
f 8764 8763 8765
f 8764 8765 8766
f 8766 8765 8767
f 8766 8767 8768
f 8768 8767 8769
f 8768 8769 8770
f 8770 8769 8771
f 8770 8771 8772
f 8772 8771 8773
f 8772 8773 8774
f 8774 8773 8775
f 8774 8775 8776
f 8776 8775 8777
f 8776 8777 8778
f 8778 8777 8779
f 8778 8779 8780
f 8780 8779 8781
f 8780 8781 8782
f 8782 8781 8783
f 8782 8783 8784
f 8784 8783 8785
f 8784 8785 8786
f 8786 8785 8787
f 8786 8787 8788
f 8788 8787 8789
f 8788 8789 8790
f 8790 8789 8791
f 8790 8791 8792
f 8792 8791 8793
f 8792 8793 8611
f 8611 8793 8609
f 8733 8425 8731
f 8731 8425 8548
f 8731 8548 8729
f 8729 8548 8546
f 8729 8546 8727
f 8727 8546 8544
f 8727 8544 8725
f 8725 8544 8542
f 8725 8542 8723
f 8723 8542 8540
f 8723 8540 8721
f 8721 8540 8538
f 8721 8538 8719
f 8719 8538 8536
f 8719 8536 8717
f 8717 8536 8534
f 8717 8534 8715
f 8715 8534 8532
f 8715 8532 8713
f 8713 8532 8530
f 8713 8530 8711
f 8711 8530 8528
f 8711 8528 8709
f 8709 8528 8526
f 8709 8526 8707
f 8707 8526 8524
f 8707 8524 8705
f 8705 8524 8522
f 8705 8522 8703
f 8703 8522 8520
f 8703 8520 8701
f 8701 8520 8518
f 8701 8518 8699
f 8699 8518 8516
f 8699 8516 8697
f 8697 8516 8514
f 8697 8514 8695
f 8695 8514 8512
f 8695 8512 8693
f 8693 8512 8510
f 8693 8510 8691
f 8691 8510 8508
f 8691 8508 8689
f 8689 8508 8506
f 8689 8506 8687
f 8687 8506 8504
f 8687 8504 8685
f 8685 8504 8502
f 8685 8502 8683
f 8683 8502 8500
f 8683 8500 8681
f 8681 8500 8498
f 8681 8498 8679
f 8679 8498 8496
f 8679 8496 8677
f 8677 8496 8494
f 8677 8494 8675
f 8675 8494 8492
f 8675 8492 8673
f 8673 8492 8490
f 8673 8490 8671
f 8671 8490 8488
f 8671 8488 8669
f 8669 8488 8486
f 8669 8486 8667
f 8667 8486 8484
f 8667 8484 8665
f 8665 8484 8482
f 8665 8482 8663
f 8663 8482 8480
f 8663 8480 8661
f 8661 8480 8478
f 8661 8478 8659
f 8659 8478 8476
f 8659 8476 8657
f 8657 8476 8474
f 8657 8474 8655
f 8655 8474 8472
f 8655 8472 8653
f 8653 8472 8470
f 8653 8470 8651
f 8651 8470 8468
f 8651 8468 8649
f 8649 8468 8466
f 8649 8466 8647
f 8647 8466 8464
f 8647 8464 8645
f 8645 8464 8462
f 8645 8462 8643
f 8643 8462 8460
f 8643 8460 8641
f 8641 8460 8458
f 8641 8458 8639
f 8639 8458 8456
f 8639 8456 8637
f 8637 8456 8454
f 8637 8454 8635
f 8635 8454 8452
f 8635 8452 8633
f 8633 8452 8450
f 8633 8450 8631
f 8631 8450 8448
f 8631 8448 8629
f 8629 8448 8446
f 8629 8446 8627
f 8627 8446 8444
f 8627 8444 8625
f 8625 8444 8442
f 8625 8442 8623
f 8623 8442 8440
f 8623 8440 8621
f 8621 8440 8438
f 8621 8438 8619
f 8619 8438 8436
f 8619 8436 8617
f 8617 8436 8434
f 8617 8434 8615
f 8615 8434 8432
f 8615 8432 8613
f 8613 8432 8428
f 8613 8428 8614
f 8614 8428 8299
f 8794 8795 7316
f 8794 7316 8796
f 8796 7316 8797
f 8796 8797 8798
f 8798 8797 8799
f 8798 8799 8800
f 8800 8799 8801
f 8800 8801 8802
f 8802 8801 8803
f 8802 8803 8804
f 8804 8803 8805
f 8804 8805 8806
f 8806 8805 8807
f 8806 8807 8808
f 8808 8807 8809
f 8808 8809 8810
f 8810 8809 8811
f 8810 8811 8812
f 8812 8811 8813
f 8812 8813 8814
f 8814 8813 8815
f 8814 8815 8816
f 8816 8815 8817
f 8816 8817 8818
f 8818 8817 8819
f 8818 8819 8820
f 8820 8819 8821
f 8820 8821 8822
f 8822 8821 8823
f 8822 8823 8824
f 8824 8823 8825
f 8824 8825 8826
f 8826 8825 8827
f 8826 8827 8828
f 8828 8827 8829
f 8828 8829 8830
f 8830 8829 8831
f 8830 8831 8832
f 8832 8831 8833
f 8832 8833 8834
f 8834 8833 8835
f 8834 8835 8836
f 8836 8835 8837
f 8836 8837 8838
f 8838 8837 8839
f 8838 8839 8840
f 8840 8839 8841
f 8840 8841 8842
f 8842 8841 8843
f 8842 8843 8844
f 8844 8843 8845
f 8844 8845 8846
f 8846 8845 8847
f 8846 8847 8848
f 8848 8847 8849
f 8848 8849 8850
f 8850 8849 8851
f 8850 8851 8852
f 8852 8851 8853
f 8852 8853 8854
f 8854 8853 8855
f 8855 8853 8856
f 8855 8856 8857
f 8857 8856 8858
f 8857 8858 8859
f 8859 8858 8860
f 8859 8860 8861
f 8861 8860 8862
f 8861 8862 8863
f 8863 8862 8864
f 8863 8864 8865
f 8865 8864 8866
f 8865 8866 8867
f 8867 8866 8868
f 8867 8868 8869
f 8869 8868 8870
f 8869 8870 8871
f 8871 8870 8872
f 8871 8872 8873
f 8873 8872 8874
f 8873 8874 8875
f 8875 8874 8876
f 8875 8876 8877
f 8877 8876 8878
f 8877 8878 8879
f 8879 8878 8880
f 8879 8880 8881
f 8881 8880 8882
f 8881 8882 8883
f 8883 8882 8884
f 8883 8884 8885
f 8885 8884 8886
f 8885 8886 8887
f 8887 8886 8888
f 8887 8888 8889
f 8889 8888 8890
f 8889 8890 8891
f 8891 8890 8892
f 8891 8892 8893
f 8893 8892 8894
f 8893 8894 8895
f 8895 8894 8896
f 8895 8896 8897
f 8897 8896 8898
f 8897 8898 8899
f 8899 8898 8900
f 8899 8900 8901
f 8901 8900 8902
f 8901 8902 8903
f 8903 8902 8904
f 8903 8904 8905
f 8905 8904 8906
f 8905 8906 8907
f 8907 8906 8908
f 8907 8908 8909
f 8909 8908 8910
f 8909 8910 8911
f 8911 8910 8912
f 8911 8912 8913
f 8913 8912 8914
f 7316 8795 7314
f 7314 8795 8915
f 7314 8915 7320
f 7320 8915 8916
f 7320 8916 7322
f 7322 8916 8917
f 7322 8917 7324
f 7324 8917 8918
f 7324 8918 7326
f 7326 8918 8919
f 7326 8919 7328
f 7328 8919 8920
f 7328 8920 7330
f 7330 8920 8921
f 7330 8921 7332
f 7332 8921 8922
f 7332 8922 7334
f 7334 8922 8923
f 7334 8923 7336
f 7336 8923 8924
f 7336 8924 7338
f 7338 8924 8925
f 7338 8925 7340
f 7340 8925 8926
f 7340 8926 7342
f 7342 8926 8927
f 7342 8927 7344
f 7344 8927 8928
f 7344 8928 7346
f 7346 8928 8929
f 7346 8929 7348
f 7348 8929 8930
f 7348 8930 7350
f 7350 8930 8931
f 7350 8931 7352
f 7352 8931 8932
f 7352 8932 7354
f 7354 8932 8933
f 7354 8933 7356
f 7356 8933 8934
f 7356 8934 7358
f 7358 8934 8935
f 7358 8935 7360
f 7360 8935 8936
f 7360 8936 7362
f 7362 8936 8937
f 7362 8937 7364
f 7364 8937 8938
f 7364 8938 7366
f 7366 8938 8939
f 7366 8939 7368
f 7368 8939 8940
f 7368 8940 7370
f 7370 8940 8941
f 7370 8941 7372
f 7372 8941 8942
f 7372 8942 7374
f 7374 8942 8943
f 7374 8943 7376
f 7376 8943 8944
f 7376 8944 7378
f 7378 8944 8945
f 7378 8945 7380
f 7380 8945 8946
f 7380 8946 7382
f 7382 8946 8947
f 7382 8947 7384
f 7384 8947 8948
f 7384 8948 7386
f 7386 8948 8949
f 7386 8949 7388
f 7388 8949 8950
f 7388 8950 7390
f 7390 8950 8951
f 7390 8951 7392
f 7392 8951 8952
f 7392 8952 7394
f 7394 8952 8953
f 7394 8953 7396
f 7396 8953 8954
f 7396 8954 7398
f 7398 8954 8955
f 7398 8955 7400
f 7400 8955 8956
f 7400 8956 7402
f 7402 8956 8957
f 7402 8957 7404
f 7404 8957 8958
f 7404 8958 7406
f 7406 8958 8959
f 7406 8959 7408
f 7408 8959 8960
f 7408 8960 7410
f 7410 8960 8961
f 7410 8961 7412
f 7412 8961 8962
f 7412 8962 7414
f 7414 8962 8963
f 7414 8963 7416
f 7416 8963 8964
f 7416 8964 7418
f 7418 8964 8965
f 7418 8965 7420
f 7420 8965 8966
f 7420 8966 7422
f 7422 8966 8967
f 7422 8967 7424
f 7424 8967 8968
f 7424 8968 7426
f 7426 8968 8969
f 7426 8969 7428
f 7428 8969 8970
f 7428 8970 7430
f 7430 8970 8971
f 7430 8971 7432
f 7432 8971 8972
f 7432 8972 7434
f 7434 8972 8914
f 7434 8914 8912
f 8913 8732 8911
f 8911 8732 8730
f 8911 8730 8909
f 8909 8730 8728
f 8909 8728 8907
f 8907 8728 8726
f 8907 8726 8905
f 8905 8726 8724
f 8905 8724 8903
f 8903 8724 8722
f 8903 8722 8901
f 8901 8722 8720
f 8901 8720 8899
f 8899 8720 8718
f 8899 8718 8897
f 8897 8718 8716
f 8897 8716 8895
f 8895 8716 8714
f 8895 8714 8893
f 8893 8714 8712
f 8893 8712 8891
f 8891 8712 8710
f 8891 8710 8889
f 8889 8710 8708
f 8889 8708 8887
f 8887 8708 8706
f 8887 8706 8885
f 8885 8706 8704
f 8885 8704 8883
f 8883 8704 8702
f 8883 8702 8881
f 8881 8702 8700
f 8881 8700 8879
f 8879 8700 8698
f 8879 8698 8877
f 8877 8698 8696
f 8877 8696 8875
f 8875 8696 8694
f 8875 8694 8873
f 8873 8694 8692
f 8873 8692 8871
f 8871 8692 8690
f 8871 8690 8869
f 8869 8690 8688
f 8869 8688 8867
f 8867 8688 8686
f 8867 8686 8865
f 8865 8686 8684
f 8865 8684 8863
f 8863 8684 8682
f 8863 8682 8861
f 8861 8682 8680
f 8861 8680 8859
f 8859 8680 8678
f 8859 8678 8857
f 8857 8678 8676
f 8857 8676 8855
f 8855 8676 8674
f 8855 8674 8854
f 8854 8674 8672
f 8854 8672 8852
f 8852 8672 8670
f 8852 8670 8850
f 8850 8670 8668
f 8850 8668 8848
f 8848 8668 8666
f 8848 8666 8846
f 8846 8666 8664
f 8846 8664 8844
f 8844 8664 8662
f 8844 8662 8842
f 8842 8662 8660
f 8842 8660 8840
f 8840 8660 8658
f 8840 8658 8838
f 8838 8658 8656
f 8838 8656 8836
f 8836 8656 8654
f 8836 8654 8834
f 8834 8654 8652
f 8834 8652 8832
f 8832 8652 8650
f 8832 8650 8830
f 8830 8650 8648
f 8830 8648 8828
f 8828 8648 8646
f 8828 8646 8826
f 8826 8646 8644
f 8826 8644 8824
f 8824 8644 8642
f 8824 8642 8822
f 8822 8642 8640
f 8822 8640 8820
f 8820 8640 8638
f 8820 8638 8818
f 8818 8638 8636
f 8818 8636 8816
f 8816 8636 8634
f 8816 8634 8814
f 8814 8634 8632
f 8814 8632 8812
f 8812 8632 8630
f 8812 8630 8810
f 8810 8630 8628
f 8810 8628 8808
f 8808 8628 8626
f 8808 8626 8806
f 8806 8626 8624
f 8806 8624 8804
f 8804 8624 8622
f 8804 8622 8802
f 8802 8622 8620
f 8802 8620 8800
f 8800 8620 8618
f 8800 8618 8798
f 8798 8618 8616
f 8798 8616 8796
f 8796 8616 8612
f 8796 8612 8794
f 8794 8612 8549
f 7315 8973 7317
f 7317 8973 8974
f 7317 8974 8975
f 8973 7315 6756
f 6756 7315 7318
f 7318 7315 7440
f 7440 7315 7319
f 7440 7319 6752
f 6752 7319 7321
f 6752 7321 6750
f 6750 7321 7323
f 6750 7323 6748
f 6748 7323 7325
f 6748 7325 6746
f 6746 7325 7327
f 6746 7327 6744
f 6744 7327 7329
f 6744 7329 6742
f 6742 7329 7331
f 6742 7331 7333
f 6742 7333 6739
f 6739 7333 7335
f 6739 7335 6737
f 6737 7335 7337
f 6737 7337 6735
f 6735 7337 7339
f 6735 7339 6733
f 6733 7339 7341
f 6733 7341 7439
f 7439 7341 7343
f 7439 7343 6729
f 6729 7343 7345
f 6729 7345 6727
f 6727 7345 7347
f 6727 7347 6725
f 6725 7347 7349
f 6725 7349 6722
f 6722 7349 7351
f 6722 7351 7438
f 7438 7351 7353
f 7438 7353 6718
f 6718 7353 7355
f 6718 7355 6716
f 6716 7355 7357
f 6716 7357 6714
f 6714 7357 7359
f 6714 7359 6712
f 6712 7359 7361
f 6712 7361 6710
f 6710 7361 7363
f 6710 7363 6708
f 6708 7363 7365
f 6708 7365 6705
f 6705 7365 7367
f 6705 7367 6703
f 6703 7367 7369
f 6703 7369 6701
f 6701 7369 7371
f 6701 7371 6699
f 6699 7371 7373
f 6699 7373 6697
f 6697 7373 7375
f 6697 7375 6695
f 6695 7375 7377
f 6695 7377 6693
f 6693 7377 7379
f 6693 7379 6691
f 6691 7379 7381
f 6691 7381 6689
f 6689 7381 7383
f 6689 7383 6686
f 6686 7383 7385
f 6686 7385 6684
f 6684 7385 7387
f 6684 7387 6682
f 6682 7387 7389
f 6682 7389 6680
f 6680 7389 7391
f 6680 7391 6678
f 6678 7391 7393
f 6678 7393 6676
f 6676 7393 7395
f 6676 7395 6674
f 6674 7395 7397
f 6674 7397 7437
f 7437 7397 7399
f 7437 7399 6669
f 6669 7399 7401
f 6669 7401 6667
f 6667 7401 7403
f 6667 7403 6665
f 6665 7403 7405
f 6665 7405 6663
f 6663 7405 7407
f 6663 7407 6661
f 6661 7407 7409
f 6661 7409 6659
f 6659 7409 7411
f 6659 7411 6657
f 6657 7411 7413
f 6657 7413 7436
f 7436 7413 7415
f 7436 7415 6652
f 6652 7415 7417
f 6652 7417 6650
f 6650 7417 7419
f 6650 7419 7421
f 6650 7421 6648
f 6648 7421 7423
f 6648 7423 6646
f 6646 7423 7425
f 6646 7425 6644
f 6644 7425 7427
f 6644 7427 6642
f 6642 7427 7429
f 6642 7429 6640
f 6640 7429 7431
f 6640 7431 7435
f 7435 7431 7433
f 7435 7433 7313
f 7313 7433 6635
f 6635 7433 8976
f 8976 7433 8977
f 8978 8979 8977
f 8977 8979 8980
f 8979 8978 8981
f 8981 8978 8982
f 8981 8982 8983
f 8983 8982 8984
f 8983 8984 8985
f 8985 8984 8986
f 8985 8986 8987
f 8987 8986 8988
f 8987 8988 8989
f 8989 8988 8990
f 8989 8990 8991
f 8991 8990 8992
f 8991 8992 8993
f 8993 8992 8994
f 8993 8994 8995
f 8995 8994 8996
f 8995 8996 8997
f 8997 8996 8998
f 8997 8998 8999
f 8999 8998 9000
f 8999 9000 9001
f 9001 9000 9002
f 9001 9002 9003
f 9003 9002 9004
f 9003 9004 9005
f 9005 9004 9006
f 9005 9006 9007
f 9007 9006 9008
f 9007 9008 9009
f 9009 9008 9010
f 9009 9010 9011
f 9011 9010 9012
f 9011 9012 9013
f 9013 9012 9014
f 9013 9014 9015
f 9015 9014 9016
f 9015 9016 9017
f 9017 9016 9018
f 9017 9018 9019
f 9019 9018 9020
f 9019 9020 9021
f 9021 9020 9022
f 9021 9022 9023
f 9023 9022 9024
f 9023 9024 9025
f 9025 9024 9026
f 9025 9026 9027
f 9027 9026 9028
f 9027 9028 9029
f 9029 9028 9030
f 9029 9030 9031
f 9031 9030 9032
f 9031 9032 9033
f 9033 9032 9034
f 9033 9034 9035
f 9035 9034 9036
f 9035 9036 9037
f 9037 9036 9038
f 9037 9038 9039
f 9039 9038 9040
f 9039 9040 9041
f 9041 9040 9042
f 9041 9042 9043
f 9043 9042 9044
f 9043 9044 9045
f 9045 9044 9046
f 9045 9046 9047
f 9047 9046 9048
f 9047 9048 9049
f 9049 9048 9050
f 9049 9050 9051
f 9051 9050 9052
f 9051 9052 9053
f 9053 9052 9054
f 9053 9054 9055
f 9055 9054 9056
f 9055 9056 9057
f 9057 9056 9058
f 9057 9058 9059
f 9059 9058 9060
f 9059 9060 9061
f 9061 9060 9062
f 9061 9062 9063
f 9063 9062 9064
f 9063 9064 9065
f 9065 9064 9066
f 9065 9066 9067
f 9067 9066 9068
f 9067 9068 9069
f 9069 9068 9070
f 9069 9070 9071
f 9071 9070 9072
f 9071 9072 9073
f 9073 9072 9074
f 9073 9074 9075
f 9075 9074 9076
f 9075 9076 9077
f 9077 9076 9078
f 9077 9078 9079
f 9079 9078 9080
f 9079 9080 9081
f 9081 9080 9082
f 9081 9082 9083
f 9083 9082 9084
f 9083 9084 9085
f 9085 9084 9086
f 9085 9086 9087
f 9087 9086 9088
f 9087 9088 9089
f 9089 9088 9090
f 9089 9090 9091
f 9091 9090 9092
f 9091 9092 8975
f 8975 9092 7317
f 8980 8976 8977
f 9093 9094 8975
f 8975 9094 9091
f 9091 9094 9095
f 9091 9095 9089
f 9089 9095 9096
f 9089 9096 9097
f 9089 9097 9087
f 9087 9097 9098
f 9087 9098 9099
f 9087 9099 9085
f 9085 9099 9100
f 9085 9100 9101
f 9085 9101 9083
f 9083 9101 9102
f 9083 9102 9103
f 9083 9103 9081
f 9081 9103 9104
f 9081 9104 9105
f 9081 9105 9079
f 9079 9105 9106
f 9079 9106 9107
f 9079 9107 9077
f 9077 9107 9108
f 9077 9108 9109
f 9077 9109 9075
f 9075 9109 9110
f 9075 9110 9111
f 9075 9111 9073
f 9073 9111 9112
f 9073 9112 9071
f 9071 9112 9113
f 9071 9113 9114
f 9071 9114 9069
f 9069 9114 9115
f 9069 9115 9116
f 9069 9116 9067
f 9067 9116 9117
f 9067 9117 9118
f 9067 9118 9065
f 9065 9118 9119
f 9065 9119 9120
f 9065 9120 9063
f 9063 9120 9121
f 9063 9121 9122
f 9063 9122 9061
f 9061 9122 9123
f 9061 9123 9059
f 9059 9123 9124
f 9059 9124 9125
f 9059 9125 9057
f 9057 9125 9126
f 9057 9126 9127
f 9057 9127 9055
f 9055 9127 9128
f 9055 9128 9129
f 9055 9129 9053
f 9053 9129 9130
f 9053 9130 9131
f 9053 9131 9051
f 9051 9131 9132
f 9051 9132 9133
f 9051 9133 9049
f 9049 9133 9134
f 9049 9134 9135
f 9049 9135 9047
f 9047 9135 9136
f 9047 9136 9045
f 9045 9136 9137
f 9045 9137 9043
f 9043 9137 9138
f 9043 9138 9139
f 9043 9139 9041
f 9041 9139 9140
f 9041 9140 9039
f 9039 9140 9141
f 9039 9141 9037
f 9037 9141 9142
f 9037 9142 9143
f 9037 9143 9035
f 9035 9143 9144
f 9035 9144 9145
f 9035 9145 9033
f 9033 9145 9146
f 9033 9146 9147
f 9033 9147 9031
f 9031 9147 9148
f 9031 9148 9149
f 9031 9149 9029
f 9029 9149 9150
f 9029 9150 9027
f 9027 9150 9151
f 9027 9151 9152
f 9027 9152 9025
f 9025 9152 9153
f 9025 9153 9023
f 9023 9153 9154
f 9023 9154 9155
f 9023 9155 9021
f 9021 9155 9156
f 9021 9156 9157
f 9021 9157 9019
f 9019 9157 9158
f 9019 9158 9159
f 9019 9159 9017
f 9017 9159 9160
f 9017 9160 9161
f 9017 9161 9015
f 9015 9161 9162
f 9015 9162 9163
f 9015 9163 9013
f 9013 9163 9164
f 9013 9164 9011
f 9011 9164 9165
f 9011 9165 9166
f 9011 9166 9009
f 9009 9166 9167
f 9009 9167 9168
f 9009 9168 9007
f 9007 9168 9169
f 9007 9169 9170
f 9007 9170 9005
f 9005 9170 9171
f 9005 9171 9172
f 9005 9172 9003
f 9003 9172 9173
f 9003 9173 9174
f 9003 9174 9001
f 9001 9174 9175
f 9001 9175 9176
f 9001 9176 8999
f 8999 9176 9177
f 8999 9177 8997
f 8997 9177 9178
f 8997 9178 9179
f 8997 9179 8995
f 8995 9179 9180
f 8995 9180 9181
f 8995 9181 8993
f 8993 9181 9182
f 8993 9182 9183
f 8993 9183 8991
f 8991 9183 9184
f 8991 9184 8989
f 8989 9184 9185
f 8989 9185 9186
f 8989 9186 8987
f 8987 9186 9187
f 8987 9187 9188
f 8987 9188 8985
f 8985 9188 9189
f 8985 9189 9190
f 8985 9190 8983
f 8983 9190 9191
f 8983 9191 9192
f 8983 9192 8981
f 8981 9192 9193
f 9194 8979 9193
f 9193 8979 8981
f 8977 8912 8978
f 8978 8912 8910
f 8978 8910 8982
f 8982 8910 8908
f 8982 8908 8984
f 8984 8908 8906
f 8984 8906 8986
f 8986 8906 8904
f 8986 8904 8988
f 8988 8904 8902
f 8988 8902 8990
f 8990 8902 8900
f 8990 8900 8992
f 8992 8900 8898
f 8992 8898 8994
f 8994 8898 8896
f 8994 8896 8996
f 8996 8896 8894
f 8996 8894 8998
f 8998 8894 8892
f 8998 8892 9000
f 9000 8892 8890
f 9000 8890 9002
f 9002 8890 8888
f 9002 8888 9004
f 9004 8888 8886
f 9004 8886 9006
f 9006 8886 8884
f 9006 8884 9008
f 9008 8884 8882
f 9008 8882 9010
f 9010 8882 8880
f 9010 8880 9012
f 9012 8880 8878
f 9012 8878 9014
f 9014 8878 8876
f 9014 8876 9016
f 9016 8876 8874
f 9016 8874 9018
f 9018 8874 8872
f 9018 8872 9020
f 9020 8872 8870
f 9020 8870 9022
f 9022 8870 8868
f 9022 8868 9024
f 9024 8868 8866
f 9024 8866 9026
f 9026 8866 8864
f 9026 8864 9028
f 9028 8864 8862
f 9028 8862 9030
f 9030 8862 8860
f 9030 8860 9032
f 9032 8860 8858
f 9032 8858 9034
f 9034 8858 8856
f 9034 8856 9036
f 9036 8856 8853
f 9036 8853 9038
f 9038 8853 8851
f 9038 8851 9040
f 9040 8851 8849
f 9040 8849 9042
f 9042 8849 8847
f 9042 8847 9044
f 9044 8847 8845
f 9044 8845 9046
f 9046 8845 8843
f 9046 8843 9048
f 9048 8843 8841
f 9048 8841 9050
f 9050 8841 8839
f 9050 8839 9052
f 9052 8839 8837
f 9052 8837 9054
f 9054 8837 8835
f 9054 8835 9056
f 9056 8835 8833
f 9056 8833 9058
f 9058 8833 8831
f 9058 8831 9060
f 9060 8831 8829
f 9060 8829 9062
f 9062 8829 8827
f 9062 8827 9064
f 9064 8827 8825
f 9064 8825 9066
f 9066 8825 8823
f 9066 8823 9068
f 9068 8823 8821
f 9068 8821 9070
f 9070 8821 8819
f 9070 8819 9072
f 9072 8819 8817
f 9072 8817 9074
f 9074 8817 8815
f 9074 8815 9076
f 9076 8815 8813
f 9076 8813 9078
f 9078 8813 8811
f 9078 8811 9080
f 9080 8811 8809
f 9080 8809 9082
f 9082 8809 8807
f 9082 8807 9084
f 9084 8807 8805
f 9084 8805 9086
f 9086 8805 8803
f 9086 8803 9088
f 9088 8803 8801
f 9088 8801 9090
f 9090 8801 8799
f 9090 8799 9092
f 9092 8799 8797
f 9092 8797 7317
f 7317 8797 7316
f 8794 8549 8795
f 8795 8549 8551
f 8614 8299 8550
f 8550 8299 8301
f 8430 8109 8300
f 8300 8109 8111
f 8108 7855 8110
f 8110 7855 7854
f 7919 8045 7920
f 7920 8045 8236
f 8237 8426 8235
f 8235 8426 8424
f 8425 8733 8423
f 8423 8733 8734
f 8732 8913 8735
f 8735 8913 8914
f 8912 8977 7434
f 7434 8977 7433
f 9195 9196 9197
f 9197 9196 9198
f 9197 9198 9199
f 9199 9198 9200
f 9199 9200 9201
f 9201 9200 9202
f 9201 9202 9203
f 9203 9202 9204
f 9203 9204 9205
f 9205 9204 9206
f 9205 9206 9207
f 9207 9206 9208
f 9207 9208 9209
f 9209 9208 9210
f 9209 9210 9211
f 9211 9210 9212
f 9211 9212 9213
f 9213 9212 9214
f 9213 9214 9215
f 9215 9214 9216
f 9215 9216 9217
f 9217 9216 9218
f 9217 9218 9219
f 9219 9218 9220
f 9219 9220 9221
f 9221 9220 9222
f 9221 9222 9223
f 9223 9222 9224
f 9223 9224 9225
f 9225 9224 9226
f 9225 9226 9227
f 9227 9226 9228
f 9227 9228 9229
f 9229 9228 9230
f 9229 9230 9231
f 9231 9230 9232
f 9231 9232 9233
f 9233 9232 9234
f 9233 9234 9235
f 9235 9234 9236
f 9235 9236 9237
f 9237 9236 9238
f 9237 9238 9239
f 9239 9238 9240
f 9239 9240 9241
f 9241 9240 9242
f 9241 9242 9243
f 9243 9242 9244
f 9243 9244 9245
f 9245 9244 9246
f 9245 9246 9247
f 9247 9246 9248
f 9247 9248 9249
f 9249 9248 9250
f 9249 9250 9251
f 9251 9250 9252
f 9251 9252 9253
f 9253 9252 9254
f 9253 9254 9255
f 9255 9254 9256
f 9255 9256 9257
f 9257 9256 9258
f 9257 9258 9259
f 9259 9258 9260
f 9259 9260 9261
f 9261 9260 9262
f 9261 9262 9263
f 9263 9262 9264
f 9263 9264 9265
f 9265 9264 9266
f 9265 9266 9267
f 9267 9266 9268
f 9267 9268 9269
f 9269 9268 9270
f 9269 9270 9271
f 9271 9270 9272
f 9271 9272 9273
f 9273 9272 9274
f 9273 9274 9275
f 9275 9274 9276
f 9275 9276 9277
f 9277 9276 9278
f 9277 9278 9279
f 9279 9278 9280
f 9279 9280 9281
f 9281 9280 9282
f 9281 9282 9283
f 9283 9282 9284
f 9283 9284 9285
f 9285 9284 9286
f 9285 9286 9287
f 9287 9286 9288
f 9287 9288 9289
f 9289 9288 9290
f 9289 9290 9291
f 9291 9290 9292
f 9291 9292 9293
f 9293 9292 9294
f 9293 9294 9295
f 9295 9294 9296
f 9295 9296 9297
f 9297 9296 9298
f 9297 9298 9299
f 9299 9298 9300
f 9299 9300 9301
f 9301 9300 9302
f 9301 9302 9303
f 9303 9302 9304
f 9303 9304 9305
f 9305 9304 9306
f 9305 9306 9307
f 9307 9306 9308
f 9307 9308 9309
f 9309 9308 9310
f 9309 9310 9311
f 9311 9310 9312
f 9311 9312 9313
f 9313 9312 9314
f 9313 9314 9315
f 9315 9314 9316
f 9315 9316 9317
f 9317 9316 9318
f 9317 9318 9319
f 9319 9318 9320
f 9319 9320 9321
f 9321 9320 9322
f 9321 9322 9323
f 9323 9322 9324
f 9323 9324 9325
f 9325 9324 9326
f 9327 9328 9329
f 9329 9328 9330
f 9331 9332 9333
f 9333 9332 9334
f 9335 9336 9337
f 9337 9336 9338
f 9339 9335 9340
f 9340 9335 9337
f 9341 9342 9343
f 9343 9342 9344
f 9345 9346 9347
f 9347 9346 9348
f 9349 9350 9351
f 9351 9350 9352
f 9353 9354 9355
f 9355 9354 9356
f 9354 9353 9356
f 9356 9353 9355
f 9357 9358 9359
f 9359 9358 9360
f 9361 9362 9363
f 9363 9362 9364
f 9272 9361 9271
f 9271 9361 9363
f 9365 9266 9366
f 9366 9266 9265
f 9367 9368 9369
f 9369 9368 9370
f 9371 9372 9373
f 9373 9372 9374
f 9375 9376 9377
f 9377 9376 9378
f 9246 9379 9245
f 9245 9379 9380
f 9381 9246 9382
f 9382 9246 9245
f 9383 9384 9385
f 9385 9384 9386
f 9387 9388 9389
f 9389 9388 9390
f 9391 9392 9393
f 9393 9392 9394
f 9395 9391 9396
f 9396 9391 9393
f 9397 9398 9399
f 9399 9398 9400
f 9401 9402 9403
f 9403 9402 9404
f 9405 9406 9407
f 9407 9406 9408
f 9409 9214 9410
f 9410 9214 9213
f 9411 9409 9412
f 9412 9409 9410
f 9206 9413 9205
f 9205 9413 9414
f 9415 9206 9416
f 9416 9206 9205
f 9417 9418 9419
f 9419 9418 9420
f 9421 9422 9423
f 9423 9422 9424
f 9425 9426 9427
f 9427 9426 9428
f 9429 9430 9431
f 9431 9430 9432
f 9433 9429 9434
f 9434 9429 9431
f 9435 9436 9437
f 9437 9436 9438
f 9439 9435 9440
f 9440 9435 9437
f 9441 9395 9442
f 9442 9395 9396
f 9443 9387 9444
f 9444 9387 9389
f 9387 9443 9389
f 9389 9443 9444
f 9445 9446 9447
f 9447 9446 9448
f 9375 9376 9377
f 9377 9376 9378
f 9449 9450 9451
f 9451 9450 9452
f 9453 9371 9454
f 9454 9371 9373
f 9455 9272 9456
f 9456 9272 9271
f 9457 9455 9458
f 9458 9455 9456
f 9459 9276 9460
f 9460 9276 9275
f 9461 9462 9463
f 9463 9462 9464
f 9465 9461 9466
f 9466 9461 9463
f 9467 9468 9469
f 9469 9468 9470
f 9471 9472 9473
f 9473 9472 9474
f 9475 9476 9477
f 9477 9476 9478
f 9479 9480 9481
f 9481 9480 9482
f 9483 9484 9485
f 9485 9484 9486
f 9339 9487 9340
f 9340 9487 9488
f 9489 9490 9491
f 9491 9490 9492
f 9493 9494 9495
f 9495 9494 9496
f 9336 9335 9338
f 9338 9335 9337
f 9497 9498 9499
f 9499 9498 9500
f 9501 9292 9502
f 9502 9292 9291
f 9350 9288 9352
f 9352 9288 9287
f 9357 9503 9359
f 9359 9503 9504
f 9505 9506 9507
f 9507 9506 9508
f 9509 9510 9511
f 9511 9510 9512
f 9513 9514 9515
f 9515 9514 9516
f 9368 9517 9370
f 9370 9517 9518
f 9519 9520 9521
f 9521 9520 9522
f 9523 9519 9524
f 9524 9519 9521
f 9250 9525 9249
f 9249 9525 9526
f 9527 9528 9529
f 9529 9528 9530
f 9531 9527 9532
f 9532 9527 9529
f 9383 9384 9385
f 9385 9384 9386
f 9533 9398 9534
f 9534 9398 9400
f 9535 9439 9536
f 9536 9439 9440
f 9537 9535 9538
f 9538 9535 9536
f 9539 9214 9540
f 9540 9214 9213
f 9541 9542 9543
f 9543 9542 9544
f 9545 9546 9547
f 9547 9546 9548
f 9549 9545 9550
f 9550 9545 9547
f 9417 9200 9419
f 9419 9200 9199
f 9551 9552 9553
f 9553 9552 9554
f 9200 9551 9199
f 9199 9551 9553
f 9555 9546 9556
f 9556 9546 9548
f 9557 9558 9559
f 9559 9558 9560
f 9558 9557 9560
f 9560 9557 9559
f 9539 9561 9540
f 9540 9561 9562
f 9563 9564 9565
f 9565 9564 9566
f 9567 9568 9569
f 9569 9568 9570
f 9571 9572 9573
f 9573 9572 9574
f 9575 9395 9576
f 9576 9395 9396
f 9441 9575 9442
f 9442 9575 9576
f 9577 9578 9579
f 9579 9578 9580
f 9581 9381 9582
f 9582 9381 9382
f 9583 9581 9584
f 9584 9581 9582
f 9585 9586 9587
f 9587 9586 9588
f 9589 9585 9590
f 9590 9585 9587
f 9591 9520 9592
f 9592 9520 9522
f 9513 9593 9515
f 9515 9593 9594
f 9514 9513 9516
f 9516 9513 9515
f 9457 9455 9458
f 9458 9455 9456
f 9503 9595 9504
f 9504 9595 9596
f 9465 9462 9466
f 9466 9462 9464
f 9597 9598 9599
f 9599 9598 9600
f 9601 9597 9602
f 9602 9597 9599
f 9603 9604 9605
f 9605 9604 9606
f 9607 9603 9608
f 9608 9603 9605
f 9197 9424 9195
f 9195 9424 9609
f 9199 9553 9197
f 9197 9553 9610
f 9197 9610 9611
f 9201 9420 9199
f 9199 9420 9419
f 9203 9427 9201
f 9201 9427 9612
f 9201 9612 9613
f 9205 9614 9203
f 9203 9614 9547
f 9203 9547 9548
f 9207 9560 9205
f 9205 9560 9416
f 9209 9543 9207
f 9207 9543 9615
f 9207 9615 9616
f 9211 9431 9209
f 9209 9431 9432
f 9213 9562 9211
f 9211 9562 9617
f 9211 9617 9618
f 9215 9619 9213
f 9213 9619 9410
f 9217 9440 9215
f 9219 9407 9217
f 9217 9407 9620
f 9217 9620 9621
f 9221 9566 9219
f 9219 9566 9622
f 9223 9623 9221
f 9221 9623 9624
f 9221 9624 9625
f 9225 9626 9223
f 9223 9626 9627
f 9227 9400 9225
f 9225 9400 9569
f 9229 9628 9227
f 9227 9628 9629
f 9227 9629 9630
f 9231 9574 9229
f 9233 9393 9231
f 9231 9393 9631
f 9231 9631 9632
f 9235 9633 9233
f 9233 9633 9576
f 9233 9576 9396
f 9237 9389 9235
f 9235 9389 9390
f 9235 9390 9634
f 9239 9579 9237
f 9237 9579 9635
f 9237 9635 9636
f 9241 9385 9239
f 9239 9385 9386
f 9243 9447 9241
f 9241 9447 9637
f 9637 9447 9448
f 9245 9638 9243
f 9243 9638 9529
f 9243 9529 9530
f 9247 9382 9245
f 9247 9249 9639
f 9247 9639 9640
f 9251 9377 9249
f 9249 9377 9378
f 9253 9590 9251
f 9251 9590 9587
f 9251 9587 9641
f 9641 9587 9588
f 9255 9642 9253
f 9253 9642 9643
f 9257 9522 9255
f 9255 9522 9451
f 9259 9374 9257
f 9257 9374 9644
f 9257 9644 9645
f 9261 9454 9259
f 9263 9369 9261
f 9265 9515 9263
f 9263 9515 9594
f 9263 9594 9646
f 9646 9594 9647
f 9267 9648 9265
f 9265 9648 9649
f 9265 9649 9366
f 9269 9650 9267
f 9267 9650 9651
f 9271 9363 9269
f 9269 9363 9652
f 9269 9652 9653
f 9273 9456 9271
f 9275 9507 9273
f 9273 9507 9654
f 9654 9507 9508
f 9277 9655 9275
f 9275 9655 9656
f 9275 9656 9460
f 9279 9360 9277
f 9277 9360 9504
f 9281 9463 9279
f 9279 9463 9657
f 9279 9657 9658
f 9283 9659 9281
f 9281 9659 9466
f 9466 9659 9660
f 9285 9356 9283
f 9283 9356 9355
f 9283 9355 9661
f 9661 9355 9356
f 9287 9662 9285
f 9285 9662 9663
f 9285 9663 9664
f 9289 9474 9287
f 9287 9474 9351
f 9291 9665 9289
f 9289 9665 9666
f 9289 9666 9667
f 9293 9668 9291
f 9291 9668 9502
f 9295 9599 9293
f 9297 9669 9295
f 9295 9669 9670
f 9295 9670 9671
f 9299 9477 9297
f 9297 9477 9478
f 9301 9499 9299
f 9299 9499 9672
f 9299 9672 9673
f 9303 9482 9301
f 9301 9482 9674
f 9305 9675 9303
f 9303 9675 9608
f 9303 9608 9605
f 9307 9676 9305
f 9305 9676 9677
f 9305 9677 9348
f 9348 9677 9347
f 9309 9678 9307
f 9307 9678 9679
f 9307 9679 9485
f 9311 9680 9309
f 9309 9680 9681
f 9309 9681 9682
f 9313 9683 9311
f 9311 9683 9343
f 9315 9337 9313
f 9317 9684 9315
f 9315 9684 9685
f 9315 9685 9488
f 9488 9685 9340
f 9319 9334 9317
f 9317 9334 9496
f 9496 9334 9495
f 9321 9686 9319
f 9319 9686 9687
f 9319 9687 9688
f 9323 9492 9321
f 9325 9329 9323
f 9323 9329 9330
f 9689 6932 9325
f 9325 6932 9690
f 9325 9690 9691
f 9689 6931 6932
f 9692 7186 9689
f 9689 7186 6931
f 9693 6936 9692
f 9692 6936 9694
f 9692 9694 9695
f 9696 7244 9693
f 9693 7244 6935
f 9697 7137 9696
f 9696 7137 7138
f 9698 9699 9697
f 9697 9699 9700
f 9697 9700 7062
f 9701 7055 9698
f 9698 7055 7056
f 9702 6942 9701
f 9701 6942 9703
f 9701 9703 9704
f 9705 7134 9702
f 9702 7134 6941
f 6941 7134 7066
f 9706 7190 9705
f 9705 7190 7051
f 9705 7051 7052
f 9707 9708 9706
f 9706 9708 9709
f 9706 9709 6946
f 9710 7142 9707
f 9707 7142 7047
f 7129 7247 9710
f 9710 7247 9711
f 9710 9711 9712
f 9713 7166 7129
f 7129 7166 7132
f 7124 6949 9713
f 9713 6949 6950
f 9713 6950 9714
f 7044 9715 7124
f 7124 9715 9716
f 7124 9716 7126
f 9717 7144 7044
f 9718 7122 9717
f 9717 7122 9719
f 9717 9719 9720
f 9721 6955 9718
f 9718 6955 6956
f 9722 7071 9721
f 9721 7071 7072
f 9721 7072 9723
f 6962 9724 9722
f 9722 9724 9725
f 9722 9725 7240
f 9726 7252 6962
f 7146 7040 9726
f 9726 7040 9727
f 9726 9727 9728
f 9729 7254 7146
f 7146 7254 7192
f 6966 7238 9729
f 9729 7238 9730
f 9731 9732 6966
f 9733 7164 9731
f 9731 7164 7077
f 9734 7260 9733
f 9733 7260 9735
f 9733 9735 9736
f 9737 7302 9734
f 9734 7302 7259
f 7169 6970 9737
f 9737 6970 7032
f 9737 7032 9738
f 9739 9740 7169
f 9741 7196 9739
f 9742 7082 9741
f 9741 7082 9743
f 9741 9743 9744
f 9745 7232 9742
f 9742 7232 7116
f 9746 7298 9745
f 9745 7298 7181
f 9747 6974 9746
f 9746 6974 7230
f 9746 7230 9748
f 7112 9749 9747
f 9747 9749 9750
f 9747 9750 6973
f 9751 7030 7112
f 9752 7110 9751
f 9751 7110 9753
f 9751 9753 9754
f 9755 7109 9752
f 9756 6978 9755
f 9755 6978 7199
f 9755 7199 9757
f 9757 7199 7200
f 7226 9758 9756
f 9756 9758 9759
f 9756 9759 7178
f 9760 6981 7226
f 7226 6981 6982
f 9761 7022 9760
f 9760 7022 9762
f 9760 9762 9763
f 9764 7021 9761
f 7162 7106 9764
f 9764 7106 7265
f 9764 7265 9765
f 9765 7265 7266
f 7204 9766 7162
f 9767 7085 7204
f 7204 7085 7086
f 9768 6986 9767
f 9767 6986 9769
f 9767 9769 9770
f 9771 7268 9768
f 9768 7268 6985
f 7206 7016 9771
f 9771 7016 7290
f 9771 7290 9772
f 9773 9774 7206
f 9775 7160 9773
f 9773 7160 7097
f 9773 7097 7098
f 9776 6990 9775
f 9775 6990 9777
f 9775 9777 9778
f 9779 7288 9776
f 9776 7288 7175
f 9780 7224 9779
f 9779 7224 9781
f 9779 9781 9782
f 9783 9784 9780
f 9780 9784 6993
f 9785 7011 9783
f 9783 7011 7012
f 9786 7273 9785
f 9785 7273 9787
f 9785 9787 9788
f 9789 7220 9786
f 9786 7220 7157
f 9790 7213 9789
f 9789 7213 9791
f 9789 9791 9792
f 9793 9794 9790
f 9790 9794 7286
f 9795 6997 9793
f 9793 6997 6998
f 7004 7281 9795
f 9795 7281 9796
f 9795 9796 9797
f 9798 7003 7004
f 9799 7091 9798
f 9798 7091 9800
f 9798 9800 9801
f 9195 7218 9799
f 9799 7218 7092
f 9802 7218 9803
f 9803 7218 9195
f 7092 7091 9799
f 7154 7003 9801
f 9801 7003 9798
f 7154 7006 7003
f 7281 7282 9796
f 7278 7276 9797
f 9797 7276 9795
f 7276 6997 9795
f 9793 6998 9804
f 9793 9804 9794
f 6998 7008 9804
f 9794 7285 7286
f 7286 7216 9790
f 7216 7213 9790
f 7213 7214 9791
f 7222 7220 9792
f 9792 7220 9789
f 9786 7157 7274
f 9786 7274 7273
f 7273 7274 9787
f 7011 7210 9788
f 9788 7210 9785
f 7210 7011 9785
f 9783 7012 9805
f 9783 9805 9784
f 7012 7094 9805
f 9784 7172 6993
f 9780 6993 6994
f 6994 7224 9780
f 7224 6994 9781
f 7176 7288 9782
f 9782 7288 9779
f 9776 7175 6990
f 7175 6989 6990
f 6990 6989 9777
f 9778 7160 9775
f 7160 7100 7097
f 9773 7098 9806
f 9806 7098 7270
f 9806 9774 9773
f 9774 7208 7206
f 7206 7015 7016
f 7016 7015 7102
f 9772 9807 9771
f 9771 9807 7268
f 9807 6985 7268
f 6985 6986 9768
f 6985 7018 6986
f 6986 7018 9769
f 9770 7292 9767
f 7292 7085 9767
f 9808 7204 7086
f 9808 9766 7204
f 9766 7105 7162
f 7162 7105 7106
f 9765 9809 9764
f 9764 9809 7021
f 9809 7202 7021
f 7021 7022 9761
f 7022 7294 9762
f 9763 6981 9760
f 9758 7226 7026
f 7178 6978 9756
f 7178 9810 6978
f 9810 6977 6978
f 9757 9811 9755
f 9755 9811 7109
f 9811 7228 7109
f 7109 7110 9752
f 7110 7262 9753
f 9754 7152 9751
f 7152 7030 9751
f 7030 7029 7112
f 9749 7112 7296
f 9747 6973 6974
f 9748 9812 9746
f 9746 9812 7298
f 9812 7300 7298
f 7181 7149 9745
f 7150 7234 7149
f 7149 7234 7232
f 7116 7082 9742
f 7082 7081 9743
f 9744 7195 9741
f 7195 7196 9741
f 7196 9813 9739
f 9739 9813 9814
f 9814 9740 9739
f 9740 7170 7169
f 7169 7170 6969
f 7169 6969 6970
f 9738 9815 9737
f 9737 9815 7302
f 9815 7304 7302
f 7259 7260 9734
f 7236 7164 9736
f 9736 7164 9733
f 7164 7118 7077
f 9731 7077 7078
f 9731 7078 9816
f 9816 9732 9731
f 9732 6965 6966
f 6966 7036 7238
f 9730 9817 9729
f 9729 9817 7254
f 9817 7256 7254
f 7146 7039 7040
f 7040 7039 9727
f 7308 7306 9728
f 9728 7306 9726
f 7306 7252 9726
f 7252 6961 6962
f 9724 6962 6961
f 9722 7240 7184
f 9722 7184 7071
f 7071 7184 7074
f 9723 9818 9721
f 9721 9818 6955
f 9818 6958 6955
f 9718 6956 7121
f 9718 7121 7122
f 7122 7121 9719
f 9720 7250 9717
f 7250 7144 9717
f 7144 7250 9819
f 7144 9819 7043
f 7144 7043 7044
f 9715 7044 7043
f 7124 7068 6949
f 9714 9820 9713
f 9713 9820 7166
f 7129 7130 7247
f 7247 7248 9711
f 7047 7142 9712
f 9712 7142 9710
f 7047 7048 9707
f 7310 9708 7048
f 7048 9708 9707
f 9706 6946 7190
f 7051 9821 7052
f 7052 9821 9705
f 9821 9822 9705
f 9705 9822 7134
f 9822 7066 7134
f 9702 6941 6942
f 6942 7188 9703
f 7058 7055 9704
f 9704 7055 9701
f 7056 7242 9698
f 9698 7242 9823
f 9823 9699 9698
f 9697 7062 7137
f 7312 9824 7138
f 7138 9824 9696
f 9824 9825 9696
f 9696 9825 7244
f 6935 6936 9693
f 6938 7064 6936
f 6936 7064 9694
f 9695 7186 9692
f 9325 9691 9329
f 9330 9826 9323
f 9826 9827 9323
f 9323 9827 9492
f 9827 9491 9492
f 9321 9828 9686
f 9333 9334 9688
f 9688 9334 9319
f 9317 9496 9829
f 9829 9684 9317
f 9488 9340 9315
f 9315 9340 9337
f 9338 9830 9337
f 9337 9830 9313
f 9830 9831 9313
f 9313 9831 9683
f 9831 9832 9683
f 9311 9343 9344
f 9311 9344 9680
f 9680 9833 9681
f 9682 9678 9309
f 9307 9485 9486
f 9679 9834 9485
f 9486 9676 9307
f 9348 9675 9305
f 9675 9606 9608
f 9606 9835 9605
f 9605 9835 9303
f 9835 9836 9303
f 9303 9836 9482
f 9836 9481 9482
f 9674 9499 9301
f 9499 9500 9672
f 9673 9477 9299
f 9297 9478 9837
f 9297 9837 9838
f 9837 9669 9838
f 9838 9669 9297
f 9295 9671 9602
f 9295 9602 9599
f 9671 9600 9602
f 9839 9840 9599
f 9599 9840 9293
f 9840 9841 9293
f 9293 9841 9668
f 9291 9842 9665
f 9665 9842 9666
f 9473 9474 9667
f 9667 9474 9289
f 9351 9352 9287
f 9843 9662 9287
f 9285 9664 9470
f 9664 9469 9470
f 9470 9356 9285
f 9661 9844 9283
f 9283 9844 9659
f 9281 9466 9463
f 9463 9464 9657
f 9359 9360 9658
f 9658 9360 9279
f 9360 9359 9504
f 9277 9504 9596
f 9277 9596 9655
f 9655 9596 9845
f 9846 9507 9275
f 9654 9847 9273
f 9273 9847 9456
f 9847 9458 9456
f 9363 9364 9652
f 9511 9512 9653
f 9653 9512 9269
f 9512 9650 9269
f 9651 9848 9267
f 9267 9848 9648
f 9265 9366 9515
f 9515 9366 9516
f 9646 9849 9263
f 9263 9849 9369
f 9369 9370 9261
f 9261 9370 9518
f 9454 9373 9259
f 9259 9373 9374
f 9524 9521 9645
f 9645 9521 9257
f 9521 9522 9257
f 9255 9451 9850
f 9850 9451 9452
f 9850 9642 9255
f 9643 9851 9253
f 9253 9851 9590
f 9590 9851 9588
f 9641 9852 9251
f 9251 9852 9377
f 9249 9526 9639
f 9584 9582 9640
f 9640 9582 9247
f 9582 9382 9247
f 9853 9245 9380
f 9853 9638 9245
f 9638 9532 9529
f 9243 9530 9447
f 9447 9530 9448
f 9637 9854 9241
f 9241 9854 9385
f 9386 9579 9239
f 9579 9580 9635
f 9389 9444 9636
f 9636 9444 9237
f 9444 9389 9237
f 9235 9634 9855
f 9855 9633 9235
f 9633 9442 9576
f 9396 9393 9233
f 9393 9394 9631
f 9632 9574 9231
f 9574 9628 9229
f 9399 9400 9630
f 9630 9400 9227
f 9225 9569 9856
f 9225 9856 9626
f 9569 9570 9856
f 9627 9403 9404
f 9627 9404 9223
f 9223 9404 9623
f 9565 9566 9625
f 9625 9566 9221
f 9219 9622 9407
f 9407 9622 9857
f 9407 9408 9620
f 9538 9536 9621
f 9621 9536 9217
f 9536 9440 9217
f 9440 9437 9215
f 9215 9437 9858
f 9215 9858 9619
f 9437 9438 9858
f 9619 9412 9410
f 9213 9412 9540
f 9540 9562 9213
f 9434 9431 9618
f 9618 9431 9211
f 9209 9432 9543
f 9432 9859 9543
f 9543 9544 9615
f 9560 9559 9616
f 9616 9559 9207
f 9559 9560 9207
f 9205 9860 9614
f 9205 9414 9860
f 9614 9550 9547
f 9203 9548 9427
f 9427 9548 9556
f 9427 9428 9612
f 9419 9420 9613
f 9613 9420 9201
f 9553 9554 9610
f 9611 9423 9197
f 9423 9424 9197
f 9195 9609 9803
f 7149 7232 9745
f 9518 9454 9261
f 9861 9483 9679
f 9679 9483 9485
f 9862 9863 9832
f 9832 9863 9683
f 9494 9864 9496
f 9496 9864 9829
f 9865 9322 9866
f 9866 9322 9321
f 9362 9272 9364
f 9364 9272 9271
f 9379 9381 9380
f 9380 9381 9382
f 9392 9395 9394
f 9394 9395 9396
f 9867 9405 9857
f 9857 9405 9407
f 9555 9425 9556
f 9556 9425 9427
f 9868 9439 9869
f 9869 9439 9440
f 9571 9870 9573
f 9573 9870 9628
f 9446 9445 9448
f 9448 9445 9447
f 9450 9449 9452
f 9452 9449 9451
f 9462 9465 9464
f 9464 9465 9466
f 9871 9483 9834
f 9834 9483 9485
f 9872 9873 9828
f 9828 9873 9686
f 9874 9497 9674
f 9674 9497 9499
f 9875 9505 9846
f 9846 9505 9507
f 9514 9513 9516
f 9516 9513 9515
f 9876 9250 9877
f 9877 9250 9249
f 9878 9879 9880
f 9880 9879 9634
f 9881 9541 9859
f 9859 9541 9543
f 9882 9200 9883
f 9883 9200 9199
f 9533 9567 9534
f 9534 9567 9569
f 9586 9589 9588
f 9588 9589 9590
f 9884 9465 9660
f 9660 9465 9466
f 9598 9601 9600
f 9600 9601 9602
f 9604 9607 9606
f 9606 9607 9608
f 9332 9493 9334
f 9334 9493 9495
f 9885 9886 9680
f 9680 9886 9833
f 9342 9885 9344
f 9344 9885 9680
f 9346 9887 9348
f 9348 9887 9675
f 9497 9874 9499
f 9499 9874 9674
f 9874 9497 9674
f 9674 9497 9499
f 9888 9889 9838
f 9838 9889 9837
f 9889 9888 9837
f 9837 9888 9838
f 9890 9501 9668
f 9668 9501 9502
f 9358 9357 9360
f 9360 9357 9359
f 9266 9365 9265
f 9265 9365 9366
f 9891 9892 9643
f 9643 9892 9851
f 9250 9876 9249
f 9249 9876 9877
f 9376 9250 9378
f 9378 9250 9249
f 9384 9383 9386
f 9386 9383 9385
f 9879 9878 9634
f 9634 9878 9880
f 9388 9879 9390
f 9390 9879 9634
f 9398 9533 9400
f 9400 9533 9534
f 9402 9893 9404
f 9404 9893 9623
f 9214 9411 9213
f 9213 9411 9412
f 9418 9417 9420
f 9420 9417 9419
f 9422 9894 9424
f 9424 9894 9609
f 9558 9415 9560
f 9560 9415 9416
f 9395 9392 9396
f 9396 9392 9394
f 9376 9375 9378
f 9378 9375 9377
f 9272 9362 9271
f 9271 9362 9364
f 9276 9875 9275
f 9275 9875 9846
f 9468 9354 9470
f 9470 9354 9356
f 9349 9471 9351
f 9351 9471 9473
f 9472 9349 9474
f 9474 9349 9351
f 9597 9895 9599
f 9599 9895 9839
f 9476 9889 9478
f 9478 9889 9837
f 9480 9874 9482
f 9482 9874 9674
f 9487 9339 9488
f 9488 9339 9340
f 9896 9327 9691
f 9691 9327 9329
f 9322 9865 9321
f 9321 9865 9866
f 9490 9322 9492
f 9492 9322 9321
f 9494 9493 9496
f 9496 9493 9495
f 9335 9336 9337
f 9337 9336 9338
f 9897 9861 9678
f 9678 9861 9679
f 9898 9598 9671
f 9671 9598 9600
f 9292 9899 9291
f 9291 9899 9842
f 9288 9900 9287
f 9287 9900 9843
f 9901 9902 9650
f 9650 9902 9651
f 9510 9901 9512
f 9512 9901 9650
f 9520 9591 9522
f 9522 9591 9592
f 9577 9903 9579
f 9579 9903 9904
f 9384 9577 9386
f 9386 9577 9579
f 9567 9533 9569
f 9569 9533 9534
f 9398 9567 9400
f 9400 9567 9569
f 9439 9537 9440
f 9440 9537 9538
f 9214 9539 9213
f 9213 9539 9540
f 9546 9555 9548
f 9548 9555 9556
f 9200 9882 9199
f 9199 9882 9883
f 9546 9555 9548
f 9548 9555 9556
f 9564 9905 9566
f 9566 9905 9622
f 9870 9571 9628
f 9628 9571 9573
f 9572 9870 9574
f 9574 9870 9628
f 9395 9441 9396
f 9396 9441 9442
f 9528 9446 9530
f 9530 9446 9448
f 9449 9450 9451
f 9451 9450 9452
f 9520 9449 9522
f 9522 9449 9451
f 9593 9906 9594
f 9594 9906 9647
f 9455 9457 9456
f 9456 9457 9458
f 9595 9907 9596
f 9596 9907 9845
f 9908 9467 9664
f 9664 9467 9469
f 9909 9899 9665
f 9665 9899 9842
f 9899 9909 9842
f 9842 9909 9665
f 9476 9475 9478
f 9478 9475 9477
f 9475 9476 9477
f 9477 9476 9478
f 9483 9861 9485
f 9485 9861 9679
f 9863 9341 9683
f 9683 9341 9343
f 9322 9872 9321
f 9321 9872 9828
f 9910 9894 9196
f 9910 9196 7217
f 7217 9196 9911
f 7217 9911 7090
f 9196 9894 9422
f 9198 9422 9421
f 9198 9421 9912
f 9912 9913 9198
f 9198 9913 9551
f 9198 9551 9200
f 9913 9552 9551
f 9200 9417 9418
f 9417 9914 9418
f 9418 9914 9202
f 9418 9202 9200
f 9914 9915 9202
f 9202 9915 9425
f 9202 9425 9204
f 9204 9425 9546
f 9546 9425 9555
f 9915 9426 9425
f 9204 9546 9545
f 9549 9916 9545
f 9545 9916 9204
f 9204 9916 9206
f 9206 9916 9917
f 9206 9917 9413
f 9206 9415 9558
f 9208 9558 9557
f 9208 9557 9918
f 9918 9557 9558
f 9918 9919 9208
f 9208 9919 9541
f 9208 9541 9210
f 9210 9541 9430
f 9430 9541 9881
f 9919 9542 9541
f 9210 9430 9429
f 9433 9920 9429
f 9429 9920 9212
f 9429 9212 9210
f 9920 9921 9212
f 9212 9921 9561
f 9212 9561 9214
f 9214 9561 9539
f 9539 9411 9214
f 9411 9922 9409
f 9409 9922 9214
f 9214 9922 9216
f 9216 9922 9923
f 9216 9923 9435
f 9435 9923 9436
f 9435 9439 9216
f 9218 9439 9535
f 9218 9535 9924
f 9924 9535 9537
f 9924 9925 9218
f 9218 9925 9405
f 9218 9405 9220
f 9220 9405 9905
f 9925 9406 9405
f 9405 9867 9905
f 9220 9905 9564
f 9563 9926 9564
f 9564 9926 9222
f 9564 9222 9220
f 9926 9927 9222
f 9222 9927 9893
f 9222 9893 9224
f 9224 9893 9402
f 9224 9402 9928
f 9402 9401 9928
f 9928 9929 9224
f 9224 9929 9226
f 9226 9929 9930
f 9226 9930 9567
f 9567 9930 9568
f 9226 9567 9398
f 9228 9398 9931
f 9931 9398 9397
f 9931 9932 9228
f 9228 9932 9870
f 9228 9870 9230
f 9870 9572 9230
f 9572 9933 9232
f 9572 9232 9230
f 9933 9934 9232
f 9232 9934 9391
f 9232 9391 9234
f 9234 9391 9395
f 9934 9392 9391
f 9234 9395 9575
f 9441 9935 9575
f 9575 9935 9234
f 9234 9935 9236
f 9236 9935 9936
f 9236 9936 9879
f 9236 9879 9388
f 9388 9387 9236
f 9236 9387 9238
f 9238 9387 9443
f 9238 9443 9937
f 9937 9443 9387
f 9937 9938 9238
f 9238 9938 9577
f 9238 9577 9240
f 9938 9578 9577
f 9577 9384 9240
f 9240 9384 9383
f 9383 9939 9242
f 9383 9242 9240
f 9939 9940 9242
f 9242 9940 9445
f 9940 9446 9445
f 9445 9446 9528
f 9445 9528 9244
f 9528 9527 9244
f 9244 9527 9941
f 9244 9941 9246
f 9246 9941 9942
f 9246 9942 9379
f 9527 9531 9941
f 9246 9381 9248
f 9248 9381 9581
f 9248 9581 9943
f 9943 9581 9583
f 9943 9944 9248
f 9248 9944 9250
f 9944 9525 9250
f 9250 9376 9375
f 9375 9945 9252
f 9375 9252 9250
f 9945 9946 9252
f 9252 9946 9585
f 9252 9585 9589
f 9946 9586 9585
f 9586 9892 9589
f 9589 9892 9254
f 9254 9892 9891
f 9254 9891 9947
f 9254 9947 9256
f 9256 9947 9948
f 9256 9948 9449
f 9449 9948 9450
f 9256 9449 9520
f 9256 9520 9258
f 9258 9520 9519
f 9258 9519 9949
f 9949 9519 9523
f 9949 9950 9258
f 9258 9950 9372
f 9258 9372 9260
f 9260 9372 9371
f 9371 9453 9260
f 9368 9262 9517
f 9517 9262 9260
f 9517 9260 9453
f 9262 9368 9367
f 9262 9367 9264
f 9264 9367 9951
f 9264 9951 9952
f 9906 9593 9952
f 9952 9593 9264
f 9593 9513 9264
f 9264 9513 9266
f 9514 9365 9513
f 9513 9365 9266
f 9953 9266 9365
f 9953 9954 9266
f 9266 9954 9268
f 9268 9954 9955
f 9955 9902 9268
f 9268 9902 9901
f 9268 9901 9270
f 9270 9901 9510
f 9270 9510 9956
f 9956 9510 9509
f 9956 9957 9270
f 9270 9957 9361
f 9270 9361 9272
f 9957 9362 9361
f 9457 9958 9455
f 9455 9958 9274
f 9455 9274 9272
f 9958 9959 9274
f 9274 9959 9505
f 9959 9506 9505
f 9505 9875 9276
f 9276 9960 9961
f 9276 9459 9960
f 9907 9595 9961
f 9961 9595 9278
f 9961 9278 9276
f 9595 9503 9278
f 9503 9357 9358
f 9358 9280 9278
f 9358 9278 9503
f 9357 9962 9358
f 9358 9962 9280
f 9962 9963 9280
f 9280 9963 9461
f 9280 9461 9282
f 9282 9461 9465
f 9963 9462 9461
f 9282 9465 9964
f 9465 9884 9964
f 9964 9965 9284
f 9964 9284 9282
f 9965 9966 9284
f 9284 9966 9353
f 9284 9353 9354
f 9966 9354 9353
f 9354 9468 9286
f 9286 9468 9908
f 9908 9468 9467
f 9286 9908 9967
f 9286 9967 9968
f 9968 9900 9288
f 9968 9288 9286
f 9288 9350 9349
f 9288 9349 9472
f 9288 9472 9290
f 9290 9472 9969
f 9290 9969 9970
f 9472 9471 9969
f 9899 9909 9970
f 9970 9909 9290
f 9290 9909 9292
f 9292 9909 9899
f 9292 9501 9890
f 9890 9971 9294
f 9890 9294 9292
f 9971 9972 9294
f 9294 9972 9597
f 9972 9895 9597
f 9601 9296 9597
f 9597 9296 9294
f 9601 9598 9898
f 9601 9898 9296
f 9296 9898 9973
f 9973 9974 9296
f 9296 9974 9298
f 9298 9974 9888
f 9298 9888 9889
f 9974 9889 9888
f 9889 9476 9298
f 9476 9475 9298
f 9298 9475 9300
f 9300 9475 9975
f 9300 9975 9976
f 9498 9497 9976
f 9976 9497 9300
f 9300 9497 9302
f 9497 9874 9302
f 9302 9874 9480
f 9479 9977 9480
f 9480 9977 9304
f 9480 9304 9302
f 9977 9978 9304
f 9304 9978 9603
f 9304 9603 9607
f 9978 9604 9603
f 9607 9604 9887
f 9887 9306 9304
f 9887 9304 9607
f 9306 9887 9346
f 9306 9346 9979
f 9979 9346 9345
f 9979 9980 9306
f 9306 9980 9308
f 9308 9980 9484
f 9308 9484 9483
f 9483 9871 9861
f 9308 9483 9861
f 9861 9897 9308
f 9308 9897 9310
f 9310 9897 9981
f 9310 9981 9982
f 9886 9885 9982
f 9982 9885 9310
f 9310 9885 9312
f 9312 9885 9342
f 9312 9342 9341
f 9312 9341 9863
f 9862 9983 9863
f 9863 9983 9314
f 9863 9314 9312
f 9983 9984 9314
f 9314 9984 9335
f 9984 9336 9335
f 9339 9316 9335
f 9335 9316 9314
f 9316 9339 9487
f 9316 9487 9985
f 9985 9487 9339
f 9985 9986 9316
f 9316 9986 9318
f 9318 9986 9864
f 9318 9864 9494
f 9318 9494 9332
f 9332 9494 9493
f 9318 9332 9320
f 9320 9332 9987
f 9320 9987 9988
f 9332 9331 9987
f 9988 9873 9320
f 9320 9873 9322
f 9322 9873 9872
f 9489 9989 9490
f 9490 9989 9324
f 9490 9324 9322
f 9989 9990 9324
f 9324 9990 9328
f 9324 9328 9327
f 9896 9326 9327
f 9327 9326 9324
f 9326 9896 9991
f 9991 6930 9326
f 9326 6930 9992
f 9992 6930 6929
f 6929 7185 9992
f 9992 7185 9993
f 9993 7185 9994
f 9993 9994 9995
f 7063 6934 9995
f 9995 6934 9993
f 9993 6934 9996
f 7063 6937 6934
f 6934 6933 9996
f 9996 6933 7243
f 7243 9997 9998
f 7243 9998 9996
f 9997 9999 9998
f 9998 9999 7136
f 9998 7136 7135
f 9999 7311 7136
f 9998 7135 10000
f 10000 7135 7060
f 10000 7060 10001
f 10000 10001 10002
f 10002 10003 10004
f 10002 10004 10000
f 10004 10003 7241
f 10004 7241 7054
f 10004 7054 7053
f 10004 7053 10005
f 10005 7053 10006
f 10005 10006 10007
f 7053 7057 10006
f 7187 6940 10007
f 10007 6940 10005
f 10005 6940 10008
f 10008 6940 6939
f 10008 6939 7133
f 6939 7065 7133
f 7065 10009 7133
f 7133 10009 10010
f 7133 10010 10008
f 10009 10011 10010
f 10010 10011 7050
f 10010 7050 7049
f 10011 7049 7050
f 7049 7189 10010
f 10010 7189 10012
f 10012 7189 6944
f 10012 6944 10013
f 10012 10013 10014
f 7309 7046 10014
f 10014 7046 10015
f 10014 10015 10012
f 10015 7046 7045
f 7045 7141 10015
f 10015 7141 10016
f 10016 7141 10017
f 10016 10017 10018
f 7141 7045 10017
f 7246 7245 10018
f 10018 7245 10016
f 10016 7245 7127
f 7127 7245 7128
f 7127 7131 7165
f 7165 10019 10020
f 7165 10020 7127
f 10019 10021 10020
f 10020 10021 6948
f 10020 6948 6947
f 7123 6947 7067
f 7123 10022 10023
f 7123 7125 10022
f 7041 7042 10023
f 10023 7042 7123
f 7042 7041 7143
f 7041 10024 7143
f 7042 7143 10025
f 10025 7143 7249
f 10025 7249 10026
f 10024 7249 7143
f 10026 10027 10025
f 10025 10027 7120
f 10025 7120 10028
f 10028 7120 7119
f 10028 7119 6954
f 10027 7119 7120
f 10028 6954 6953
f 6957 10029 6953
f 6953 10029 10030
f 6953 10030 10028
f 10029 10031 10030
f 10030 10031 7070
f 10030 7070 7069
f 7073 7183 7069
f 10032 7069 7183
f 10032 7183 7239
f 10032 7239 10033
f 10032 10033 10034
f 6959 6960 10034
f 10034 6960 10032
f 6960 6959 7251
f 6960 7251 10035
f 10035 7251 7305
f 10035 7305 10036
f 10036 7305 7307
f 10036 10037 10035
f 10035 10037 7038
f 10035 7038 7145
f 7145 7038 7037
f 10037 7037 7038
f 7145 7191 7253
f 7255 10038 7253
f 7253 10038 10039
f 7253 10039 7145
f 10038 10040 10039
f 10039 10040 7237
f 7237 7034 6964
f 6964 10041 10042
f 10042 10041 10043
f 10042 10043 7076
f 6964 6963 10041
f 7076 7075 10042
f 7075 7117 7163
f 7075 7163 10042
f 10042 7163 10044
f 10044 7163 10045
f 10045 7163 7235
f 10045 10046 10044
f 10044 10046 7258
f 10044 7258 10047
f 7258 7257 10047
f 10047 7257 7301
f 7303 10048 7301
f 7301 10048 10049
f 7301 10049 10047
f 10048 10050 10049
f 10049 10050 7031
f 10049 7031 6968
f 7167 6968 6967
f 7167 6967 7168
f 7167 10051 10052
f 10052 10051 10053
f 10052 10053 10054
f 7167 7168 10051
f 10052 10054 7194
f 10052 7194 10055
f 10055 7194 7193
f 10055 7193 10056
f 10056 10057 10055
f 10055 10057 7080
f 10055 7080 10058
f 10057 7079 7080
f 7080 7114 10058
f 10058 7114 7231
f 7231 7233 7147
f 7147 7233 7148
f 7147 10059 10058
f 7147 10058 7231
f 10059 7147 7179
f 7179 7297 10059
f 10059 7297 10060
f 10060 7297 10061
f 10060 10061 10062
f 7297 7299 10061
f 10062 7229 10060
f 7229 6972 10060
f 10060 6972 10063
f 10063 6972 6971
f 10063 6971 10064
f 10064 10065 10063
f 10063 10065 7111
f 10065 7295 7111
f 7111 7027 7028
f 7111 7028 10066
f 10066 7028 7151
f 10066 7151 10067
f 10067 10068 10066
f 10066 10068 7108
f 10066 7108 10069
f 10068 7261 7108
f 7108 7107 10069
f 7227 10070 7107
f 7107 10070 10071
f 7107 10071 10069
f 10070 10072 10071
f 10071 10072 7197
f 10071 7197 6976
f 10072 7198 7197
f 6976 10073 7177
f 6976 6975 10073
f 6976 7177 10074
f 10074 7177 10075
f 10074 10075 10076
f 7025 7225 10076
f 10076 7225 10074
f 6979 10077 7225
f 6979 7225 6980
f 6979 10078 10077
f 10078 10079 10077
f 10077 10079 7020
f 10077 7020 10080
f 10079 7293 7020
f 7020 7019 10080
f 7201 10081 7019
f 7019 10081 10082
f 7019 10082 10080
f 10081 10083 10082
f 10082 10083 7263
f 10082 7263 7104
f 10083 7264 7263
f 7161 7104 7103
f 7161 10084 7203
f 7203 10084 10085
f 7203 10085 7084
f 7161 7103 10084
f 7203 7084 7083
f 7291 10086 7083
f 7083 10086 7203
f 7291 10087 10086
f 10087 10088 10086
f 10086 10088 6984
f 10086 6984 10089
f 10088 7017 6984
f 6984 7017 6983
f 6984 6983 10089
f 10089 6983 7267
f 6983 10090 7267
f 7267 10090 10091
f 7267 10091 10089
f 10090 10092 10091
f 10091 10092 7289
f 10091 7289 7014
f 7014 7101 7013
f 7205 7014 7013
f 7205 10093 10094
f 10094 10093 10095
f 10094 10095 7096
f 7096 10095 7269
f 7205 7207 10093
f 10094 7096 7095
f 7095 7099 7159
f 7159 10096 10094
f 7159 10094 7095
f 7159 10097 10096
f 10097 10098 10096
f 10096 10098 6988
f 10096 6988 10099
f 10099 6988 7173
f 7173 6988 6987
f 10098 6987 6988
f 10099 7173 7287
f 7174 10100 7287
f 7287 10100 10101
f 7287 10101 10099
f 10100 10102 10101
f 10101 10102 7223
f 10101 7223 10103
f 10103 7223 6992
f 10102 6992 7223
f 6992 6991 10103
f 7171 10104 6991
f 6991 10104 10103
f 10103 10104 10105
f 10105 10104 10106
f 10105 10106 7010
f 7010 10106 7093
f 10105 7010 7009
f 10107 7009 7209
f 10107 7209 10108
f 10108 7209 7009
f 10108 10109 10107
f 10107 10109 7271
f 10107 7271 10110
f 10110 7271 7272
f 10110 7272 7155
f 10109 7272 7271
f 10110 7155 7219
f 7221 10111 7219
f 7219 10111 10112
f 7219 10112 10110
f 10111 10113 10112
f 10112 10113 7211
f 10112 7211 10114
f 10114 7211 7215
f 10113 7212 7211
f 10114 7215 7284
f 7283 10115 7284
f 7284 10115 10114
f 10114 10115 10116
f 10116 10115 10117
f 10116 10117 6996
f 6996 10117 7007
f 10116 6996 6995
f 10118 6995 7275
f 10118 7275 10119
f 10119 7275 7277
f 10119 10120 10118
f 10118 10120 7279
f 10118 7279 7002
f 10120 7280 7279
f 7005 7153 7001
f 7153 10121 7001
f 7001 10121 10122
f 7001 10122 7002
f 10121 10123 10122
f 10122 10123 7089
f 10122 7089 9911
f 9911 7089 7090
f 9910 7217 10124
f 10118 10116 6995
f 10107 10105 7009
f 7205 10091 7014
f 7161 10082 7104
f 10074 10071 6976
f 7167 10049 6968
f 6964 10039 7237
f 10032 10030 7069
f 7123 10020 6947
f 9286 9284 9354
f 9276 9274 9505
f 9254 9252 9589
f 9244 9242 9445
f 9228 9226 9398
f 9218 9216 9439
f 9208 9206 9558
f 9198 9196 9422
f 10125 9991 9896
f 9691 6502 9329
f 9691 9329 9327
f 9691 9690 6502
f 6502 6500 9329
f 9329 6500 9330
f 9329 9330 9328
f 6498 9827 6500
f 6500 9827 9826
f 6500 9826 9330
f 6496 9686 6498
f 6498 9686 9828
f 6494 9333 6496
f 6496 9333 9688
f 6496 9688 9687
f 6492 9684 6494
f 6494 9684 9829
f 6494 9829 10126
f 10126 9829 9864
f 10126 9864 9986
f 6490 9340 6492
f 6488 9831 6490
f 6490 9831 9830
f 6490 9830 9338
f 6486 9833 6488
f 6488 9833 9343
f 6484 9678 6486
f 6486 9678 9682
f 6486 9682 9681
f 6482 9676 6484
f 6484 9676 9486
f 6484 9486 9834
f 9834 9486 9484
f 9834 9484 9871
f 9871 9484 10127
f 9871 10127 9861
f 6480 9675 6482
f 6482 9675 9347
f 9347 9675 9887
f 9347 9887 9345
f 9345 9887 10128
f 9345 10128 9979
f 9979 10128 9980
f 9980 10128 10127
f 9980 10127 9484
f 6478 9836 6480
f 6480 9836 9835
f 6480 9835 9606
f 6476 9674 6478
f 6474 9673 6476
f 6476 9673 9672
f 6476 9672 9500
f 6472 9669 6474
f 6474 9669 9837
f 9889 10129 9837
f 9837 10129 6474
f 6470 9600 6472
f 6472 9600 9671
f 6472 9671 9670
f 6468 9840 6470
f 6470 9840 9839
f 6470 9839 9599
f 9599 9839 9895
f 9599 9895 9597
f 9597 9895 10130
f 9597 10130 9598
f 6466 9842 6468
f 6464 9667 6466
f 6466 9667 9666
f 6466 9666 9842
f 6462 9843 6464
f 6464 9843 9352
f 6460 9664 6462
f 6462 9664 9663
f 6462 9663 9662
f 6458 9661 6460
f 6460 9661 9356
f 6460 9356 10131
f 10131 9356 9354
f 10131 9354 9966
f 6456 9464 6458
f 6458 9464 9660
f 6454 9658 6456
f 6456 9658 9657
f 6456 9657 9464
f 6452 9845 6454
f 6454 9845 9504
f 6450 9460 6452
f 6452 9460 9656
f 6452 9656 9655
f 6448 9654 6450
f 6450 9654 9508
f 6450 9508 10132
f 10132 9508 9506
f 10132 9506 9959
f 6446 9364 6448
f 6448 9364 9458
f 6444 9653 6446
f 6446 9653 9652
f 6446 9652 9364
f 6442 9848 6444
f 6440 9366 6442
f 6442 9366 9649
f 6442 9649 9648
f 6438 9646 6440
f 6440 9646 9647
f 6440 9647 10133
f 10133 9647 9906
f 10133 9906 9952
f 6436 9369 6438
f 6434 9373 6436
f 6436 9373 9454
f 6432 9645 6434
f 6434 9645 9644
f 6434 9644 9374
f 6430 9452 6432
f 6428 9643 6430
f 6430 9643 9642
f 6430 9642 9850
f 6426 9641 6428
f 6428 9641 9588
f 6428 9588 10134
f 10134 9588 9586
f 10134 9586 9946
f 6424 9377 6426
f 6422 9640 6424
f 6424 9640 9639
f 6424 9639 9526
f 6420 9380 6422
f 6418 9532 6420
f 6420 9532 9638
f 6420 9638 9853
f 6416 9637 6418
f 6418 9637 9448
f 9446 10135 9528
f 9446 9528 9530
f 6414 9385 6416
f 6412 9636 6414
f 6414 9636 9635
f 6414 9635 9580
f 6410 9634 6412
f 6412 9634 9880
f 6408 9442 6410
f 6410 9442 9633
f 6410 9633 9855
f 6406 9631 6408
f 6408 9631 9394
f 9392 10136 9394
f 9394 10136 6408
f 6404 9574 6406
f 6406 9574 9632
f 6402 9630 6404
f 6404 9630 9629
f 6404 9629 9628
f 6400 9534 6402
f 6398 9626 6400
f 6400 9626 9856
f 6400 9856 9570
f 6396 9624 6398
f 6398 9624 9623
f 9893 10137 9623
f 9623 10137 6398
f 6394 9622 6396
f 6396 9622 9565
f 6396 9565 9625
f 6392 9620 6394
f 6394 9620 9408
f 6394 9408 9857
f 9857 9408 9406
f 9857 9406 9867
f 9867 9406 10138
f 9867 10138 9905
f 6390 9869 6392
f 6392 9869 9440
f 6388 9619 6390
f 6390 9619 9858
f 6390 9858 9438
f 6386 9562 6388
f 6388 9562 9540
f 6384 9434 6386
f 6386 9434 9618
f 6386 9618 9617
f 6382 9615 6384
f 6384 9615 9544
f 6384 9544 10139
f 10139 9544 9542
f 10139 9542 9919
f 6380 9416 6382
f 6382 9416 9560
f 6378 9614 6380
f 6380 9614 9860
f 6380 9860 9414
f 6376 9428 6378
f 6378 9428 9556
f 6374 9419 6376
f 6376 9419 9613
f 6376 9613 9612
f 6368 9610 6374
f 6374 9610 9554
f 6374 9554 10140
f 10140 9554 9552
f 10140 9552 9913
f 6370 9424 6368
f 6370 9803 9609
f 9894 10141 9422
f 9894 9422 9424
f 9894 9910 10141
f 10141 10142 9422
f 9422 10142 9421
f 9422 9421 9423
f 10140 9913 10142
f 10142 9913 9912
f 10142 9912 9421
f 10143 9417 10140
f 10144 9426 10143
f 10143 9426 9915
f 10143 9915 9914
f 10145 9916 10144
f 10144 9916 9549
f 10144 9549 9550
f 10146 9415 10145
f 10139 9919 10146
f 10146 9919 9918
f 10146 9918 9558
f 10147 9433 10139
f 10139 9433 9430
f 10148 9561 10147
f 10147 9561 9921
f 10147 9921 9920
f 10149 9922 10148
f 10148 9922 9411
f 9412 6388 9540
f 10150 9868 10149
f 10149 9868 9436
f 9436 9868 9869
f 9436 9869 9438
f 9438 9869 6390
f 10138 9925 10150
f 10150 9925 9924
f 10150 9924 9537
f 10151 9905 10138
f 10137 9927 10151
f 10151 9927 9926
f 10151 9926 9563
f 10152 9929 10137
f 10137 9929 9928
f 9627 6398 9403
f 9403 6398 10137
f 9403 10137 9401
f 9401 10137 9928
f 10153 9533 10152
f 10152 9533 9568
f 10152 9568 9930
f 10154 9931 10153
f 10153 9931 9397
f 10153 9397 9533
f 9533 9397 9399
f 9533 9399 9534
f 9534 9399 6402
f 10155 9572 10154
f 10154 9572 9571
f 10136 9934 10155
f 10155 9934 9933
f 10155 9933 9572
f 10156 9441 10136
f 10157 9879 10156
f 10156 9879 9936
f 10156 9936 9935
f 10158 9937 10157
f 10157 9937 9387
f 10157 9387 9389
f 10159 9383 10158
f 10158 9383 9903
f 10135 9940 10159
f 10159 9940 9939
f 10159 9939 9383
f 10160 9531 10135
f 10135 9531 9528
f 10161 9379 10160
f 10160 9379 9942
f 10160 9942 9941
f 10162 9943 10161
f 10161 9943 9583
f 10161 9583 9584
f 10163 9375 10162
f 10162 9375 9876
f 10134 9946 10163
f 10163 9946 9945
f 10163 9945 9375
f 10164 9891 10134
f 10134 9891 9892
f 10165 9450 10164
f 10164 9450 9948
f 10164 9948 9947
f 10166 9949 10165
f 10165 9949 9523
f 10165 9523 9524
f 10167 9371 10166
f 10168 9367 10167
f 10167 9367 9368
f 10133 9952 10168
f 10168 9952 9951
f 10168 9951 9367
f 10169 9365 10133
f 10170 9955 10169
f 10169 9955 9954
f 10169 9954 9953
f 10171 9956 10170
f 10170 9956 9509
f 10170 9509 9511
f 10172 9362 10171
f 10132 9959 10172
f 10172 9959 9958
f 10172 9958 9457
f 10173 9459 10132
f 10132 9459 9875
f 10174 9907 10173
f 10173 9907 9961
f 10173 9961 9960
f 10175 9962 10174
f 10174 9962 9357
f 9359 6454 9504
f 9359 9504 9503
f 10176 9462 10175
f 10131 9966 10176
f 10176 9966 9965
f 10176 9965 9964
f 10177 9908 10131
f 10131 9908 9467
f 10178 9900 10177
f 10177 9900 9968
f 10177 9968 9967
f 10179 9969 10178
f 10178 9969 9471
f 9473 6464 9351
f 9351 6464 10178
f 9351 10178 9349
f 9349 10178 9471
f 10180 9899 10179
f 10179 9899 9970
f 10130 9972 10180
f 10180 9972 9971
f 10180 9971 9890
f 10181 9598 10130
f 10129 9974 10181
f 10181 9974 9973
f 10181 9973 9898
f 10182 9975 10129
f 10129 9975 9475
f 9477 6474 10129
f 9477 10129 9475
f 10183 9874 10182
f 10182 9874 9498
f 10182 9498 9976
f 10184 9977 10183
f 10183 9977 9479
f 10183 9479 9874
f 9874 9479 9481
f 9874 9481 9674
f 9674 9481 6478
f 10128 9887 10184
f 10185 9897 10127
f 10127 9897 9861
f 10186 9886 10185
f 10185 9886 9982
f 10185 9982 9981
f 10187 9983 10186
f 10186 9983 9862
f 10186 9862 9832
f 10188 9339 10187
f 10187 9339 9336
f 10126 9986 10188
f 10188 9986 9985
f 10188 9985 9339
f 10189 9331 10126
f 10126 9331 9493
f 10190 9873 10189
f 10189 9873 9988
f 10189 9988 9987
f 10191 9989 10190
f 10190 9989 9489
f 10190 9489 9491
f 10125 9327 10191
f 10191 9327 9328
f 10191 9328 9990
f 9327 9329 9328
f 9339 9340 9336
f 9336 9340 9338
f 9338 9340 6490
f 6492 9340 9685
f 9354 10131 9467
f 9354 9467 9469
f 10131 9354 9356
f 10131 9356 6460
f 6460 9356 9469
f 9356 9354 9469
f 10171 9362 9957
f 9364 9362 9458
f 9458 9362 9457
f 9457 9362 10172
f 10166 9371 9372
f 10166 9372 9950
f 9371 9373 9372
f 9372 9373 9374
f 9374 9373 6434
f 9373 9371 9454
f 9454 9371 9453
f 9453 9371 10167
f 9381 9379 10161
f 9380 9382 6422
f 9857 9622 6394
f 10145 9415 9413
f 10145 9413 9917
f 9415 9416 9413
f 9413 9416 9414
f 9414 9416 6380
f 9416 9415 9560
f 9560 9415 9558
f 9558 9415 10146
f 10144 9555 9426
f 9426 9555 9556
f 9426 9556 9428
f 9868 10150 9439
f 10154 9571 9870
f 9870 9571 9573
f 9870 9573 9628
f 9628 9573 6404
f 6418 9448 9530
f 9530 9448 9446
f 9450 10165 9591
f 9450 9591 9592
f 6432 9452 9592
f 9592 9452 9450
f 9902 9955 10170
f 9848 9651 6444
f 10175 9462 9963
f 9464 9462 9660
f 9660 9462 9884
f 9884 9462 10176
f 9884 10176 9964
f 6484 9834 9679
f 9872 10190 9865
f 9872 9865 9866
f 10190 9872 9873
f 9873 9872 9828
f 9873 9828 9686
f 6498 9828 9866
f 9866 9828 9872
f 9874 9674 9498
f 9498 9674 9500
f 9500 9674 6476
f 10132 9875 9846
f 10132 9846 6450
f 10133 9365 9514
f 9516 6440 10133
f 9516 10133 9514
f 9516 9366 6440
f 10167 9368 9517
f 9517 9368 9370
f 9517 9370 9518
f 9518 9370 6436
f 9518 6436 9454
f 6436 9370 9369
f 9369 9370 9368
f 9369 9368 9367
f 10162 9876 9525
f 9525 9876 9877
f 9525 9877 9526
f 9526 9877 6424
f 6424 9877 9377
f 9377 9877 9876
f 9377 9876 9375
f 9878 10157 9387
f 9878 9387 9389
f 10157 9878 9879
f 9879 9878 9880
f 9879 9880 9634
f 6412 9880 9389
f 9389 9880 9878
f 9881 10139 9430
f 10139 9881 9859
f 10139 9859 6384
f 9859 9432 6384
f 6370 9609 9424
f 9424 9609 9894
f 9882 10140 9417
f 9882 9417 9419
f 10140 9882 9883
f 10140 9883 6374
f 6374 9883 9419
f 9883 9882 9419
f 10148 9539 9561
f 9561 9539 9540
f 9561 9540 9562
f 9533 9534 9568
f 9568 9534 9570
f 9570 9534 6400
f 9903 9577 10158
f 10158 9577 9578
f 9578 9577 9579
f 9578 9579 9580
f 9580 9579 6414
f 6414 9579 9904
f 6414 9904 9385
f 9385 9904 9903
f 9385 9903 9383
f 10134 9892 9586
f 10134 9586 9588
f 10134 9588 6428
f 6428 9588 9851
f 10167 9517 9453
f 9660 9659 6458
f 9600 9598 9671
f 9671 9598 9898
f 9898 9598 10181
f 9604 10184 9887
f 6480 9606 9675
f 10126 9493 9494
f 10126 9494 9496
f 10126 9496 6494
f 6494 9496 9495
f 9331 9333 9493
f 9493 9333 9495
f 9495 9333 6494
f 9687 9686 6496
f 9987 9331 10189
f 10186 9341 9886
f 9886 9341 9343
f 9886 9343 9833
f 9347 9677 6482
f 6482 9677 9676
f 9895 9972 10130
f 10180 9890 9501
f 9501 9890 9668
f 9501 9668 9502
f 9502 9668 6468
f 9502 6468 9842
f 9502 9842 9899
f 9668 9841 6468
f 6468 9841 9840
f 9359 9658 6454
f 9963 9962 10175
f 6450 9846 9460
f 9460 9846 9875
f 9460 9875 9459
f 9648 9848 6442
f 9953 9365 10169
f 6438 9369 9849
f 9891 9643 9892
f 9892 9643 9851
f 9851 9643 6428
f 9850 9452 6430
f 9947 9891 10164
f 6426 9377 9852
f 9385 9854 6416
f 6416 9854 9637
f 9446 9940 10135
f 9389 9387 10157
f 6412 9389 10157
f 9399 9630 6402
f 9870 9932 10154
f 10154 9932 9931
f 9412 9619 6388
f 9436 9923 10149
f 10149 9923 9922
f 6384 9432 9434
f 9434 9432 9430
f 9434 9430 9433
f 9612 9428 6376
f 9914 9417 10143
f 6368 9424 9423
f 6368 9423 9611
f 9424 9422 9423
f 9611 9610 6368
f 9617 9562 6386
f 9920 9433 10147
f 9622 9905 9565
f 9565 9905 9563
f 9563 9905 10151
f 9627 9626 6398
f 9930 9929 10152
f 10136 9441 9442
f 10136 9442 6408
f 10157 9389 6412
f 6412 9389 9636
f 9578 9938 10158
f 10158 9938 9937
f 9382 9381 10161
f 6422 9382 10161
f 9852 9641 6426
f 9849 9646 6438
f 9960 9459 10173
f 9655 9845 6452
f 9845 9907 9504
f 9504 9907 9503
f 9503 9907 10174
f 9503 10174 9357
f 9503 9357 9359
f 6460 9469 9664
f 9664 9469 9467
f 9664 9467 9908
f 9970 9969 10179
f 9473 9667 6464
f 6470 9599 9600
f 9481 9836 6478
f 9604 9978 10184
f 10184 9978 9977
f 9343 9341 10186
f 6488 9343 10186
f 9685 9684 6492
f 10125 9896 9327
f 9327 9896 9691
f 10190 9491 6498
f 6498 9491 9827
f 9990 9989 10191
f 9897 9678 9861
f 9861 9678 9679
f 9679 9678 6484
f 9681 9833 6486
f 9981 9897 10185
f 9670 9669 6472
f 9889 9974 10129
f 9502 9899 9501
f 9501 9899 10180
f 9352 9900 9350
f 9350 9900 10178
f 9350 10178 9352
f 9352 10178 6464
f 9659 9844 6458
f 6458 9844 9661
f 10170 9511 6444
f 6444 9511 9653
f 9957 9956 10171
f 10165 9524 6432
f 6432 9524 9645
f 9950 9949 10166
f 9531 9532 9528
f 9528 9532 9530
f 9530 9532 6418
f 9853 9380 6420
f 9941 9531 10160
f 9632 9631 6406
f 9392 9934 10136
f 9538 6392 9440
f 9538 9621 6392
f 6392 9621 9620
f 9406 9925 10138
f 10148 9411 9539
f 10144 9550 6378
f 6378 9550 9614
f 9917 9916 10145
f 6378 9556 10144
f 10144 9556 9555
f 9560 9616 6382
f 6382 9616 9615
f 10150 9537 9439
f 9625 9624 6396
f 9893 9927 10137
f 6404 9573 9574
f 9855 9634 6410
f 9935 9441 10156
f 10161 9584 6422
f 6422 9584 9640
f 9525 9944 10162
f 10162 9944 9943
f 6432 9592 10165
f 10165 9592 9591
f 6444 9651 10170
f 10170 9651 9902
f 9458 9847 6448
f 6448 9847 9654
f 9662 9843 6462
f 9843 9900 9352
f 9967 9908 10177
f 9477 9673 6474
f 9976 9975 10182
f 10186 9832 6488
f 6488 9832 9831
f 9336 9984 10187
f 10187 9984 9983
f 6498 9866 10190
f 10190 9866 9865
f 7726 10192 7724
f 7724 10192 10193
f 7724 10193 7722
f 7722 10193 10194
f 7722 10194 7720
f 7720 10194 10195
f 7720 10195 7718
f 7718 10195 10196
f 7718 10196 7716
f 7716 10196 10197
f 7716 10197 7714
f 7714 10197 10198
f 7714 10198 7712
f 7712 10198 10199
f 7712 10199 7710
f 7710 10199 10200
f 7710 10200 7708
f 7708 10200 10201
f 7708 10201 7706
f 7706 10201 10202
f 7706 10202 7704
f 7704 10202 10203
f 7704 10203 7702
f 7702 10203 10204
f 7702 10204 7700
f 7700 10204 10205
f 7700 10205 7698
f 7698 10205 10206
f 7698 10206 7697
f 7697 10206 10207
f 7697 10207 7695
f 7695 10207 10208
f 7695 10208 7693
f 7693 10208 10209
f 7693 10209 7691
f 7691 10209 10210
f 7691 10210 7689
f 7689 10210 10211
f 7689 10211 7687
f 7687 10211 10212
f 7687 10212 7685
f 7685 10212 10213
f 7685 10213 7683
f 7683 10213 10214
f 7683 10214 7681
f 7681 10214 10215
f 7681 10215 7679
f 7679 10215 10216
f 7679 10216 7677
f 7677 10216 10217
f 7677 10217 7675
f 7675 10217 10218
f 7675 10218 7673
f 7673 10218 10219
f 7673 10219 7671
f 7671 10219 10220
f 7671 10220 7669
f 7669 10220 10221
f 7669 10221 7667
f 7667 10221 10222
f 7667 10222 7665
f 7665 10222 10223
f 7665 10223 7663
f 7663 10223 10224
f 7663 10224 7662
f 7662 10224 10225
f 7662 10225 7660
f 7660 10225 10226
f 7660 10226 7658
f 7658 10226 10227
f 7658 10227 7656
f 7656 10227 10228
f 7656 10228 7654
f 7654 10228 10229
f 7654 10229 7652
f 7652 10229 10230
f 7652 10230 7650
f 7650 10230 10231
f 7650 10231 7648
f 7648 10231 10232
f 7648 10232 7646
f 7646 10232 10233
f 7646 10233 7644
f 7644 10233 10234
f 7644 10234 7642
f 7642 10234 10235
f 7642 10235 7640
f 7640 10235 10236
f 7640 10236 7638
f 7638 10236 10237
f 7638 10237 7636
f 7636 10237 10238
f 7636 10238 7634
f 7634 10238 10239
f 7634 10239 7632
f 7632 10239 10240
f 7632 10240 7630
f 7630 10240 10241
f 7630 10241 7628
f 7628 10241 10242
f 7628 10242 7627
f 7627 10242 10243
f 7627 10243 7625
f 7625 10243 10244
f 7625 10244 7623
f 7623 10244 10245
f 7623 10245 7621
f 7621 10245 10246
f 7621 10246 7619
f 7619 10246 10247
f 7619 10247 7617
f 7617 10247 10248
f 7617 10248 7615
f 7615 10248 10249
f 7615 10249 7613
f 7613 10249 10250
f 7613 10250 7611
f 7611 10250 10251
f 7611 10251 7609
f 7609 10251 10252
f 7609 10252 7607
f 7607 10252 10253
f 7607 10253 7605
f 7605 10253 10254
f 7605 10254 7603
f 7603 10254 10255
f 7603 10255 7601
f 7601 10255 10256
f 7601 10256 7598
f 7598 10256 10257
f 7598 10257 7600
f 7600 10257 10258
f 10192 10125 10193
f 10193 10125 10191
f 10193 10191 10194
f 10194 10191 10190
f 10194 10190 10195
f 10195 10190 10189
f 10195 10189 10196
f 10196 10189 10126
f 10196 10126 10197
f 10197 10126 10188
f 10197 10188 10198
f 10198 10188 10187
f 10198 10187 10199
f 10199 10187 10186
f 10199 10186 10200
f 10200 10186 10185
f 10200 10185 10201
f 10201 10185 10127
f 10201 10127 10202
f 10202 10127 10128
f 10202 10128 10203
f 10203 10128 10184
f 10203 10184 10204
f 10204 10184 10183
f 10204 10183 10205
f 10205 10183 10182
f 10205 10182 10206
f 10206 10182 10129
f 10206 10129 10207
f 10207 10129 10181
f 10207 10181 10208
f 10208 10181 10130
f 10208 10130 10209
f 10209 10130 10180
f 10209 10180 10210
f 10210 10180 10179
f 10210 10179 10211
f 10211 10179 10178
f 10211 10178 10212
f 10212 10178 10177
f 10212 10177 10213
f 10213 10177 10131
f 10213 10131 10214
f 10214 10131 10176
f 10214 10176 10215
f 10215 10176 10175
f 10215 10175 10216
f 10216 10175 10174
f 10216 10174 10217
f 10217 10174 10173
f 10217 10173 10218
f 10218 10173 10132
f 10218 10132 10219
f 10219 10132 10172
f 10219 10172 10220
f 10220 10172 10171
f 10220 10171 10221
f 10221 10171 10170
f 10221 10170 10222
f 10222 10170 10169
f 10222 10169 10223
f 10223 10169 10133
f 10223 10133 10224
f 10224 10133 10168
f 10224 10168 10225
f 10225 10168 10167
f 10225 10167 10166
f 10225 10166 10226
f 10226 10166 10165
f 10226 10165 10227
f 10227 10165 10164
f 10227 10164 10228
f 10228 10164 10134
f 10228 10134 10229
f 10229 10134 10163
f 10229 10163 10230
f 10230 10163 10162
f 10230 10162 10231
f 10231 10162 10161
f 10231 10161 10232
f 10232 10161 10160
f 10232 10160 10233
f 10233 10160 10135
f 10233 10135 10234
f 10234 10135 10159
f 10234 10159 10235
f 10235 10159 10158
f 10235 10158 10236
f 10236 10158 10157
f 10236 10157 10237
f 10237 10157 10156
f 10237 10156 10238
f 10238 10156 10136
f 10238 10136 10239
f 10239 10136 10155
f 10239 10155 10240
f 10240 10155 10154
f 10240 10154 10241
f 10241 10154 10153
f 10241 10153 10242
f 10242 10153 10152
f 10242 10152 10243
f 10243 10152 10137
f 10243 10137 10244
f 10244 10137 10151
f 10244 10151 10245
f 10245 10151 10138
f 10245 10138 10246
f 10246 10138 10150
f 10246 10150 10247
f 10247 10150 10149
f 10247 10149 10248
f 10248 10149 10148
f 10248 10148 10249
f 10249 10148 10147
f 10249 10147 10250
f 10250 10147 10139
f 10250 10139 10251
f 10251 10139 10146
f 10251 10146 10252
f 10252 10146 10145
f 10252 10145 10253
f 10253 10145 10144
f 10253 10144 10254
f 10254 10144 10143
f 10254 10143 10255
f 10255 10143 10140
f 10255 10140 10256
f 10256 10140 10142
f 10256 10142 10257
f 10257 10142 10141
f 10257 10141 10258
f 9096 9095 9097
f 9098 9097 9099
f 9100 9099 9101
f 9102 9101 9103
f 9104 9103 9105
f 9106 9105 9107
f 9110 9109 9111
f 9113 9112 9114
f 9115 9114 9116
f 9117 9116 9118
f 9119 9118 9120
f 9121 9120 9122
f 9123 10259 9124
f 9124 10259 9125
f 9126 9125 9127
f 9128 9127 9129
f 9130 9129 9131
f 9132 9131 9133
f 9134 9133 9135
f 9142 9141 9143
f 9144 9143 9145
f 9146 9145 9147
f 9148 9147 9149
f 9150 9149 10260
f 9150 10260 9151
f 9155 9154 9153
f 9157 9156 9155
f 9159 9158 9157
f 9161 9160 9159
f 9163 9162 9161
f 9168 9167 9166
f 9170 9169 9168
f 9172 9171 9170
f 9174 9173 9172
f 9176 9175 9174
f 9179 9178 9177
f 9182 9181 9183
f 9185 9184 9186
f 9187 9186 9188
f 9189 9188 9190
f 9191 9190 9192
f 8981 10261 8979
f 8979 10261 10262
f 8979 10262 8980
f 8980 10262 10263
f 8980 10263 8976
f 8976 10263 10264
f 8976 10264 6635
f 6635 10264 10265
f 6635 10265 6638
f 6638 10265 10266
f 6638 10266 6640
f 6640 10266 10267
f 6640 10267 6642
f 6642 10267 10268
f 6642 10268 10269
f 10269 10268 10270
f 10269 10270 10271
f 10271 10270 10272
f 10271 10272 10273
f 10273 10272 10274
f 10273 10274 10275
f 10275 10274 10276
f 10275 10276 10277
f 10277 10276 10278
f 10277 10278 10279
f 10279 10278 10280
f 10279 10280 10281
f 10281 10280 10282
f 10281 10282 10283
f 10283 10282 10284
f 10283 10284 10285
f 10285 10284 10286
f 10285 10286 10287
f 10287 10286 10288
f 10287 10288 10289
f 10289 10288 7549
f 10289 7549 10290
f 10290 7549 7548
f 10290 7548 10291
f 10291 7548 10292
f 10291 10292 10293
f 10293 10292 10294
f 10293 10294 10295
f 10295 10294 10296
f 10295 10296 10297
f 10297 10296 10298
f 10297 10298 10299
f 10299 10298 10300
f 10299 10300 10301
f 10301 10300 10302
f 10301 10302 10303
f 10303 10302 10304
f 10303 10304 10305
f 10305 10304 10306
f 10305 10306 10307
f 10307 10306 10308
f 10307 10308 10309
f 10309 10308 10310
f 10309 10310 10311
f 10311 10310 10312
f 10311 10312 6665
f 6665 10312 6667
f 6667 10312 10313
f 6667 10313 6669
f 6669 10313 10314
f 6669 10314 6672
f 6672 10314 10315
f 6672 10315 10316
f 10316 10315 10317
f 10316 10317 10318
f 10318 10317 10319
f 10318 10319 10320
f 10320 10319 10321
f 10320 10321 10322
f 10322 10321 10323
f 10322 10323 10324
f 10324 10323 10325
f 10324 10325 10326
f 10326 10325 10327
f 10326 10327 10328
f 10328 10327 10329
f 10328 10329 10330
f 10330 10329 10331
f 10330 10331 10332
f 10332 10331 10333
f 10332 10333 10334
f 10334 10333 10335
f 10334 10335 10336
f 10336 10335 10337
f 10336 10337 10338
f 10338 10337 10339
f 10338 10339 10340
f 10340 10339 10341
f 10340 10341 10342
f 10342 10341 10343
f 10342 10343 10344
f 10344 10343 10345
f 10344 10345 10346
f 10346 10345 10347
f 10346 10347 10348
f 10348 10347 10349
f 10348 10349 10350
f 10350 10349 10351
f 10350 10351 10352
f 10352 10351 10353
f 10352 10353 10354
f 10354 10353 10355
f 10354 10355 10356
f 10356 10355 10357
f 10356 10357 10358
f 10358 10357 10359
f 10358 10359 10360
f 10360 10359 10361
f 10360 10361 10362
f 10362 10361 10363
f 10362 10363 10364
f 10364 10363 10365
f 10364 10365 10366
f 10366 10365 10367
f 10366 10367 10368
f 10368 10367 10369
f 10368 10369 10370
f 10370 10369 10371
f 10370 10371 10372
f 10372 10371 10373
f 10372 10373 10374
f 10374 10373 10375
f 10374 10375 10376
f 10376 10375 10377
f 10376 10377 10378
f 10378 10377 10379
f 10378 10379 10380
f 10380 10379 10381
f 10380 10381 10382
f 10382 10381 10383
f 10382 10383 10384
f 10384 10383 10385
f 10384 10385 10386
f 10386 10385 10387
f 10386 10387 10388
f 10388 10387 10389
f 10388 10389 10390
f 10390 10389 10391
f 10390 10391 10392
f 10392 10391 10393
f 10392 10393 10394
f 10394 10393 10395
f 10394 10395 10396
f 10396 10395 10397
f 10396 10397 10398
f 10398 10397 10399
f 10398 10399 10400
f 10400 10399 10401
f 10400 10401 10402
f 10402 10401 10403
f 10402 10403 10404
f 10404 10403 10405
f 10404 10405 10406
f 10406 10405 10407
f 10406 10407 10408
f 10408 10407 10409
f 10408 10409 10410
f 10410 10409 10411
f 10410 10411 10412
f 10412 10411 10413
f 10412 10413 10414
f 10414 10413 10415
f 10414 10415 10416
f 10416 10415 10417
f 10416 10417 10418
f 10418 10417 10419
f 10418 10419 10420
f 10420 10419 10421
f 10420 10421 10422
f 10422 10421 10423
f 10422 10423 10424
f 10424 10423 10425
f 10424 10425 10426
f 10426 10425 10427
f 10426 10427 10428
f 10428 10427 10429
f 10428 10429 10430
f 10430 10429 10431
f 10430 10431 10432
f 10432 10431 10433
f 10432 10433 10434
f 10434 10433 10435
f 10434 10435 10436
f 10436 10435 10437
f 10436 10437 10438
f 10438 10437 10439
f 10438 10439 10440
f 10440 10439 10441
f 10440 10441 10442
f 10442 10441 10443
f 10442 10443 10444
f 10444 10443 10445
f 10444 10445 10446
f 10446 10445 10447
f 10446 10447 10448
f 10448 10447 10449
f 10448 10449 10450
f 10450 10449 10451
f 10450 10451 10452
f 10452 10451 10453
f 10452 10453 10454
f 10454 10453 10455
f 10454 10455 10456
f 10456 10455 10457
f 10456 10457 10458
f 10458 10457 10459
f 10458 10459 10460
f 10460 10459 10461
f 10460 10461 10462
f 10462 10461 10463
f 10462 10463 10464
f 10464 10463 10465
f 10464 10465 10466
f 10466 10465 10467
f 10466 10467 10468
f 10468 10467 10469
f 10468 10469 10470
f 10470 10469 10471
f 10470 10471 10472
f 10472 10471 10473
f 10472 10473 10474
f 10474 10473 10475
f 10474 10475 10476
f 10476 10475 10477
f 10476 10477 10478
f 10478 10477 10479
f 10478 10479 10480
f 10480 10479 10481
f 10480 10481 10482
f 10482 10481 10483
f 10482 10483 10484
f 10484 10483 10485
f 10484 10485 10486
f 10486 10485 10487
f 10486 10487 10488
f 10488 10487 10489
f 10488 10489 10490
f 10490 10489 10491
f 10490 10491 10492
f 10492 10491 10493
f 10492 10493 10494
f 10494 10493 10495
f 10494 10495 10496
f 10496 10495 10497
f 10496 10497 10498
f 10498 10497 10499
f 10498 10499 10500
f 10500 10499 10501
f 10500 10501 10502
f 10502 10501 10503
f 10502 10503 10504
f 10504 10503 10505
f 10504 10505 10506
f 10506 10505 10507
f 10506 10507 10508
f 10508 10507 10509
f 10508 10509 10510
f 10510 10509 10511
f 10510 10511 10512
f 10512 10511 10513
f 10512 10513 10514
f 10514 10513 10515
f 10514 10515 10516
f 10516 10515 10517
f 10516 10517 10518
f 10518 10517 10519
f 10518 10519 10520
f 10520 10519 10521
f 10520 10521 10522
f 10522 10521 10523
f 10522 10523 10524
f 10524 10523 10525
f 10524 10525 10526
f 10526 10525 10527
f 10526 10527 10528
f 10528 10527 10529
f 10528 10529 10530
f 10530 10529 10531
f 10530 10531 10532
f 10532 10531 10533
f 10532 10533 10534
f 10534 10533 10535
f 10534 10535 10536
f 10536 10535 10537
f 10536 10537 10538
f 10538 10537 10539
f 10538 10539 10540
f 10540 10539 10541
f 10540 10541 10542
f 10542 10541 10543
f 10542 10543 10544
f 10544 10543 10545
f 10544 10545 10546
f 10546 10545 10547
f 10546 10547 10548
f 10548 10547 10549
f 10548 10549 10550
f 10550 10549 10551
f 10550 10551 10552
f 10552 10551 10553
f 10552 10553 10554
f 10554 10553 10555
f 10554 10555 10556
f 10556 10555 10557
f 10556 10557 10558
f 10558 10557 10559
f 10558 10559 10560
f 10560 10559 10561
f 10560 10561 10562
f 10562 10561 10563
f 10562 10563 10564
f 10564 10563 10565
f 10564 10565 10566
f 10566 10565 10567
f 10566 10567 10276
f 10276 10567 10278
f 10261 8981 10568
f 10568 8981 8983
f 10568 8983 10569
f 10569 8983 8985
f 10569 8985 10570
f 10570 8985 10571
f 10570 10571 10572
f 10572 10571 10573
f 10572 10573 10574
f 10574 10573 10575
f 10574 10575 10576
f 10576 10575 10577
f 10576 10577 10540
f 10540 10577 10538
f 8985 8987 10571
f 10571 8987 10578
f 10571 10578 10573
f 10573 10578 10579
f 10573 10579 10575
f 10575 10579 10580
f 10575 10580 10577
f 10577 10580 10581
f 10577 10581 10538
f 10538 10581 10536
f 8987 8989 10578
f 10578 8989 10582
f 10578 10582 10579
f 10579 10582 10583
f 10579 10583 10580
f 10580 10583 10584
f 10580 10584 10581
f 10581 10584 10585
f 10581 10585 10536
f 10536 10585 10534
f 8989 8991 10582
f 10582 8991 10586
f 10582 10586 10583
f 10583 10586 10587
f 10583 10587 10584
f 10584 10587 10588
f 10584 10588 10585
f 10585 10588 10589
f 10585 10589 10534
f 10534 10589 10532
f 8991 8993 10586
f 10586 8993 10590
f 10586 10590 10587
f 10587 10590 10591
f 10587 10591 10588
f 10588 10591 10592
f 10588 10592 10589
f 10589 10592 10593
f 10589 10593 10532
f 10532 10593 10530
f 8993 8995 10590
f 10590 8995 10594
f 10590 10594 10591
f 10591 10594 10595
f 10591 10595 10592
f 10592 10595 10596
f 10592 10596 10593
f 10593 10596 10597
f 10593 10597 10530
f 10530 10597 10528
f 10594 8995 10598
f 10598 8995 10599
f 10598 10599 10600
f 10600 10599 8999
f 10600 8999 10601
f 10601 8999 9001
f 10601 9001 10602
f 10602 9001 9003
f 10602 9003 10603
f 10603 9003 10604
f 10603 10604 10605
f 10605 10604 10606
f 10605 10606 10607
f 10607 10606 10608
f 10607 10608 10609
f 10609 10608 10610
f 10609 10610 10518
f 10518 10610 10516
f 9003 9005 10604
f 10604 9005 10611
f 10604 10611 10606
f 10606 10611 10612
f 10606 10612 10608
f 10608 10612 10613
f 10608 10613 10610
f 10610 10613 10614
f 10610 10614 10516
f 10516 10614 10514
f 9005 9007 10611
f 10611 9007 10615
f 10611 10615 10612
f 10612 10615 10616
f 10612 10616 10613
f 10613 10616 10617
f 10613 10617 10614
f 10614 10617 10618
f 10614 10618 10514
f 10514 10618 10512
f 9007 9009 10615
f 10615 9009 10619
f 10615 10619 10616
f 10616 10619 10620
f 10616 10620 10617
f 10617 10620 10621
f 10617 10621 10618
f 10618 10621 10622
f 10618 10622 10512
f 10512 10622 10510
f 9009 9011 10619
f 10619 9011 10623
f 10619 10623 10620
f 10620 10623 10624
f 10620 10624 10621
f 10621 10624 10625
f 10621 10625 10622
f 10622 10625 10626
f 10622 10626 10510
f 10510 10626 10508
f 9011 9013 10623
f 10623 9013 10627
f 10623 10627 10624
f 10624 10627 10628
f 10624 10628 10625
f 10625 10628 10629
f 10625 10629 10626
f 10626 10629 10630
f 10626 10630 10508
f 10508 10630 10506
f 10627 9013 10631
f 10631 9013 9015
f 10631 9015 10632
f 10632 9015 9017
f 10632 9017 10633
f 10633 9017 9019
f 10633 9019 10634
f 10634 9019 9021
f 10634 9021 10635
f 10635 9021 9023
f 10635 9023 10636
f 10636 9023 10637
f 10636 10637 10638
f 10638 10637 10639
f 10638 10639 10640
f 10640 10639 10641
f 10640 10641 10642
f 10642 10641 10643
f 10642 10643 10494
f 10494 10643 10492
f 9023 9025 10637
f 10637 9025 10644
f 10637 10644 10639
f 10639 10644 10645
f 10639 10645 10641
f 10641 10645 10646
f 10641 10646 10643
f 10643 10646 10647
f 10643 10647 10492
f 10492 10647 10490
f 9025 9027 10644
f 10644 9027 10648
f 10644 10648 10645
f 10645 10648 10649
f 10645 10649 10646
f 10646 10649 10650
f 10646 10650 10647
f 10647 10650 10651
f 10647 10651 10490
f 10490 10651 10488
f 9027 9029 10648
f 10648 9029 10652
f 10648 10652 10649
f 10649 10652 10653
f 10649 10653 10650
f 10650 10653 10654
f 10650 10654 10651
f 10651 10654 10655
f 10651 10655 10488
f 10488 10655 10486
f 9029 9031 10652
f 10652 9031 10656
f 10652 10656 10653
f 10653 10656 10657
f 10653 10657 10654
f 10654 10657 10658
f 10654 10658 10655
f 10655 10658 10659
f 10655 10659 10486
f 10486 10659 10484
f 10656 9031 10660
f 10660 9031 9033
f 10660 9033 10661
f 10661 9033 9035
f 10661 9035 10662
f 10662 9035 9037
f 10662 9037 10663
f 10663 9037 9039
f 10663 9039 10664
f 10664 9039 9041
f 10664 9041 10665
f 10665 9041 10666
f 10665 10666 10667
f 10667 10666 10668
f 10667 10668 10476
f 10476 10668 10474
f 9041 9043 10666
f 10666 9043 10669
f 10666 10669 10668
f 10668 10669 10670
f 10668 10670 10474
f 10474 10670 10472
f 9043 9045 10669
f 10669 9045 10671
f 10669 10671 10670
f 10670 10671 10672
f 10670 10672 10472
f 10472 10672 10470
f 9045 9047 10671
f 10671 9047 10673
f 10671 10673 10672
f 10672 10673 10674
f 10672 10674 10470
f 10470 10674 10468
f 9047 9049 10673
f 10673 9049 10675
f 10673 10675 10674
f 10674 10675 10676
f 10674 10676 10468
f 10468 10676 10466
f 10675 9049 10677
f 10677 9049 9051
f 10677 9051 10678
f 10678 9051 9053
f 10678 9053 10679
f 10679 9053 9055
f 10679 9055 10680
f 10680 9055 9057
f 10680 9057 10681
f 10681 9057 10682
f 10681 10682 10683
f 10683 10682 10456
f 10683 10456 10458
f 10682 9061 10456
f 10456 9061 10454
f 9061 9063 10454
f 10454 9063 10452
f 9063 9065 10452
f 10452 9065 10450
f 9065 9067 10450
f 10450 9067 10448
f 9067 10684 10448
f 10448 10684 10446
f 10446 10684 10444
f 10444 10684 9071
f 10444 9071 10442
f 10442 9071 9073
f 10442 9073 10440
f 10440 9073 9075
f 10440 9075 10438
f 10438 9075 9077
f 10438 9077 10436
f 10436 9077 10434
f 9077 9079 10434
f 10434 9079 10432
f 9079 9081 10432
f 10432 9081 10430
f 9081 9083 10430
f 10430 9083 10428
f 9083 9085 10428
f 10428 9085 10426
f 9085 9087 10426
f 10426 9087 10424
f 10424 9087 10422
f 10422 9087 9089
f 10422 9089 10420
f 10420 9089 9091
f 10420 9091 10418
f 10418 9091 8975
f 10418 8975 10416
f 10416 8975 8974
f 10416 8974 10414
f 10414 8974 8973
f 10414 8973 10412
f 10412 8973 6756
f 10412 6756 10410
f 10410 6756 6754
f 10410 6754 10408
f 10408 6754 6752
f 10408 6752 10406
f 10406 6752 6750
f 10406 6750 10404
f 10404 6750 10402
f 6750 6748 10402
f 10402 6748 10400
f 6748 6746 10400
f 10400 6746 10398
f 6746 6744 10398
f 10398 6744 10396
f 6744 6742 10396
f 10396 6742 10394
f 6742 6739 10394
f 10394 6739 10392
f 10392 6739 10390
f 10390 6739 6737
f 10390 6737 10388
f 10388 6737 6735
f 10388 6735 10386
f 10386 6735 6733
f 10386 6733 10384
f 10384 6733 6731
f 10384 6731 10382
f 10382 6731 10380
f 6731 6729 10380
f 10380 6729 10378
f 6729 6727 10378
f 10378 6727 10376
f 6727 6725 10376
f 10376 6725 10374
f 6725 6722 10374
f 10374 6722 10372
f 6722 6720 10372
f 10372 6720 10370
f 10370 6720 10368
f 10368 6720 6718
f 10368 6718 10366
f 10366 6718 6716
f 10366 6716 10364
f 10364 6716 6714
f 10364 6714 10362
f 10362 6714 6712
f 10362 6712 10360
f 10360 6712 6710
f 10360 6710 10358
f 10358 6710 10356
f 6710 6708 10356
f 10356 6708 10354
f 6708 6705 10354
f 10354 6705 10352
f 6705 6703 10352
f 10352 6703 10350
f 6703 6701 10350
f 10350 6701 10348
f 10348 6701 10346
f 10346 6701 6699
f 10346 6699 10344
f 10344 6699 6697
f 10344 6697 10342
f 10342 6697 6695
f 10342 6695 10340
f 10340 6695 6693
f 10340 6693 10338
f 10338 6693 6691
f 10338 6691 10336
f 10336 6691 10334
f 6691 6689 10334
f 10334 6689 10332
f 6689 6686 10332
f 10332 6686 10330
f 6686 6684 10330
f 10330 6684 10328
f 6684 6682 10328
f 10328 6682 10326
f 10326 6682 10324
f 10324 6682 6680
f 10324 6680 10322
f 10322 6680 6678
f 10322 6678 10320
f 10320 6678 6676
f 10320 6676 10318
f 10318 6676 6674
f 10318 6674 10316
f 10316 6674 6672
f 6665 6663 10311
f 10311 6663 10685
f 10311 10685 10309
f 10309 10685 10686
f 10309 10686 10307
f 10307 10686 10687
f 10307 10687 10305
f 10305 10687 10688
f 10305 10688 10303
f 10303 10688 10689
f 10303 10689 10301
f 10301 10689 10690
f 10301 10690 10299
f 10299 10690 10691
f 10299 10691 10297
f 10297 10691 10692
f 10297 10692 10295
f 10295 10692 10693
f 10295 10693 10293
f 10293 10693 10694
f 10293 10694 10291
f 10291 10694 10290
f 6663 6661 10685
f 10685 6661 10695
f 10685 10695 10686
f 10686 10695 10696
f 10686 10696 10687
f 10687 10696 10697
f 10687 10697 10688
f 10688 10697 10698
f 10688 10698 10689
f 10689 10698 10699
f 10689 10699 10690
f 10690 10699 10700
f 10690 10700 10691
f 10691 10700 10701
f 10691 10701 10692
f 10692 10701 10702
f 10692 10702 10693
f 10693 10702 10703
f 10693 10703 10694
f 10694 10703 10704
f 10694 10704 10290
f 10290 10704 10289
f 10695 6661 10705
f 10705 6661 6659
f 10705 6659 10706
f 10706 6659 6657
f 10706 6657 10707
f 10707 6657 6655
f 10707 6655 10708
f 10708 6655 6652
f 10708 6652 10709
f 10709 6652 10710
f 10709 10710 10711
f 10711 10710 10712
f 10711 10712 10713
f 10713 10712 10714
f 10713 10714 10715
f 10715 10714 10716
f 10715 10716 10717
f 10717 10716 10277
f 10717 10277 10279
f 6652 6650 10710
f 10710 6650 10718
f 10710 10718 10712
f 10712 10718 10719
f 10712 10719 10714
f 10714 10719 10720
f 10714 10720 10716
f 10716 10720 10275
f 10716 10275 10277
f 6650 6648 10718
f 10718 6648 10721
f 10718 10721 10719
f 10719 10721 10722
f 10719 10722 10720
f 10720 10722 10273
f 10720 10273 10275
f 6648 6646 10721
f 10721 6646 10723
f 10721 10723 10722
f 10722 10723 10271
f 10722 10271 10273
f 6646 6644 10723
f 10723 6644 10269
f 10723 10269 10271
f 6644 6642 10269
f 7586 10724 7587
f 7587 10724 10725
f 7587 10725 10726
f 10726 10725 10727
f 10726 10727 10728
f 10728 10727 10729
f 10728 10729 10730
f 10730 10729 10731
f 10730 10731 10732
f 10732 10731 10733
f 10732 10733 10734
f 10734 10733 10735
f 10734 10735 10736
f 10736 10735 10737
f 10736 10737 10738
f 10738 10737 10739
f 10738 10739 10740
f 10740 10739 10741
f 10740 10741 10742
f 10742 10741 10421
f 10742 10421 10419
f 7585 10743 7586
f 7586 10743 10744
f 7586 10744 10724
f 10724 10744 10745
f 10724 10745 10746
f 10746 10745 10747
f 10746 10747 10748
f 10748 10747 10749
f 10748 10749 10750
f 10750 10749 10751
f 10750 10751 10752
f 10752 10751 10753
f 10752 10753 10754
f 10754 10753 10755
f 10754 10755 10756
f 10756 10755 10757
f 10756 10757 10758
f 10758 10757 10759
f 10758 10759 10760
f 10760 10759 10425
f 10760 10425 10423
f 7584 10761 7585
f 7585 10761 10762
f 7585 10762 10743
f 10743 10762 10763
f 10743 10763 10764
f 10764 10763 10765
f 10764 10765 10766
f 10766 10765 10767
f 10766 10767 10768
f 10768 10767 10769
f 10768 10769 10770
f 10770 10769 10771
f 10770 10771 10772
f 10772 10771 10773
f 10772 10773 10774
f 10774 10773 10775
f 10774 10775 10776
f 10776 10775 10777
f 10776 10777 10778
f 10778 10777 10429
f 10778 10429 10427
f 7583 10779 7584
f 7584 10779 10780
f 7584 10780 10761
f 10761 10780 10781
f 10761 10781 10782
f 10782 10781 10783
f 10782 10783 10784
f 10784 10783 10785
f 10784 10785 10786
f 10786 10785 10787
f 10786 10787 10788
f 10788 10787 10789
f 10788 10789 10790
f 10790 10789 10791
f 10790 10791 10792
f 10792 10791 10793
f 10792 10793 10794
f 10794 10793 10795
f 10794 10795 10796
f 10796 10795 10433
f 10796 10433 10431
f 7582 10797 7583
f 7583 10797 10798
f 7583 10798 10779
f 10779 10798 10799
f 10779 10799 10800
f 10800 10799 10801
f 10800 10801 10802
f 10802 10801 10803
f 10802 10803 10804
f 10804 10803 10805
f 10804 10805 10806
f 10806 10805 10807
f 10806 10807 10808
f 10808 10807 10809
f 10808 10809 10810
f 10810 10809 10811
f 10810 10811 10812
f 10812 10811 10813
f 10812 10813 10814
f 10814 10813 10437
f 10814 10437 10435
f 7581 10815 7582
f 7582 10815 10816
f 7582 10816 10797
f 10797 10816 10817
f 10797 10817 10818
f 10818 10817 10819
f 10818 10819 10820
f 10820 10819 10821
f 10820 10821 10822
f 10822 10821 10823
f 10822 10823 10824
f 10824 10823 10825
f 10824 10825 10826
f 10826 10825 10827
f 10826 10827 10828
f 10828 10827 10829
f 10828 10829 10830
f 10830 10829 10831
f 10830 10831 10832
f 10832 10831 10441
f 10832 10441 10439
f 7580 10833 7581
f 7581 10833 10834
f 7581 10834 10815
f 10815 10834 10835
f 10815 10835 10836
f 10836 10835 10837
f 10836 10837 10838
f 10838 10837 10839
f 10838 10839 10840
f 10840 10839 10841
f 10840 10841 10842
f 10842 10841 10843
f 10842 10843 10844
f 10844 10843 10845
f 10844 10845 10846
f 10846 10845 10847
f 10846 10847 10848
f 10848 10847 10849
f 10848 10849 10850
f 10850 10849 10445
f 10850 10445 10443
f 7579 10851 7580
f 7580 10851 10833
f 10833 10851 10852
f 10833 10852 10853
f 10853 10852 10854
f 10853 10854 10855
f 10855 10854 10856
f 10855 10856 10857
f 10857 10856 10858
f 10857 10858 10859
f 10859 10858 10860
f 10859 10860 10861
f 10861 10860 10862
f 10861 10862 10863
f 10863 10862 10864
f 10863 10864 10865
f 10865 10864 10866
f 10865 10866 10867
f 10867 10866 10449
f 10867 10449 10447
f 7578 10868 7579
f 7579 10868 10869
f 7579 10869 10851
f 10851 10869 10870
f 10851 10870 10871
f 10871 10870 10872
f 10871 10872 10873
f 10873 10872 10874
f 10873 10874 10875
f 10875 10874 10876
f 10875 10876 10877
f 10877 10876 10878
f 10877 10878 10879
f 10879 10878 10880
f 10879 10880 10881
f 10881 10880 10882
f 10881 10882 10883
f 10883 10882 10884
f 10883 10884 10885
f 10885 10884 10453
f 10885 10453 10451
f 7577 10886 7578
f 7578 10886 10887
f 7578 10887 10868
f 10868 10887 10888
f 10868 10888 10889
f 10889 10888 10890
f 10889 10890 10891
f 10891 10890 10892
f 10891 10892 10893
f 10893 10892 10894
f 10893 10894 10895
f 10895 10894 10896
f 10895 10896 10897
f 10897 10896 10898
f 10897 10898 10899
f 10899 10898 10900
f 10899 10900 10901
f 10901 10900 10902
f 10901 10902 10903
f 10903 10902 10457
f 10903 10457 10455
f 7576 10904 7577
f 7577 10904 10905
f 7577 10905 10886
f 10886 10905 10906
f 10886 10906 10888
f 10888 10906 10890
f 7575 10907 7576
f 7576 10907 10908
f 7576 10908 10904
f 10904 10908 10909
f 10904 10909 10910
f 10910 10909 10911
f 10910 10911 10912
f 10912 10911 10913
f 10912 10913 10914
f 10914 10913 10915
f 10914 10915 10916
f 10916 10915 10917
f 10916 10917 10918
f 10918 10917 10919
f 10918 10919 10920
f 10920 10919 10465
f 10920 10465 10463
f 7574 10921 7575
f 7575 10921 10922
f 7575 10922 10907
f 10907 10922 10923
f 10907 10923 10924
f 10924 10923 10925
f 10924 10925 10926
f 10926 10925 10927
f 10926 10927 10928
f 10928 10927 10929
f 10928 10929 10930
f 10930 10929 10931
f 10930 10931 10932
f 10932 10931 10933
f 10932 10933 10934
f 10934 10933 10469
f 10934 10469 10467
f 7573 10935 7574
f 7574 10935 10936
f 7574 10936 10921
f 10921 10936 10937
f 10921 10937 10938
f 10938 10937 10939
f 10938 10939 10940
f 10940 10939 10941
f 10940 10941 10942
f 10942 10941 10943
f 10942 10943 10944
f 10944 10943 10945
f 10944 10945 10946
f 10946 10945 10947
f 10946 10947 10948
f 10948 10947 10473
f 10948 10473 10471
f 7572 10949 7573
f 7573 10949 10950
f 7573 10950 10935
f 10935 10950 10951
f 10935 10951 10952
f 10952 10951 10953
f 10952 10953 10954
f 10954 10953 10955
f 10954 10955 10956
f 10956 10955 10957
f 10956 10957 10958
f 10958 10957 10959
f 10958 10959 10960
f 10960 10959 10961
f 10960 10961 10962
f 10962 10961 10477
f 10962 10477 10475
f 7571 10963 7572
f 7572 10963 10964
f 7572 10964 10949
f 10949 10964 10965
f 10949 10965 10966
f 10966 10965 10967
f 10966 10967 10968
f 10968 10967 10969
f 10968 10969 10970
f 10970 10969 10971
f 10970 10971 10972
f 10972 10971 10973
f 10972 10973 10974
f 10974 10973 10975
f 10974 10975 10976
f 10976 10975 10481
f 10976 10481 10479
f 7570 10977 7571
f 7571 10977 10978
f 7571 10978 10963
f 10963 10978 10979
f 10963 10979 10964
f 10964 10979 10965
f 7569 10980 7570
f 7570 10980 10981
f 7570 10981 10977
f 10977 10981 10982
f 10977 10982 10983
f 10983 10982 10984
f 10983 10984 10985
f 10985 10984 10986
f 10985 10986 10987
f 10987 10986 10988
f 10987 10988 10989
f 10989 10988 10489
f 10989 10489 10487
f 7568 10990 7569
f 7569 10990 10991
f 7569 10991 10980
f 10980 10991 10992
f 10980 10992 10993
f 10993 10992 10994
f 10993 10994 10995
f 10995 10994 10996
f 10995 10996 10997
f 10997 10996 10998
f 10997 10998 10999
f 10999 10998 10493
f 10999 10493 10491
f 7567 11000 7568
f 7568 11000 11001
f 7568 11001 10990
f 10990 11001 11002
f 10990 11002 11003
f 11003 11002 11004
f 11003 11004 11005
f 11005 11004 11006
f 11005 11006 11007
f 11007 11006 11008
f 11007 11008 11009
f 11009 11008 10497
f 11009 10497 10495
f 7566 11010 7567
f 7567 11010 11011
f 7567 11011 11000
f 11000 11011 11012
f 11000 11012 11013
f 11013 11012 11014
f 11013 11014 11015
f 11015 11014 11016
f 11015 11016 11017
f 11017 11016 11018
f 11017 11018 11019
f 11019 11018 10501
f 11019 10501 10499
f 7565 11020 7566
f 7566 11020 11021
f 7566 11021 11010
f 11010 11021 11022
f 11010 11022 11023
f 11023 11022 11024
f 11023 11024 11025
f 11025 11024 11026
f 11025 11026 11027
f 11027 11026 11028
f 11027 11028 11029
f 11029 11028 10505
f 11029 10505 10503
f 7564 11030 7565
f 7565 11030 11031
f 7565 11031 11020
f 11020 11031 11032
f 11020 11032 11033
f 11033 11032 11034
f 11033 11034 11035
f 11035 11034 11036
f 11035 11036 11037
f 11037 11036 11038
f 11037 11038 11039
f 11039 11038 10509
f 11039 10509 10507
f 7563 11040 7564
f 7564 11040 11041
f 7564 11041 11030
f 11030 11041 11042
f 11030 11042 11043
f 11043 11042 11044
f 11043 11044 11045
f 11045 11044 11046
f 11045 11046 11047
f 11047 11046 11048
f 11047 11048 11049
f 11049 11048 10513
f 11049 10513 10511
f 7562 11050 7563
f 7563 11050 11051
f 7563 11051 11040
f 11040 11051 11052
f 11040 11052 11053
f 11053 11052 11054
f 11053 11054 11055
f 11055 11054 11056
f 11055 11056 11057
f 11057 11056 11058
f 11057 11058 11059
f 11059 11058 10517
f 11059 10517 10515
f 7561 11060 7562
f 7562 11060 11061
f 7562 11061 11050
f 11050 11061 11062
f 11050 11062 11063
f 11063 11062 11064
f 11063 11064 11065
f 11065 11064 11066
f 11065 11066 11067
f 11067 11066 11068
f 11067 11068 11069
f 11069 11068 10521
f 11069 10521 10519
f 7560 11070 7561
f 7561 11070 11071
f 7561 11071 11060
f 11060 11071 11072
f 11072 11073 11074
f 11074 11073 11075
f 11074 11075 11076
f 11076 11075 11077
f 11076 11077 11078
f 11078 11077 10525
f 11078 10525 10523
f 7559 11079 7560
f 7560 11079 11080
f 7560 11080 11070
f 11070 11080 11081
f 11070 11081 11082
f 11082 11081 11083
f 11082 11083 11084
f 11084 11083 11085
f 11084 11085 11086
f 11086 11085 11087
f 11086 11087 11088
f 11088 11087 10529
f 11088 10529 10527
f 7558 11089 7559
f 7559 11089 11090
f 7559 11090 11079
f 11079 11090 11091
f 11079 11091 11092
f 11092 11091 11093
f 11092 11093 11094
f 11094 11093 11095
f 11094 11095 11096
f 11096 11095 11097
f 11096 11097 11098
f 11098 11097 10533
f 11098 10533 10531
f 7557 11099 7558
f 7558 11099 11100
f 7558 11100 11089
f 11089 11100 11101
f 11089 11101 11102
f 11102 11101 11103
f 11102 11103 11104
f 11104 11103 11105
f 11104 11105 11106
f 11106 11105 11107
f 11106 11107 11108
f 11108 11107 10537
f 11108 10537 10535
f 7556 11109 7557
f 7557 11109 11110
f 7557 11110 11099
f 11099 11110 11111
f 11099 11111 11112
f 11112 11111 11113
f 11112 11113 11114
f 11114 11113 11115
f 11114 11115 11116
f 11116 11115 11117
f 11116 11117 11118
f 11118 11117 10541
f 11118 10541 10539
f 7555 11119 7556
f 7556 11119 11120
f 7556 11120 11109
f 11109 11120 11121
f 11109 11121 11122
f 11122 11121 11123
f 11122 11123 11124
f 11124 11123 11125
f 11124 11125 11126
f 11126 11125 11127
f 11126 11127 11128
f 11128 11127 10545
f 11128 10545 10543
f 7554 11129 7555
f 7555 11129 11130
f 7555 11130 11119
f 11119 11130 11131
f 11119 11131 11132
f 11132 11131 11133
f 11132 11133 11134
f 11134 11133 11135
f 11134 11135 11136
f 11136 11135 11137
f 11136 11137 11138
f 11138 11137 10549
f 11138 10549 10547
f 7596 11139 7554
f 7554 11139 11140
f 7554 11140 11129
f 11129 11140 11141
f 11129 11141 11142
f 11142 11141 11143
f 11142 11143 11144
f 11144 11143 11145
f 11144 11145 11146
f 11146 11145 11147
f 11146 11147 11148
f 11148 11147 10553
f 11148 10553 10551
f 11139 7596 11149
f 11149 7596 7595
f 11149 7595 11150
f 11150 7595 11151
f 11150 11151 11152
f 11152 11151 11153
f 11152 11153 11154
f 11154 11153 11155
f 11154 11155 11156
f 11156 11155 11157
f 11156 11157 11158
f 11158 11157 10280
f 11158 10280 10278
f 7595 7594 11151
f 11151 7594 11159
f 11151 11159 11153
f 11153 11159 11160
f 11153 11160 11155
f 11155 11160 11161
f 11155 11161 11157
f 11157 11161 10282
f 11157 10282 10280
f 11159 7594 11162
f 11162 7594 7550
f 11162 7550 11163
f 11163 7550 10288
f 11163 10288 10286
f 7550 7549 10288
f 7548 7547 10292
f 10292 7547 11164
f 10292 11164 10294
f 10294 11164 11165
f 10294 11165 10296
f 10296 11165 11166
f 10296 11166 10298
f 10298 11166 11167
f 10298 11167 10300
f 10300 11167 11168
f 10300 11168 10302
f 10302 11168 11169
f 10302 11169 10304
f 10304 11169 11170
f 10304 11170 10306
f 10306 11170 11171
f 10306 11171 10308
f 10308 11171 11172
f 10308 11172 10310
f 10310 11172 11173
f 10310 11173 10312
f 10312 11173 10313
f 11164 7547 11174
f 11174 7547 7593
f 11174 7593 11175
f 11176 11175 11177
f 11176 11177 11178
f 11178 11177 11179
f 11178 11179 11180
f 11180 11179 11181
f 11180 11181 11182
f 11182 11181 11183
f 11182 11183 11184
f 11184 11183 11185
f 11184 11185 11186
f 11186 11185 11187
f 11186 11187 11188
f 11188 11187 11189
f 11188 11189 11190
f 11190 11189 11191
f 11190 11191 11192
f 11192 11191 11193
f 11192 11193 11194
f 11194 11193 11195
f 11194 11195 10317
f 10317 11195 10319
f 7593 7592 11175
f 11175 7592 11196
f 11175 11196 11177
f 11177 11196 11197
f 11177 11197 11179
f 11179 11197 11198
f 11179 11198 11181
f 11181 11198 11199
f 11181 11199 11183
f 11183 11199 11200
f 11183 11200 11185
f 11185 11200 11201
f 11185 11201 11187
f 11187 11201 11202
f 11187 11202 11189
f 11189 11202 11203
f 11189 11203 11191
f 11191 11203 11204
f 11191 11204 11193
f 11193 11204 11205
f 11193 11205 11195
f 11195 11205 11206
f 11195 11206 10319
f 10319 11206 10321
f 11196 7592 11207
f 11207 7592 7544
f 11207 7544 11208
f 11208 7544 11209
f 11208 11209 11210
f 11210 11209 11211
f 11210 11211 11212
f 11212 11211 11213
f 11212 11213 11214
f 11214 11213 11215
f 11214 11215 11216
f 11216 11215 11217
f 11216 11217 11218
f 11218 11217 11219
f 11218 11219 11220
f 11220 11219 11221
f 11220 11221 11222
f 11222 11221 11223
f 11222 11223 11224
f 11224 11223 11225
f 11224 11225 11226
f 11226 11225 11227
f 11226 11227 11228
f 11228 11227 11229
f 11228 11229 10325
f 10325 11229 10327
f 7544 7543 11209
f 11209 7543 11230
f 11209 11230 11211
f 11211 11230 11231
f 11211 11231 11213
f 11213 11231 11232
f 11213 11232 11215
f 11215 11232 11233
f 11215 11233 11217
f 11217 11233 11234
f 11217 11234 11219
f 11219 11234 11235
f 11219 11235 11221
f 11221 11235 11236
f 11221 11236 11223
f 11223 11236 11237
f 11223 11237 11225
f 11225 11237 11238
f 11225 11238 11227
f 11227 11238 11239
f 11227 11239 11229
f 11229 11239 11240
f 11229 11240 10327
f 10327 11240 10329
f 11230 7543 7542
f 11230 7542 11241
f 11241 7542 11242
f 11241 11242 11243
f 11243 11242 11244
f 11243 11244 11245
f 11245 11244 11246
f 11245 11246 11247
f 11247 11246 11248
f 11247 11248 11249
f 11249 11248 11250
f 11249 11250 11251
f 11251 11250 11252
f 11251 11252 11253
f 11253 11252 11254
f 11253 11254 11255
f 11255 11254 11256
f 11255 11256 11257
f 11257 11256 11258
f 11257 11258 11259
f 11259 11258 11260
f 11259 11260 11261
f 11261 11260 11262
f 11261 11262 10333
f 10333 11262 10335
f 7542 7541 11242
f 11242 7541 11244
f 11244 7541 11246
f 11246 7541 7540
f 11246 7540 11263
f 11263 7540 11264
f 11263 11264 11265
f 11265 11264 11266
f 11265 11266 11267
f 11267 11266 11268
f 11267 11268 11269
f 11269 11268 11270
f 11269 11270 11271
f 11271 11270 11272
f 11271 11272 11273
f 11273 11272 11274
f 11273 11274 11275
f 11275 11274 11276
f 11275 11276 11277
f 11277 11276 11278
f 11277 11278 11279
f 11279 11278 11280
f 11279 11280 10337
f 10337 11280 10339
f 7540 7539 11264
f 11264 7539 11281
f 11264 11281 11266
f 11266 11281 11282
f 11266 11282 11268
f 11268 11282 11283
f 11268 11283 11270
f 11270 11283 11284
f 11270 11284 11272
f 11272 11284 11285
f 11272 11285 11274
f 11274 11285 11286
f 11274 11286 11276
f 11276 11286 11287
f 11276 11287 11278
f 11278 11287 11288
f 11278 11288 11280
f 11280 11288 11289
f 11280 11289 10339
f 10339 11289 10341
f 11281 7539 11290
f 11290 7539 7538
f 11290 7538 11291
f 11291 7538 11292
f 11291 11292 11293
f 11293 11292 11294
f 11293 11294 11295
f 11295 11294 11296
f 11295 11296 11297
f 11297 11296 11298
f 11297 11298 11299
f 11299 11298 11300
f 11299 11300 11301
f 11301 11300 11302
f 11301 11302 11303
f 11303 11302 11304
f 11303 11304 11305
f 11305 11304 11306
f 11305 11306 11307
f 11307 11306 11308
f 11307 11308 10345
f 10345 11308 10347
f 7538 7537 11292
f 11292 7537 11309
f 11292 11309 11294
f 11294 11309 11310
f 11294 11310 11296
f 11296 11310 11311
f 11296 11311 11298
f 11298 11311 11312
f 11298 11312 11300
f 11300 11312 11313
f 11300 11313 11302
f 11302 11313 11314
f 11302 11314 11304
f 11304 11314 11315
f 11304 11315 11306
f 11306 11315 11316
f 11306 11316 11308
f 11308 11316 11317
f 11308 11317 10347
f 10347 11317 10349
f 11309 7537 11318
f 11318 7537 7591
f 11318 7591 11319
f 11319 7591 11320
f 11319 11320 11321
f 11321 11320 11322
f 11321 11322 11323
f 11323 11322 11324
f 11323 11324 11325
f 11325 11324 11326
f 11325 11326 11327
f 11327 11326 11328
f 11327 11328 11329
f 11329 11328 11330
f 11329 11330 11331
f 11331 11330 11332
f 11331 11332 11333
f 11333 11332 11334
f 11333 11334 11335
f 11335 11334 11336
f 11335 11336 10353
f 10353 11336 10355
f 7591 7535 11320
f 11320 7535 11337
f 11320 11337 11322
f 11322 11337 11338
f 11322 11338 11324
f 11324 11338 11339
f 11324 11339 11326
f 11326 11339 11340
f 11326 11340 11328
f 11328 11340 11341
f 11328 11341 11330
f 11330 11341 11342
f 11330 11342 11332
f 11332 11342 11343
f 11332 11343 11334
f 11334 11343 11344
f 11334 11344 11336
f 11336 11344 11345
f 11336 11345 10355
f 10355 11345 10357
f 11337 7535 11346
f 11346 7535 7534
f 11346 7534 11347
f 11347 7534 11348
f 11347 11348 11349
f 11349 11348 11350
f 11349 11350 11351
f 11351 11350 11352
f 11351 11352 11353
f 11353 11352 11354
f 11353 11354 11355
f 11355 11354 11356
f 11355 11356 11357
f 11357 11356 11358
f 11357 11358 11359
f 11359 11358 11360
f 11359 11360 11361
f 11361 11360 11362
f 11361 11362 11363
f 11363 11362 11364
f 11363 11364 10361
f 10361 11364 10363
f 7534 7533 11348
f 11348 7533 11365
f 11348 11365 11350
f 11350 11365 11366
f 11350 11366 11352
f 11352 11366 11367
f 11352 11367 11354
f 11354 11367 11368
f 11354 11368 11356
f 11356 11368 11369
f 11356 11369 11358
f 11358 11369 11370
f 11358 11370 11360
f 11360 11370 11371
f 11360 11371 11362
f 11362 11371 11372
f 11362 11372 11364
f 11364 11372 11373
f 11364 11373 10363
f 10363 11373 10365
f 11365 7533 11374
f 11374 7533 7590
f 11374 7590 11375
f 11375 7590 11376
f 11375 11376 11377
f 11377 11376 11378
f 11377 11378 11379
f 11379 11378 11380
f 11379 11380 11381
f 11381 11380 11382
f 11381 11382 11383
f 11383 11382 11384
f 11383 11384 11385
f 11385 11384 11386
f 11385 11386 11387
f 11387 11386 11388
f 11387 11388 11389
f 11389 11388 11390
f 11389 11390 11391
f 11391 11390 11392
f 11391 11392 10369
f 10369 11392 10371
f 7590 7531 11376
f 11376 7531 11393
f 11376 11393 11378
f 11378 11393 11394
f 11378 11394 11380
f 11380 11394 11395
f 11380 11395 11382
f 11382 11395 11396
f 11382 11396 11384
f 11384 11396 11397
f 11384 11397 11386
f 11386 11397 11398
f 11386 11398 11388
f 11388 11398 11399
f 11388 11399 11390
f 11390 11399 11400
f 11390 11400 11392
f 11392 11400 11401
f 11392 11401 10371
f 10371 11401 10373
f 11393 7531 11402
f 11402 7531 7530
f 11402 7530 11403
f 11403 7530 11404
f 11403 11404 11405
f 11405 11404 11406
f 11405 11406 11407
f 11407 11406 11408
f 11407 11408 11409
f 11409 11408 11410
f 11409 11410 11411
f 11411 11410 11412
f 11411 11412 11413
f 11413 11412 11414
f 11413 11414 11415
f 11415 11414 11416
f 11415 11416 11417
f 11417 11416 11418
f 11417 11418 11419
f 11419 11418 11420
f 11419 11420 10377
f 10377 11420 10379
f 7530 7529 11404
f 11404 7529 11421
f 11404 11421 11406
f 11406 11421 11422
f 11406 11422 11408
f 11408 11422 11423
f 11408 11423 11410
f 11410 11423 11424
f 11410 11424 11412
f 11412 11424 11425
f 11412 11425 11414
f 11414 11425 11426
f 11414 11426 11416
f 11416 11426 11427
f 11416 11427 11418
f 11418 11427 11428
f 11418 11428 11420
f 11420 11428 11429
f 11420 11429 10379
f 10379 11429 10381
f 11421 7529 11430
f 11430 7529 7528
f 11430 7528 11431
f 11430 11431 11432
f 11432 11431 11433
f 11432 11433 11434
f 11434 11433 11435
f 11434 11435 11436
f 11436 11435 11437
f 11436 11437 11438
f 11438 11437 11439
f 11438 11439 11440
f 11440 11439 11441
f 11440 11441 11442
f 11442 11441 11443
f 11442 11443 11444
f 11444 11443 11445
f 11444 11445 11446
f 11446 11445 11447
f 11446 11447 10385
f 10385 11447 10387
f 7528 7527 11431
f 11431 7527 11448
f 11431 11448 11433
f 11433 11448 11449
f 11433 11449 11435
f 11435 11449 11450
f 11435 11450 11437
f 11437 11450 11451
f 11437 11451 11439
f 11439 11451 11452
f 11439 11452 11441
f 11441 11452 11453
f 11441 11453 11443
f 11443 11453 11454
f 11443 11454 11445
f 11445 11454 11455
f 11445 11455 11447
f 11447 11455 11456
f 11447 11456 10387
f 10387 11456 10389
f 11448 7527 11457
f 11457 7527 7526
f 11457 7526 11458
f 11458 7526 11459
f 11458 11459 11460
f 11460 11459 11461
f 11460 11461 11462
f 11462 11461 11463
f 11462 11463 11464
f 11464 11463 11465
f 11464 11465 11466
f 11466 11465 11467
f 11466 11467 11468
f 11468 11467 11469
f 11468 11469 11470
f 11470 11469 11471
f 11470 11471 11472
f 11472 11471 11473
f 11472 11473 11474
f 11474 11473 11475
f 11474 11475 10393
f 10393 11475 10395
f 7526 7525 11459
f 11459 7525 11476
f 11459 11476 11461
f 11461 11476 11477
f 11461 11477 11463
f 11463 11477 11478
f 11463 11478 11465
f 11465 11478 11479
f 11465 11479 11467
f 11467 11479 11480
f 11467 11480 11469
f 11469 11480 11481
f 11469 11481 11471
f 11471 11481 11482
f 11471 11482 11473
f 11473 11482 11483
f 11473 11483 11475
f 11475 11483 11484
f 11475 11484 10395
f 10395 11484 10397
f 11476 7525 11485
f 11485 7525 7589
f 11485 7589 11486
f 11486 7589 11487
f 11486 11487 11488
f 11488 11487 11489
f 11488 11489 11490
f 11490 11489 11491
f 11490 11491 11492
f 11492 11491 11493
f 11492 11493 11494
f 11494 11493 11495
f 11494 11495 11496
f 11496 11495 11497
f 11496 11497 11498
f 11498 11497 11499
f 11498 11499 11500
f 11500 11499 11501
f 11500 11501 11502
f 11502 11501 11503
f 11502 11503 10401
f 10401 11503 10403
f 7589 7523 11487
f 11487 7523 11504
f 11487 11504 11489
f 11489 11504 11505
f 11489 11505 11491
f 11491 11505 11506
f 11491 11506 11493
f 11493 11506 11507
f 11493 11507 11495
f 11495 11507 11508
f 11495 11508 11497
f 11497 11508 11509
f 11497 11509 11499
f 11499 11509 11510
f 11499 11510 11501
f 11501 11510 11511
f 11501 11511 11503
f 11503 11511 11512
f 11503 11512 10403
f 10403 11512 10405
f 11504 7523 11513
f 11513 7523 7522
f 11513 7522 11514
f 11514 7522 11515
f 11514 11515 11516
f 11516 11515 11517
f 11516 11517 11518
f 11518 11517 11519
f 11518 11519 11520
f 11520 11519 11521
f 11520 11521 11522
f 11522 11521 11523
f 11522 11523 11524
f 11524 11523 11525
f 11524 11525 11526
f 11526 11525 11527
f 11526 11527 11528
f 11528 11527 11529
f 11528 11529 11530
f 11530 11529 11531
f 11530 11531 10409
f 10409 11531 10411
f 7522 7588 11515
f 11515 7588 11532
f 11515 11532 11517
f 11517 11532 11533
f 11517 11533 11519
f 11519 11533 11534
f 11519 11534 11521
f 11521 11534 11535
f 11521 11535 11523
f 11523 11535 11536
f 11523 11536 11525
f 11525 11536 11537
f 11525 11537 11527
f 11527 11537 11538
f 11527 11538 11529
f 11529 11538 11539
f 11529 11539 11531
f 11531 11539 11540
f 11531 11540 10411
f 10411 11540 10413
f 11532 7588 11541
f 11541 7588 7520
f 11541 7520 11542
f 11542 7520 11543
f 11542 11543 11544
f 11544 11543 11545
f 11544 11545 11546
f 11546 11545 11547
f 11546 11547 11548
f 11548 11547 11549
f 11548 11549 11550
f 11550 11549 11551
f 11550 11551 11552
f 11552 11551 11553
f 11552 11553 11554
f 11554 11553 11555
f 11554 11555 11556
f 11556 11555 11557
f 11556 11557 11558
f 11558 11557 11559
f 11558 11559 10417
f 10417 11559 10419
f 7520 7519 11543
f 11543 7519 11560
f 11543 11560 11545
f 11545 11560 11561
f 11545 11561 11547
f 11547 11561 11562
f 11547 11562 11549
f 11549 11562 11563
f 11549 11563 11551
f 11551 11563 11564
f 11551 11564 11553
f 11553 11564 11565
f 11553 11565 11555
f 11555 11565 11566
f 11555 11566 11557
f 11557 11566 11567
f 11557 11567 11559
f 11559 11567 10742
f 11559 10742 10419
f 11560 7519 11568
f 11568 7519 7518
f 11568 7518 11569
f 11569 7518 11570
f 11569 11570 11571
f 11571 11570 11572
f 11571 11572 11573
f 11573 11572 11574
f 11573 11574 11575
f 11575 11574 11576
f 11575 11576 11577
f 11577 11576 11578
f 11577 11578 11579
f 11579 11578 10736
f 11579 10736 10738
f 7518 7517 11570
f 11570 7517 11580
f 11570 11580 11572
f 11572 11580 11581
f 11572 11581 11574
f 11574 11581 11582
f 11574 11582 11576
f 11576 11582 11583
f 11576 11583 11578
f 11578 11583 10734
f 11578 10734 10736
f 7517 7516 11580
f 11580 7516 11584
f 11580 11584 11581
f 11581 11584 11585
f 11581 11585 11582
f 11582 11585 11586
f 11582 11586 11583
f 11583 11586 10732
f 11583 10732 10734
f 11584 7516 11587
f 11587 7516 7515
f 11587 7515 11588
f 11588 7515 10726
f 11588 10726 10728
f 7515 7587 10726
f 10417 10415 11558
f 11558 10415 11589
f 11558 11589 11556
f 11556 11589 11590
f 11556 11590 11554
f 11554 11590 11591
f 11554 11591 11552
f 11552 11591 11592
f 11552 11592 11550
f 11550 11592 11593
f 11550 11593 11548
f 11548 11593 11594
f 11548 11594 11546
f 11546 11594 11595
f 11546 11595 11544
f 11544 11595 11596
f 11544 11596 11542
f 11542 11596 11541
f 11589 10415 10413
f 11566 11597 11598
f 11598 11597 11579
f 11598 11579 10738
f 11579 11597 11577
f 11577 11597 11599
f 11577 11599 11575
f 11575 11599 11600
f 11575 11600 11573
f 11573 11600 11601
f 11573 11601 11571
f 11571 11601 11602
f 11571 11602 11569
f 11569 11602 11568
f 11599 11597 11565
f 11565 11597 11566
f 11585 11587 11603
f 11603 11587 11588
f 11603 11588 10728
f 11587 11585 11584
f 11248 11246 11263
f 10261 11604 10262
f 10262 11604 11605
f 10262 11605 10263
f 10263 11605 11606
f 10263 11606 10264
f 10264 11606 11607
f 10264 11607 10265
f 10265 11607 11608
f 10265 11608 10266
f 10266 11608 11609
f 10266 11609 10267
f 10267 11609 11610
f 10267 11610 10268
f 10268 11610 10270
f 11604 11611 11605
f 11605 11611 11612
f 11605 11612 11606
f 11606 11612 11613
f 11606 11613 11607
f 11607 11613 11614
f 11607 11614 11608
f 11608 11614 11615
f 11608 11615 11609
f 11609 11615 11616
f 11609 11616 11610
f 11610 11616 11617
f 11610 11617 10270
f 10270 11617 10272
f 11604 10261 11618
f 11618 10261 10568
f 11618 10568 11619
f 11619 10568 10569
f 11619 10569 11620
f 11620 10569 10570
f 11620 10570 10572
f 11611 11621 11612
f 11612 11621 11622
f 11612 11622 11613
f 11613 11622 11623
f 11613 11623 11614
f 11614 11623 11624
f 11614 11624 11615
f 11615 11624 11625
f 11615 11625 11616
f 11616 11625 11626
f 11616 11626 11617
f 11617 11626 11627
f 11617 11627 10272
f 10272 11627 10274
f 11611 11604 11628
f 11628 11604 11618
f 11628 11618 11629
f 11629 11618 11619
f 11629 11619 11630
f 11630 11619 11620
f 11630 11620 11631
f 11631 11620 10572
f 11631 10572 10574
f 11621 10554 11622
f 11622 10554 10556
f 11622 10556 11623
f 11623 10556 10558
f 11623 10558 11624
f 11624 10558 10560
f 11624 10560 11625
f 11625 10560 10562
f 11625 10562 11626
f 11626 10562 10564
f 11626 10564 11627
f 11627 10564 10566
f 11627 10566 10274
f 10274 10566 10276
f 11621 11611 11632
f 11632 11611 11628
f 11632 11628 11633
f 11633 11628 11629
f 11633 11629 11634
f 11634 11629 11630
f 11634 11630 11635
f 11635 11630 11631
f 11635 11631 11636
f 11636 11631 10574
f 11636 10574 10576
f 10554 11621 10552
f 10552 11621 11632
f 10552 11632 10550
f 10550 11632 11633
f 10550 11633 10548
f 10548 11633 11634
f 10548 11634 10546
f 10546 11634 11635
f 10546 11635 10544
f 10544 11635 11636
f 10544 11636 10542
f 10542 11636 10576
f 10542 10576 10540
f 10555 11637 10557
f 10557 11637 11638
f 10557 11638 10559
f 10559 11638 11639
f 10559 11639 10561
f 10561 11639 11640
f 10561 11640 10563
f 10563 11640 11641
f 10563 11641 10565
f 10565 11641 11642
f 10565 11642 10567
f 10567 11642 11158
f 10567 11158 10278
f 11637 11643 11638
f 11638 11643 11644
f 11638 11644 11639
f 11639 11644 11645
f 11639 11645 11640
f 11640 11645 11646
f 11640 11646 11641
f 11641 11646 11647
f 11641 11647 11642
f 11642 11647 11156
f 11642 11156 11158
f 10553 11147 10555
f 10555 11147 11637
f 11643 11648 11644
f 11644 11648 11649
f 11644 11649 11645
f 11645 11649 11650
f 11645 11650 11646
f 11646 11650 11651
f 11646 11651 11647
f 11647 11651 11154
f 11647 11154 11156
f 11147 11145 11637
f 11637 11145 11643
f 11648 11652 11649
f 11649 11652 11653
f 11649 11653 11650
f 11650 11653 11654
f 11650 11654 11651
f 11651 11654 11152
f 11651 11152 11154
f 11145 11143 11643
f 11643 11143 11648
f 11652 11139 11653
f 11653 11139 11149
f 11653 11149 11654
f 11654 11149 11150
f 11654 11150 11152
f 11143 11141 11648
f 11648 11141 11652
f 11141 11140 11652
f 11652 11140 11139
f 10549 11137 10551
f 10551 11137 11148
f 11137 11135 11148
f 11148 11135 11146
f 11135 11133 11146
f 11146 11133 11144
f 11130 11129 11142
f 11133 11131 11144
f 11144 11131 11142
f 11131 11130 11142
f 11138 10547 11127
f 11127 10547 10545
f 11136 11138 11125
f 11125 11138 11127
f 11134 11136 11123
f 11123 11136 11125
f 11132 11134 11121
f 11121 11134 11123
f 11119 11132 11120
f 11120 11132 11121
f 10541 11117 10543
f 10543 11117 11128
f 11117 11115 11128
f 11128 11115 11126
f 11115 11113 11126
f 11126 11113 11124
f 11110 11109 11122
f 11113 11111 11124
f 11124 11111 11122
f 11111 11110 11122
f 10537 11107 10539
f 10539 11107 11118
f 11107 11105 11118
f 11118 11105 11116
f 11105 11103 11116
f 11116 11103 11114
f 11100 11099 11112
f 11103 11101 11114
f 11114 11101 11112
f 11101 11100 11112
f 10594 10598 10595
f 10595 10598 11655
f 10595 11655 10596
f 10596 11655 11656
f 10596 11656 10597
f 10597 11656 11657
f 10597 11657 10528
f 10528 11657 10526
f 10533 11097 10535
f 10535 11097 11108
f 11097 11095 11108
f 11108 11095 11106
f 11095 11093 11106
f 11106 11093 11104
f 11090 11089 11102
f 11093 11091 11104
f 11104 11091 11102
f 11091 11090 11102
f 10598 10600 11655
f 11655 10600 11658
f 11655 11658 11656
f 11656 11658 11659
f 11656 11659 11657
f 11657 11659 11660
f 11657 11660 10526
f 10526 11660 10524
f 10600 10601 11658
f 11658 10601 11661
f 11658 11661 11659
f 11659 11661 11662
f 11659 11662 11660
f 11660 11662 11663
f 11660 11663 10524
f 10524 11663 10522
f 10529 11087 10531
f 10531 11087 11098
f 11087 11085 11098
f 11098 11085 11096
f 11085 11083 11096
f 11096 11083 11094
f 11080 11079 11092
f 11083 11081 11094
f 11094 11081 11092
f 11081 11080 11092
f 10601 10602 11661
f 11661 10602 11664
f 11661 11664 11662
f 11662 11664 11665
f 11662 11665 11663
f 11663 11665 11666
f 11663 11666 10522
f 10522 11666 10520
f 10602 10603 11664
f 11664 10603 10605
f 11664 10605 11665
f 11665 10605 10607
f 11665 10607 11666
f 11666 10607 10609
f 11666 10609 10520
f 10520 10609 10518
f 10525 11077 10527
f 10527 11077 11088
f 11077 11075 11088
f 11088 11075 11086
f 11075 11073 11086
f 11086 11073 11084
f 11071 11070 11082
f 11073 11072 11084
f 11084 11072 11082
f 11072 11071 11082
f 10521 11068 10523
f 10523 11068 11078
f 11068 11066 11078
f 11078 11066 11076
f 11066 11064 11076
f 11076 11064 11074
f 11061 11060 11072
f 11064 11062 11074
f 11074 11062 11072
f 11062 11061 11072
f 10517 11058 10519
f 10519 11058 11069
f 11058 11056 11069
f 11069 11056 11067
f 11056 11054 11067
f 11067 11054 11065
f 11051 11050 11063
f 11054 11052 11065
f 11065 11052 11063
f 11052 11051 11063
f 10627 10631 10628
f 10628 10631 11667
f 10628 11667 10629
f 10629 11667 11668
f 10629 11668 10630
f 10630 11668 11669
f 10630 11669 10506
f 10506 11669 10504
f 11059 10515 11048
f 11048 10515 10513
f 11057 11059 11046
f 11046 11059 11048
f 11055 11057 11044
f 11044 11057 11046
f 11053 11055 11042
f 11042 11055 11044
f 11040 11053 11041
f 11041 11053 11042
f 10631 10632 11667
f 11667 10632 11670
f 11667 11670 11668
f 11668 11670 11671
f 11668 11671 11669
f 11669 11671 11672
f 11669 11672 10504
f 10504 11672 10502
f 10509 11038 10511
f 10511 11038 11049
f 11038 11036 11049
f 11049 11036 11047
f 11036 11034 11047
f 11047 11034 11045
f 11031 11030 11043
f 11034 11032 11045
f 11045 11032 11043
f 11032 11031 11043
f 10632 10633 11670
f 11670 10633 11673
f 11670 11673 11671
f 11671 11673 11674
f 11671 11674 11672
f 11672 11674 11675
f 11672 11675 10502
f 10502 11675 10500
f 10633 10634 11673
f 11673 10634 11676
f 11673 11676 11674
f 11674 11676 11677
f 11674 11677 11675
f 11675 11677 11678
f 11675 11678 10500
f 10500 11678 10498
f 10505 11028 10507
f 10507 11028 11039
f 11028 11026 11039
f 11039 11026 11037
f 11026 11024 11037
f 11037 11024 11035
f 11021 11020 11033
f 11024 11022 11035
f 11035 11022 11033
f 11022 11021 11033
f 10634 10635 11676
f 11676 10635 11679
f 11676 11679 11677
f 11677 11679 11680
f 11677 11680 11678
f 11678 11680 11681
f 11678 11681 10498
f 10498 11681 10496
f 10636 10638 11679
f 11679 10638 11680
f 11681 11680 10640
f 10640 11680 10638
f 11029 10503 11018
f 11018 10503 10501
f 11027 11029 11016
f 11016 11029 11018
f 11025 11027 11014
f 11014 11027 11016
f 11023 11025 11012
f 11012 11025 11014
f 11010 11023 11011
f 11011 11023 11012
f 10635 10636 11679
f 10496 11681 10642
f 10642 11681 10640
f 10497 11008 10499
f 10499 11008 11019
f 11008 11006 11019
f 11019 11006 11017
f 11006 11004 11017
f 11017 11004 11015
f 11001 11000 11013
f 11004 11002 11015
f 11015 11002 11013
f 11002 11001 11013
f 10494 10496 10642
f 10493 10998 10495
f 10495 10998 11009
f 10998 10996 11009
f 11009 10996 11007
f 10996 10994 11007
f 11007 10994 11005
f 10991 10990 11003
f 10994 10992 11005
f 11005 10992 11003
f 10992 10991 11003
f 10661 11682 10660
f 10660 11682 10657
f 10660 10657 10656
f 10657 11682 10658
f 10658 11682 11683
f 10658 11683 10659
f 10659 11683 11684
f 10659 11684 10484
f 10484 11684 10482
f 11682 10661 11685
f 11685 10661 10662
f 11685 10662 10663
f 10999 10491 10988
f 10988 10491 10489
f 10997 10999 10986
f 10986 10999 10988
f 10995 10997 10984
f 10984 10997 10986
f 10993 10995 10982
f 10982 10995 10984
f 10980 10993 10981
f 10981 10993 10982
f 11682 11685 11683
f 11683 11685 11686
f 11683 11686 11684
f 11684 11686 11687
f 11684 11687 10482
f 10482 11687 10480
f 11686 11685 10663
f 10989 10487 11688
f 11688 10487 10485
f 11688 10485 11689
f 11689 10485 10483
f 11689 10483 10975
f 10975 10483 10481
f 10987 10989 11690
f 11690 10989 11688
f 11690 11688 11691
f 11691 11688 11689
f 11691 11689 10973
f 10973 11689 10975
f 10985 10987 11692
f 11692 10987 11690
f 11692 11690 11693
f 11693 11690 11691
f 11693 11691 10971
f 10971 11691 10973
f 10983 10985 11694
f 11694 10985 11692
f 11694 11692 11695
f 11695 11692 11693
f 11695 11693 10969
f 10969 11693 10971
f 10977 10983 11696
f 11696 10983 11694
f 11696 11694 11697
f 11697 11694 11695
f 11697 11695 10967
f 10967 11695 10969
f 11687 11686 10664
f 10664 11686 10663
f 10979 10978 11696
f 11696 10978 10977
f 10979 11696 11697
f 11687 10664 11698
f 11698 10664 10665
f 11698 10665 10667
f 10965 10979 11697
f 10965 11697 10967
f 10667 10478 11698
f 11698 10478 10480
f 11698 10480 11687
f 10478 10667 10476
f 10477 10961 10479
f 10479 10961 10976
f 10961 10959 10976
f 10976 10959 10974
f 10959 10957 10974
f 10974 10957 10972
f 10957 10955 10972
f 10972 10955 10970
f 10955 10953 10970
f 10970 10953 10968
f 10950 10949 10966
f 10953 10951 10968
f 10968 10951 10966
f 10951 10950 10966
f 10473 10947 10475
f 10475 10947 10962
f 10947 10945 10962
f 10962 10945 10960
f 10945 10943 10960
f 10960 10943 10958
f 10943 10941 10958
f 10958 10941 10956
f 10941 10939 10956
f 10956 10939 10954
f 10936 10935 10952
f 10939 10937 10954
f 10954 10937 10952
f 10937 10936 10952
f 10469 10933 10471
f 10471 10933 10948
f 10933 10931 10948
f 10948 10931 10946
f 10931 10929 10946
f 10946 10929 10944
f 10929 10927 10944
f 10944 10927 10942
f 10927 10925 10942
f 10942 10925 10940
f 10922 10921 10938
f 10925 10923 10940
f 10940 10923 10938
f 10923 10922 10938
f 10678 11699 10677
f 10677 11699 10676
f 10677 10676 10675
f 10464 10466 11699
f 11699 10466 10676
f 11699 10678 11700
f 11700 10678 10679
f 11700 10679 11701
f 11701 10679 10680
f 11701 10680 11702
f 11702 10680 10681
f 11702 10681 10683
f 10465 10919 10467
f 10467 10919 10934
f 10919 10917 10934
f 10934 10917 10932
f 10917 10915 10932
f 10932 10915 10930
f 10915 10913 10930
f 10930 10913 10928
f 10913 10911 10928
f 10928 10911 10926
f 10908 10907 10924
f 10911 10909 10926
f 10926 10909 10924
f 10909 10908 10924
f 10462 10464 11700
f 11700 10464 11699
f 10462 11700 11701
f 10460 10462 11701
f 10460 11701 11702
f 10920 10463 11703
f 11703 10463 10461
f 11703 10461 11704
f 11704 10461 10459
f 11704 10459 10902
f 10902 10459 10457
f 10918 10920 11705
f 11705 10920 11703
f 11705 11703 11706
f 11706 11703 11704
f 11706 11704 10900
f 10900 11704 10902
f 10916 10918 11707
f 11707 10918 11705
f 11707 11705 11708
f 11708 11705 11706
f 11708 11706 10898
f 10898 11706 10900
f 10914 10916 11709
f 11709 10916 11707
f 11709 11707 11710
f 11710 11707 11708
f 11710 11708 10896
f 10896 11708 10898
f 10912 10914 11711
f 11711 10914 11709
f 11711 11709 11712
f 11712 11709 11710
f 11712 11710 10894
f 10894 11710 10896
f 10905 10904 10910
f 10910 10912 11713
f 11713 10912 11711
f 11713 11711 11714
f 11714 11711 11712
f 11714 11712 10892
f 10892 11712 10894
f 10458 10460 11702
f 10458 11702 10683
f 10906 10905 11713
f 11713 10905 10910
f 10906 11713 11714
f 10906 11714 10890
f 10890 11714 10892
f 10888 10887 10886
f 10453 10884 10455
f 10455 10884 10903
f 10884 10882 10903
f 10903 10882 10901
f 10882 10880 10901
f 10901 10880 10899
f 10880 10878 10899
f 10899 10878 10897
f 10878 10876 10897
f 10897 10876 10895
f 10876 10874 10895
f 10895 10874 10893
f 10874 10872 10893
f 10893 10872 10891
f 10869 10868 10889
f 10872 10870 10891
f 10891 10870 10889
f 10870 10869 10889
f 10449 10866 10451
f 10451 10866 10885
f 10866 10864 10885
f 10885 10864 10883
f 10864 10862 10883
f 10883 10862 10881
f 10862 10860 10881
f 10881 10860 10879
f 10860 10858 10879
f 10879 10858 10877
f 10858 10856 10877
f 10877 10856 10875
f 10856 10854 10875
f 10875 10854 10873
f 10854 10852 10873
f 10873 10852 10871
f 10852 10851 10871
f 10867 10447 10849
f 10849 10447 10445
f 10865 10867 10847
f 10847 10867 10849
f 10863 10865 10845
f 10845 10865 10847
f 10861 10863 10843
f 10843 10863 10845
f 10859 10861 10841
f 10841 10861 10843
f 10857 10859 10839
f 10839 10859 10841
f 10855 10857 10837
f 10837 10857 10839
f 10853 10855 10835
f 10835 10855 10837
f 10833 10853 10834
f 10834 10853 10835
f 10441 10831 10443
f 10443 10831 10850
f 10831 10829 10850
f 10850 10829 10848
f 10829 10827 10848
f 10848 10827 10846
f 10827 10825 10846
f 10846 10825 10844
f 10825 10823 10844
f 10844 10823 10842
f 10823 10821 10842
f 10842 10821 10840
f 10821 10819 10840
f 10840 10819 10838
f 10816 10815 10836
f 10819 10817 10838
f 10838 10817 10836
f 10817 10816 10836
f 10437 10813 10439
f 10439 10813 10832
f 10813 10811 10832
f 10832 10811 10830
f 10811 10809 10830
f 10830 10809 10828
f 10809 10807 10828
f 10828 10807 10826
f 10807 10805 10826
f 10826 10805 10824
f 10805 10803 10824
f 10824 10803 10822
f 10803 10801 10822
f 10822 10801 10820
f 10798 10797 10818
f 10801 10799 10820
f 10820 10799 10818
f 10799 10798 10818
f 10814 10435 10795
f 10795 10435 10433
f 10812 10814 10793
f 10793 10814 10795
f 10810 10812 10791
f 10791 10812 10793
f 10808 10810 10789
f 10789 10810 10791
f 10806 10808 10787
f 10787 10808 10789
f 10804 10806 10785
f 10785 10806 10787
f 10802 10804 10783
f 10783 10804 10785
f 10800 10802 10781
f 10781 10802 10783
f 10779 10800 10780
f 10780 10800 10781
f 10429 10777 10431
f 10431 10777 10796
f 10777 10775 10796
f 10796 10775 10794
f 10775 10773 10794
f 10794 10773 10792
f 10773 10771 10792
f 10792 10771 10790
f 10771 10769 10790
f 10790 10769 10788
f 10769 10767 10788
f 10788 10767 10786
f 10767 10765 10786
f 10786 10765 10784
f 10762 10761 10782
f 10765 10763 10784
f 10784 10763 10782
f 10763 10762 10782
f 10425 10759 10427
f 10427 10759 10778
f 10759 10757 10778
f 10778 10757 10776
f 10757 10755 10776
f 10776 10755 10774
f 10755 10753 10774
f 10774 10753 10772
f 10753 10751 10772
f 10772 10751 10770
f 10751 10749 10770
f 10770 10749 10768
f 10749 10747 10768
f 10768 10747 10766
f 10744 10743 10764
f 10747 10745 10766
f 10766 10745 10764
f 10745 10744 10764
f 10421 10741 10423
f 10423 10741 10760
f 10741 10739 10760
f 10760 10739 10758
f 10739 10737 10758
f 10758 10737 10756
f 10737 10735 10756
f 10756 10735 10754
f 10735 10733 10754
f 10754 10733 10752
f 10733 10731 10752
f 10752 10731 10750
f 10731 10729 10750
f 10750 10729 10748
f 10725 10724 10746
f 10729 10727 10748
f 10748 10727 10746
f 10727 10725 10746
f 11598 10738 10740
f 11598 10740 11567
f 11567 10740 10742
f 11603 10728 10730
f 11603 10730 11586
f 11586 10730 10732
f 11566 11598 11567
f 11585 11603 11586
f 11590 11589 11540
f 11540 11589 10413
f 11600 11599 11564
f 11564 11599 11565
f 11591 11590 11539
f 11539 11590 11540
f 11601 11600 11563
f 11563 11600 11564
f 11530 10409 10407
f 11592 11591 11538
f 11538 11591 11539
f 11602 11601 11562
f 11562 11601 11563
f 11530 10407 11715
f 11715 10407 10405
f 11715 10405 11512
f 11593 11592 11537
f 11537 11592 11538
f 11568 11602 11561
f 11561 11602 11562
f 11530 11715 11528
f 11528 11715 11716
f 11528 11716 11526
f 11526 11716 11717
f 11526 11717 11524
f 11524 11717 11718
f 11524 11718 11522
f 11522 11718 11719
f 11522 11719 11520
f 11520 11719 11720
f 11520 11720 11518
f 11518 11720 11721
f 11518 11721 11516
f 11516 11721 11722
f 11516 11722 11514
f 11514 11722 11513
f 11716 11715 11512
f 11594 11593 11536
f 11536 11593 11537
f 11560 11568 11561
f 11502 10401 10399
f 11716 11512 11511
f 11716 11511 11717
f 11717 11511 11510
f 11717 11510 11718
f 11718 11510 11509
f 11718 11509 11719
f 11719 11509 11508
f 11719 11508 11720
f 11720 11508 11507
f 11720 11507 11721
f 11721 11507 11506
f 11721 11506 11722
f 11722 11506 11505
f 11722 11505 11513
f 11513 11505 11504
f 11594 11536 11535
f 11594 11535 11595
f 11595 11535 11534
f 11595 11534 11596
f 11596 11534 11533
f 11596 11533 11541
f 11541 11533 11532
f 11502 10399 11723
f 11723 10399 10397
f 11723 10397 11484
f 11502 11723 11500
f 11500 11723 11724
f 11500 11724 11498
f 11498 11724 11725
f 11498 11725 11496
f 11496 11725 11726
f 11496 11726 11494
f 11494 11726 11727
f 11494 11727 11492
f 11492 11727 11728
f 11492 11728 11490
f 11490 11728 11729
f 11490 11729 11488
f 11488 11729 11730
f 11488 11730 11486
f 11486 11730 11485
f 11724 11723 11484
f 11725 11724 11483
f 11483 11724 11484
f 10393 10391 11474
f 11474 10391 11731
f 11474 11731 11472
f 11472 11731 11732
f 11472 11732 11470
f 11470 11732 11733
f 11470 11733 11468
f 11468 11733 11734
f 11468 11734 11466
f 11466 11734 11735
f 11466 11735 11464
f 11464 11735 11736
f 11464 11736 11462
f 11462 11736 11737
f 11462 11737 11460
f 11460 11737 11738
f 11460 11738 11458
f 11458 11738 11457
f 11731 10391 10389
f 11725 11483 11482
f 11725 11482 11726
f 11726 11482 11481
f 11726 11481 11727
f 11727 11481 11480
f 11727 11480 11728
f 11728 11480 11479
f 11728 11479 11729
f 11729 11479 11478
f 11729 11478 11730
f 11730 11478 11477
f 11730 11477 11485
f 11485 11477 11476
f 11732 11731 11456
f 11456 11731 10389
f 11733 11732 11455
f 11455 11732 11456
f 11446 10385 10383
f 11734 11733 11454
f 11454 11733 11455
f 11446 10383 11739
f 11739 10383 10381
f 11739 10381 11429
f 11735 11734 11453
f 11453 11734 11454
f 11429 11740 11739
f 11739 11740 11444
f 11739 11444 11446
f 11444 11740 11442
f 11442 11740 11741
f 11442 11741 11440
f 11440 11741 11742
f 11440 11742 11438
f 11438 11742 11743
f 11438 11743 11436
f 11436 11743 11744
f 11436 11744 11434
f 11434 11744 11745
f 11434 11745 11432
f 11432 11745 11746
f 11432 11746 11430
f 11741 11740 11428
f 11428 11740 11429
f 11735 11453 11452
f 11735 11452 11736
f 11736 11452 11451
f 11736 11451 11737
f 11737 11451 11450
f 11737 11450 11738
f 11738 11450 11449
f 11738 11449 11457
f 11457 11449 11448
f 11419 10377 10375
f 11742 11741 11427
f 11427 11741 11428
f 11419 10375 11747
f 11747 10375 10373
f 11747 10373 11401
f 11743 11742 11426
f 11426 11742 11427
f 11419 11747 11417
f 11417 11747 11748
f 11417 11748 11415
f 11415 11748 11749
f 11415 11749 11413
f 11413 11749 11750
f 11413 11750 11411
f 11411 11750 11751
f 11411 11751 11409
f 11409 11751 11752
f 11409 11752 11407
f 11407 11752 11753
f 11407 11753 11405
f 11405 11753 11754
f 11405 11754 11403
f 11403 11754 11402
f 11748 11747 11401
f 11744 11743 11425
f 11425 11743 11426
f 11391 10369 10367
f 11748 11401 11400
f 11748 11400 11749
f 11749 11400 11399
f 11749 11399 11750
f 11750 11399 11398
f 11750 11398 11751
f 11751 11398 11397
f 11751 11397 11752
f 11752 11397 11396
f 11752 11396 11753
f 11753 11396 11395
f 11753 11395 11754
f 11754 11395 11394
f 11754 11394 11402
f 11402 11394 11393
f 11744 11425 11424
f 11744 11424 11745
f 11745 11424 11423
f 11745 11423 11746
f 11746 11423 11422
f 11746 11422 11430
f 11430 11422 11421
f 11391 10367 11755
f 11755 10367 10365
f 11755 10365 11373
f 11391 11755 11389
f 11389 11755 11756
f 11389 11756 11387
f 11387 11756 11757
f 11387 11757 11385
f 11385 11757 11758
f 11385 11758 11383
f 11383 11758 11759
f 11383 11759 11381
f 11381 11759 11760
f 11381 11760 11379
f 11379 11760 11761
f 11379 11761 11377
f 11377 11761 11762
f 11377 11762 11375
f 11375 11762 11374
f 11756 11755 11373
f 11757 11756 11372
f 11372 11756 11373
f 11363 10361 10359
f 11758 11757 11371
f 11371 11757 11372
f 11363 10359 11763
f 11763 10359 10357
f 11763 10357 11345
f 11363 11763 11361
f 11361 11763 11764
f 11361 11764 11359
f 11359 11764 11765
f 11359 11765 11357
f 11357 11765 11766
f 11357 11766 11355
f 11355 11766 11767
f 11355 11767 11353
f 11353 11767 11768
f 11353 11768 11351
f 11351 11768 11769
f 11351 11769 11349
f 11349 11769 11770
f 11349 11770 11347
f 11347 11770 11346
f 11764 11763 11345
f 11758 11371 11370
f 11758 11370 11759
f 11759 11370 11369
f 11759 11369 11760
f 11760 11369 11368
f 11760 11368 11761
f 11761 11368 11367
f 11761 11367 11762
f 11762 11367 11366
f 11762 11366 11374
f 11374 11366 11365
f 11765 11764 11344
f 11344 11764 11345
f 11335 10353 10351
f 11766 11765 11343
f 11343 11765 11344
f 11335 10351 11771
f 11771 10351 10349
f 11771 10349 11317
f 11767 11766 11342
f 11342 11766 11343
f 11335 11771 11333
f 11333 11771 11772
f 11333 11772 11331
f 11331 11772 11773
f 11331 11773 11329
f 11329 11773 11774
f 11329 11774 11327
f 11327 11774 11775
f 11327 11775 11325
f 11325 11775 11776
f 11325 11776 11323
f 11323 11776 11777
f 11323 11777 11321
f 11321 11777 11778
f 11321 11778 11319
f 11319 11778 11318
f 11772 11771 11317
f 11768 11767 11341
f 11341 11767 11342
f 11307 10345 10343
f 11772 11317 11316
f 11772 11316 11773
f 11773 11316 11315
f 11773 11315 11774
f 11774 11315 11314
f 11774 11314 11775
f 11775 11314 11313
f 11775 11313 11776
f 11776 11313 11312
f 11776 11312 11777
f 11777 11312 11311
f 11777 11311 11778
f 11778 11311 11310
f 11778 11310 11318
f 11318 11310 11309
f 11768 11341 11340
f 11768 11340 11769
f 11769 11340 11339
f 11769 11339 11770
f 11770 11339 11338
f 11770 11338 11346
f 11346 11338 11337
f 11307 10343 11779
f 11779 10343 10341
f 11779 10341 11289
f 11307 11779 11305
f 11305 11779 11780
f 11305 11780 11303
f 11303 11780 11781
f 11303 11781 11301
f 11301 11781 11782
f 11301 11782 11299
f 11299 11782 11783
f 11299 11783 11297
f 11297 11783 11784
f 11297 11784 11295
f 11295 11784 11785
f 11295 11785 11293
f 11293 11785 11786
f 11293 11786 11291
f 11291 11786 11290
f 11780 11779 11289
f 11781 11780 11288
f 11288 11780 11289
f 10337 10335 11279
f 11279 10335 11262
f 11279 11262 11277
f 11277 11262 11260
f 11277 11260 11275
f 11275 11260 11258
f 11275 11258 11273
f 11273 11258 11256
f 11273 11256 11271
f 11271 11256 11254
f 11271 11254 11269
f 11269 11254 11252
f 11269 11252 11267
f 11267 11252 11250
f 11267 11250 11265
f 11265 11250 11248
f 11265 11248 11263
f 11781 11288 11287
f 11781 11287 11782
f 11782 11287 11286
f 11782 11286 11783
f 11783 11286 11285
f 11783 11285 11784
f 11784 11285 11284
f 11784 11284 11785
f 11785 11284 11283
f 11785 11283 11786
f 11786 11283 11282
f 11786 11282 11290
f 11290 11282 11281
f 11261 10333 10331
f 11261 10331 11787
f 11787 10331 10329
f 11787 10329 11240
f 11261 11787 11259
f 11259 11787 11788
f 11259 11788 11257
f 11257 11788 11789
f 11257 11789 11255
f 11255 11789 11790
f 11255 11790 11253
f 11253 11790 11791
f 11253 11791 11251
f 11251 11791 11792
f 11251 11792 11249
f 11249 11792 11793
f 11249 11793 11247
f 11247 11793 11794
f 11247 11794 11245
f 11245 11794 11795
f 11245 11795 11243
f 11243 11795 11796
f 11243 11796 11241
f 11241 11796 11230
f 11788 11787 11240
f 11789 11788 11239
f 11239 11788 11240
f 10325 10323 11228
f 11228 10323 11797
f 11228 11797 11226
f 11226 11797 11798
f 11226 11798 11224
f 11224 11798 11799
f 11224 11799 11222
f 11222 11799 11800
f 11222 11800 11220
f 11220 11800 11801
f 11220 11801 11218
f 11218 11801 11802
f 11218 11802 11216
f 11216 11802 11803
f 11216 11803 11214
f 11214 11803 11804
f 11214 11804 11212
f 11212 11804 11805
f 11212 11805 11210
f 11210 11805 11806
f 11210 11806 11208
f 11208 11806 11207
f 11797 10323 10321
f 11789 11239 11238
f 11789 11238 11790
f 11790 11238 11237
f 11790 11237 11791
f 11791 11237 11236
f 11791 11236 11792
f 11792 11236 11235
f 11792 11235 11793
f 11793 11235 11234
f 11793 11234 11794
f 11794 11234 11233
f 11794 11233 11795
f 11795 11233 11232
f 11795 11232 11796
f 11796 11232 11231
f 11796 11231 11230
f 11798 11797 11206
f 11206 11797 10321
f 11799 11798 11205
f 11205 11798 11206
f 11194 10317 10315
f 11800 11799 11204
f 11204 11799 11205
f 10315 10314 11194
f 11194 10314 11192
f 11192 10314 11807
f 11807 10314 10313
f 11807 10313 11173
f 11800 11204 11203
f 11800 11203 11801
f 11801 11203 11202
f 11801 11202 11802
f 11802 11202 11201
f 11802 11201 11803
f 11803 11201 11200
f 11803 11200 11804
f 11804 11200 11199
f 11804 11199 11805
f 11805 11199 11198
f 11805 11198 11806
f 11806 11198 11197
f 11806 11197 11207
f 11207 11197 11196
f 11192 11807 11190
f 11190 11807 11808
f 11190 11808 11188
f 11188 11808 11809
f 11188 11809 11186
f 11186 11809 11810
f 11186 11810 11184
f 11184 11810 11811
f 11184 11811 11182
f 11182 11811 11812
f 11182 11812 11180
f 11180 11812 11813
f 11180 11813 11178
f 11178 11813 11814
f 11178 11814 11176
f 11176 11814 11815
f 11176 11815 11175
f 11175 11815 11174
f 11808 11807 11173
f 11809 11808 11172
f 11172 11808 11173
f 11810 11809 11171
f 11171 11809 11172
f 11811 11810 11170
f 11170 11810 11171
f 10695 10705 10696
f 10696 10705 11816
f 10696 11816 10697
f 10697 11816 11817
f 10697 11817 10698
f 10698 11817 11818
f 10698 11818 10699
f 10699 11818 11819
f 10699 11819 10700
f 10700 11819 11820
f 10700 11820 10701
f 10701 11820 11821
f 10701 11821 10702
f 10702 11821 11822
f 10702 11822 10703
f 10703 11822 11823
f 10703 11823 10704
f 10704 11823 10287
f 10704 10287 10289
f 11811 11170 11169
f 11811 11169 11812
f 11812 11169 11168
f 11812 11168 11813
f 11813 11168 11167
f 11813 11167 11814
f 11814 11167 11166
f 11814 11166 11815
f 11815 11166 11165
f 11815 11165 11174
f 11174 11165 11164
f 10705 10706 11816
f 11816 10706 11824
f 11816 11824 11817
f 11817 11824 11825
f 11817 11825 11818
f 11818 11825 11826
f 11818 11826 11819
f 11819 11826 11827
f 11819 11827 11820
f 11820 11827 11828
f 11820 11828 11821
f 11821 11828 11829
f 11821 11829 11822
f 11822 11829 11830
f 11822 11830 11823
f 11823 11830 10285
f 11823 10285 10287
f 10706 10707 11824
f 11824 10707 11831
f 11824 11831 11825
f 11825 11831 11832
f 11825 11832 11826
f 11826 11832 11833
f 11826 11833 11827
f 11827 11833 11834
f 11827 11834 11828
f 11828 11834 11835
f 11828 11835 11829
f 11829 11835 11836
f 11829 11836 11830
f 11830 11836 10283
f 11830 10283 10285
f 10707 10708 11831
f 11831 10708 11837
f 11831 11837 11832
f 11832 11837 11838
f 11832 11838 11833
f 11833 11838 11839
f 11833 11839 11834
f 11834 11839 11840
f 11834 11840 11835
f 11835 11840 11841
f 11835 11841 11836
f 11836 11841 10281
f 11836 10281 10283
f 10708 10709 11837
f 11837 10709 10711
f 11837 10711 11838
f 11838 10711 10713
f 11838 10713 11839
f 11839 10713 10715
f 11839 10715 11840
f 11840 10715 10717
f 11840 10717 11841
f 11841 10717 10279
f 11841 10279 10281
f 10284 10282 11161
f 10286 10284 11842
f 11842 10284 11161
f 11842 11161 11160
f 11162 11163 11842
f 11842 11163 10286
f 11162 11842 11160
f 11159 11162 11160
f 8979 9194 9193
f 8979 9193 8981
f 8981 9193 9192
f 8981 9192 8983
f 8983 9192 9190
f 8983 9190 8985
f 8985 9190 9188
f 8985 9188 8987
f 8987 9188 9186
f 8987 9186 8989
f 8989 9186 9184
f 8989 9184 8991
f 8991 9184 9183
f 8991 9183 8993
f 8993 9183 9181
f 8993 9181 8995
f 8995 9181 9180
f 8995 9180 9179
f 8995 9179 10599
f 10599 9179 9177
f 10599 9177 8999
f 8999 9177 9176
f 8999 9176 9001
f 9001 9176 9174
f 9001 9174 9003
f 9003 9174 9172
f 9003 9172 9005
f 9005 9172 9170
f 9005 9170 9007
f 9007 9170 9168
f 9007 9168 9009
f 9009 9168 9166
f 9009 9166 9011
f 9011 9166 9165
f 9011 9165 9164
f 9011 9164 9013
f 9013 9164 9163
f 9013 9163 9015
f 9015 9163 9161
f 9015 9161 9017
f 9017 9161 9159
f 9017 9159 9019
f 9019 9159 9157
f 9019 9157 9021
f 9021 9157 9155
f 9021 9155 9023
f 9023 9155 9153
f 9023 9153 9025
f 9025 9153 9152
f 9025 9152 9027
f 9027 9152 9151
f 9027 9151 10260
f 9027 10260 9029
f 9029 10260 9149
f 9029 9149 9031
f 9031 9149 9147
f 9031 9147 9033
f 9033 9147 9145
f 9033 9145 9035
f 9035 9145 9143
f 9035 9143 9037
f 9037 9143 9141
f 9037 9141 9039
f 9039 9141 9140
f 9039 9140 9041
f 9041 9140 9139
f 9041 9139 9043
f 9043 9139 9138
f 9043 9138 9045
f 9045 9138 9137
f 9045 9137 9136
f 9045 9136 9047
f 9047 9136 9135
f 9047 9135 9049
f 9049 9135 9133
f 9049 9133 9051
f 9051 9133 9131
f 9051 9131 9053
f 9053 9131 9129
f 9053 9129 9055
f 9055 9129 9127
f 9055 9127 9057
f 9057 9127 9125
f 9057 9125 10682
f 10682 9125 10259
f 10682 10259 9061
f 9061 10259 9123
f 9061 9123 9122
f 9061 9122 9063
f 9063 9122 9120
f 9063 9120 9065
f 9065 9120 9118
f 9065 9118 9067
f 9067 9118 9116
f 9067 9116 10684
f 10684 9116 9114
f 10684 9114 9071
f 9071 9114 9112
f 9071 9112 9073
f 9073 9112 9111
f 9073 9111 9075
f 9075 9111 9109
f 9075 9109 9077
f 9077 9109 9108
f 9077 9108 9107
f 9077 9107 9079
f 9079 9107 9105
f 9079 9105 9081
f 9081 9105 9103
f 9081 9103 9083
f 9083 9103 9101
f 9083 9101 9085
f 9085 9101 9099
f 9085 9099 9087
f 9087 9099 9097
f 9087 9097 9089
f 9089 9097 9095
f 9089 9095 9091
f 9091 9095 9094
f 9091 9094 8975
f 8975 9094 9093
f 9911 9799 10122
f 10122 9799 9798
f 10122 9798 7002
f 7002 9798 7004
f 7002 7004 10118
f 10118 7004 9795
f 10118 9795 10116
f 10116 9795 9793
f 10116 9793 10114
f 10114 9793 9790
f 10114 9790 10112
f 10112 9790 9789
f 10112 9789 10110
f 10110 9789 9786
f 10110 9786 10107
f 10107 9786 9785
f 10107 9785 10105
f 10105 9785 9783
f 10105 9783 10103
f 10103 9783 9780
f 10103 9780 10101
f 10101 9780 9779
f 10101 9779 10099
f 10099 9779 9776
f 10099 9776 10096
f 10096 9776 9775
f 10096 9775 10094
f 10094 9775 9773
f 10094 9773 7205
f 7205 9773 7206
f 7205 7206 10091
f 10091 7206 9771
f 10091 9771 10089
f 10089 9771 9768
f 10089 9768 10086
f 10086 9768 9767
f 10086 9767 7203
f 7203 9767 7204
f 7203 7204 7161
f 7161 7204 7162
f 7161 7162 10082
f 10082 7162 9764
f 10082 9764 10080
f 10080 9764 9761
f 10080 9761 10077
f 10077 9761 9760
f 10077 9760 7225
f 7225 9760 7226
f 7225 7226 10074
f 10074 7226 9756
f 10074 9756 10071
f 10071 9756 9755
f 10071 9755 10069
f 10069 9755 9752
f 10069 9752 10066
f 10066 9752 9751
f 10066 9751 7111
f 7111 9751 7112
f 7111 7112 10063
f 10063 7112 9747
f 10063 9747 10060
f 10060 9747 9746
f 10060 9746 10059
f 10059 9746 9745
f 10059 9745 10058
f 10058 9745 9742
f 10058 9742 10055
f 10055 9742 9741
f 10055 9741 10052
f 10052 9741 9739
f 10052 9739 7167
f 7167 9739 7169
f 7167 7169 10049
f 10049 7169 9737
f 10049 9737 10047
f 10047 9737 9734
f 10047 9734 10044
f 10044 9734 9733
f 10044 9733 10042
f 10042 9733 9731
f 10042 9731 6964
f 6964 9731 6966
f 6964 6966 10039
f 10039 6966 9729
f 10039 9729 7145
f 7145 9729 7146
f 7145 7146 10035
f 10035 7146 9726
f 10035 9726 6960
f 6960 9726 6962
f 6960 6962 10032
f 10032 6962 9722
f 10032 9722 10030
f 10030 9722 9721
f 10030 9721 10028
f 10028 9721 9718
f 10028 9718 10025
f 10025 9718 9717
f 10025 9717 7042
f 7042 9717 7044
f 7042 7044 7123
f 7123 7044 7124
f 7123 7124 10020
f 10020 7124 9713
f 10020 9713 7127
f 7127 9713 7129
f 7127 7129 10016
f 10016 7129 9710
f 10016 9710 10015
f 10015 9710 9707
f 10015 9707 10012
f 10012 9707 9706
f 10012 9706 10010
f 10010 9706 9705
f 10010 9705 10008
f 10008 9705 9702
f 10008 9702 10005
f 10005 9702 9701
f 10005 9701 10004
f 10004 9701 9698
f 10004 9698 10000
f 10000 9698 9697
f 10000 9697 9998
f 9998 9697 9696
f 9998 9696 9996
f 9996 9696 9693
f 9996 9693 9993
f 9993 9693 9692
f 9993 9692 9992
f 9992 9692 9689
f 6937 11843 6938
f 6938 11843 6507
f 6938 6507 7064
f 6937 7063 11843
f 7187 6941 7188
f 7188 6941 6517
f 7188 6517 6515
f 10007 11844 7187
f 7187 11844 11845
f 7187 11845 6939
f 6939 11845 6941
f 6941 11845 6517
f 10007 10006 11844
f 11844 10006 7057
f 11844 7057 11846
f 11846 7057 7241
f 7057 7058 7241
f 7241 7058 7242
f 7242 7058 6513
f 6513 7058 6515
f 6515 7058 9704
f 6515 9704 9703
f 9703 7188 6515
f 7049 6945 7051
f 7051 6945 6521
f 7051 6521 6519
f 7049 11847 6943
f 7049 6943 6945
f 11847 7049 11848
f 6948 6952 6950
f 6950 6952 6529
f 6950 6529 9714
f 9714 6529 9820
f 9820 6529 6527
f 9820 6527 7166
f 7166 6527 7132
f 7166 7132 7131
f 10021 11849 6948
f 6948 11849 6951
f 6948 6951 6952
f 10021 10019 11849
f 11849 10019 11850
f 11850 10019 7165
f 11850 7165 7131
f 7131 7165 7166
f 6958 6537 6956
f 6956 6537 11851
f 6956 11851 6954
f 6954 11851 6957
f 6961 6543 9724
f 9724 6543 9725
f 9725 6543 6541
f 9725 6541 7240
f 7240 6541 7184
f 7240 7184 7183
f 10034 11852 6959
f 10034 10033 11852
f 11852 10033 11853
f 11853 10033 7239
f 11853 7239 7183
f 7183 7239 7240
f 7033 6965 7035
f 7035 6965 6551
f 7035 6551 7238
f 7035 7238 7237
f 7033 11854 6963
f 7033 6963 6965
f 11854 7033 7237
f 7237 7033 7035
f 7260 6557 9735
f 9735 6557 6555
f 9735 6555 9736
f 9736 6555 7236
f 7236 6555 7118
f 7236 7118 7117
f 10046 11855 7258
f 11855 10046 11856
f 11856 10046 10045
f 11856 10045 7235
f 11856 7235 7117
f 7117 7235 7236
f 6969 6561 6970
f 6970 6561 6559
f 6970 6559 7032
f 7032 6559 9738
f 9738 6559 9815
f 9815 6559 6557
f 9815 6557 7304
f 7304 6557 7259
f 7304 7259 7257
f 6968 11857 6967
f 11857 6968 11858
f 11858 6968 7031
f 11858 7031 10050
f 6968 6970 7031
f 7031 6970 7032
f 7194 7195 7196
f 7196 7195 6565
f 7196 6565 6563
f 7194 11859 7193
f 7194 7193 7195
f 11859 7194 11860
f 6972 6973 6974
f 6974 6973 6574
f 6974 6574 6572
f 6974 6572 7230
f 6974 7230 7229
f 6972 11861 6971
f 6972 6971 6973
f 11861 6972 11862
f 11862 6972 7229
f 7229 6972 6974
f 7198 6977 7200
f 7200 6977 6582
f 7200 6582 9757
f 9757 6582 9811
f 9811 6582 6580
f 9811 6580 7228
f 7228 6580 7109
f 7228 7109 7107
f 10072 11863 7198
f 7198 11863 6975
f 7198 6975 6977
f 10072 10070 11863
f 11863 10070 11864
f 11864 10070 7227
f 11864 7227 7107
f 7107 7227 7228
f 7025 6981 7026
f 7026 6981 6586
f 7025 11865 6979
f 7025 6979 6981
f 7086 6596 9808
f 9808 6596 6594
f 9808 6594 9766
f 9766 6594 7105
f 10085 11866 7084
f 11866 10085 11867
f 11867 10085 10084
f 11867 10084 7103
f 6983 11868 6985
f 6985 11868 6600
f 6985 6600 7018
f 11868 6983 7017
f 6989 6610 9777
f 9777 6610 6608
f 9777 6608 9778
f 9778 6608 7160
f 7160 6608 7100
f 7160 7100 7099
f 10098 11869 6987
f 11869 10098 11870
f 11870 10098 10097
f 11870 10097 7159
f 11870 7159 7099
f 7099 7159 7160
f 6992 6993 6994
f 6994 6993 6614
f 6994 6614 6612
f 6994 6612 9781
f 9781 6612 9782
f 9782 6612 6610
f 9782 6610 7176
f 6992 11871 6991
f 6992 6991 6993
f 11871 6992 11872
f 11872 6992 10102
f 7212 7216 7214
f 7214 7216 6624
f 7214 6624 6622
f 10113 11873 7212
f 7212 11873 11874
f 7212 11874 7215
f 10113 10111 11873
f 11873 10111 7221
f 11873 7221 11875
f 11875 7221 7156
f 7221 7222 7156
f 7156 7222 7158
f 7158 7222 6620
f 7158 6620 7157
f 7157 6620 11875
f 7157 11875 7155
f 7155 11875 7156
f 6620 7222 6622
f 6622 7222 9792
f 6622 9792 9791
f 9791 7214 6622
f 7007 7000 7008
f 7008 7000 6626
f 7007 11876 6999
f 7007 6999 7000
f 7005 11877 7006
f 7006 11877 6630
f 7006 6630 7282
f 7006 7282 7280
f 11877 7005 7280
f 7280 7005 7006
f 7007 10117 11876
f 11876 10117 10115
f 11876 10115 11874
f 11874 10115 7283
f 11874 7283 7284
f 7284 7283 7285
f 7284 7285 7286
f 7286 7285 6624
f 7286 6624 7216
f 7285 9794 6624
f 6624 9794 6626
f 6626 9794 9804
f 6626 9804 7008
f 7093 7011 7094
f 7094 7011 6616
f 7093 11878 7009
f 7093 7009 7011
f 10102 10100 11872
f 11872 10100 11869
f 11869 10100 7174
f 7015 6604 7102
f 7102 6604 6602
f 7102 6602 7290
f 7290 6602 9772
f 9772 6602 9807
f 9807 6602 6600
f 9807 6600 6985
f 7101 11879 7013
f 11879 7101 11880
f 11880 7101 7289
f 11880 7289 10092
f 7101 7102 7289
f 7289 7102 7290
f 7017 10088 11868
f 11868 10088 11881
f 11881 10088 10087
f 11881 10087 7291
f 11881 7291 7087
f 7087 7291 7292
f 7087 7292 7088
f 7088 7292 6598
f 7088 6598 6596
f 7292 9770 6598
f 6598 9770 9769
f 6598 9769 6600
f 6600 9769 7018
f 7020 11882 7022
f 7022 11882 6590
f 7022 6590 7294
f 7022 7294 7293
f 11882 7020 7293
f 7293 7020 7022
f 7025 10076 11865
f 11865 10076 11883
f 11883 10076 10075
f 11883 10075 7177
f 7178 6584 9810
f 9810 6584 6977
f 7178 9759 6584
f 6584 9759 9758
f 6584 9758 6586
f 6586 9758 7026
f 7029 6576 7296
f 7029 7296 7295
f 11884 7027 7295
f 7295 7027 7029
f 7229 10062 11862
f 11862 10062 10061
f 11862 10061 11885
f 11885 10061 7299
f 11885 7299 7180
f 7180 7299 7300
f 7180 7300 7182
f 7182 7300 6569
f 7182 6569 11885
f 7182 11885 7180
f 7300 9812 6569
f 6569 9812 6572
f 6572 9812 9748
f 6572 9748 7230
f 10050 10048 11858
f 11858 10048 11855
f 11855 10048 7303
f 11855 7303 7257
f 7257 7303 7304
f 7237 11886 11854
f 7238 6551 6549
f 7238 6549 9730
f 9730 6549 9817
f 9817 6549 6547
f 9817 6547 7256
f 7256 6547 7192
f 7256 7192 7191
f 7039 6547 9727
f 9727 6547 6545
f 9727 6545 9728
f 9728 6545 7308
f 7308 6545 7252
f 7308 7252 7251
f 10037 11887 7037
f 11887 10037 11888
f 11888 10037 10036
f 11888 10036 7307
f 11888 7307 7251
f 7251 7307 7308
f 7184 6541 7074
f 7074 6541 6539
f 7074 6539 7072
f 7072 6539 9723
f 9723 6539 9818
f 9818 6539 6537
f 9818 6537 6958
f 7119 11851 7121
f 7121 11851 6537
f 7043 6533 9715
f 9715 6533 6531
f 9715 6531 9716
f 9716 6531 7126
f 7126 6531 7068
f 7126 7068 7067
f 10023 11889 7041
f 11889 10023 11890
f 11890 10023 10022
f 11890 10022 7125
f 11890 7125 7067
f 7067 7125 7126
f 7046 7047 7048
f 7048 7047 6523
f 7048 6523 7310
f 7048 7310 7309
f 7046 11891 7045
f 7046 7045 7047
f 11891 7046 7309
f 7309 7046 7048
f 7049 10011 11848
f 11848 10011 10009
f 11848 10009 11845
f 11845 10009 7065
f 7066 6517 11845
f 7066 11845 7065
f 7066 9822 6517
f 6517 9822 6519
f 6519 9822 9821
f 6519 9821 7051
f 7139 7061 7140
f 7140 7061 6511
f 7140 6511 6509
f 7140 6509 7312
f 7140 7312 7311
f 7139 11892 7059
f 7139 7059 7061
f 11892 7139 11893
f 11893 7139 7311
f 7311 7139 7140
f 11843 7063 11894
f 11894 7063 9995
f 11894 9995 9994
f 9994 7185 11894
f 11894 7185 11895
f 11895 7185 6929
f 7186 6503 6931
f 6503 7186 6505
f 6505 7186 9695
f 6505 9695 9694
f 9694 7064 6505
f 6505 7064 6507
f 11895 6929 6930
f 6930 6929 6931
f 6930 6931 6932
f 6932 6931 6503
f 9823 6513 9699
f 9699 6513 6511
f 9699 6511 9700
f 9700 6511 7062
f 10002 11846 10003
f 11846 10002 11892
f 11892 10002 10001
f 11892 10001 7060
f 6939 6941 7187
f 7246 7130 7248
f 7248 7130 6527
f 7248 6527 9711
f 9711 6527 6525
f 9711 6525 9712
f 9712 6525 7047
f 10018 11850 7246
f 7246 11850 7128
f 7246 7128 7130
f 11850 10018 11896
f 11896 10018 10017
f 11896 10017 7045
f 6951 11890 7067
f 6951 7067 7068
f 11890 6951 11849
f 6529 6952 6531
f 6531 6952 7068
f 6952 6951 7068
f 7250 6535 6533
f 7249 11889 11897
f 7249 11897 10026
f 10026 11897 10027
f 10027 11897 11851
f 10027 11851 7119
f 7249 10024 11889
f 11889 10024 7041
f 7043 9819 6533
f 6533 9819 7250
f 10031 11898 7070
f 7070 11898 7073
f 7070 7073 7074
f 10031 10029 11898
f 11898 10029 11851
f 11851 10029 6957
f 7072 7070 7074
f 6959 11852 7251
f 6959 7251 7252
f 6543 6961 7252
f 7252 6961 6959
f 10043 11899 7076
f 7076 11899 7075
f 7076 7075 7077
f 10043 10041 11899
f 11899 10041 11854
f 11854 10041 6963
f 6965 9732 6551
f 6551 9732 6553
f 6553 9732 9816
f 6553 9816 7078
f 6553 7078 7077
f 7077 7078 7076
f 7260 7258 11855
f 6557 7260 11855
f 10057 11900 7079
f 11900 10057 11859
f 11859 10057 10056
f 11859 10056 7193
f 7195 9744 6565
f 6565 9744 9743
f 6565 9743 6567
f 6567 9743 7081
f 7261 7110 7262
f 7262 7110 6580
f 7262 6580 9753
f 9753 6580 6578
f 9753 6578 9754
f 9754 6578 7152
f 10068 11864 7261
f 7261 11864 7108
f 7261 7108 7110
f 11864 10068 11901
f 11901 10068 10067
f 11901 10067 7151
f 11883 6975 11863
f 6582 6977 6584
f 7264 7106 7266
f 7266 7106 6592
f 7266 6592 9765
f 9765 6592 9809
f 9809 6592 6590
f 9809 6590 7202
f 7202 6590 7024
f 7202 7024 7023
f 10083 11902 7264
f 7264 11902 7104
f 7264 7104 7106
f 10083 10081 11902
f 11902 10081 11882
f 11882 10081 7201
f 11882 7201 7023
f 7023 7201 7202
f 7084 11866 7087
f 7084 7087 7088
f 6596 7086 7088
f 7088 7086 7084
f 7269 7098 7270
f 7270 7098 6606
f 7270 6606 9806
f 9806 6606 9774
f 9774 6606 6604
f 9774 6604 7208
f 7208 6604 7015
f 7208 7015 7013
f 10095 11903 7269
f 7269 11903 7096
f 7269 7096 7098
f 10095 10093 11903
f 11903 10093 11879
f 11879 10093 7207
f 11879 7207 7013
f 7013 7207 7208
f 6989 6987 11869
f 6610 6989 11869
f 7274 6620 9787
f 9787 6620 6618
f 9787 6618 9788
f 9788 6618 7011
f 10109 11875 7272
f 11875 10109 11904
f 11904 10109 10108
f 11904 10108 7009
f 7215 7216 7212
f 7091 6371 6632
f 10123 11905 7089
f 7089 11905 11906
f 7089 11906 7090
f 10123 10121 11905
f 11905 10121 7153
f 11905 7153 11877
f 7154 6630 7006
f 7006 6630 11877
f 7006 11877 7005
f 7005 11877 7153
f 6630 7154 6632
f 6632 7154 9801
f 6632 9801 9800
f 9800 7091 6632
f 7091 7092 6371
f 7280 10120 11877
f 11877 10120 11907
f 11907 10120 10119
f 11907 10119 7277
f 11907 7277 6999
f 6999 7277 7278
f 6999 7278 7000
f 7000 7278 6628
f 7000 6628 6626
f 7278 9797 6628
f 6628 9797 9796
f 6628 9796 6630
f 6630 9796 7282
f 7274 7272 11875
f 6620 7274 11875
f 7093 10106 11878
f 11878 10106 10104
f 11878 10104 11871
f 11871 10104 7171
f 7172 6614 6993
f 7172 9784 6614
f 6614 9784 6616
f 6616 9784 9805
f 6616 9805 7094
f 7099 7096 11903
f 6606 7098 7100
f 10092 10090 11880
f 11880 10090 11868
f 11868 10090 6983
f 7104 11867 7103
f 7104 7103 7105
f 11867 7104 11902
f 6592 7106 6594
f 6594 7106 7105
f 7106 7104 7105
f 7293 10079 11882
f 11882 10079 11908
f 11908 10079 10078
f 11908 10078 6979
f 6981 6588 6586
f 6981 9763 6588
f 6588 9763 9762
f 6588 9762 6590
f 6590 9762 7294
f 7110 7108 11864
f 6580 7110 11864
f 7295 10065 11884
f 11884 10065 11861
f 11861 10065 10064
f 11861 10064 6971
f 6973 9750 6574
f 6574 9750 9749
f 6574 9749 6576
f 6576 9749 7296
f 7081 7079 11900
f 6567 7081 11900
f 9813 6563 9814
f 9814 6563 9740
f 9740 6563 6561
f 9740 6561 7170
f 10053 11860 10054
f 10053 10051 11860
f 11860 10051 11857
f 11857 10051 7168
f 11899 7117 7075
f 7077 7118 6553
f 7237 10040 11886
f 11886 10040 10038
f 11886 10038 11887
f 11887 10038 7255
f 11887 7255 7191
f 7191 7255 7256
f 7250 9720 6535
f 6535 9720 9719
f 6535 9719 6537
f 6537 9719 7121
f 7130 7128 11850
f 6527 7130 11850
f 7309 10014 11891
f 11891 10014 11847
f 11847 10014 10013
f 11847 10013 6944
f 11847 6944 6943
f 6943 6944 6946
f 6943 6946 6945
f 6945 6946 6521
f 6946 9709 6521
f 6521 9709 9708
f 6521 9708 6523
f 6523 9708 7310
f 7311 9999 11893
f 11893 9999 9997
f 11893 9997 11843
f 11843 9997 7243
f 11843 7243 6937
f 6937 7243 7244
f 6937 7244 6938
f 6938 7244 6507
f 6938 6507 11843
f 6938 11843 6937
f 7244 9825 6507
f 6507 9825 6509
f 6509 9825 9824
f 6509 9824 7312
f 7060 7059 11892
f 6511 7061 7062
f 11896 7045 11891
f 7039 7037 11887
f 6547 7039 11887
f 7150 6569 7234
f 7234 6569 6567
f 7234 6567 7115
f 7234 7115 7113
f 7233 11885 7148
f 11885 7233 11900
f 11900 7233 7113
f 7113 7233 7234
f 11901 7151 11884
f 11884 7151 7028
f 7028 7027 11884
f 7029 7030 6576
f 6576 7030 7152
f 7023 7024 11882
f 11882 7024 6590
f 11904 7009 11878
f 6616 7011 6618
f 7090 11906 7217
f 7090 7217 7218
f 6371 7092 7218
f 7218 7092 7090
f 11870 7099 11903
f 7107 7109 11864
f 11864 7109 6580
f 7113 7115 11900
f 11900 7115 6567
f 7194 10054 11860
f 6563 9813 7196
f 11856 7117 11899
f 7131 7132 11850
f 11850 7132 6527
f 7191 7192 11887
f 11887 7192 6547
f 11857 7168 6967
f 6561 6969 7170
f 7150 7148 11885
f 6569 7150 11885
f 11908 6979 11865
f 6983 6985 11868
f 11868 6985 6600
f 11871 7171 6991
f 11907 6999 11876
f 7284 7215 11874
f 7174 7173 11869
f 7173 7175 11869
f 11869 7175 6610
f 6610 7175 7176
f 11881 7087 11866
f 7177 10073 11883
f 11883 10073 6975
f 7257 7259 11855
f 11855 7259 6557
f 11888 7251 11852
f 11853 7183 7073
f 11846 7241 10003
f 9823 7242 6513
f 6608 6606 7100
f 6578 6576 7152
f 6555 6553 7118
f 6545 6543 7252
f 6525 6523 7047
f 11898 11853 7073
f 6796 11906 6798
f 6798 11906 11905
f 6798 11905 6800
f 6800 11905 11877
f 6800 11877 6802
f 6802 11877 11907
f 6802 11907 6804
f 6804 11907 11876
f 6804 11876 6806
f 6806 11876 11874
f 6806 11874 6808
f 6808 11874 11873
f 6808 11873 6810
f 6810 11873 11875
f 6810 11875 6812
f 6812 11875 11904
f 6812 11904 6814
f 6814 11904 11878
f 6814 11878 6816
f 6816 11878 11871
f 6816 11871 6818
f 6818 11871 11872
f 6818 11872 6820
f 6820 11872 11869
f 6820 11869 6822
f 6822 11869 11870
f 6822 11870 6824
f 6824 11870 11903
f 6824 11903 6826
f 6826 11903 11879
f 6826 11879 6828
f 6828 11879 11880
f 6828 11880 6830
f 6830 11880 11868
f 6830 11868 6832
f 6832 11868 11881
f 6832 11881 6834
f 6834 11881 11866
f 6834 11866 6836
f 6836 11866 11867
f 6836 11867 6838
f 6838 11867 11902
f 6838 11902 6840
f 6840 11902 11882
f 6840 11882 6842
f 6842 11882 11908
f 6842 11908 6844
f 6844 11908 11865
f 6844 11865 6846
f 6846 11865 11883
f 6846 11883 6848
f 6848 11883 11863
f 6848 11863 6850
f 6850 11863 11864
f 6850 11864 6852
f 6852 11864 11901
f 6852 11901 6854
f 6854 11901 11884
f 6854 11884 6856
f 6856 11884 11861
f 6856 11861 6858
f 6858 11861 11862
f 6858 11862 6860
f 6860 11862 11885
f 6860 11885 6862
f 6862 11885 11900
f 6862 11900 6864
f 6864 11900 11859
f 6864 11859 6866
f 6866 11859 11860
f 6866 11860 6868
f 6868 11860 11857
f 6868 11857 6870
f 6870 11857 11858
f 6870 11858 6872
f 6872 11858 11855
f 6872 11855 6874
f 6874 11855 11856
f 6874 11856 6876
f 6876 11856 11899
f 6876 11899 6878
f 6878 11899 11854
f 6878 11854 6880
f 6880 11854 11886
f 6880 11886 6882
f 6882 11886 11887
f 6882 11887 6884
f 6884 11887 11888
f 6884 11888 6886
f 6886 11888 11852
f 6886 11852 6888
f 6888 11852 11853
f 6888 11853 6890
f 6890 11853 11898
f 6890 11898 6892
f 6892 11898 11851
f 6892 11851 6894
f 6894 11851 11897
f 6894 11897 6896
f 6896 11897 11889
f 6896 11889 6898
f 6898 11889 11890
f 6898 11890 6900
f 6900 11890 11849
f 6900 11849 6902
f 6902 11849 11850
f 6902 11850 6904
f 6904 11850 11896
f 6904 11896 6906
f 6906 11896 11891
f 6906 11891 6908
f 6908 11891 11847
f 6908 11847 6910
f 6910 11847 11848
f 6910 11848 6912
f 6912 11848 11845
f 6912 11845 6914
f 6914 11845 11844
f 6914 11844 6916
f 6916 11844 11846
f 6916 11846 6918
f 6918 11846 11892
f 6918 11892 6920
f 6920 11892 11893
f 6920 11893 6922
f 6922 11893 11843
f 6922 11843 6924
f 6924 11843 11894
f 6924 11894 6926
f 6926 11894 11895
f 6926 11895 6928
f 7856 7790 8043
f 8043 7790 7789
f 8043 7789 8041
f 8041 7789 7788
f 8041 7788 8039
f 8039 7788 7787
f 8039 7787 8037
f 8037 7787 7786
f 8037 7786 8035
f 8035 7786 7785
f 8035 7785 8033
f 8033 7785 7784
f 8033 7784 8031
f 8031 7784 7783
f 8031 7783 8029
f 8029 7783 7782
f 8029 7782 8027
f 8027 7782 7781
f 8027 7781 8025
f 8025 7781 7780
f 8025 7780 8023
f 8023 7780 7779
f 8023 7779 8021
f 8021 7779 7778
f 8021 7778 8019
f 8019 7778 7777
f 8019 7777 8017
f 8017 7777 7776
f 8017 7776 8015
f 8015 7776 7775
f 8015 7775 8013
f 8013 7775 7774
f 8013 7774 8011
f 8011 7774 7773
f 8011 7773 8009
f 8009 7773 7772
f 8009 7772 8007
f 8007 7772 7771
f 8007 7771 8005
f 8005 7771 7770
f 8005 7770 8003
f 8003 7770 7769
f 8003 7769 8001
f 8001 7769 7768
f 8001 7768 7999
f 7999 7768 7767
f 7999 7767 7997
f 7997 7767 7766
f 7997 7766 7995
f 7995 7766 7765
f 7995 7765 7993
f 7993 7765 7764
f 7993 7764 7991
f 7991 7764 7763
f 7991 7763 7989
f 7989 7763 7762
f 7989 7762 7987
f 7987 7762 7761
f 7987 7761 7985
f 7985 7761 7760
f 7985 7760 7983
f 7983 7760 7759
f 7983 7759 7981
f 7981 7759 7758
f 7981 7758 7979
f 7979 7758 7757
f 7979 7757 7977
f 7977 7757 7756
f 7977 7756 7975
f 7975 7756 7755
f 7975 7755 7973
f 7973 7755 7754
f 7973 7754 7971
f 7971 7754 7753
f 7971 7753 7969
f 7969 7753 7752
f 7969 7752 7967
f 7967 7752 7751
f 7967 7751 7965
f 7965 7751 7750
f 7965 7750 7963
f 7963 7750 7749
f 7963 7749 7961
f 7961 7749 7748
f 7961 7748 7959
f 7959 7748 7747
f 7959 7747 7957
f 7957 7747 7746
f 7957 7746 7955
f 7955 7746 7745
f 7955 7745 7953
f 7953 7745 7744
f 7953 7744 7951
f 7951 7744 7743
f 7951 7743 7949
f 7949 7743 7742
f 7949 7742 7947
f 7947 7742 7741
f 7947 7741 7945
f 7945 7741 7740
f 7945 7740 7943
f 7943 7740 7739
f 7943 7739 7941
f 7941 7739 7738
f 7941 7738 7939
f 7939 7738 7737
f 7939 7737 7937
f 7937 7737 7736
f 7937 7736 7935
f 7935 7736 7735
f 7935 7735 7933
f 7933 7735 7734
f 7933 7734 7931
f 7931 7734 7733
f 7931 7733 7929
f 7929 7733 7732
f 7929 7732 7927
f 7927 7732 7731
f 7927 7731 7925
f 7925 7731 7730
f 7925 7730 7923
f 7923 7730 7729
f 7923 7729 7921
f 7921 7729 7728
f 8110 7854 8112
f 8112 7854 8044
f 8112 8044 8114
f 8114 8044 8042
f 8114 8042 8116
f 8116 8042 8040
f 8116 8040 8118
f 8118 8040 8038
f 8118 8038 8120
f 8120 8038 8036
f 8120 8036 8122
f 8122 8036 8034
f 8122 8034 8124
f 8124 8034 8032
f 8124 8032 8126
f 8126 8032 8030
f 8126 8030 8128
f 8128 8030 8028
f 8128 8028 8130
f 8130 8028 8026
f 8130 8026 8132
f 8132 8026 8024
f 8132 8024 8134
f 8134 8024 8022
f 8134 8022 8136
f 8136 8022 8020
f 8136 8020 8138
f 8138 8020 8018
f 8138 8018 8140
f 8140 8018 8016
f 8140 8016 8142
f 8142 8016 8014
f 8142 8014 8144
f 8144 8014 8012
f 8144 8012 8146
f 8146 8012 8010
f 8146 8010 8148
f 8148 8010 8008
f 8148 8008 8150
f 8150 8008 8006
f 8150 8006 8152
f 8152 8006 8004
f 8152 8004 8154
f 8154 8004 8002
f 8154 8002 8156
f 8156 8002 8000
f 8156 8000 8158
f 8158 8000 7998
f 8158 7998 8160
f 8160 7998 7996
f 8160 7996 8162
f 8162 7996 7994
f 8162 7994 8164
f 8164 7994 7992
f 8164 7992 8166
f 8166 7992 7990
f 8166 7990 8168
f 8168 7990 7988
f 8168 7988 8170
f 8170 7988 7986
f 8170 7986 8172
f 8172 7986 7984
f 8172 7984 8174
f 8174 7984 7982
f 8174 7982 8176
f 8176 7982 7980
f 8176 7980 8178
f 8178 7980 7978
f 8178 7978 8180
f 8180 7978 7976
f 8180 7976 8182
f 8182 7976 7974
f 8182 7974 8184
f 8184 7974 7972
f 8184 7972 8186
f 8186 7972 7970
f 8186 7970 8188
f 8188 7970 7968
f 8188 7968 8190
f 8190 7968 7966
f 8190 7966 8192
f 8192 7966 7964
f 8192 7964 8194
f 8194 7964 7962
f 8194 7962 8196
f 8196 7962 7960
f 8196 7960 8198
f 8198 7960 7958
f 8198 7958 8200
f 8200 7958 7956
f 8200 7956 8202
f 8202 7956 7954
f 8202 7954 8204
f 8204 7954 7952
f 8204 7952 8206
f 8206 7952 7950
f 8206 7950 8208
f 8208 7950 7948
f 8208 7948 8210
f 8210 7948 7946
f 8210 7946 8212
f 8212 7946 7944
f 8212 7944 8214
f 8214 7944 7942
f 8214 7942 8216
f 8216 7942 7940
f 8216 7940 8218
f 8218 7940 7938
f 8218 7938 8220
f 8220 7938 7936
f 8220 7936 8222
f 8222 7936 7934
f 8222 7934 8224
f 8224 7934 7932
f 8224 7932 8226
f 8226 7932 7930
f 8226 7930 8228
f 8228 7930 7928
f 8228 7928 8230
f 8230 7928 7926
f 8230 7926 8232
f 8232 7926 7924
f 8232 7924 8234
f 8234 7924 7922
f 8234 7922 8236
f 8236 7922 7920
f 8300 8111 8302
f 8302 8111 8113
f 8302 8113 8304
f 8304 8113 8115
f 8304 8115 8306
f 8306 8115 8117
f 8306 8117 8308
f 8308 8117 8119
f 8308 8119 8310
f 8310 8119 8121
f 8310 8121 8312
f 8312 8121 8123
f 8312 8123 8314
f 8314 8123 8125
f 8314 8125 8316
f 8316 8125 8127
f 8316 8127 8318
f 8318 8127 8129
f 8318 8129 8320
f 8320 8129 8131
f 8320 8131 8322
f 8322 8131 8133
f 8322 8133 8324
f 8324 8133 8135
f 8324 8135 8326
f 8326 8135 8137
f 8326 8137 8328
f 8328 8137 8139
f 8328 8139 8330
f 8330 8139 8141
f 8330 8141 8332
f 8332 8141 8143
f 8332 8143 8334
f 8334 8143 8145
f 8334 8145 8336
f 8336 8145 8147
f 8336 8147 8338
f 8338 8147 8149
f 8338 8149 8340
f 8340 8149 8151
f 8340 8151 8342
f 8342 8151 8153
f 8342 8153 8344
f 8344 8153 8155
f 8344 8155 8346
f 8346 8155 8157
f 8346 8157 8348
f 8348 8157 8159
f 8348 8159 8350
f 8350 8159 8161
f 8350 8161 8352
f 8352 8161 8163
f 8352 8163 8354
f 8354 8163 8165
f 8354 8165 8356
f 8356 8165 8167
f 8356 8167 8358
f 8358 8167 8169
f 8358 8169 8360
f 8360 8169 8171
f 8360 8171 8362
f 8362 8171 8173
f 8362 8173 8364
f 8364 8173 8175
f 8364 8175 8366
f 8366 8175 8177
f 8366 8177 8368
f 8368 8177 8179
f 8368 8179 8370
f 8370 8179 8181
f 8370 8181 8372
f 8372 8181 8183
f 8372 8183 8374
f 8374 8183 8185
f 8374 8185 8376
f 8376 8185 8187
f 8376 8187 8378
f 8378 8187 8189
f 8378 8189 8380
f 8380 8189 8191
f 8380 8191 8382
f 8382 8191 8193
f 8382 8193 8384
f 8384 8193 8195
f 8384 8195 8386
f 8386 8195 8197
f 8386 8197 8388
f 8388 8197 8199
f 8388 8199 8390
f 8390 8199 8201
f 8390 8201 8392
f 8392 8201 8203
f 8392 8203 8394
f 8394 8203 8205
f 8394 8205 8396
f 8396 8205 8207
f 8396 8207 8398
f 8398 8207 8209
f 8398 8209 8400
f 8400 8209 8211
f 8400 8211 8402
f 8402 8211 8213
f 8402 8213 8404
f 8404 8213 8215
f 8404 8215 8406
f 8406 8215 8217
f 8406 8217 8408
f 8408 8217 8219
f 8408 8219 8410
f 8410 8219 8221
f 8410 8221 8412
f 8412 8221 8223
f 8412 8223 8414
f 8414 8223 8225
f 8414 8225 8416
f 8416 8225 8227
f 8416 8227 8418
f 8418 8227 8229
f 8418 8229 8420
f 8420 8229 8231
f 8420 8231 8422
f 8422 8231 8233
f 8422 8233 8424
f 8424 8233 8235
f 8550 8301 8552
f 8552 8301 8303
f 8552 8303 8305
f 8552 8305 8554
f 8554 8305 8307
f 8554 8307 8556
f 8556 8307 8309
f 8556 8309 8558
f 8558 8309 8311
f 8558 8311 8560
f 8560 8311 8313
f 8560 8313 8562
f 8562 8313 8315
f 8562 8315 8564
f 8564 8315 8317
f 8564 8317 8566
f 8566 8317 8319
f 8566 8319 8568
f 8568 8319 8321
f 8568 8321 8570
f 8570 8321 8323
f 8570 8323 8572
f 8572 8323 8325
f 8572 8325 8574
f 8574 8325 8327
f 8574 8327 8576
f 8576 8327 8329
f 8576 8329 8578
f 8578 8329 8331
f 8578 8331 8580
f 8580 8331 8333
f 8580 8333 8582
f 8582 8333 8335
f 8582 8335 8584
f 8584 8335 8337
f 8584 8337 8586
f 8586 8337 8339
f 8586 8339 8588
f 8588 8339 8341
f 8588 8341 8590
f 8590 8341 8343
f 8590 8343 8592
f 8592 8343 8345
f 8592 8345 8594
f 8594 8345 8347
f 8594 8347 8596
f 8596 8347 8349
f 8596 8349 8598
f 8598 8349 8351
f 8598 8351 8600
f 8600 8351 8353
f 8600 8353 8602
f 8602 8353 8355
f 8602 8355 8604
f 8604 8355 8357
f 8604 8357 8606
f 8606 8357 8359
f 8606 8359 8608
f 8608 8359 8361
f 8608 8361 8610
f 8610 8361 8363
f 8610 8363 8611
f 8611 8363 8365
f 8611 8365 8792
f 8792 8365 8367
f 8792 8367 8790
f 8790 8367 8369
f 8790 8369 8788
f 8788 8369 8371
f 8788 8371 8786
f 8786 8371 8373
f 8786 8373 8784
f 8784 8373 8375
f 8784 8375 8782
f 8782 8375 8377
f 8782 8377 8780
f 8780 8377 8379
f 8780 8379 8778
f 8778 8379 8381
f 8778 8381 8776
f 8776 8381 8383
f 8776 8383 8774
f 8774 8383 8385
f 8774 8385 8772
f 8772 8385 8387
f 8772 8387 8770
f 8770 8387 8389
f 8770 8389 8768
f 8768 8389 8391
f 8768 8391 8766
f 8766 8391 8393
f 8766 8393 8764
f 8764 8393 8395
f 8764 8395 8762
f 8762 8395 8397
f 8762 8397 8760
f 8760 8397 8399
f 8760 8399 8758
f 8758 8399 8401
f 8758 8401 8756
f 8756 8401 8403
f 8756 8403 8754
f 8754 8403 8405
f 8754 8405 8752
f 8752 8405 8407
f 8752 8407 8750
f 8750 8407 8409
f 8750 8409 8748
f 8748 8409 8411
f 8748 8411 8746
f 8746 8411 8413
f 8746 8413 8744
f 8744 8413 8415
f 8744 8415 8742
f 8742 8415 8417
f 8742 8417 8740
f 8740 8417 8419
f 8740 8419 8738
f 8738 8419 8421
f 8738 8421 8736
f 8736 8421 8734
f 8734 8421 8423
f 8795 8551 8915
f 8915 8551 8553
f 8915 8553 8916
f 8916 8553 8555
f 8916 8555 8917
f 8917 8555 8557
f 8917 8557 8918
f 8918 8557 8559
f 8918 8559 8919
f 8919 8559 8561
f 8919 8561 8920
f 8920 8561 8563
f 8920 8563 8921
f 8921 8563 8565
f 8921 8565 8922
f 8922 8565 8567
f 8922 8567 8923
f 8923 8567 8569
f 8923 8569 8924
f 8924 8569 8571
f 8924 8571 8925
f 8925 8571 8573
f 8925 8573 8926
f 8926 8573 8575
f 8926 8575 8927
f 8927 8575 8577
f 8927 8577 8928
f 8928 8577 8579
f 8928 8579 8929
f 8929 8579 8581
f 8929 8581 8930
f 8930 8581 8583
f 8930 8583 8931
f 8931 8583 8585
f 8931 8585 8932
f 8932 8585 8587
f 8932 8587 8933
f 8933 8587 8589
f 8933 8589 8934
f 8934 8589 8591
f 8934 8591 8935
f 8935 8591 8593
f 8935 8593 8936
f 8936 8593 8595
f 8936 8595 8937
f 8937 8595 8597
f 8937 8597 8938
f 8938 8597 8599
f 8938 8599 8939
f 8939 8599 8601
f 8939 8601 8940
f 8940 8601 8603
f 8940 8603 8941
f 8941 8603 8605
f 8941 8605 8942
f 8942 8605 8607
f 8942 8607 8943
f 8943 8607 8609
f 8943 8609 8944
f 8944 8609 8793
f 8944 8793 8945
f 8945 8793 8791
f 8945 8791 8946
f 8946 8791 8789
f 8946 8789 8947
f 8947 8789 8787
f 8947 8787 8948
f 8948 8787 8785
f 8948 8785 8949
f 8949 8785 8783
f 8949 8783 8950
f 8950 8783 8781
f 8950 8781 8951
f 8951 8781 8779
f 8951 8779 8952
f 8952 8779 8777
f 8952 8777 8953
f 8953 8777 8775
f 8953 8775 8954
f 8954 8775 8773
f 8954 8773 8955
f 8955 8773 8771
f 8955 8771 8956
f 8956 8771 8769
f 8956 8769 8957
f 8957 8769 8767
f 8957 8767 8958
f 8958 8767 8765
f 8958 8765 8959
f 8959 8765 8763
f 8959 8763 8960
f 8960 8763 8761
f 8960 8761 8961
f 8961 8761 8759
f 8961 8759 8962
f 8962 8759 8757
f 8962 8757 8963
f 8963 8757 8755
f 8963 8755 8964
f 8964 8755 8753
f 8964 8753 8965
f 8965 8753 8751
f 8965 8751 8966
f 8966 8751 8749
f 8966 8749 8967
f 8967 8749 8747
f 8967 8747 8968
f 8968 8747 8745
f 8968 8745 8969
f 8969 8745 8743
f 8969 8743 8970
f 8970 8743 8741
f 8970 8741 8971
f 8971 8741 8739
f 8971 8739 8972
f 8972 8739 8737
f 8972 8737 8914
f 8914 8737 8735
f 7853 7599 7856
f 7856 7599 7790
f 9196 9195 9911
f 9911 9195 9799
f 11895 6930 10125
f 10125 6930 9991
f 11909 11895 10192
f 10192 11895 10125
f 7727 11909 7726
f 7726 11909 10192
f 6796 11910 11906
f 11906 11910 10124
f 11906 10124 7217
f 6371 7218 6372
f 6372 7218 9802
f 6927 6928 7727
f 7727 6928 11909
f 11909 6928 11895
f 9325 9326 9689
f 9689 9326 9992
f 6932 6503 9690
f 9690 6503 6502
f 7725 7791 7728
f 7728 7791 7921
f 6372 9802 6370
f 6370 9802 9803
f 10124 11910 9910
f 9910 11910 10141
f 11910 6796 10141
f 10141 6796 10258
f 6796 6795 10258
f 10258 6795 7600
f 162 161 166
f 166 161 444
f 166 444 169
f 169 444 445
f 169 445 6427
f 6427 445 6425
f 6425 445 446
f 6425 446 6423
f 6423 446 447
f 6423 447 6421
f 6421 447 448
f 6421 448 6419
f 6419 448 449
f 6419 449 6417
f 6417 449 450
f 6417 450 6415
f 6415 450 451
f 6415 451 6413
f 6413 451 452
f 6413 452 6411
f 6411 452 453
f 6411 453 6409
f 6409 453 454
f 6409 454 6407
f 6407 454 455
f 6407 455 6405
f 6405 455 456
f 6405 456 6403
f 6403 456 457
f 6403 457 6401
f 6401 457 458
f 6401 458 6399
f 6399 458 459
f 6399 459 6397
f 6397 459 460
f 6397 460 6395
f 6395 460 461
f 6395 461 6393
f 6393 461 462
f 6393 462 6391
f 6391 462 463
f 6391 463 6389
f 6389 463 464
f 6389 464 6387
f 6387 464 465
f 6387 465 6385
f 6385 465 466
f 6385 466 6383
f 6383 466 467
f 6383 467 6381
f 6381 467 468
f 6381 468 6379
f 6379 468 469
f 6379 469 6377
f 6377 469 470
f 6377 470 6375
f 6375 470 471
f 6375 471 6373
f 6373 471 472
f 6373 472 6369
f 6369 472 473
f 444 161 443
f 443 161 262
f 443 262 442
f 442 262 261
f 442 261 441
f 441 261 260
f 441 260 439
f 439 260 259
f 439 259 258
f 439 258 438
f 438 258 257
f 438 257 437
f 437 257 256
f 437 256 436
f 436 256 265
f 436 265 264
f 256 244 265
f 264 263 436
f 436 263 435
f 435 263 6445
f 435 6445 434
f 434 6445 6447
f 434 6447 433
f 433 6447 6449
f 433 6449 432
f 432 6449 6451
f 432 6451 431
f 431 6451 6453
f 431 6453 430
f 430 6453 6455
f 430 6455 429
f 429 6455 6457
f 429 6457 428
f 428 6457 6459
f 428 6459 427
f 427 6459 6461
f 427 6461 426
f 426 6461 6463
f 426 6463 425
f 425 6463 6465
f 425 6465 424
f 424 6465 6467
f 424 6467 423
f 423 6467 6469
f 423 6469 422
f 422 6469 6471
f 422 6471 421
f 421 6471 6473
f 421 6473 420
f 420 6473 6475
f 420 6475 419
f 419 6475 6477
f 419 6477 418
f 418 6477 6479
f 418 6479 417
f 417 6479 6481
f 417 6481 416
f 416 6481 6483
f 416 6483 415
f 415 6483 6485
f 415 6485 414
f 414 6485 6487
f 414 6487 413
f 413 6487 6489
f 413 6489 412
f 412 6489 6491
f 412 6491 411
f 411 6491 6493
f 411 6493 410
f 410 6493 6495
f 410 6495 409
f 409 6495 6497
f 409 6497 408
f 408 6497 6499
f 408 6499 407
f 407 6499 6501
f 263 266 6445
f 6445 266 6443
f 6443 266 267
f 6443 267 191
f 6443 191 6441
f 6441 191 190
f 6441 190 6439
f 6439 190 186
f 6439 186 6437
f 6437 186 182
f 6437 182 181
f 6437 181 6435
f 6435 181 180
f 6435 180 6433
f 6433 180 179
f 6433 179 6431
f 6431 179 177
f 6431 177 6429
f 6429 177 172
f 177 175 172
f 172 170 6429
f 6429 170 6427
f 6427 170 169
f 6633 406 6631
f 6631 406 405
f 6631 405 6629
f 6629 405 404
f 6629 404 6627
f 6627 404 403
f 6627 403 6625
f 6625 403 402
f 6625 402 6623
f 6623 402 401
f 6623 401 6621
f 6621 401 400
f 6621 400 6619
f 6619 400 399
f 6619 399 6617
f 6617 399 398
f 6617 398 6615
f 6615 398 397
f 6615 397 6613
f 6613 397 396
f 6613 396 6611
f 6611 396 395
f 6611 395 6609
f 6609 395 394
f 6609 394 6607
f 6607 394 393
f 6607 393 6605
f 6605 393 392
f 6605 392 6603
f 6603 392 391
f 6603 391 6601
f 6601 391 390
f 6601 390 6599
f 6599 390 389
f 6599 389 6597
f 6597 389 388
f 6597 388 6595
f 6595 388 387
f 6595 387 6593
f 6593 387 386
f 6593 386 6591
f 6591 386 385
f 6591 385 6589
f 6589 385 384
f 6589 384 6587
f 6587 384 383
f 6587 383 6585
f 6585 383 382
f 6585 382 6583
f 6583 382 381
f 6583 381 6581
f 6581 381 380
f 6581 380 6579
f 6579 380 379
f 6579 379 6577
f 6577 379 378
f 6577 378 6575
f 6575 378 377
f 6575 377 6573
f 6573 377 376
f 6573 376 6571
f 6571 376 375
f 6571 375 6570
f 6570 375 373
f 6570 373 6568
f 6568 373 372
f 6568 372 6566
f 6566 372 371
f 6566 371 6564
f 6564 371 370
f 6564 370 6562
f 6562 370 369
f 6562 369 6560
f 6560 369 368
f 6560 368 6558
f 6558 368 367
f 6558 367 6556
f 6556 367 366
f 6556 366 6554
f 6554 366 365
f 6554 365 6552
f 6552 365 364
f 6552 364 6550
f 6550 364 363
f 6550 363 6548
f 6548 363 362
f 6548 362 6546
f 6546 362 361
f 6546 361 6544
f 6544 361 360
f 6544 360 6542
f 6542 360 359
f 6542 359 6540
f 6540 359 358
f 6540 358 6538
f 6538 358 357
f 6538 357 6536
f 6536 357 356
f 6536 356 6534
f 6534 356 355
f 6534 355 6532
f 6532 355 354
f 6532 354 6530
f 6530 354 353
f 6530 353 6528
f 6528 353 352
f 6528 352 6526
f 6526 352 351
f 6526 351 6524
f 6524 351 350
f 6524 350 6522
f 6522 350 349
f 6522 349 6520
f 6520 349 348
f 6520 348 6518
f 6518 348 347
f 6518 347 6516
f 6516 347 346
f 6516 346 6514
f 6514 346 345
f 6514 345 6512
f 6512 345 344
f 6512 344 6510
f 6510 344 343
f 6510 343 6508
f 6508 343 342
f 6508 342 6506
f 6506 342 340
f 6506 340 6504
f 6504 340 339
f 6369 473 6633
f 6633 473 406
f 406 473 330
f 406 330 475
f 473 332 330
f 475 374 406
f 6501 339 407
f 407 339 325
f 407 325 327
f 6501 6504 339
f 341 474 339
f 339 474 325
