# rocket_front — converted + decimated for MAMABEAVER
o rocket_front
v 99.30518 114.14355 5.89510
v 98.22003 118.07234 0.00000
v 99.10895 118.13792 0.00000
v 90.83986 92.09853 33.10936
v 90.33760 91.24262 30.09094
v 91.03653 91.87610 33.10936
v 99.03937 119.55434 0.00000
v 84.04761 88.76517 3.75389
v 84.32812 88.37705 3.75389
v 84.38330 88.41798 3.94070
v 107.74471 97.65077 44.13113
v 107.28867 98.17439 45.57778
v 107.07462 97.46877 45.57778
v 88.13702 84.00475 1.49160
v 88.67212 83.91576 3.03912
v 88.28081 84.19861 3.03912
v 107.57928 116.02515 11.57927
v 107.18372 116.20633 11.57927
v 107.33166 115.50160 14.41587
v 110.06500 116.79256 0.00000
v 108.37060 117.69823 0.00000
v 109.28638 117.37370 0.04502
v 113.85757 104.20376 25.25875
v 113.26000 104.74461 26.63565
v 113.37245 104.41776 26.63565
v 89.80025 84.73512 8.24104
v 90.17795 84.48940 8.24104
v 90.51608 85.02338 11.57926
v 117.80885 95.53922 8.24104
v 118.16802 95.92033 6.72583
v 117.91296 95.97762 8.24104
v 113.00114 89.33035 15.94714
v 113.50902 89.98113 15.94714
v 113.22639 90.19074 17.52247
v 117.59370 102.17008 11.57927
v 116.96227 102.51623 14.41587
v 117.06531 101.68089 14.41587
v 96.57548 97.46030 53.01880
v 97.35800 97.60555 54.52184
v 97.13602 97.87604 54.52184
v 85.87581 108.46583 17.52247
v 85.47742 107.76259 17.52247
v 85.80554 107.58720 19.11838
v 92.59657 86.14926 20.71143
v 92.78728 86.50606 22.27816
v 92.13385 86.87623 22.27816
v 81.18294 102.32097 4.34929
v 81.13165 101.85847 4.34929
v 81.29843 101.84206 5.61390
v 86.14915 92.59667 20.71143
v 86.52910 91.92596 20.71143
v 86.50595 92.78738 22.27816
v 84.46468 97.69566 20.71143
v 84.99326 97.01508 22.27816
v 84.86487 97.75503 22.27816
v 83.90508 100.00011 19.11838
v 83.92445 99.21037 19.11838
v 84.31360 99.22948 20.71143
v 103.21272 81.48471 5.61390
v 103.66615 81.56912 5.61390
v 103.63268 81.73743 6.72583
v 84.69925 100.00011 22.27816
v 84.71768 99.24934 22.27816
v 85.12811 99.26949 23.80010
v 108.29189 92.10557 35.11318
v 108.48313 92.31143 35.11318
v 107.42613 93.26945 39.05303
v 107.47713 96.90298 44.13113
v 99.50822 89.98975 39.05303
v 99.99999 90.85474 41.40808
v 99.55125 90.86575 41.40808
v 94.57778 84.84602 19.11838
v 95.32788 84.59823 19.11838
v 94.70904 85.21287 20.71143
v 95.19884 101.20274 51.51947
v 95.10409 100.72635 51.51947
v 95.81835 100.83189 53.01880
v 104.82681 89.11098 33.64023
v 105.02689 89.37163 33.99128
v 104.49932 89.13776 33.99128
v 91.40291 99.15337 42.73418
v 90.95361 98.65820 41.40808
v 91.99440 98.81258 44.13113
v 101.64854 83.26227 15.94714
v 102.41621 83.71136 17.52246
v 101.61404 83.61243 17.52246
v 104.60681 118.39154 4.34929
v 104.15408 118.49907 4.34929
v 104.11736 118.33556 5.61390
v 93.18999 90.81788 34.39361
v 93.73337 90.62142 34.50251
v 93.28072 90.94022 34.50251
v 102.12482 85.67571 25.25875
v 102.40769 86.12418 26.63565
v 102.06644 86.06927 26.63565
v 90.27792 97.56486 39.05303
v 90.40912 97.09074 39.05303
v 90.80545 97.21098 40.17399
v 112.27824 95.60689 30.09094
v 112.47900 96.21465 30.09094
v 111.57633 96.48846 33.10936
v 108.43539 88.62630 5.89510
v 108.98331 89.05389 5.89510
v 111.52038 85.96249 0.00000
v 97.99017 96.23998 53.01880
v 98.63548 96.70584 54.52184
v 98.31915 96.85545 54.52184
v 86.14915 107.40353 20.71143
v 86.16829 106.54202 22.27816
v 86.50595 107.21282 22.27816
v 91.16100 104.72466 39.05303
v 91.73268 103.91026 41.40808
v 92.38135 104.07236 42.73418
v 92.56747 98.89760 45.57778
v 92.71131 98.17439 45.57778
v 93.22704 98.65289 47.05301
v 94.26469 81.09331 0.07295
v 95.21336 80.89078 0.04502
v 95.19930 80.83466 0.07295
v 83.51555 110.43877 3.75389
v 83.32326 109.99576 3.94070
v 83.57358 110.40202 3.94070
v 91.72766 87.61967 23.80010
v 92.17575 88.29031 26.63565
v 91.37361 88.36875 25.25875
v 99.99999 119.51173 3.75389
v 99.52284 119.43716 3.94070
v 99.99999 119.44302 3.94070
v 117.28586 106.18509 8.24104
v 117.12885 106.60744 8.24104
v 116.53918 106.37997 11.57927
v 88.35608 88.35619 17.52246
v 88.94145 87.79888 17.52246
v 88.61917 88.61928 19.11838
v 80.91658 104.78026 3.03912
v 80.80501 104.31049 3.03912
v 80.90382 104.28829 3.53631
v 108.62649 108.21320 33.64023
v 108.42233 108.42244 33.64023
v 108.31367 108.31377 33.99128
v 117.06531 98.31933 14.41587
v 117.12721 99.15871 14.41587
v 116.79858 99.17484 15.94714
v 116.02522 89.29240 4.19431
v 116.28317 89.68890 4.19431
v 115.89902 89.37672 4.29112
v 91.94991 105.97047 39.05303
v 92.01100 105.33817 40.17399
v 92.65437 105.44800 41.40808
v 110.95599 96.67664 35.11318
v 111.03426 96.94652 35.11318
v 109.59087 97.09074 39.05303
v 111.31178 108.38950 26.63565
v 111.10249 108.66457 26.63565
v 110.47426 107.76835 30.09094
v 90.98091 92.22018 33.64023
v 91.28841 92.10439 33.99128
v 91.43959 83.98470 0.00000
v 92.23573 83.58395 0.00000
v 91.62941 82.30197 0.00000
v 115.50111 110.91722 4.34929
v 115.09393 111.19453 5.61390
v 115.36411 110.82073 5.61390
v 111.92555 89.19141 19.11838
v 112.44154 89.78960 19.11838
v 112.14037 90.03677 20.71143
v 99.99999 118.35915 8.24104
v 99.54302 118.61497 6.72583
v 99.54945 118.35362 8.24104
v 86.53976 106.36633 23.80010
v 85.86395 105.85545 22.27816
v 86.24361 105.69820 23.80010
v 110.84280 92.75517 30.09094
v 111.18523 93.29594 30.09094
v 110.05849 93.27924 33.10936
v 84.86487 102.24519 22.27816
v 84.77293 101.49985 22.27816
v 85.27135 102.18490 23.80010
v 102.29623 101.70312 56.02766
v 102.64200 102.39468 54.52184
v 102.11826 101.91998 56.02766
v 109.58774 87.07255 19.11838
v 109.96333 87.85975 20.71143
v 109.35564 87.38548 20.71143
v 103.13869 81.91135 8.24104
v 103.58167 81.99382 8.24104
v 103.45837 82.61371 11.57926
v 89.56499 90.54237 26.63565
v 90.77896 90.77905 30.09094
v 85.22563 87.25565 3.75389
v 85.54285 86.89690 3.75389
v 85.59375 86.94305 3.94070
v 103.13996 84.21443 19.11838
v 103.91074 84.38753 19.11838
v 103.81608 84.76546 20.71143
v 113.37881 105.54179 25.25875
v 113.09078 106.19159 25.25875
v 112.73112 106.02148 26.63565
v 89.62888 95.09493 34.98170
v 89.75238 94.84189 34.98170
v 89.77348 94.85252 35.11318
v 108.82545 92.00118 33.64023
v 109.08852 92.54134 33.99128
v 108.71159 92.10439 33.99128
v 107.76247 114.52268 17.52247
v 107.04053 114.88608 17.52247
v 107.58710 114.19456 19.11838
v 108.73762 115.42416 11.57927
v 108.81577 114.70834 14.41587
v 103.25529 93.90987 47.05301
v 103.55020 94.07693 47.05301
v 103.22523 94.61913 48.53565
v 114.09959 112.16250 6.72583
v 113.60316 112.32929 8.24104
v 113.90163 111.99174 8.24104
v 83.03630 94.85423 11.57927
v 83.85451 94.22317 14.41587
v 83.59050 95.02235 14.41587
v 86.44925 104.11069 5.89510
v 82.62227 105.27158 0.00000
v 82.90186 106.11791 0.00000
v 85.58861 101.41950 25.25875
v 85.53632 100.71066 25.25875
v 85.95490 101.03613 26.63565
v 81.02109 106.26990 0.82430
v 80.87294 105.80224 0.82430
v 80.94315 105.78094 1.49160
v 107.92834 114.83299 15.94714
v 108.46571 114.12431 17.52247
v 111.10532 111.10544 20.71143
v 110.27534 111.33720 22.27816
v 110.81925 110.81937 22.27816
v 103.32346 89.04411 35.11318
v 103.59133 89.12897 35.11318
v 102.90936 90.40923 39.05303
v 93.74387 94.86584 44.13113
v 93.32220 94.51978 42.73418
v 94.00333 94.56505 44.13113
v 105.03893 103.73724 48.53565
v 104.16450 103.77458 50.02478
v 104.51440 103.34821 50.02478
v 86.99887 89.33035 15.94714
v 87.29427 88.48430 14.41587
v 87.79877 88.94157 17.52247
v 112.32919 86.39694 8.24104
v 112.22350 87.16136 11.57926
v 111.90473 86.86526 11.57926
v 103.90080 110.90214 34.25793
v 103.36118 111.08041 34.25793
v 103.31853 110.93982 34.39361
v 119.71630 98.05823 0.10740
v 119.78783 99.02799 0.10740
v 119.76525 98.05340 0.15053
v 83.98257 101.57768 19.11838
v 83.55286 100.80811 17.52247
v 92.10545 91.70821 35.11318
v 117.51641 107.25565 4.34929
v 117.17989 107.61543 5.61390
v 117.36160 107.19151 5.61390
v 82.08704 95.97762 8.24104
v 82.70370 96.11610 11.57927
v 111.08031 96.63893 34.25793
v 111.23189 97.18667 34.25793
v 110.93970 96.68159 34.39361
v 94.49631 81.85686 4.34929
v 94.98792 81.88876 5.61390
v 94.54494 82.01723 5.61390
v 99.05823 90.43810 40.17399
v 99.57611 91.37183 42.73418
v 94.61903 96.77487 48.53565
v 94.96107 96.26298 48.53565
v 95.17916 97.11060 50.02478
v 107.12575 82.79704 6.72583
v 107.43984 83.21608 8.24104
v 107.02570 83.03856 8.24104
v 93.20592 93.20602 40.17399
v 93.26935 92.57397 39.05303
v 94.19861 93.59926 42.73418
v 107.21272 86.50606 22.27816
v 107.65489 87.22868 23.80010
v 107.01900 86.86846 23.80010
v 86.29683 88.75420 11.57926
v 106.36072 90.48063 35.11318
v 105.97035 91.95001 39.05303
v 105.33807 92.01112 40.17399
v 119.03751 95.72508 3.75389
v 119.13670 96.19359 3.75389
v 119.06931 96.20699 3.94070
v 90.46086 93.62627 34.98170
v 90.63948 93.40768 35.11318
v 90.48051 93.63940 35.11318
v 96.71880 83.50444 15.94714
v 97.58379 83.71136 17.52246
v 96.78745 83.84953 17.52246
v 83.71126 97.58389 17.52247
v 84.21434 96.86015 19.11838
v 84.07927 97.63850 19.11838
v 116.63226 108.37209 6.72583
v 116.19124 108.65450 8.24104
v 116.39874 108.25455 8.24104
v 90.78511 93.16588 34.98170
v 90.95561 92.94180 34.98170
v 90.97423 92.95632 35.11318
v 111.50072 106.14738 30.09094
v 111.78850 105.57565 30.09094
v 83.39853 111.09286 0.35374
v 83.10982 110.69569 0.56707
v 83.37740 111.10698 0.56707
v 106.12347 89.78372 33.64023
v 106.04446 89.91553 33.99128
v 99.50822 110.01048 39.05303
v 99.05823 109.56212 40.17399
v 99.57611 108.62840 42.73418
v 99.10359 109.10145 41.40808
v 89.65501 84.51775 6.72583
v 90.03810 84.26853 6.72583
v 109.74719 83.73788 4.34929
v 110.05370 84.12357 5.61390
v 109.66106 83.88161 5.61390
v 90.08603 101.47070 39.05303
v 90.43799 100.94189 40.17399
v 90.89867 100.89651 41.40808
v 109.67487 94.20122 34.50251
v 110.08208 94.61111 34.39361
v 109.94775 94.68291 34.50251
v 93.39171 97.99551 47.05301
v 93.49803 97.67367 47.05301
v 94.09321 97.88663 48.53565
v 105.80177 92.93063 41.40808
v 105.80138 93.59926 42.73418
v 105.48032 93.32230 42.73418
v 115.38190 112.00426 3.75389
v 115.02956 112.33456 3.94070
v 115.32774 111.96200 3.94070
v 99.69218 106.26607 48.53565
v 99.44910 105.59351 50.02478
v 99.72421 105.61381 50.02478
v 99.51486 104.92577 51.51947
v 86.86514 111.90485 11.57927
v 86.74452 110.87860 14.41587
v 87.53807 111.29494 15.94714
v 92.02972 84.16591 11.57926
v 92.80901 84.79607 15.94714
v 91.91655 84.87704 14.41587
v 88.89467 111.10544 20.71143
v 88.36313 110.54714 20.71143
v 88.66289 110.27545 22.27816
v 90.74048 103.83553 39.05303
v 90.56343 103.37656 39.05303
v 90.95338 103.23704 40.17399
v 109.04662 96.76318 40.17399
v 86.01564 109.34415 15.94714
v 86.30820 109.14867 17.52247
v 108.37197 83.36786 6.72583
v 108.65440 83.80888 8.24104
v 108.25443 83.60136 8.24104
v 101.84194 81.29854 5.61390
v 102.27934 81.51968 6.72583
v 101.82513 81.46931 6.72583
v 84.59811 95.32800 19.11838
v 84.84592 94.57789 19.11838
v 84.97095 95.44109 20.71143
v 84.77147 111.29434 4.34929
v 84.90607 111.19453 5.61390
v 82.30644 93.66926 5.61390
v 82.46713 93.23694 5.61390
v 82.46800 93.72706 6.72583
v 81.91246 107.49222 0.00000
v 81.26520 105.68324 0.00000
v 116.42178 108.77773 6.72583
v 100.69482 114.14355 5.89510
v 100.89105 118.13792 0.00000
v 101.77995 118.07234 0.00000
v 111.38084 111.38094 19.11838
v 110.54704 111.63698 20.71143
v 103.77448 95.83562 50.02478
v 104.43604 95.56406 48.53565
v 104.16450 96.22562 50.02478
v 94.45831 86.62129 25.25875
v 95.12145 86.36549 25.25875
v 94.93150 86.86053 26.63565
v 93.12760 100.67697 47.05301
v 93.75668 100.61501 48.53565
v 93.84702 101.22401 48.53565
v 111.19441 115.09403 5.61390
v 110.72182 115.22392 6.72583
v 111.09219 114.95621 6.72583
v 100.90083 81.66318 8.24104
v 101.35058 81.69080 8.24104
v 101.30408 82.32112 11.57926
v 98.31661 88.65166 34.98170
v 98.59853 88.63722 35.11318
v 98.32008 88.67503 35.11318
v 112.22350 112.83884 11.57927
v 111.51581 112.70584 14.41587
v 112.12537 112.12549 14.41587
v 118.53008 105.62115 4.08922
v 118.38654 106.07420 4.08922
v 118.44347 105.59488 4.19431
v 103.29578 102.70489 53.01880
v 100.84397 88.55858 34.98170
v 101.12451 88.58273 34.98170
v 101.12219 88.60625 35.11318
v 107.61532 117.17999 5.61390
v 107.19141 117.36172 5.61390
v 107.12575 117.20317 6.72583
v 88.07445 89.19141 19.11838
v 87.55846 89.78960 19.11838
v 98.27484 88.37006 33.99128
v 98.85603 88.38512 34.13935
v 109.70669 88.17248 22.27816
v 100.83729 100.62109 78.22642
v 100.70790 100.64172 82.45254
v 100.70772 100.37839 89.68983
v 98.08103 119.48364 0.00000
v 116.38769 98.38606 17.52247
v 116.07553 99.21037 19.11838
v 116.01743 98.42252 19.11838
v 99.73727 99.36584 94.80098
v 99.87469 99.37012 96.52005
v 99.79632 99.43083 97.78106
v 99.02789 119.78795 0.10740
v 103.32400 80.84344 3.94070
v 103.79312 80.93079 3.94070
v 103.31049 80.92131 4.08922
v 98.05328 119.76537 0.15053
v 108.71159 107.89584 33.99128
v 109.10133 100.89651 41.40808
v 109.04639 101.34202 41.40808
v 108.54518 101.26766 42.73418
v 89.50777 90.49051 5.89510
v 89.98701 89.98712 5.89510
v 87.15916 87.15928 0.00000
v 102.32643 106.50208 47.05301
v 101.82111 106.00349 48.53565
v 102.40076 105.79608 48.53565
v 101.10555 100.90742 59.04394
v 84.46468 102.30456 20.71143
v 84.37032 101.53950 20.71143
v 115.97131 90.42728 6.72583
v 115.97396 90.95097 8.24104
v 115.74709 90.56167 8.24104
v 96.08984 91.73279 41.40808
v 96.69411 92.01900 42.73418
v 96.90286 92.52296 44.13113
v 98.53500 119.86050 1.49160
v 98.04804 119.81857 1.49160
v 115.00674 97.01508 22.27816
v 115.13512 97.75503 22.27816
v 114.72865 97.81532 23.80010
v 115.72504 88.33762 0.00000
v 116.79244 89.93510 0.00000
v 116.37971 89.05553 0.04502
v 100.86983 82.29445 11.57926
v 101.68079 82.93481 14.41587
v 102.50848 111.17091 35.11318
v 101.87447 109.42377 40.17399
v 102.43526 109.72218 39.05303
v 81.40195 100.91377 6.72583
v 81.42998 101.36992 6.72583
v 100.89105 81.86230 0.00000
v 101.77995 81.92787 0.00000
v 102.87266 80.63419 0.00000
v 86.62755 95.58244 26.63565
v 87.72177 95.60689 30.09094
v 87.52098 96.21465 30.09094
v 83.20755 89.93510 0.00000
v 84.17705 88.26501 0.04502
v 83.62030 89.05553 0.04502
v 98.55276 119.61980 3.03912
v 98.07170 119.57838 3.03912
v 91.24843 102.65486 41.40808
v 97.62296 98.41183 56.02766
v 97.47874 98.65247 56.02766
v 104.46088 82.19125 8.24104
v 104.96632 82.05415 6.72583
v 104.89659 82.30609 8.24104
v 117.96313 102.66469 0.00000
v 119.20162 103.81954 0.00000
v 119.36591 102.87276 0.00000
v 113.70316 111.24600 11.57927
v 112.70573 111.51591 14.41587
v 113.00114 110.66987 15.94714
v 106.82635 87.22890 25.25875
v 109.04914 115.97408 8.24104
v 108.35645 115.63394 11.57927
v 100.96063 119.55434 0.00000
v 83.11330 89.30672 0.82430
v 83.44182 88.93629 1.49160
v 83.17528 89.34598 1.49160
v 83.23048 109.49992 4.19431
v 82.33394 107.31763 4.29112
v 81.99617 106.44198 4.29112
v 82.14867 106.38741 4.34929
v 107.92834 85.16721 15.94714
v 108.46571 85.87591 17.52246
v 107.76247 85.47752 17.52246
v 103.71777 85.15791 22.27816
v 102.98502 84.99336 22.27816
v 98.09425 119.34940 3.94070
v 118.13780 100.89117 0.00000
v 118.07224 101.78007 0.00000
v 85.96237 111.52048 0.00000
v 83.72165 110.87695 0.00000
v 84.86615 112.42014 0.00000
v 116.49652 109.34528 4.34929
v 116.26222 109.74731 4.34929
v 116.11849 109.66116 5.61390
v 82.27298 100.00011 11.57927
v 82.27832 99.56506 11.57927
v 83.18117 100.00011 15.94714
v 81.47318 106.12054 3.75389
v 81.39429 105.64409 3.94070
v 112.14585 92.72017 5.89510
v 116.01540 91.43970 0.00000
v 115.57607 90.66416 0.00000
v 95.11697 104.88313 47.05301
v 94.66187 104.38100 47.05301
v 95.35162 104.21314 48.53565
v 116.48445 89.56145 3.75389
v 116.73566 89.96913 3.75389
v 107.24024 112.07973 26.63565
v 106.82635 112.77132 25.25875
v 106.94161 112.25377 26.63565
v 105.66609 84.16444 15.94714
v 106.43629 84.46153 15.94714
v 106.30164 84.78661 17.52246
v 98.61756 118.74126 5.61390
v 98.15806 118.70168 5.61390
v 111.81270 85.60629 6.72583
v 112.16238 85.90053 6.72583
v 111.64686 85.80836 8.24104
v 88.49002 109.44611 23.80010
v 88.04039 108.86996 23.80010
v 88.36864 108.62650 25.25875
v 98.83251 88.14648 33.64023
v 110.52869 110.52879 23.80010
v 109.99938 111.03274 23.80010
v 109.72492 110.72992 25.25875
v 117.13931 91.89381 4.34929
v 117.17989 92.38479 5.61390
v 116.98782 91.96546 5.61390
v 89.19130 88.07455 19.11838
v 89.45296 88.36324 20.71143
v 98.17487 118.53091 6.72583
v 98.20049 118.27075 8.24104
v 88.21150 94.42457 30.09094
v 88.94058 95.09781 33.10936
v 98.26244 117.64177 11.57927
v 98.69592 117.67909 11.57927
v 107.86714 88.22608 5.89510
v 110.81770 85.41412 0.00000
v 104.11057 113.55086 5.89510
v 104.41245 117.61557 0.00000
v 105.27148 117.37784 0.00000
v 95.52399 93.96491 45.57778
v 96.16342 94.25828 47.05301
v 95.61910 94.66197 47.05301
v 98.31921 117.06541 14.41587
v 81.86220 100.89117 0.00000
v 80.42218 100.00011 0.00000
v 80.51645 101.91907 0.00000
v 85.52670 111.29517 8.24104
v 85.25388 110.93658 8.24104
v 85.76152 110.56009 11.57927
v 90.47314 85.74216 14.41587
v 88.63712 101.40159 35.11318
v 105.01208 118.11145 5.61390
v 104.52441 118.06255 6.72583
v 104.96632 117.94606 6.72583
v 92.34511 87.22868 23.80010
v 92.98099 86.86846 23.80010
v 108.93433 89.11359 26.63565
v 108.75748 90.33772 30.09094
v 108.27283 89.91965 30.09094
v 113.75639 94.30202 23.80010
v 113.26000 95.25559 26.63565
v 113.37881 94.45843 25.25875
v 88.81476 93.29594 30.09094
v 89.77960 93.52811 33.10936
v 89.62386 93.78088 33.10936
v 97.09064 90.40923 39.05303
v 97.56474 90.27804 39.05303
v 97.21086 90.80556 40.17399
v 103.49982 96.50028 51.51947
v 102.75630 97.73807 54.52184
v 102.02149 97.97861 56.02766
v 110.72182 84.77630 6.72583
v 111.19441 84.90617 5.61390
v 99.03954 98.94041 59.04394
v 92.42073 83.97507 11.57926
v 114.25793 109.52695 14.41587
v 113.50902 110.01907 15.94714
v 113.69179 109.14867 17.52247
v 89.17937 84.63600 5.61390
v 89.27817 84.77630 6.72583
v 99.99999 92.48624 45.57778
v 99.99999 93.09447 47.05301
v 99.66116 93.10278 47.05301
v 91.66664 94.43194 39.05303
v 93.06133 105.14616 42.73418
v 93.27075 104.49644 44.13113
v 93.49948 104.82121 44.13113
v 99.99999 91.90691 44.13113
v 99.60288 91.91666 44.13113
v 94.66792 80.73247 0.56707
v 103.12257 104.67336 50.02478
v 102.64947 104.95692 50.02478
v 102.33318 104.36517 51.51947
v 113.78234 114.47616 0.82430
v 113.42294 114.81004 0.82430
v 113.73176 114.42303 1.49160
v 99.54302 81.38525 6.72583
v 99.54945 81.64658 8.24104
v 90.26176 93.14168 33.64023
v 99.53882 81.21371 5.61390
v 99.99999 81.04047 4.34929
v 99.99999 81.20805 5.61390
v 109.80936 86.77370 17.52246
v 110.21052 87.55856 19.11838
v 86.61755 91.05824 19.11838
v 87.07243 90.41238 19.11838
v 92.22008 90.98102 33.64023
v 92.44376 90.79279 33.64023
v 108.18751 91.81259 34.25793
v 83.36603 95.83351 14.41587
v 105.56065 83.16780 11.57926
v 105.97205 83.30933 11.57926
v 105.77695 83.85463 14.41587
v 101.63154 105.37856 50.02478
v 101.43675 104.73647 51.51947
v 101.66743 104.66026 51.51947
v 106.35816 92.25266 39.05303
v 87.92038 107.24034 26.63565
v 87.22858 107.65501 23.80010
v 87.22879 106.82646 25.25875
v 102.32085 118.81715 4.34929
v 101.85837 118.86845 4.34929
v 101.84194 118.70168 5.61390
v 90.95085 84.02614 8.24104
v 108.44913 83.21458 5.61390
v 108.77763 83.57832 6.72583
v 83.26433 110.03108 3.75389
v 100.07865 99.20151 89.68983
v 100.17961 99.28304 92.54913
v 103.54201 93.37347 45.57778
v 103.86289 93.55525 45.57778
v 105.15256 91.40357 39.05303
v 84.76535 103.81618 20.71143
v 85.15781 103.71789 22.27816
v 83.55286 99.19212 17.52247
v 99.26939 85.12823 23.80010
v 99.99999 85.11030 23.80010
v 99.28944 85.53642 25.25875
v 100.49178 110.01048 39.05303
v 99.99999 111.44910 35.11318
v 99.99999 109.60838 40.17399
v 107.54578 117.02312 6.72583
v 107.02570 116.96165 8.24104
v 107.43984 116.78413 8.24104
v 103.48537 105.21635 48.53565
v 80.16260 102.44682 0.82430
v 80.18153 101.95206 1.49160
v 99.21295 99.84355 89.68983
v 99.30400 99.75108 92.54913
v 99.32092 99.89938 94.80098
v 108.95371 117.78809 1.49160
v 108.41129 117.78429 3.03912
v 108.84519 117.57251 3.03912
v 86.70352 87.34080 8.24104
v 87.01819 87.01830 8.24104
v 87.46510 87.46522 11.57926
v 105.54755 84.49573 17.52246
v 113.85757 95.79646 25.25875
v 114.04714 96.48148 25.25875
v 113.57310 96.24393 26.63565
v 112.28967 90.88547 22.27816
v 111.82762 90.29343 22.27816
v 110.69338 83.11340 0.82430
v 111.10458 83.38092 0.82430
v 110.65414 83.17540 1.49160
v 113.57310 103.75629 26.63565
v 83.36320 97.53227 15.94714
v 83.50433 96.71892 15.94714
v 83.84943 96.78755 17.52247
v 98.59563 88.61378 34.98170
v 111.50999 109.44611 23.80010
v 110.88651 108.93443 26.63565
v 99.15775 111.41807 35.11318
v 101.23765 104.08009 53.01880
v 100.86639 103.45892 54.52184
v 101.20123 103.35735 54.52184
v 90.88536 87.71043 22.27816
v 91.49936 87.27801 22.27816
v 97.65067 92.25540 44.13113
v 112.92757 109.58784 19.11838
v 112.44154 110.21062 19.11838
v 112.14037 109.96345 20.71143
v 114.58598 89.18240 0.00000
v 108.34229 82.36182 3.75389
v 108.77264 82.57187 3.75389
v 108.74174 82.63324 3.94070
v 99.99999 117.72713 11.57927
v 114.87187 100.73071 23.80010
v 114.81812 101.45956 23.80010
v 114.41139 101.41950 25.25875
v 81.20793 100.00011 5.61390
v 81.04608 99.53481 4.34929
v 81.21359 99.53893 5.61390
v 85.90770 98.61214 5.89510
v 85.99277 97.92233 5.89510
v 82.03687 97.33553 0.00000
v 117.46603 103.03075 11.57927
v 117.38640 103.45847 11.57927
v 110.66975 113.00124 15.94714
v 110.01897 113.50912 15.94714
v 110.44653 112.72926 17.52247
v 106.70418 88.81487 30.09094
v 107.24493 89.15730 30.09094
v 106.59557 81.56673 0.00000
v 108.37060 82.30197 0.00000
v 107.53874 81.79996 0.04502
v 100.35294 100.58896 94.80098
v 100.54771 100.49652 92.54913
v 83.42688 91.14159 5.61390
v 83.79857 90.82211 6.72583
v 83.57820 91.22247 6.72583
v 83.64926 90.73753 5.61390
v 96.18391 84.76546 20.71143
v 95.55843 85.35822 22.27816
v 114.70822 91.18433 14.41587
v 115.12308 91.91666 14.41587
v 114.83289 92.07176 15.94714
v 96.08924 84.38753 19.11838
v 116.38769 101.61416 17.52247
v 116.28874 102.41631 17.52247
v 115.92072 102.36172 19.11838
v 109.51949 93.63940 35.11318
v 111.51581 87.29436 14.41587
v 110.87849 86.74463 14.41587
v 85.79712 97.17497 25.25875
v 85.95285 96.48148 25.25875
v 86.25894 96.91444 26.63565
v 103.46028 92.68394 44.13113
v 102.87543 93.05820 45.57778
v 100.03152 100.64166 96.52005
v 88.80594 109.18684 25.25875
v 88.68822 108.38950 26.63565
v 88.89752 108.66457 26.63565
v 82.05403 104.96642 6.72583
v 82.19115 104.46100 8.24104
v 82.30598 104.89670 8.24104
v 84.42392 109.33604 0.00000
v 82.73390 109.22903 0.00000
v 103.82600 103.14002 51.51947
v 103.49982 103.49992 51.51947
v 97.45592 87.21014 30.09094
v 98.08656 87.10072 30.09094
v 97.93183 88.08098 33.10936
v 90.32729 106.12528 35.11318
v 90.15961 105.89821 34.98170
v 90.17987 105.88606 35.11318
v 90.61003 107.32812 33.64023
v 90.43301 107.09547 33.64023
v 90.55643 107.00392 33.99128
v 115.75791 95.21999 17.52247
v 115.97349 95.99895 17.52247
v 115.40189 95.32800 19.11838
v 95.78230 105.68701 5.89510
v 92.13286 88.22608 5.89510
v 91.56461 88.62630 5.89510
v 109.70669 111.82774 22.27816
v 109.44599 111.51009 23.80010
v 102.18115 107.19042 45.57778
v 101.67793 106.69879 47.05301
v 81.42998 98.63030 6.72583
v 81.46919 98.17499 6.72583
v 81.72935 98.20061 8.24104
v 113.08259 105.41910 5.89510
v 112.80093 106.05450 5.89510
v 116.77735 106.94952 0.00000
v 104.21304 104.64848 48.53565
v 104.38090 105.33824 47.05301
v 97.92223 114.00734 5.89510
v 86.99887 110.66987 15.94714
v 86.77359 109.80948 17.52247
v 87.27086 110.44665 17.52247
v 116.44714 99.19212 17.52247
v 111.66248 84.27506 0.00000
v 110.87685 83.72176 0.00000
v 113.66120 103.42207 26.63565
v 112.64973 103.16869 30.09094
v 105.37846 101.63165 50.02478
v 104.57272 101.89420 51.51947
v 104.73637 101.43687 51.51947
v 97.08579 119.64603 0.15053
v 104.74451 86.74010 26.63565
v 104.99039 87.95222 30.09094
v 104.39323 87.72188 30.09094
v 87.57913 92.55533 25.25875
v 87.95938 91.95483 25.25875
v 88.10170 92.46560 26.63565
v 98.08752 80.58244 3.75389
v 98.56464 80.54137 3.75389
v 98.56969 80.60989 3.94070
v 86.02496 110.90633 11.57927
v 105.04600 94.43271 45.57778
v 105.56741 94.95410 45.57778
v 104.88303 95.11707 47.05301
v 101.36980 118.57013 6.72583
v 100.91367 118.59814 6.72583
v 95.92774 92.38146 42.73418
v 118.33546 95.88274 5.61390
v 118.43098 96.33395 5.61390
v 118.49895 95.84602 4.34929
v 81.92776 101.78007 0.00000
v 105.05678 81.72726 4.34929
v 105.01208 81.88876 5.61390
v 94.94322 81.72726 4.34929
v 111.30370 101.96149 34.98170
v 111.25217 102.23830 34.98170
v 111.22900 102.23370 35.11318
v 92.06232 98.42120 44.13113
v 104.36326 80.56963 1.49160
v 104.83879 80.68256 1.49160
v 104.78014 80.91669 3.03912
v 111.11285 95.71341 33.64023
v 83.03772 97.48399 14.41587
v 88.18730 85.60629 6.72583
v 88.70494 85.52682 8.24104
v 88.35315 85.80836 8.24104
v 93.39266 82.87125 8.24104
v 93.62013 83.46092 11.57926
v 94.67065 82.43159 8.24104
v 95.10340 82.30609 8.24104
v 95.27197 82.91524 11.57926
v 116.31480 95.91347 15.94714
v 116.15057 96.78755 17.52247
v 113.49404 107.21282 22.27816
v 113.12387 107.86626 22.27816
v 113.13165 107.01912 23.80010
v 117.72167 99.56506 11.57927
v 116.81883 100.00011 15.94714
v 95.33984 98.33267 51.51947
v 96.70573 98.63557 54.52184
v 118.61485 99.54314 6.72583
v 118.35905 100.00011 8.24104
v 118.35352 99.54955 8.24104
v 93.98984 85.49030 20.71143
v 94.14465 85.86407 22.27816
v 110.90623 86.02508 11.57926
v 104.72455 108.83910 39.05303
v 104.28514 109.06029 39.05303
v 103.91014 108.26743 41.40808
v 84.16432 94.33401 15.94714
v 114.44359 96.38217 23.80010
v 114.24866 95.67783 23.80010
v 82.03687 102.66469 0.00000
v 113.73611 103.44083 5.89510
v 117.37772 105.27158 0.00000
v 117.61546 104.41254 0.00000
v 114.19743 106.71500 20.71143
v 113.85085 107.40353 20.71143
v 113.83170 106.54202 22.27816
v 88.70575 84.77158 4.34929
v 88.80557 84.90617 5.61390
v 98.17487 81.46931 6.72583
v 93.06133 94.85404 42.73418
v 92.93053 94.19835 41.40808
v 82.91513 104.72813 11.57927
v 82.80423 104.30743 11.57927
v 83.36603 104.16670 14.41587
v 114.03763 111.52048 0.00000
v 113.45544 112.19540 0.00000
v 114.50620 113.14777 0.00000
v 85.80554 92.41302 19.11838
v 85.80257 93.28522 20.71143
v 97.72066 118.48055 6.72583
v 99.64881 99.01861 78.22642
v 99.91424 99.12935 86.29899
v 106.46675 106.46687 41.40808
v 105.80138 106.40096 42.73418
v 106.10847 106.10858 42.73418
v 82.97699 92.45432 6.72583
v 83.16730 92.03883 6.72583
v 83.21597 92.56026 8.24104
v 114.81465 88.43864 5.61390
v 114.95609 88.90791 6.72583
v 114.67937 88.54420 6.72583
v 114.19173 88.35325 8.24104
v 114.47328 88.70505 8.24104
v 85.49019 93.98994 20.71143
v 86.16829 93.45820 22.27816
v 85.86395 94.14477 22.27816
v 112.72209 108.50075 22.27816
v 112.38042 108.27245 23.80010
v 109.18672 111.19417 25.25875
v 108.66447 111.10259 26.63565
v 108.93433 110.88661 26.63565
v 81.97362 92.53333 3.75389
v 82.10733 92.06883 3.53630
v 82.16229 92.09319 3.75389
v 109.18672 88.80605 25.25875
v 109.72492 89.27030 25.25875
v 98.56364 95.98578 53.01880
v 98.96404 95.86432 53.01880
v 99.17013 97.26437 56.02766
v 113.38245 91.05824 19.11838
v 114.12419 91.53439 17.52247
v 113.80508 91.72566 19.11838
v 107.24493 110.84292 30.09094
v 106.70418 111.18535 30.09094
v 98.04804 80.18164 1.49160
v 89.52574 107.76835 30.09094
v 109.66106 116.11859 5.61390
v 109.17799 116.20154 6.72583
v 109.57284 115.97141 6.72583
v 83.46082 93.62025 11.57927
v 83.62236 93.21628 11.57927
v 118.27296 91.90025 0.82430
v 118.46625 92.35114 0.82430
v 118.39847 92.37922 1.49160
v 98.83251 111.85373 33.64023
v 98.27484 111.63017 33.99128
v 98.84759 111.70081 33.99128
v 117.19576 95.69279 11.57927
v 116.81838 96.65472 14.41587
v 80.63513 97.61168 3.75389
v 80.76753 97.14725 3.94070
v 80.70331 97.62009 3.94070
v 117.70567 100.86993 11.57927
v 117.12721 100.84151 14.41587
v 104.07543 88.61002 33.10936
v 82.19168 108.42281 0.04502
v 82.09044 108.47070 0.10740
v 104.16660 83.36613 14.41587
v 104.08665 83.68532 15.94714
v 115.62968 101.53950 20.71143
v 115.53532 102.30456 20.71143
v 94.07683 96.44990 47.05301
v 92.28255 94.27647 40.17399
v 111.44153 100.84409 34.98170
v 111.41796 100.84235 35.11318
v 105.90679 102.11359 48.53565
v 106.50197 102.32655 47.05301
v 105.79597 102.40088 48.53565
v 91.22237 83.57832 6.72583
v 105.99667 105.43517 44.13113
v 105.72276 105.72286 44.13113
v 105.31310 105.31320 45.57778
v 116.63397 104.16670 14.41587
v 116.31480 104.08675 15.94714
v 105.43505 105.99677 44.13113
v 115.73157 109.96201 6.72583
v 115.97131 109.57294 6.72583
v 100.89413 99.46419 78.22642
v 100.96308 99.60118 78.22642
v 103.88400 117.29639 11.57927
v 103.27889 116.48425 15.99976
v 104.16660 116.63409 14.41587
v 115.61259 103.91086 19.11838
v 98.21583 91.03046 41.40808
v 98.65810 90.95371 41.40808
v 86.51418 87.16054 6.72583
v 84.51764 89.65513 6.72583
v 84.48929 90.17805 8.24104
v 118.64839 107.19359 0.82430
v 118.46625 107.64908 0.82430
v 118.39847 107.62100 1.49160
v 88.46860 102.29385 33.99128
v 88.36995 101.72527 33.99128
v 88.45514 101.71262 34.13935
v 94.21916 80.94325 1.49160
v 94.68858 80.80713 1.49160
v 94.75295 81.03975 3.03912
v 82.08704 104.02260 8.24104
v 92.37990 97.27360 44.13113
v 92.52286 96.90298 44.13113
v 93.05810 97.12468 45.57778
v 111.10587 97.21823 35.11318
v 82.30598 95.10352 8.24104
v 82.43149 94.67075 8.24104
v 94.40659 100.55100 50.02478
v 107.13757 96.18501 44.13113
v 106.79244 96.78751 45.57778
v 86.20314 112.50485 6.72583
v 85.90042 112.16250 6.72583
v 86.09836 111.99174 8.24104
v 118.43337 106.59567 0.00000
v 118.73479 105.68324 0.00000
v 108.98331 110.94632 5.89510
v 108.43539 111.37392 5.89510
v 111.52038 114.03773 0.00000
v 99.66116 106.89744 47.05301
v 99.07948 106.20573 48.53565
v 98.09425 80.65083 3.94070
v 116.63680 97.53227 15.94714
v 99.58209 104.24313 53.01880
v 99.47681 103.52720 54.52184
v 99.71979 102.84518 56.02766
v 94.33607 81.32866 3.75389
v 117.42825 108.77274 3.75389
v 117.20770 109.19781 3.75389
v 80.39633 96.10069 0.82430
v 80.49794 95.62077 0.82430
v 80.56952 95.63685 1.49160
v 100.96308 100.39902 78.22642
v 105.38097 96.77487 48.53565
v 104.82083 97.11060 50.02478
v 87.87462 87.87473 14.41587
v 107.18372 83.79390 11.57926
v 107.19097 84.79607 15.94714
v 106.56220 84.15753 14.41587
v 102.38843 119.36499 3.75389
v 101.91248 119.41777 3.75389
v 108.51449 81.99774 1.49160
v 108.95371 82.21213 1.49160
v 94.43259 105.04610 45.57778
v 110.48837 104.64928 34.98170
v 110.37112 104.90529 34.98170
v 110.34975 104.89517 35.11318
v 82.57176 108.77274 3.75389
v 82.36171 108.34239 3.75389
v 96.24381 86.42699 26.63565
v 117.36687 91.25835 3.94070
v 110.88912 95.17329 33.64023
v 86.22670 89.78513 14.41587
v 86.49098 89.98113 15.94714
v 100.77062 84.31371 20.71143
v 101.49973 84.77305 22.27816
v 100.75076 84.71780 22.27816
v 92.03873 83.16740 6.72583
v 92.45422 82.97710 6.72583
v 114.52647 111.92166 5.61390
v 84.24275 112.29719 0.82430
v 84.00464 111.86308 1.49160
v 91.52730 101.68543 42.73418
v 90.95361 101.34202 41.40808
v 110.44653 87.27097 17.52246
v 85.45035 106.88158 19.11838
v 100.84223 88.58215 35.11318
v 100.98236 90.02593 39.05303
v 100.25329 101.01129 78.22642
v 112.42033 93.36131 26.63565
v 112.57951 93.66811 26.63565
v 111.50072 93.85284 30.09094
v 113.61009 112.95799 5.61390
v 113.16666 113.16676 6.72583
v 113.48582 112.83968 6.72583
v 82.30644 106.33096 5.61390
v 82.15640 105.89484 5.61390
v 82.31934 105.84100 6.72583
v 112.74445 114.77448 3.75389
v 112.33444 115.02968 3.94070
v 112.69958 114.72244 3.94070
v 107.26315 108.85030 35.11318
v 107.04378 109.02588 35.11318
v 105.97035 108.05020 39.05303
v 97.07031 119.75041 0.35374
v 114.52258 92.23763 17.52247
v 114.19446 92.41302 19.11838
v 106.46675 93.53336 41.40808
v 106.14165 93.22384 41.40808
v 111.51425 91.89085 26.63565
v 111.70981 92.17587 26.63565
v 88.00836 86.09847 8.24104
v 88.75409 86.29694 11.57926
v 93.55515 103.86301 45.57778
v 93.90977 103.25540 47.05301
v 90.85144 86.30831 17.52246
v 91.35338 85.57411 15.94714
v 91.53427 85.87591 17.52246
v 85.74207 109.52695 14.41587
v 86.11159 102.76269 5.89510
v 85.99277 102.07789 5.89510
v 83.03772 102.51623 14.41587
v 83.26216 101.64864 15.94714
v 83.36320 102.46794 15.94714
v 111.95960 91.13026 23.80010
v 118.67145 94.33618 3.75389
v 118.60571 94.35612 3.94070
v 113.88840 97.23753 5.89510
v 117.81075 96.45732 0.00000
v 117.61546 95.58766 0.00000
v 108.37979 102.09914 42.73418
v 107.74471 102.34943 44.13113
v 107.85065 101.96660 44.13113
v 118.62047 100.00011 6.72583
v 106.71488 114.19753 20.71143
v 107.40343 113.85095 20.71143
v 111.77402 92.13297 5.89510
v 112.72209 91.49947 22.27816
v 112.77142 92.34521 23.80010
v 112.38042 91.72777 23.80010
v 111.29484 87.53818 15.94714
v 110.66975 86.99898 15.94714
v 81.69069 101.35069 8.24104
v 81.66307 100.90095 8.24104
v 82.32101 101.30418 11.57927
v 111.85361 98.83263 33.64023
v 111.70069 98.84769 33.99128
v 96.19347 80.86340 3.75389
v 96.67600 80.84344 3.94070
v 96.20687 80.93079 3.94070
v 97.13705 119.30054 3.75389
v 97.14713 119.23257 3.94070
v 106.10847 93.89163 42.73418
v 100.20985 98.58540 59.04394
v 86.66728 104.77064 5.89510
v 106.87238 99.32323 47.05301
v 106.90565 100.00011 47.05301
v 106.27351 100.00011 48.53565
v 85.41400 110.81782 0.00000
v 112.27447 85.77058 5.61390
v 112.73251 85.95194 4.34929
v 112.61997 86.07610 5.61390
v 85.91673 100.00011 26.63565
v 85.92097 99.65449 26.63565
v 86.95946 100.00011 30.09094
v 98.97759 99.79674 78.22642
v 99.08573 99.72276 82.45254
v 106.05438 87.19917 5.89510
v 107.76427 83.58395 0.00000
v 106.94940 83.22276 0.00000
v 83.42688 108.85863 5.61390
v 83.21446 108.44923 5.61390
v 83.36775 108.37209 6.72583
v 109.74719 116.26233 4.34929
v 109.34516 116.49664 4.34929
v 114.72234 87.30052 3.94070
v 115.08267 87.62208 3.75389
v 115.02956 87.66566 3.94070
v 95.03368 82.05415 6.72583
v 94.59476 82.18143 6.72583
v 99.17618 100.29488 86.29899
v 107.04378 90.97434 35.11318
v 83.98189 89.85674 4.34929
v 84.37497 89.55979 5.61390
v 110.49223 109.50971 5.89510
v 110.01298 110.01308 5.89510
v 112.84084 112.84093 0.00000
v 119.98170 100.49063 0.82430
v 119.96365 100.98086 0.82430
v 119.89037 100.97726 1.49160
v 81.88866 105.01219 5.61390
v 81.93756 104.52451 6.72583
v 89.08289 84.49899 4.34929
v 117.83771 92.09319 3.75389
v 118.02637 92.53333 3.75389
v 117.96291 92.55962 3.94070
v 98.57287 112.26381 32.30950
v 98.41390 112.26047 32.25114
v 111.90668 116.05440 0.82430
v 111.86296 115.99547 1.49160
v 94.98377 85.98070 23.80010
v 95.67771 85.75144 23.80010
v 91.12871 97.77797 41.40808
v 91.73329 97.49242 42.73418
v 102.27934 118.48055 6.72583
v 102.24734 118.22108 8.24104
v 108.07011 81.79420 1.49160
v 107.97231 82.01486 3.03912
v 89.31818 104.12054 35.11318
v 107.87907 82.22522 3.94070
v 107.44048 82.03720 3.94070
v 102.92573 119.72379 0.27153
v 101.95441 119.84358 0.27153
v 102.44411 119.81636 0.35374
v 107.61864 95.92786 42.73418
v 112.98180 112.98192 8.24104
v 118.34632 103.18349 6.72583
v 118.43098 103.66625 5.61390
v 118.26269 103.63278 6.72583
v 98.25230 111.78217 33.64023
v 86.54457 87.80482 0.00000
v 85.49379 86.85246 0.00000
v 94.51968 93.32230 42.73418
v 94.86572 93.74399 44.13113
v 87.55846 110.21062 19.11838
v 87.07243 109.58784 19.11838
v 106.45252 107.11936 40.17399
v 88.48573 91.89085 26.63565
v 104.82083 102.88960 50.02478
v 83.21446 91.55099 5.61390
v 116.01743 101.57768 19.11838
v 93.29582 88.81487 30.09094
v 93.85274 88.49938 30.09094
v 94.03729 89.47446 33.10936
v 91.13123 107.27852 34.80355
v 90.95561 107.05843 34.98170
v 110.94160 97.25938 34.50251
v 105.85533 114.13615 22.27816
v 106.54191 113.83182 22.27816
v 85.95183 112.73263 4.34929
v 85.64360 112.38403 4.34929
v 85.77048 112.27457 5.61390
v 88.51334 96.20542 33.10936
v 84.77147 88.70586 4.34929
v 85.05324 88.33555 4.34929
v 84.90607 88.80569 5.61390
v 106.24754 104.17458 45.57778
v 105.74184 103.83668 47.05301
v 107.25553 117.51653 4.34929
v 106.82347 117.68932 4.34929
v 89.65024 104.89517 35.11318
v 89.51163 104.64928 34.98170
v 116.96155 92.97440 8.24104
v 116.53918 93.62025 11.57927
v 116.37762 93.21628 11.57927
v 106.27305 117.53210 6.72583
v 106.18497 117.28596 8.24104
v 83.22264 93.05070 0.00000
v 81.91246 92.50800 0.00000
v 98.32008 111.32517 35.11318
v 108.07413 113.47099 20.71143
v 107.21272 113.49416 22.27816
v 107.86616 113.12399 22.27816
v 99.51486 95.07446 51.51947
v 99.99999 95.05061 51.51947
v 99.99999 95.73654 53.01880
v 104.83879 119.31766 1.49160
v 104.31037 119.19510 3.03912
v 104.78014 119.08353 3.03912
v 85.59367 94.84544 22.27816
v 85.98059 94.98387 23.80010
v 99.99999 91.36141 42.73418
v 113.40649 113.40659 4.34929
v 112.95789 113.61021 5.61390
v 113.28799 113.28810 5.61390
v 119.52505 102.40829 3.03912
v 119.57826 101.92840 3.03912
v 108.56042 116.01552 0.00000
v 109.33594 115.57619 0.00000
v 102.60110 82.46495 11.57926
v 102.51611 83.03783 14.41587
v 85.55641 96.38217 23.80010
v 85.75133 95.67783 23.80010
v 86.14243 95.79646 25.25875
v 111.03262 109.99950 23.80010
v 109.67271 106.12528 35.11318
v 99.44227 102.80401 56.02766
v 99.72099 101.40282 59.04394
v 112.04061 91.95483 25.25875
v 105.59476 118.44357 4.19431
v 105.14046 118.57532 4.19431
v 111.17638 104.62952 33.10936
v 111.05940 104.90240 33.10936
v 113.78234 85.52406 0.82430
v 114.08157 85.91853 1.49160
v 113.73176 85.57719 1.49160
v 112.77122 93.17375 25.25875
v 84.31360 100.77072 20.71143
v 115.12308 108.08356 14.41587
v 114.42599 108.64671 15.94714
v 99.91129 100.59818 97.78106
v 83.68521 104.08675 15.94714
v 83.90538 104.88235 15.94714
v 93.52801 89.77972 33.10936
v 115.15408 94.57789 19.11838
v 115.02904 95.44109 20.71143
v 110.08047 91.72729 30.09094
v 109.35129 92.32571 33.10936
v 114.50620 86.85246 0.00000
v 111.10532 88.89478 20.71143
v 103.54201 106.62673 45.57778
v 102.87543 106.94200 45.57778
v 93.43780 84.15753 14.41587
v 99.58053 97.17222 56.02766
v 104.89659 117.69411 8.24104
v 104.46088 117.80896 8.24104
v 104.30731 117.19588 11.57927
v 88.22598 92.13297 5.89510
v 88.62619 91.56471 5.89510
v 84.90077 89.91113 0.00000
v 103.76012 102.00993 53.01880
v 103.54502 102.36881 53.01880
v 105.41898 86.91752 5.89510
v 113.55074 104.11069 5.89510
v 114.32439 97.87528 25.25875
v 114.81812 98.54065 23.80010
v 114.41139 98.58070 25.25875
v 118.39143 104.60693 4.34929
v 118.11134 105.01219 5.61390
v 115.95239 88.76517 3.75389
v 113.61009 87.04221 5.61390
v 118.76942 100.92220 5.61390
v 118.74114 101.38254 5.61390
v 118.57001 101.36992 6.72583
v 114.65600 112.02798 4.34929
v 114.95609 111.09231 6.72583
v 114.74612 110.93658 8.24104
v 111.45589 114.67949 6.72583
v 110.93648 114.74623 8.24104
v 86.90921 93.80862 25.25875
v 87.42049 93.66811 26.63565
v 99.99999 108.09331 44.13113
v 99.63132 107.50491 45.57778
v 99.99999 107.51396 45.57778
v 116.20142 90.82211 6.72583
v 116.19124 91.34572 8.24104
v 105.27148 82.62238 0.00000
v 113.14765 114.50630 0.00000
v 112.19530 113.45554 0.00000
v 97.81520 85.27145 23.80010
v 98.61960 85.98466 26.63565
v 97.87518 85.67571 25.25875
v 91.36130 100.00011 42.73418
v 115.87654 89.94640 5.61390
v 116.11849 90.33906 5.61390
v 108.75157 102.65486 41.40808
v 98.42110 92.06242 44.13113
v 98.89748 92.56757 45.57778
v 88.38501 98.85613 34.13935
v 88.45514 98.28758 34.13935
v 88.47687 98.86517 34.25793
v 97.13676 96.84102 53.01880
v 84.51764 110.34509 6.72583
v 84.48929 109.82216 8.24104
v 104.97777 116.40961 14.41587
v 104.08665 116.31490 15.94714
v 104.88225 116.09473 15.94714
v 102.30035 118.65085 5.61390
v 88.48419 87.29436 14.41587
v 89.33025 86.99898 15.94714
v 82.05403 95.03380 6.72583
v 111.29507 114.47340 8.24104
v 110.55997 114.23859 11.57927
v 115.63383 108.35657 11.57927
v 89.53281 104.95071 34.25793
v 101.34190 109.04649 41.40808
v 100.98236 109.97429 39.05303
v 100.89641 109.10145 41.40808
v 86.53976 93.63390 23.80010
v 86.86835 92.98109 23.80010
v 96.78728 118.51550 5.61390
v 116.01540 108.56052 0.00000
v 116.41615 107.76437 0.00000
v 108.12401 91.03664 33.10936
v 107.90158 90.83997 33.10936
v 113.05849 91.27470 20.71143
v 82.87277 99.15871 14.41587
v 83.20143 99.17484 15.94714
v 96.81660 118.34644 6.72583
v 113.70316 88.75420 11.57926
v 87.02226 98.72192 30.09094
v 87.10062 98.08666 30.09094
v 87.96101 98.81438 33.10936
v 108.87129 97.77797 41.40808
v 108.47269 98.31479 42.73418
v 96.86131 118.08887 8.24104
v 107.70454 108.50076 34.98170
v 96.96935 117.46614 11.57927
v 111.39072 84.64149 4.29112
v 111.29424 84.77158 4.34929
v 112.72914 89.55357 17.52247
v 105.80177 107.06957 41.40808
v 119.54372 97.10107 0.07295
v 87.26889 106.02148 26.63565
v 81.77110 104.56621 5.61390
v 93.32478 87.51167 5.89510
v 93.94560 87.19917 5.89510
v 115.40353 96.93616 20.71143
v 115.53532 97.69566 20.71143
v 95.60677 87.72188 30.09094
v 96.20531 88.51344 33.10936
v 95.92457 88.61002 33.10936
v 105.90679 97.88663 48.53565
v 106.00339 98.17901 48.53565
v 105.45203 98.63445 50.02478
v 107.15572 108.71938 34.50251
v 97.63838 84.07938 19.11838
v 84.78650 106.30174 17.52247
v 84.84592 105.42233 19.11838
v 106.60828 97.99551 47.05301
v 106.15298 98.77621 48.53565
v 114.00723 102.07789 5.89510
v 93.69836 84.78661 17.52246
v 94.45245 84.49573 17.52246
v 118.22098 102.24745 8.24104
v 103.83541 90.74059 39.05303
v 103.49979 91.55089 41.40808
v 103.65697 97.80820 53.01880
v 102.29623 98.29710 56.02766
v 101.81362 102.21001 56.02766
v 100.96046 101.05981 59.04394
v 115.83421 92.02984 11.57926
v 115.50150 92.66844 14.41587
v 109.84860 114.73959 11.57927
v 80.44577 99.03947 0.00000
v 81.24557 97.21815 4.34929
v 81.48459 96.78738 5.61390
v 81.41133 97.24274 5.61390
v 81.06320 100.93041 4.34929
v 100.83177 104.18175 53.01880
v 94.30192 86.24371 23.80010
v 106.00018 110.01082 34.13935
v 105.95274 109.93165 34.25793
v 113.13486 111.90485 11.57927
v 113.55074 95.88953 5.89510
v 113.73611 96.55939 5.89510
v 104.92565 100.48524 51.51947
v 104.21741 100.62570 53.01880
v 97.81883 92.80979 45.57778
v 98.32207 93.30141 47.05301
v 97.67355 93.49814 47.05301
v 108.24129 95.06046 40.17399
v 108.83900 95.27557 39.05303
v 108.06550 95.68900 41.40808
v 85.86655 85.86665 0.82430
v 85.91843 85.91853 1.49160
v 86.92656 86.26865 4.34929
v 87.26749 85.95194 4.34929
v 87.38002 86.07610 5.61390
v 85.74207 90.47326 14.41587
v 85.57401 91.35349 15.94714
v 118.53081 98.17499 6.72583
v 118.27065 98.20061 8.24104
v 115.00674 102.98514 22.27816
v 114.44359 103.61803 23.80010
v 114.60371 102.90497 23.80010
v 109.82986 101.95538 39.05303
v 109.72208 102.43536 39.05303
v 85.83951 100.00011 5.89510
v 81.86220 99.10905 0.00000
v 105.50175 89.70705 34.13935
v 87.52098 103.78558 30.09094
v 88.34097 103.22659 33.10936
v 88.42366 103.51175 33.10936
v 110.03098 83.26443 3.75389
v 109.99565 83.32336 3.94070
v 106.72925 104.49644 44.13113
v 104.88303 104.88313 47.05301
v 98.04472 109.82996 39.05303
v 114.74612 89.06364 8.24104
v 98.21583 108.96976 41.40808
v 113.48582 87.16054 6.72583
v 113.16666 86.83344 6.72583
v 98.42110 107.93780 44.13113
v 98.81248 108.00571 44.13113
v 88.96574 96.94652 35.11318
v 88.89412 97.21823 35.11318
v 103.44071 86.26398 5.89510
v 104.41245 82.38466 0.00000
v 105.42222 84.84602 19.11838
v 105.29095 85.21287 20.71143
v 94.40659 99.44920 50.02478
v 95.07434 99.51498 51.51947
v 84.24208 95.21999 17.52247
v 84.49562 94.45255 17.52247
v 93.97862 87.26898 26.63565
v 95.92002 101.23775 53.01880
v 97.22684 100.69475 56.02766
v 97.35879 101.09413 56.02766
v 88.96738 90.00072 23.80010
v 89.47130 89.47141 23.80010
v 89.76030 89.76041 25.25875
v 119.55422 99.03947 0.00000
v 115.97349 104.00126 17.52247
v 83.61232 101.61416 17.52247
v 99.70769 88.09273 33.64023
v 109.43656 103.37656 39.05303
v 108.87688 103.67703 40.17399
v 108.44921 103.49989 41.40808
v 104.89507 89.65034 35.11318
v 103.13992 96.17410 51.51947
v 102.70477 96.70432 53.01880
v 81.99763 108.51460 1.49160
v 81.79410 108.07022 1.49160
v 105.88596 109.82023 35.11318
v 84.73500 89.80036 8.24104
v 85.26051 90.15150 11.57926
v 102.90485 85.39639 23.80010
v 102.18478 85.27145 23.80010
v 112.89938 101.91356 30.09094
v 111.86479 102.36017 33.10936
v 84.25291 109.43855 8.24104
v 84.79503 109.11362 11.57927
v 98.77609 93.84714 48.53565
v 89.85663 83.98199 4.34929
v 101.53938 84.37042 20.71143
v 82.22510 92.12103 3.94070
v 82.03709 92.55962 3.94070
v 119.31754 104.83891 1.49160
v 91.14981 107.26327 35.11318
v 90.97423 107.04388 35.11318
v 92.57271 106.09554 40.17399
v 99.15859 82.87289 14.41587
v 99.99999 82.85223 14.41587
v 99.99999 119.69981 0.04502
v 96.45722 117.81085 0.00000
v 95.11697 95.11707 47.05301
v 95.78696 95.35174 48.53565
v 88.92998 96.03918 33.99128
v 110.84007 83.77679 3.75389
v 82.46484 97.39902 11.57927
v 93.59915 105.80150 42.73418
v 110.66881 94.29751 33.10936
v 90.54225 89.56509 26.63565
v 109.34405 86.01575 15.94714
v 118.37105 93.42685 3.75389
v 118.46159 93.90122 3.94070
v 86.26825 85.57719 1.49160
v 85.04390 111.09231 6.72583
v 84.63589 110.82073 5.61390
v 84.77618 110.72192 6.72583
v 88.17236 109.70679 22.27816
v 88.96738 109.99950 23.80010
v 106.03519 95.52411 45.57778
v 105.92316 96.44990 47.05301
v 114.40631 94.84544 22.27816
v 114.13603 94.14477 22.27816
v 113.45544 87.80482 0.00000
v 99.36012 86.97529 30.09094
v 115.02904 104.55911 20.71143
v 114.64189 104.44167 22.27816
v 114.84219 103.71789 22.27816
v 99.65968 99.54125 98.65873
v 99.69984 99.55087 99.22775
v 99.63716 99.59978 99.22775
v 116.88670 110.69350 0.82430
v 116.61919 111.10470 0.82430
v 116.82471 110.65424 1.49160
v 96.83141 87.35039 30.09094
v 115.20405 107.19109 15.94714
v 114.52258 107.76259 17.52247
v 114.88596 107.04065 17.52247
v 111.05855 112.20133 17.52247
v 110.21052 112.44166 19.11838
v 110.80869 111.92567 19.11838
v 115.86942 111.76968 0.07295
v 90.98091 107.78004 33.64023
v 90.91147 107.45886 33.99128
v 108.59653 105.15266 39.05303
v 108.33334 105.56828 39.05303
v 107.60410 105.08101 41.40808
v 87.57997 84.86626 0.00000
v 89.18228 85.41412 0.00000
v 88.33751 84.27506 0.00000
v 81.88866 94.98802 5.61390
v 82.01712 94.54506 5.61390
v 92.01889 103.30599 42.73418
v 117.20306 92.87437 6.72583
v 117.37276 93.29870 6.72583
v 91.04628 82.21213 1.49160
v 91.48552 81.99774 1.49160
v 91.15480 82.42772 3.03912
v 119.26369 94.66913 0.82430
v 119.38872 95.14349 0.82430
v 119.31754 95.16132 1.49160
v 119.69971 100.00011 0.04502
v 119.67597 100.96673 0.04502
v 94.61057 86.98888 26.63565
v 86.94456 84.86523 0.82430
v 87.21004 102.54418 30.09094
v 87.10062 101.91356 30.09094
v 88.08087 102.06828 33.10936
v 112.42088 107.44489 25.25875
v 105.43505 94.00345 44.13113
v 96.33385 118.43108 5.61390
v 94.91911 92.39600 41.40808
v 95.50365 93.27086 44.13113
v 83.68521 95.91347 15.94714
v 83.16769 94.43947 11.57927
v 108.35645 84.36627 11.57926
v 108.73762 84.57606 11.57926
v 108.08346 84.87704 14.41587
v 99.30518 85.85667 5.89510
v 99.99999 85.83961 5.89510
v 81.72716 94.94334 4.34929
v 99.99999 81.37964 6.72583
v 96.72109 116.48425 15.99976
v 112.83874 87.77660 11.57926
v 112.70573 88.48430 14.41587
v 111.73509 115.82306 0.04502
v 96.47291 100.52331 54.52184
v 98.58528 100.20995 59.04394
v 109.14857 86.30831 17.52246
v 108.27444 86.19502 19.11838
v 88.55446 99.71913 35.11318
v 90.40329 99.52866 40.17399
v 89.97757 100.00011 39.05303
v 102.34933 92.25540 44.13113
v 101.82571 92.71143 45.57778
v 104.66016 98.33267 51.51947
v 104.80116 98.79748 51.51947
v 104.13579 98.96414 53.01880
v 112.32919 113.60326 8.24104
v 103.16859 87.35039 30.09094
v 103.22649 88.34107 33.10936
v 117.98289 94.54506 5.61390
v 117.81867 94.59488 6.72583
v 109.66239 108.75760 30.09094
v 90.93982 104.28526 39.05303
v 97.59923 94.20413 48.53565
v 110.34498 84.51775 6.72583
v 108.56042 83.98470 0.00000
v 84.61809 112.00426 3.75389
v 94.60298 89.90301 35.11318
v 94.85240 89.77360 35.11318
v 95.27545 91.16110 39.05303
v 116.55818 111.06393 1.49160
v 116.08434 111.32797 3.03912
v 116.35750 110.92983 3.03912
v 111.28043 101.95744 35.11318
v 86.86514 88.09537 11.57926
v 93.53324 93.53336 41.40808
v 110.80554 105.43916 33.10936
v 113.45405 85.86887 3.75389
v 113.74821 86.25189 3.94070
v 92.25529 102.34943 44.13113
v 92.14934 101.96660 44.13113
v 92.80968 102.18127 45.57778
v 115.61259 96.08936 19.11838
v 107.50481 100.36880 45.57778
v 107.43253 101.10262 45.57778
v 99.21025 83.92456 19.11838
v 84.49850 107.33176 14.41587
v 83.79378 107.18382 11.57927
v 84.15742 106.56232 14.41587
v 103.32346 110.95611 35.11318
v 103.59133 110.87125 35.11318
v 81.97362 107.46687 3.75389
v 82.03709 107.44058 3.94070
v 101.89408 95.42738 51.51947
v 101.82291 96.14590 53.01880
v 101.20123 96.64287 54.52184
v 95.87106 89.29624 34.98170
v 96.14295 89.22038 35.11318
v 95.87956 89.31828 35.11318
v 110.01037 100.49188 39.05303
v 81.91124 103.13881 8.24104
v 110.08457 106.04458 33.99128
v 113.02483 99.36024 30.09094
v 112.09360 99.70322 33.10936
v 105.79594 80.89343 0.35374
v 105.80332 80.86911 0.56707
v 85.87581 91.53439 17.52247
v 107.19032 102.18127 45.57778
v 100.47299 80.73254 4.19431
v 100.94569 80.74995 4.19431
v 104.85661 119.38882 0.82430
v 104.36326 119.43059 1.49160
v 114.19743 93.28522 20.71143
v 114.50980 93.98994 20.71143
v 81.51956 102.27946 6.72583
v 109.19454 102.78925 40.17399
v 99.48406 99.61746 96.52005
v 99.46678 99.71510 97.78106
v 114.35641 112.38403 4.34929
v 100.14027 97.14471 56.02766
v 100.52319 96.47301 54.52184
v 98.31467 108.47281 42.73418
v 85.41400 89.18240 0.00000
v 85.96237 88.47973 0.00000
v 100.04688 100.95435 82.45254
v 107.76427 116.41627 0.00000
v 98.32207 106.69879 47.05301
v 93.39171 102.00471 47.05301
v 104.93964 108.24139 40.17399
v 99.19200 83.55296 17.52246
v 101.10555 99.09280 59.04394
v 87.61607 85.64371 4.34929
v 93.27075 95.50377 44.13113
v 93.75246 95.82564 45.57778
v 107.36948 98.53423 45.57778
v 108.85018 107.26327 35.11318
v 107.74744 106.35828 39.05303
v 107.98110 103.30599 42.73418
v 88.09526 86.86525 11.57926
v 86.62119 105.54179 25.25875
v 109.71098 89.80035 26.63565
v 110.23969 89.76041 25.25875
v 109.95837 90.04173 26.63565
v 89.91954 108.27293 30.09094
v 82.66692 92.31687 4.34929
v 85.85657 99.30528 5.89510
v 88.80594 90.81338 25.25875
v 97.25249 86.18745 26.63565
v 88.82919 102.50860 35.11318
v 101.91248 80.58244 3.75389
v 85.11403 92.95956 17.52247
v 80.48839 100.00011 3.75389
v 80.49426 99.52126 3.75389
v 80.56294 99.52296 3.94070
v 88.36313 89.45306 20.71143
v 87.85963 90.03677 20.71143
v 118.65073 102.30045 5.61390
v 118.26269 96.36743 6.72583
v 85.95183 87.26759 4.34929
v 86.07599 87.38013 5.61390
v 84.02652 104.00126 17.52247
v 83.84943 103.21265 17.52247
v 84.38742 103.91086 19.11838
v 84.79596 92.80913 15.94714
v 115.68639 100.77072 20.71143
v 115.22706 101.49985 22.27816
v 115.28230 100.75088 22.27816
v 99.99999 85.91685 26.63565
v 100.71056 85.53642 25.25875
v 96.78741 93.20766 45.57778
v 114.20287 102.82523 25.25875
v 118.54855 104.64628 4.29112
v 101.23765 95.92014 53.01880
v 100.55772 97.19621 56.02766
v 104.00114 84.02663 17.52246
v 85.76152 89.44013 11.57926
v 100.48514 104.92577 51.51947
v 117.13931 108.10640 4.34929
v 114.74782 86.63347 0.20452
v 109.11350 84.79514 11.57926
v 84.78650 93.69846 17.52247
v 88.89542 83.38092 0.82430
v 89.34587 83.17540 1.49160
v 88.93617 83.44193 1.49160
v 115.84257 106.56232 14.41587
v 119.41766 98.08763 3.75389
v 119.39023 98.56979 3.94070
v 119.34928 98.09437 3.94070
v 109.04440 107.05843 34.98170
v 113.97504 110.90633 11.57927
v 100.63986 86.97529 30.09094
v 101.27820 87.02238 30.09094
v 101.18574 87.96113 33.10936
v 85.80826 88.35325 8.24104
v 102.30444 84.46478 20.71143
v 95.48560 103.34821 50.02478
v 95.88464 102.74989 51.51947
v 96.17400 103.14002 51.51947
v 85.32062 88.54420 6.72583
v 85.47354 88.07854 5.61390
v 85.60619 88.18741 6.72583
v 88.52048 103.17692 33.64023
v 95.72498 119.03763 3.75389
v 95.74004 118.97060 3.94070
v 104.41766 86.62766 26.63565
v 114.73947 109.84872 11.57927
v 108.34154 108.76150 33.10936
v 108.55403 108.55415 33.10936
v 112.48843 93.32490 5.89510
v 97.14461 100.14039 56.02766
v 108.44921 96.50033 41.40808
v 108.61076 96.91913 41.40808
v 108.13371 97.08981 42.73418
v 95.88264 118.33556 5.61390
v 111.05855 87.79888 17.52246
v 92.97787 81.79591 3.75389
v 93.00259 81.86002 3.94070
v 95.92023 118.16814 6.72583
v 83.85451 105.77705 14.41587
v 104.20364 86.14253 25.25875
v 104.87855 86.36549 25.25875
v 114.49333 89.79275 11.57926
v 114.73947 90.15150 11.57926
v 114.25793 90.47326 14.41587
v 100.42387 108.62840 42.73418
v 97.23743 86.11170 5.89510
v 97.33541 82.03697 0.00000
v 96.45722 82.18936 0.00000
v 110.65414 116.82483 1.49160
v 95.83340 116.63409 14.41587
v 114.19446 107.58720 19.11838
v 81.60855 104.60693 4.34929
v 94.42445 88.21161 30.09094
v 93.61269 82.14877 4.34929
v 93.17651 82.31091 4.34929
v 96.22552 95.83562 50.02478
v 96.50018 96.50028 51.51947
v 90.00435 83.32336 3.94070
v 95.91335 83.68532 15.94714
v 115.57607 109.33604 0.00000
v 83.60124 108.25455 8.24104
v 83.50346 109.34528 4.34929
v 115.42404 108.73772 11.57927
v 115.74709 109.43855 8.24104
v 98.26244 82.35844 11.57926
v 98.69592 82.32112 11.57926
v 98.31921 82.93481 14.41587
v 98.04086 80.10863 0.82430
v 98.52960 80.06654 0.82430
v 111.33710 110.27545 22.27816
v 107.19097 115.20415 15.94714
v 110.52564 105.96281 33.10936
v 94.61903 103.22533 48.53565
v 116.02503 107.57938 11.57927
v 82.21202 108.95383 1.49160
v 100.76739 99.43098 82.45254
v 88.43506 100.56825 34.25793
v 112.20123 88.94157 17.52247
v 116.42178 91.22247 6.72583
v 96.28223 85.15791 22.27816
v 96.38206 85.55653 23.80010
v 117.56851 94.67075 8.24104
v 94.84178 89.75249 34.98170
v 113.49404 92.78738 22.27816
v 101.57890 107.93780 44.13113
v 101.46587 107.36958 45.57778
v 85.12811 100.73071 23.80010
v 82.87277 100.84151 14.41587
v 107.18281 95.20071 42.73418
v 107.08694 107.08704 39.05303
v 112.29707 84.24286 0.82430
v 111.86296 84.00475 1.49160
v 103.81944 119.20174 0.00000
v 106.94176 95.83938 44.13113
v 82.13937 91.55267 0.07295
v 82.04596 91.50848 0.15053
v 87.12494 94.29298 26.63565
v 84.36617 108.35657 11.57927
v 84.57594 108.73772 11.57927
v 82.53397 103.03075 11.57927
v 93.37337 103.54211 45.57778
v 99.70522 100.82393 86.29899
v 93.05810 102.87553 45.57778
v 115.92072 97.63850 19.11838
v 99.36076 100.06306 96.52005
v 106.56220 115.84267 14.41587
v 103.54851 99.65060 54.52184
v 102.85883 100.00011 56.02766
v 106.02136 87.26898 26.63565
v 95.68962 80.80513 3.03912
v 108.29189 107.89465 35.11318
v 96.55927 113.73622 5.89510
v 95.58755 117.61557 0.00000
v 94.58102 86.91752 5.89510
v 95.22948 86.66739 5.89510
v 93.05058 83.22276 0.00000
v 105.41898 113.08270 5.89510
v 106.94940 116.77747 0.00000
v 110.87849 113.25559 14.41587
v 85.16711 107.92845 15.94714
v 85.57401 108.64671 15.94714
v 112.78996 97.45602 30.09094
v 111.86479 97.64005 33.10936
v 114.01544 98.61971 26.63565
v 114.83289 107.92845 15.94714
v 101.18752 91.99451 44.13113
v 102.54455 95.75478 51.51947
v 98.14162 81.13176 4.34929
v 98.15806 81.29854 5.61390
v 103.69351 92.19083 42.73418
v 109.06017 104.28526 39.05303
v 117.46603 96.96947 11.57927
v 91.12311 96.32317 40.17399
v 91.73268 96.08996 41.40808
v 92.01889 96.69423 42.73418
v 102.50768 108.26682 42.73418
v 102.09902 108.37991 42.73418
v 111.92555 110.80879 19.11838
v 97.04269 94.46735 48.53565
v 97.84914 94.80746 50.02478
v 90.81326 88.80605 25.25875
v 91.06567 89.11359 26.63565
v 94.33391 84.16444 15.94714
v 116.44714 100.80811 17.52247
v 103.35725 98.79887 54.52184
v 109.67487 105.79900 34.50251
v 107.80929 103.69363 42.73418
v 89.31818 95.87968 35.11318
v 113.29649 87.34080 8.24104
v 108.43352 92.35641 34.60025
v 81.79410 91.92999 1.49160
v 95.39318 118.39154 4.34929
v 86.87611 92.13396 22.27816
v 90.89867 99.10371 41.40808
v 95.53912 117.80896 8.24104
v 111.99164 86.09847 8.24104
v 95.69269 117.19588 11.57927
v 82.18925 103.54288 0.00000
v 101.35058 118.30942 8.24104
v 81.65367 96.81671 6.72583
v 108.07413 86.52921 20.71143
v 108.72540 86.94163 20.71143
v 114.88596 92.95956 17.52247
v 116.05428 88.09343 0.82430
v 115.99535 88.13714 1.49160
v 88.94058 104.90240 33.10936
v 87.95212 104.99051 30.09094
v 104.07224 107.61876 42.73418
v 103.81510 107.13766 44.13113
v 89.96902 83.26443 3.75389
v 110.08897 115.09933 0.00000
v 95.04318 97.35063 50.02478
v 110.95599 103.32358 35.11318
v 83.21597 107.43996 8.24104
v 82.79692 107.12585 6.72583
v 83.03845 107.02582 8.24104
v 97.10587 111.55412 33.64023
v 97.14320 111.40507 33.99128
v 87.19907 93.94572 5.89510
v 83.98459 91.43970 0.00000
v 83.58385 92.23585 0.00000
v 107.45876 90.91158 33.99128
v 104.27502 80.96259 3.75389
v 84.46143 106.43639 15.94714
v 84.49562 105.54767 17.52247
v 95.02223 83.59061 14.41587
v 117.58505 109.39951 0.27153
v 117.37251 109.84151 0.35374
v 95.89194 91.31432 40.17399
v 102.22215 108.87141 41.40808
v 101.68533 108.47281 42.73418
v 83.23048 90.50030 4.19431
v 92.95622 90.97434 35.11318
v 94.02963 91.95001 39.05303
v 93.64184 92.25266 39.05303
v 102.40305 94.91927 50.02478
v 101.89348 94.70818 50.02478
v 105.29192 98.10663 50.02478
v 103.44071 113.73622 5.89510
v 100.47145 90.40340 40.17399
v 99.99999 89.97768 39.05303
v 96.02013 95.15062 48.53565
v 97.66537 109.32043 40.17399
v 111.50999 90.55411 23.80010
v 97.90096 108.37991 42.73418
v 114.74782 113.36675 0.20452
v 96.18056 80.79848 0.00000
v 115.22706 98.50037 22.27816
v 80.77565 103.33585 3.75389
v 80.84334 103.32410 3.94070
v 101.82111 93.99673 48.53565
v 107.74744 93.64194 39.05303
v 92.57387 106.73077 39.05303
v 85.49019 106.01027 20.71143
v 85.21275 105.29106 20.71143
v 94.48753 101.09660 50.02478
v 107.34563 94.55222 41.40808
v 86.94151 108.72550 20.71143
v 87.38538 109.35574 20.71143
v 85.27135 97.81532 23.80010
v 86.06917 97.93366 26.63565
v 99.53471 81.04619 4.34929
v 104.32228 85.75144 23.80010
v 105.01623 85.98070 23.80010
v 92.09842 90.83997 33.10936
v 87.80470 86.54468 0.00000
v 86.15639 86.15650 0.00000
v 116.07553 100.78985 19.11838
v 94.31686 118.73491 0.00000
v 95.21336 119.10944 0.04502
v 112.83956 113.48592 6.72583
v 91.24251 90.33772 30.09094
v 109.11463 112.28978 22.27816
v 94.68858 119.19308 1.49160
v 109.35564 112.61472 20.71143
v 82.21202 91.04639 1.49160
v 101.34190 90.95371 41.40808
v 105.70712 112.87517 26.63565
v 105.15623 112.24706 29.26802
v 105.25780 112.21787 29.22046
v 80.23540 102.43784 1.49160
v 80.42174 101.92840 3.03912
v 112.46194 111.29494 15.94714
v 85.58861 98.58070 25.25875
v 86.73999 104.74461 26.63565
v 86.62755 104.41776 26.63565
v 114.13123 113.45415 3.75389
v 113.79679 113.79691 3.75389
v 113.74821 113.74831 3.94070
v 99.23261 99.43098 82.45254
v 99.50358 99.45238 92.54913
v 117.64165 98.26256 11.57927
v 90.98615 83.13637 4.29112
v 114.52647 88.07854 5.61390
v 99.99999 119.81181 0.10740
v 113.77331 110.21509 14.41587
v 106.69868 101.67805 47.05301
v 106.08550 101.52444 48.53565
v 84.21434 103.14008 19.11838
v 94.44930 118.29834 4.29112
v 114.72865 102.18490 23.80010
v 108.81577 85.29189 14.41587
v 87.21004 97.45602 30.09094
v 117.26071 90.77406 3.53630
v 99.61681 99.71590 99.73866
v 111.32787 83.91576 3.03912
v 99.10895 81.86230 0.00000
v 87.72554 85.77058 5.61390
v 87.83762 85.90053 6.72583
v 113.47089 108.07425 20.71143
v 116.14548 94.22317 14.41587
v 110.93648 85.25397 8.24104
v 83.40361 92.15060 8.24104
v 84.16580 92.02984 11.57926
v 103.23692 109.04672 40.17399
v 102.72652 107.62021 44.13113
v 100.92208 118.76953 5.61390
v 96.68147 110.93982 34.39361
v 97.25926 110.94171 34.50251
v 101.30408 117.67909 11.57927
v 108.65440 116.19135 8.24104
v 108.86986 88.04050 23.80010
v 96.78728 81.48471 5.61390
v 96.81660 81.65378 6.72583
v 106.19147 86.90932 25.25875
v 109.13435 99.55136 41.40808
v 108.63869 100.00011 42.73418
v 108.62829 99.57623 42.73418
v 86.30820 90.85155 17.52247
v 99.52197 99.35555 89.68983
v 96.76306 90.95350 40.17399
v 108.26671 97.49242 42.73418
v 88.09262 99.70779 33.64023
v 96.94640 111.03436 35.11318
v 93.22372 106.14177 41.40808
v 96.03908 88.93008 33.99128
v 90.33760 108.75760 30.09094
v 111.36288 98.59863 35.11318
v 119.19498 104.31049 3.03912
v 119.08341 104.78026 3.03912
v 97.81883 107.19042 45.57778
v 112.61462 90.64446 20.71143
v 92.02768 82.01486 3.03912
v 98.36846 105.37856 50.02478
v 101.38796 114.09241 5.89510
v 99.17474 83.20154 15.94714
v 99.51818 101.34669 59.04394
v 88.17236 90.29343 22.27816
v 96.93604 84.59657 20.71143
v 95.83550 103.77458 50.02478
v 112.47900 103.78558 30.09094
v 88.66289 89.72475 22.27816
v 89.18074 89.18085 22.27816
v 96.55927 86.26398 5.89510
v 95.58755 82.38466 0.00000
v 105.62047 100.00011 50.02478
v 95.88943 113.55086 5.89510
v 118.52682 106.12054 3.75389
v 118.37105 106.57337 3.75389
v 99.71844 111.46927 34.98170
v 94.21916 119.05695 1.49160
v 100.96063 80.44588 0.00000
v 114.14343 99.30528 5.89510
v 114.16048 100.00011 5.89510
v 118.13780 99.10905 0.00000
v 118.30930 101.35069 8.24104
v 113.46024 93.63390 23.80010
v 103.96091 111.07014 33.99128
v 103.73625 111.30991 33.64023
v 94.28922 118.82600 3.03912
v 109.34516 83.50357 4.34929
v 83.50433 103.28130 15.94714
v 112.02786 114.65611 4.34929
v 111.66457 114.94687 4.34929
v 111.92155 114.52657 5.61390
v 110.87113 103.59145 35.11318
v 88.89467 88.89478 20.71143
v 99.99999 83.90517 19.11838
v 97.35800 102.39468 54.52184
v 108.47060 82.09055 0.10740
v 94.35602 118.60582 3.94070
v 86.54596 85.86887 3.75389
v 86.94293 85.59386 3.94070
v 85.75133 104.32240 23.80010
v 111.29484 112.46204 15.94714
v 108.10629 117.13942 4.34929
v 84.59647 96.93616 20.71143
v 95.21989 84.24220 17.52246
v 94.54494 117.98299 5.61390
v 94.59476 117.81879 6.72583
v 90.00061 88.96748 23.80010
v 94.67065 117.56863 8.24104
v 107.44479 87.57924 25.25875
v 107.24024 87.92049 26.63565
v 95.11774 116.09473 15.94714
v 110.52869 89.47141 23.80010
v 106.88146 114.54974 19.11838
v 106.15926 114.86989 19.11838
v 88.90726 83.39864 0.35374
v 89.74905 82.89743 0.27153
v 98.63434 94.54807 50.02478
v 116.40949 95.02235 14.41587
v 99.62589 99.20914 86.29899
v 106.24262 97.04756 47.05301
v 102.09902 91.62031 42.73418
v 102.50768 91.73340 42.73418
v 117.94596 104.96642 6.72583
v 117.69402 104.89670 8.24104
v 107.65489 112.77152 23.80010
v 94.10528 82.15652 5.61390
v 93.17985 90.80419 35.11318
v 83.58385 107.76437 0.00000
v 107.31616 103.46040 44.13113
v 107.71744 105.72375 40.17399
v 89.78502 86.22681 14.41587
v 89.98103 86.49110 15.94714
v 85.95285 103.51874 25.25875
v 93.17365 87.22890 25.25875
v 96.67654 110.95611 35.11318
v 80.13960 98.53512 1.49160
v 80.18153 98.04816 1.49160
v 80.56952 104.36337 1.49160
v 80.68245 104.83891 1.49160
v 96.65462 83.18172 14.41587
v 97.53217 83.36331 15.94714
v 84.49850 92.66844 14.41587
v 84.87692 91.91666 14.41587
v 100.57268 88.34299 34.13935
v 97.09064 109.59097 39.05303
v 119.05685 94.21928 1.49160
v 86.26387 96.55939 5.89510
v 82.38455 95.58766 0.00000
v 84.76535 96.18402 20.71143
v 118.48044 97.72076 6.72583
v 103.45882 100.86649 54.52184
v 85.39629 102.90497 23.80010
v 85.79712 102.82523 25.25875
v 87.95938 108.04539 25.25875
v 93.28512 85.80267 20.71143
v 93.45808 86.16840 22.27816
v 89.78949 87.55856 19.11838
v 90.41226 87.07255 19.11838
v 110.01298 89.98712 5.89510
v 119.83740 102.44682 0.82430
v 119.76459 102.43784 1.49160
v 86.33879 103.42207 26.63565
v 80.74985 100.94581 4.19431
v 80.87840 100.00011 4.29112
v 84.00464 88.13714 1.49160
v 117.37358 90.71374 0.04502
v 105.66609 115.83578 15.94714
v 92.39589 94.91921 41.40808
v 81.40466 96.30127 4.34929
v 106.15926 85.13033 19.11838
v 90.93982 95.71497 39.05303
v 88.56480 99.43834 35.11318
v 88.49927 93.85284 30.09094
v 113.97735 98.27617 26.63565
v 90.73743 83.64938 5.61390
v 91.14148 83.42699 5.61390
v 94.43935 116.83241 11.57927
v 84.91731 112.37814 3.75389
v 106.79408 93.20602 40.17399
v 94.22305 116.14558 14.41587
v 81.03963 94.75307 3.03912
v 80.94315 94.21928 1.49160
v 81.17412 94.28934 3.03912
v 90.49040 89.50787 5.89510
v 110.98894 103.93201 34.13935
v 111.24590 113.70328 11.57927
v 113.42306 88.42130 11.57926
v 105.79890 109.67497 34.50251
v 103.41296 88.74906 33.99128
v 92.15576 95.29845 41.40808
v 119.81847 98.04816 1.49160
v 119.86040 98.53512 1.49160
v 119.61968 98.55287 3.03912
v 110.94621 91.01678 5.89510
v 109.82012 94.11415 35.11318
v 103.81944 80.79848 0.00000
v 101.57758 83.98268 19.11838
v 110.05370 115.87666 5.61390
v 90.66405 84.42403 0.00000
v 102.00461 93.39182 47.05301
v 96.11598 82.70381 11.57926
v 95.97750 82.08714 8.24104
v 93.75668 99.38519 48.53565
v 110.55997 85.76163 11.57926
v 116.09461 104.88235 15.94714
v 115.75791 104.78021 17.52247
v 96.76306 109.04672 40.17399
v 115.62968 98.46072 20.71143
v 80.77565 96.66437 3.75389
v 113.75639 105.69820 23.80010
v 97.88651 105.90690 48.53565
v 98.33257 104.66026 51.51947
v 118.51540 96.78738 5.61390
v 118.58866 97.24274 5.61390
v 110.93970 103.31863 34.39361
v 94.66187 95.61922 47.05301
v 113.05849 108.72550 20.71143
v 88.36995 98.27496 33.99128
v 86.08908 86.08920 3.03912
v 103.46028 107.31627 44.13113
v 80.49794 104.37945 0.82430
v 95.22948 113.33283 5.89510
v 93.88219 117.09824 0.00000
v 92.50790 118.08765 0.00000
v 93.34387 118.60272 0.07295
v 94.55210 92.65447 41.40808
v 110.81770 114.58610 0.00000
v 105.56816 108.33346 39.05303
v 91.52940 82.09055 0.10740
v 92.43910 81.74651 0.07295
v 104.11057 86.44936 5.89510
v 84.02869 109.57294 6.72583
v 93.40649 118.42775 3.53631
v 93.42673 118.37115 3.75389
v 84.98991 89.42882 8.24104
v 105.14760 89.77360 35.11318
v 104.52930 91.52637 40.17399
v 104.28514 90.93993 39.05303
v 109.44599 88.49013 23.80010
v 108.62640 88.36875 25.25875
v 117.80885 104.46100 8.24104
v 117.08488 104.72813 11.57927
v 117.19576 104.30743 11.57927
v 102.65475 91.24854 41.40808
v 95.86420 98.96414 53.01880
v 102.89413 88.44608 33.64023
v 89.72464 88.66300 22.27816
v 102.73573 99.17023 56.02766
v 118.39143 95.39330 4.34929
v 95.60677 112.27834 30.09094
v 96.00214 112.37079 30.20695
v 95.67526 112.42290 29.70875
v 93.11854 85.45046 19.11838
v 99.22938 84.31371 20.71143
v 99.24922 84.71780 22.27816
v 112.04787 95.00971 30.09094
v 106.12347 110.21648 33.64023
v 105.87090 110.36369 33.64023
v 113.79679 86.20332 3.75389
v 88.37843 97.39040 33.64023
v 94.68690 94.68700 45.57778
v 113.04053 100.00011 30.09094
v 109.84141 117.37263 0.35374
v 102.03632 111.73573 33.64023
v 101.72515 111.63017 33.99128
v 91.55087 83.21458 5.61390
v 90.08603 98.52950 39.05303
v 96.91901 108.61088 41.40808
v 117.36160 92.80869 5.61390
v 106.93865 105.14616 42.73418
v 91.90680 100.00011 44.13113
v 80.39516 98.06920 0.04502
v 87.19907 106.05450 5.89510
v 87.15916 112.84093 0.00000
v 94.58102 113.08270 5.89510
v 108.38938 88.68832 26.63565
v 108.64661 85.57411 15.94714
v 111.73561 102.03642 33.64023
v 111.63135 108.62650 25.25875
v 104.63754 94.88336 47.05301
v 109.82986 98.04482 39.05303
v 109.50427 98.59027 40.17399
v 90.03665 87.85975 20.71143
v 94.43935 83.16780 11.57926
v 107.58710 85.80565 19.11838
v 93.00259 118.14020 3.94070
v 107.05831 90.95572 34.98170
v 93.23682 117.53297 5.61390
v 93.29858 117.37288 6.72583
v 93.39266 117.12897 8.24104
v 118.93680 100.93041 4.34929
v 118.90826 101.39487 4.34929
v 93.43780 115.84267 14.41587
v 93.56371 115.53868 15.94714
v 93.69836 115.21362 17.52247
v 88.25685 100.57701 33.99128
v 117.53200 106.27316 6.72583
v 114.46368 100.71066 25.25875
v 114.01544 101.38051 26.63565
v 110.88651 91.06579 26.63565
v 95.71329 111.11295 33.64023
v 95.50067 110.86244 33.99128
v 111.89271 111.89281 15.94714
v 82.90186 93.88229 0.00000
v 95.87956 110.68192 35.11318
v 89.47499 83.37930 3.03912
v 102.66457 82.03697 0.00000
v 112.00416 115.38202 3.75389
v 96.69411 107.98122 42.73418
v 96.90286 107.47725 44.13113
v 93.23379 91.51420 5.89510
v 106.76620 91.51420 5.89510
v 102.82513 85.79723 25.25875
v 86.66728 95.22958 5.89510
v 86.91742 94.58112 5.89510
v 103.29578 97.29533 53.01880
v 90.28902 89.80035 26.63565
v 98.61202 85.90781 5.89510
v 97.90096 91.62031 42.73418
v 106.01015 85.49030 20.71143
v 93.05058 116.77747 0.00000
v 100.33884 106.89744 47.05301
v 112.53490 112.53500 11.57927
v 109.66239 91.24262 30.09094
v 86.19492 108.27455 19.11838
v 96.23988 102.00993 53.01880
v 96.94161 101.83324 54.52184
v 92.37910 118.39857 1.49160
v 91.27460 86.94163 20.71143
v 101.68079 117.06541 14.41587
v 102.51611 116.96239 14.41587
v 107.44479 112.42098 25.25875
v 96.48138 85.95296 25.25875
v 105.89472 82.15652 5.61390
v 106.38731 82.14877 4.34929
v 106.33086 82.30655 5.61390
v 92.87425 117.20317 6.72583
v 110.22650 94.85252 35.11318
v 93.21616 116.37773 11.57927
v 80.89067 95.21346 0.04502
v 112.33444 84.97054 3.94070
v 88.04039 91.13026 23.80010
v 84.10378 111.19550 3.94070
v 102.46783 83.36331 15.94714
v 105.56065 116.83241 11.57927
v 102.90936 109.59097 39.05303
v 99.99999 80.48849 3.75389
v 119.75031 97.07043 0.35374
v 106.26978 118.97902 0.82430
v 92.37910 81.60165 1.49160
v 105.78084 80.94325 1.49160
v 107.06947 105.80186 41.40808
v 88.22598 107.86726 5.89510
v 88.62619 108.43550 5.89510
v 103.05839 101.83324 54.52184
v 83.17528 110.65424 1.49160
v 115.83568 94.33401 15.94714
v 115.50439 94.45255 17.52247
v 96.78741 106.79256 45.57778
v 88.49927 106.14738 30.09094
v 98.17709 103.85432 53.01880
v 87.85414 92.72017 5.89510
v 88.10728 88.10740 15.94714
v 99.99999 83.18127 15.94714
v 99.99999 83.53313 17.52246
v 119.50574 100.47894 3.75389
v 91.90015 118.27307 0.82430
v 91.92987 118.20601 1.49160
v 117.96313 97.33553 0.00000
v 110.81925 89.18085 22.27816
v 100.49052 80.01840 0.82430
v 100.97714 80.10973 1.49160
v 119.15665 103.32410 3.94070
v 94.80737 102.15096 50.02478
v 93.23682 82.46725 5.61390
v 93.53324 106.46687 41.40808
v 92.09308 117.83781 3.75389
v 92.12093 117.77501 3.94070
v 81.99617 93.55824 4.29112
v 82.14867 93.61279 4.34929
v 108.98670 82.14658 0.82430
v 92.38467 117.17999 5.61390
v 114.54964 106.88158 19.11838
v 104.31037 80.80513 3.03912
v 93.11854 114.54974 19.11838
v 93.84074 114.86989 19.11838
v 93.98984 114.50992 20.71143
v 92.23752 85.47752 17.52246
v 89.44002 85.76163 11.57926
v 109.95837 109.95847 26.63565
v 95.17317 110.88924 33.64023
v 101.95194 119.81857 1.49160
v 102.43772 119.76469 1.49160
v 87.25554 85.22575 3.75389
v 106.54191 86.16840 22.27816
v 92.25255 93.64194 39.05303
v 89.63098 94.45775 33.99128
v 109.82204 84.48940 8.24104
v 116.40949 104.97787 14.41587
v 114.42599 91.35349 15.94714
v 113.69179 90.85155 17.52247
v 114.86977 106.15936 19.11838
v 96.08984 108.26743 41.40808
v 81.64647 99.54955 8.24104
v 96.57548 102.53990 53.01880
v 97.17487 85.79723 25.25875
v 93.88219 82.90196 0.00000
v 112.42004 84.86626 0.00000
v 89.80023 109.71108 26.63565
v 115.09921 110.08909 0.00000
v 115.15408 105.42233 19.11838
v 114.78723 105.29106 20.71143
v 109.58774 112.92767 19.11838
v 84.64731 87.40048 0.15053
v 110.21497 113.77341 14.41587
v 109.34405 113.98445 15.94714
v 84.79596 107.19109 15.94714
v 118.00237 108.51460 1.49160
v 117.78417 108.41139 3.03912
v 91.89371 117.13942 4.34929
v 91.96535 116.98793 5.61390
v 92.03873 116.83282 6.72583
v 92.15050 116.59650 8.24104
v 92.80901 115.20415 15.94714
v 92.95946 114.88608 17.52247
v 93.28512 114.19753 20.71143
v 93.45808 113.83182 22.27816
v 106.94189 102.87553 45.57778
v 113.10320 114.45725 3.75389
v 86.39684 112.32929 8.24104
v 108.00559 98.81258 44.13113
v 117.20306 107.12585 6.72583
v 87.22858 92.34521 23.80010
v 106.12044 118.52693 3.75389
v 95.71485 109.06029 39.05303
v 111.37382 108.43550 5.89510
v 114.58598 110.81782 0.00000
v 88.47961 85.96249 0.00000
v 97.04745 106.24274 47.05301
v 108.68578 95.89204 40.17399
v 109.71658 107.20642 33.10936
v 89.62386 106.21932 33.10936
v 118.74114 98.61768 5.61390
v 92.48614 100.00011 45.57778
v 96.50018 103.49992 51.51947
v 91.43959 116.01552 0.00000
v 117.36687 108.74185 3.94070
v 112.72914 110.44665 17.52247
v 118.20589 91.92999 1.49160
v 102.07777 85.99288 5.89510
v 110.92973 116.35760 3.03912
v 111.32787 116.08444 3.03912
v 87.27789 91.49947 22.27816
v 92.02972 115.83431 11.57927
v 91.91655 115.12318 14.41587
v 117.09814 93.88229 0.00000
v 92.23752 114.52268 17.52247
v 88.26530 97.06071 33.10936
v 98.20049 81.72946 8.24104
v 94.64468 110.63927 33.64023
v 94.45764 110.36913 33.99128
v 81.48459 103.21284 5.61390
v 111.82762 109.70679 22.27816
v 87.16125 112.22360 11.57927
v 87.87462 112.12549 14.41587
v 101.09650 94.48763 50.02478
v 114.77437 112.74457 3.75389
v 85.57709 86.26836 1.49160
v 108.74174 117.36699 3.94070
v 116.28168 88.53326 1.49160
v 106.67520 112.48855 5.89510
v 93.32478 112.48855 5.89510
v 89.93500 116.79256 0.00000
v 90.71362 117.37370 0.04502
v 97.69556 84.46478 20.71143
v 105.99667 94.56505 44.13113
v 105.85533 85.86407 22.27816
v 110.62338 115.89914 4.29112
v 109.61723 116.97691 3.75389
v 90.77396 117.26083 3.53631
v 90.80229 117.20782 3.75389
v 90.83467 117.14722 3.94070
v 99.69218 93.73415 48.53565
v 99.99999 94.37964 50.02478
v 86.07599 112.62009 5.61390
v 92.07166 114.83299 15.94714
v 92.78728 113.49416 22.27816
v 91.72556 86.19502 19.11838
v 93.80852 113.09088 25.25875
v 93.36119 112.42043 26.63565
v 93.66801 112.57961 26.63565
v 102.40819 80.47507 3.03912
v 97.75491 84.86497 22.27816
v 94.60298 110.09721 35.11318
v 95.92774 107.61876 42.73418
v 96.18490 107.13766 44.13113
v 96.77477 105.38109 48.53565
v 90.66405 115.57619 0.00000
v 105.84090 82.31944 6.72583
v 95.29833 92.15585 41.40808
v 113.33273 95.22958 5.89510
v 90.73743 116.35084 5.61390
v 90.82201 116.20154 6.72583
v 107.20631 109.71670 33.10936
v 90.95085 115.97408 8.24104
v 91.53427 114.12431 17.52247
v 91.92586 113.47099 20.71143
v 108.08344 100.39722 44.13113
v 105.38037 113.71272 25.50084
v 105.74319 113.25352 25.36010
v 105.60487 113.71577 24.74178
v 109.97417 99.01774 39.05303
v 93.29582 111.18535 30.09094
v 93.82536 111.47820 30.11082
v 93.80251 111.49702 30.01987
v 97.06061 88.26540 33.10936
v 98.10591 95.42738 51.51947
v 94.20110 109.67497 34.50251
v 103.17680 111.47961 33.64023
v 115.83568 105.66621 15.94714
v 106.09888 81.53851 3.94070
v 95.29833 107.84435 41.40808
v 95.83926 106.94188 44.13113
v 96.44978 105.92328 47.05301
v 97.11050 104.82095 50.02478
v 101.39475 81.09184 4.34929
v 86.15639 113.84372 0.00000
v 92.72005 112.14597 5.89510
v 100.48840 99.76910 99.22775
v 108.07011 118.20601 1.49160
v 86.38989 87.04221 5.61390
v 90.42717 115.97141 6.72583
v 90.56157 115.74718 8.24104
v 90.88649 115.20508 11.57927
v 91.18422 114.70834 14.41587
v 82.18925 96.45732 0.00000
v 91.72556 113.80518 19.11838
v 92.13385 113.12399 22.27816
v 92.55521 112.42098 25.25875
v 92.75976 112.07973 26.63565
v 83.30922 105.97217 11.57927
v 98.41171 102.37714 56.02766
v 118.60262 93.34399 0.07295
v 116.77735 93.05070 0.00000
v 89.91103 84.90089 0.00000
v 89.05379 108.98343 5.89510
v 89.56134 116.48457 3.75389
v 89.59808 116.42651 3.94070
v 89.94629 115.87666 5.61390
v 90.65596 113.98445 15.94714
v 90.85144 113.69189 17.52247
v 86.83333 86.83344 6.72583
v 106.21922 89.62396 33.10936
v 100.84141 117.12733 14.41587
v 93.87482 109.67282 35.11318
v 102.66457 117.96323 0.00000
v 95.20059 107.18291 42.73418
v 81.14856 94.28159 0.04502
v 89.76030 110.23981 25.25875
v 92.13286 111.77412 5.89510
v 88.33751 115.72516 0.00000
v 89.05542 116.37981 0.04502
v 105.08089 107.60420 41.40808
v 89.37662 115.89914 4.29112
v 89.55968 115.62514 5.61390
v 89.65501 115.48247 6.72583
v 90.47314 114.25804 14.41587
v 91.05814 113.38255 19.11838
v 91.72766 112.38054 23.80010
v 92.34511 112.77152 23.80010
v 91.95471 112.04073 25.25875
v 92.75507 110.84292 30.09094
v 107.02213 118.20431 3.75389
v 93.27914 110.05859 33.10936
v 101.15241 88.29942 33.99128
v 94.43183 108.33346 39.05303
v 95.82552 106.24766 45.57778
v 116.63680 102.46794 15.94714
v 100.79668 111.88370 33.64023
v 107.02213 81.79591 3.75389
v 89.18228 114.58610 0.00000
v 88.14325 115.98708 0.20452
v 102.60110 117.53526 11.57927
v 88.76506 115.95251 3.75389
v 89.42871 115.01019 8.24104
v 112.80093 93.94572 5.89510
v 89.79263 114.49345 11.57927
v 94.45764 89.63109 33.99128
v 90.41226 112.92767 19.11838
v 90.64435 112.61472 20.71143
v 90.88536 112.28978 22.27816
v 91.89075 111.51437 26.63565
v 86.47899 113.52112 4.29112
v 93.04749 109.37448 34.13935
v 101.12219 111.39397 35.11318
v 93.40758 109.36063 35.11318
v 94.55210 107.34573 41.40808
v 96.65189 104.51450 50.02478
v 97.46020 103.42464 53.01880
v 80.87294 94.19798 0.82430
v 84.42392 90.66416 0.00000
v 113.49549 85.82535 3.53630
v 88.13702 115.99547 1.49160
v 88.53314 116.28178 1.49160
v 88.28081 115.80161 3.03912
v 87.79877 111.05865 17.52247
v 89.44002 114.23859 11.57927
v 90.19063 113.22650 17.52247
v 91.13014 111.95972 23.80010
v 116.73785 101.64864 15.94714
v 92.79369 109.71670 33.10936
v 104.90230 111.05952 33.10936
v 95.23325 105.80840 45.57778
v 114.13603 105.85545 22.27816
v 91.01668 110.94632 5.89510
v 114.06629 100.69113 26.63565
v 88.03810 115.32786 3.94070
v 88.54410 114.67949 6.72583
v 88.70494 114.47340 8.24104
v 90.29332 111.82774 22.27816
v 90.81326 111.19417 25.25875
v 93.90457 107.42741 40.17399
v 94.51968 106.67790 42.73418
v 87.97214 114.65611 4.34929
v 88.07843 114.52657 5.61390
v 88.18730 114.39392 6.72583
v 88.35315 114.19185 8.24104
v 89.12151 113.25559 14.41587
v 89.55345 112.72926 17.52247
v 90.03665 112.14047 20.71143
v 90.55400 111.51009 23.80010
v 91.06567 110.88661 26.63565
v 91.72717 110.08057 30.09094
v 90.49040 110.49233 5.89510
v 83.26433 89.96913 3.75389
v 88.42119 113.42316 11.57927
v 88.70515 112.46204 15.94714
v 88.94145 112.20133 17.52247
v 90.80119 110.66408 26.63565
v 92.09842 109.16025 33.10936
v 92.10428 108.71169 33.99128
v 93.26935 107.42625 39.05303
v 86.63336 114.74792 0.20452
v 102.43772 80.23552 1.49160
v 86.89679 114.45725 3.75389
v 81.60153 92.37922 1.49160
v 88.09526 113.13496 11.57927
v 89.19130 111.92567 19.11838
v 91.24251 109.66251 30.09094
v 94.56493 105.99677 44.13113
v 86.26825 114.42303 1.49160
v 87.04210 113.61021 5.61390
v 87.34068 113.29659 8.24104
v 97.23136 112.73601 31.05134
v 92.42505 108.35777 34.50251
v 104.39323 112.27834 30.09094
v 104.66109 112.16509 30.12054
v 104.66087 112.19473 30.03045
v 85.88161 114.11850 0.35374
v 119.43047 104.36337 1.49160
v 98.53500 80.13972 1.49160
v 85.57709 113.73186 1.49160
v 85.75189 113.56544 3.03912
v 104.78011 115.75803 17.52247
v 104.53158 115.76169 17.79176
v 104.70534 115.62682 18.15060
v 98.71625 117.04689 14.62116
v 106.98662 113.10828 23.92695
v 106.40719 113.47952 23.79359
v 106.38033 113.45461 23.79555
v 103.23168 112.29717 31.12898
v 105.80962 113.43951 24.66715
v 97.22128 116.67853 15.50883
v 105.51003 114.75157 20.52546
v 105.63885 114.51627 21.20616
v 105.35303 111.65836 30.76070
v 96.41804 116.34081 16.30667
v 97.05424 112.28577 31.38920
v 95.88423 116.04602 17.06774
v 95.21989 115.75803 17.52247
v 94.90160 115.26231 19.11369
v 94.92850 115.98219 16.15600
v 94.72105 115.55350 17.68430
v 94.62337 115.52309 17.67673
v 95.34360 112.16890 30.11462
v 95.34386 112.19460 30.03625
v 101.99406 112.26079 32.06794
v 102.39362 112.27094 31.81227
v 94.48997 114.75157 20.52546
v 99.74291 112.26363 32.56663
v 94.72217 112.76804 27.52161
v 99.68373 117.51012 12.61820
v 99.79665 117.51965 12.58324
v 94.19222 113.44202 24.66783
v 93.63378 113.46034 23.80010
v 94.86751 115.20203 20.62890
v 106.01102 112.03220 30.02949
v 93.01235 113.10594 23.93122
v 99.99999 110.60622 5.89510
v 105.42222 115.15420 19.11838
v 99.99999 110.60622 0.00001
v 93.23379 91.51420 0.00001
v 105.83910 113.84879 23.27583
v 99.40153 117.24989 13.81861
v 94.39513 113.71577 24.74178
v 94.61962 113.71272 25.50084
v 93.69197 113.50748 23.72778
v 106.76620 91.51420 0.00001
v 103.58173 116.34347 16.31776
v 104.78308 112.25392 30.12608
v 99.70158 117.30345 13.97998
v 105.05900 112.63994 28.18509
v 104.37012 115.87842 17.49252
v 104.76460 116.02721 16.37912
v 94.94100 112.63994 28.18509
v 104.45641 112.45493 29.46944
v 100.79185 117.25955 15.06714
v 99.61009 112.22611 32.96205
v 104.66802 113.04308 28.34225
v 96.01866 112.76003 29.77188
v 92.50475 113.24896 22.55261
v 101.18355 117.29359 15.55396
v 101.58353 117.11469 15.19612
v 100.78723 117.55835 16.83896
v 101.18191 117.48116 16.74674
v 102.32160 117.17741 17.16887
v 100.78248 117.64867 18.09064
v 101.16982 117.58278 18.00521
v 102.31657 117.23138 17.79745
v 102.30562 117.26388 18.43650
v 103.49348 116.63541 18.16268
v 100.76398 117.64955 19.43598
v 101.15453 117.59222 19.34559
v 102.30672 117.26727 19.12794
v 102.67783 117.10974 19.07624
v 100.74538 117.61215 20.15485
v 101.13596 117.55991 20.06416
v 103.69315 116.52371 19.59385
v 104.56251 115.82961 19.27531
v 102.28149 117.20268 20.54780
v 103.68510 116.49548 20.29476
v 104.43623 115.92854 20.07171
v 100.74210 117.47372 21.46407
v 101.11083 117.42287 21.44092
v 101.83295 117.15889 22.05595
v 102.22090 117.04280 21.98241
v 103.63802 116.37050 21.72231
v 104.26807 115.92673 21.59484
v 104.98358 115.28664 21.40176
v 100.73177 117.24553 22.80365
v 101.10255 117.19667 22.77890
v 102.56487 116.79121 22.62008
v 100.73091 117.10143 23.45788
v 103.55572 116.15214 23.15342
v 103.87183 115.95081 23.09859
v 104.77040 115.24030 22.89892
v 100.72827 116.93713 24.10835
v 101.09023 116.88794 24.09509
v 102.50313 116.49802 23.98998
v 103.50253 116.00995 23.85841
v 100.78973 113.44316 31.19611
v 100.39545 113.54333 31.13444
v 101.18169 113.32929 31.23043
v 101.18191 113.70741 30.74600
v 102.32160 113.65697 30.22839
v 101.16982 114.42779 29.70911
v 100.78248 114.52769 29.66837
v 102.31657 114.01958 29.71211
v 101.16769 114.75958 29.16960
v 100.78030 114.85641 29.12624
v 103.49348 113.68790 29.09681
v 101.15453 115.10965 28.55508
v 100.76398 115.20464 28.50575
v 102.30672 114.71931 28.57991
v 103.82285 113.82744 28.45577
v 102.30119 115.05276 27.96474
v 101.11369 115.75446 27.26584
v 100.74464 115.81133 27.27130
v 102.28149 115.37712 27.31996
v 103.68510 114.63856 27.18327
v 104.85871 113.63058 26.99886
v 101.11083 116.01637 26.65852
v 100.74210 116.07198 26.66407
v 103.66651 114.94969 26.54803
v 101.10899 116.26353 26.03003
v 100.73788 116.31950 26.03290
v 102.22090 115.95996 25.99937
v 103.63802 115.24800 25.88631
v 104.56116 114.55556 25.71102
v 102.56487 116.06297 25.32165
v 104.52892 114.84380 25.04568
v 103.22916 115.96407 24.58763
v 104.77040 114.86231 24.30107
v 99.60348 117.32495 15.16557
v 99.60455 117.53455 16.32846
v 98.42982 117.29121 16.06801
v 98.42850 117.37889 16.67316
v 99.60806 117.66005 17.55963
v 97.67838 117.17741 17.16887
v 98.05857 117.37291 17.85526
v 97.68343 117.23138 17.79745
v 99.60929 117.69713 18.81973
v 96.96667 116.92010 18.35089
v 98.06886 117.39970 19.18788
v 97.32217 117.10974 19.07624
v 96.96049 116.92923 19.03623
v 95.74203 116.08501 18.62779
v 99.62683 117.64330 20.18048
v 95.86095 116.19675 19.42784
v 98.10629 117.32887 20.62243
v 97.71851 117.20268 20.54780
v 96.97401 116.87825 20.42943
v 99.62847 117.50285 21.48834
v 98.13136 117.25464 21.34480
v 95.71021 115.99500 20.87648
v 98.16705 117.15889 22.05595
v 97.02184 116.73556 21.83944
v 95.73193 115.92673 21.59484
v 99.63367 117.27519 22.81327
v 98.89745 117.19667 22.77890
v 98.17226 117.03738 22.72311
v 97.10343 116.50279 23.25028
v 96.12817 115.95081 23.09859
v 95.81296 115.72742 23.03226
v 99.63541 116.96669 24.11632
v 98.19463 116.73122 24.05285
v 97.15662 116.35342 23.95100
v 94.74612 114.57890 23.47265
v 99.60455 113.54333 31.13444
v 99.21027 113.44316 31.19611
v 98.42850 113.58202 30.75821
v 99.60899 114.61136 29.60569
v 98.05857 114.17097 29.73326
v 96.90790 113.49660 29.80649
v 99.60929 114.93603 29.06242
v 99.62643 115.28114 28.43720
v 98.06886 114.86392 28.59466
v 97.69328 114.71931 28.57991
v 96.96049 114.38098 28.48929
v 95.86095 113.94457 27.78259
v 99.62807 115.85066 27.26336
v 98.10629 115.52371 27.31887
v 96.97401 115.03715 27.25923
v 96.31489 114.63856 27.18327
v 95.56377 114.03632 27.09115
v 99.62847 116.10934 26.65772
v 94.86751 113.68829 26.24429
v 99.63323 116.35629 26.02523
v 98.16705 116.09727 25.99414
v 97.77908 115.95996 25.99937
v 97.02184 115.62248 25.96854
v 95.73193 114.80032 25.77348
v 95.47108 114.84380 25.04568
v 95.18698 114.58819 24.97696
v 96.77084 115.96407 24.58763
v 94.61530 116.02068 16.22710
v 94.61546 116.07327 16.30721
v 94.63718 112.26604 29.28907
v 94.63718 112.26604 30.37749
v 99.99999 112.24042 33.88256
v 100.10062 112.27579 33.81453
v 93.39413 113.86897 22.64755
v 93.29382 113.52831 23.81976
v 107.21139 113.70764 22.61758
v 114.73718 86.60313 1.46978
v 117.62106 90.71909 1.46831
v 119.54884 96.07231 1.25862
v 119.71298 102.99545 1.25837
v 81.03232 106.07237 1.46424
v 112.20055 115.74187 1.46804
v 97.29154 119.73143 1.46003
v 118.94135 106.19513 1.35530
v 114.75743 113.37547 1.46856
v 97.01238 119.71326 1.26804
v 82.37894 90.71909 1.46831
v 102.40366 119.61993 2.43834
v 113.38409 85.25068 1.46785
v 110.80032 83.42056 2.29813
v 100.77341 80.09970 1.46851
v 106.07964 81.03526 1.46847
v 90.73416 82.37157 1.47153
v 112.23007 84.27615 1.43432
v 113.38409 114.74956 1.46777
v 119.90118 100.76009 1.46593
v 119.73232 97.30595 1.46848
v 115.74016 87.79771 1.46958
v 83.37920 89.47511 3.03912
v 90.70323 117.61397 1.46046
v 80.27737 97.10886 1.31470
v 118.54404 92.68081 1.28081
v 80.09880 100.76009 1.46593
v 87.79944 115.74187 1.46804
v 100.57659 119.92477 1.31398
v 115.74365 112.19927 1.46200
v 107.26227 118.56961 1.25828
v 87.12914 114.83336 3.20372
v 86.61591 114.74956 1.46777
v 106.07990 118.96490 1.46837
v 80.80501 95.68973 3.03912
v 85.24968 113.38145 1.47907
v 96.00636 80.46848 1.28776
v 84.64331 112.26103 3.14033
v 119.73485 98.94746 2.45724
v 92.57691 118.49335 1.35932
v 84.29277 112.25816 1.40135
v 118.50002 107.40742 1.35534
v 98.95994 119.73550 2.45868
v 114.77589 87.05488 3.17280
v 119.73672 101.02766 2.45513
v 83.39337 110.81860 2.08901
v 101.04006 119.73550 2.45868
v 112.23830 84.62042 3.12164
v 113.43112 114.68948 1.55176
v 114.45650 113.47713 2.44542
v 99.89079 120.27121 2.59087
v 100.97868 119.83289 2.54478
v 99.66283 120.23350 2.60323
v 97.05808 119.78809 1.33718
v 95.96423 119.75925 2.59514
v 95.89037 119.81126 2.26072
v 97.22890 119.75945 2.81254
v 93.39658 119.12859 2.60323
v 89.57253 117.40936 2.38061
v 89.59125 117.34158 2.60105
v 80.88400 106.03139 2.46316
v 80.87378 106.23741 2.59638
v 80.84436 93.38817 1.58823
v 80.85344 93.51266 1.55266
v 80.85921 93.59663 2.59514
v 80.87141 93.38403 2.60105
v 84.62057 87.08257 1.22094
v 84.54167 87.01637 1.33764
v 84.54155 86.87370 2.58869
v 87.09514 84.62057 1.22312
v 87.02892 84.54166 1.33982
v 87.05359 84.40115 2.59087
v 93.39658 80.87141 2.60323
v 93.47064 80.80060 2.38404
v 93.60918 80.85921 2.59732
v 93.14791 80.86055 2.38474
v 106.03211 80.85017 1.89312
v 106.60342 80.87141 2.60323
v 117.26836 89.63731 1.35767
v 117.27445 89.63380 2.79617
v 119.12859 93.38403 2.60105
v 119.77119 96.16840 1.35767
v 119.78687 95.91502 1.66377
v 119.80962 97.40192 2.56632
v 119.77181 95.96423 2.59732
v 119.79677 99.87312 3.20026
v 119.88168 99.64728 3.09960
v 119.83289 100.96613 2.54260
v 119.77141 103.48624 1.22312
v 119.87284 103.50411 1.33982
v 119.79708 103.37295 2.95306
v 119.84284 103.49883 2.86139
v 118.55727 107.23045 3.02355
v 117.60853 109.77350 1.35767
v 117.35413 110.40874 2.60323
v 114.79221 113.52040 2.46316
v 113.49587 114.83734 1.65175
v 113.48115 114.84560 2.58798
v 110.36269 117.25581 1.35549
v 109.82475 117.67874 2.60105
v 107.24300 118.55727 3.02573
v 103.48624 119.75885 1.22094
v 103.50411 119.86029 1.33764
v 103.49883 119.83028 2.85921
v 103.37295 119.78452 2.95088
f 1 2 3
f 4 5 6
f 3 2 7
f 8 9 10
f 11 12 13
f 14 15 16
f 17 18 19
f 20 21 22
f 23 24 25
f 26 27 28
f 29 30 31
f 32 33 34
f 35 36 37
f 38 39 40
f 41 42 43
f 44 45 46
f 47 48 49
f 50 51 52
f 53 54 55
f 56 57 58
f 59 60 61
f 62 63 64
f 65 66 67
f 68 11 13
f 69 70 71
f 72 73 74
f 75 76 77
f 78 79 80
f 81 82 83
f 84 85 86
f 87 88 89
f 90 91 92
f 93 94 95
f 96 97 98
f 99 100 101
f 102 103 104
f 105 106 107
f 108 109 110
f 111 112 113
f 114 115 116
f 117 118 119
f 120 121 122
f 123 124 125
f 126 127 128
f 129 130 131
f 132 133 134
f 135 136 137
f 138 139 140
f 141 142 143
f 144 145 146
f 147 148 149
f 58 53 55
f 150 151 152
f 153 154 155
f 156 6 157
f 158 159 160
f 161 162 163
f 164 165 166
f 167 168 169
f 170 171 172
f 173 174 175
f 176 177 178
f 179 180 181
f 182 183 184
f 185 186 187
f 188 189 5
f 190 191 192
f 193 194 195
f 196 197 198
f 199 200 201
f 202 203 204
f 205 206 207
f 208 19 209
f 210 211 212
f 213 214 215
f 216 217 218
f 219 220 221
f 222 223 224
f 225 226 227
f 228 205 229
f 230 231 232
f 233 234 235
f 236 237 238
f 239 240 241
f 242 243 244
f 245 246 247
f 248 249 250
f 251 252 253
f 254 255 56
f 157 92 256
f 257 258 259
f 260 216 261
f 262 263 264
f 265 266 267
f 268 71 269
f 270 271 272
f 273 274 275
f 276 277 278
f 279 280 281
f 282 243 242
f 283 284 285
f 286 287 288
f 289 290 291
f 292 293 294
f 295 296 297
f 298 299 300
f 92 91 90
f 301 302 303
f 198 304 305
f 306 307 308
f 78 309 310
f 311 312 313
f 313 312 314
f 315 316 27
f 317 318 319
f 320 321 322
f 323 324 325
f 326 327 328
f 329 330 331
f 332 333 334
f 335 336 337
f 337 336 338
f 339 340 341
f 342 343 344
f 345 346 347
f 348 349 350
f 150 152 351
f 352 41 353
f 354 355 356
f 357 358 359
f 360 361 362
f 363 122 364
f 365 366 367
f 368 369 225
f 258 370 298
f 371 372 373
f 374 375 230
f 376 377 378
f 379 380 381
f 382 383 384
f 385 386 387
f 388 389 390
f 391 392 393
f 394 395 396
f 397 398 399
f 179 400 180
f 401 402 403
f 404 405 406
f 244 407 408
f 409 410 391
f 184 183 411
f 412 413 414
f 2 415 7
f 416 417 418
f 419 420 421
f 7 415 422
f 423 424 425
f 422 415 426
f 138 140 427
f 428 429 430
f 431 432 433
f 434 435 436
f 179 181 437
f 438 254 439
f 440 441 442
f 443 444 445
f 422 426 446
f 446 426 447
f 448 449 450
f 451 452 453
f 454 390 455
f 456 457 458
f 49 459 460
f 461 462 463
f 464 465 466
f 467 468 469
f 446 447 470
f 470 447 471
f 350 349 472
f 40 473 474
f 475 476 477
f 478 479 480
f 481 482 483
f 281 280 484
f 485 486 208
f 487 372 7
f 488 489 490
f 121 491 122
f 492 493 494
f 495 496 497
f 467 488 490
f 195 498 499
f 470 471 500
f 470 500 127
f 501 502 480
f 503 504 505
f 506 507 508
f 509 510 511
f 512 513 493
f 514 515 516
f 517 518 519
f 520 521 145
f 522 523 524
f 525 526 527
f 127 500 528
f 528 500 529
f 530 531 532
f 533 534 535
f 409 536 410
f 38 40 474
f 537 538 539
f 540 541 542
f 134 543 544
f 528 529 168
f 168 529 545
f 168 545 546
f 465 547 548
f 168 546 169
f 169 546 549
f 169 549 550
f 551 102 552
f 553 554 555
f 556 557 558
f 550 549 559
f 560 561 562
f 563 564 565
f 28 344 566
f 567 321 320
f 568 569 570
f 571 46 572
f 573 574 575
f 576 577 578
f 579 580 581
f 582 583 584
f 585 586 587
f 588 589 530
f 39 473 590
f 342 591 343
f 592 593 594
f 595 315 596
f 597 598 599
f 291 290 600
f 601 602 603
f 269 604 605
f 117 119 606
f 607 608 609
f 610 611 612
f 613 388 614
f 289 615 301
f 616 617 618
f 619 620 182
f 621 622 51
f 623 624 90
f 625 204 203
f 261 216 626
f 627 628 629
f 630 631 632
f 284 633 329
f 634 635 636
f 637 638 639
f 316 640 27
f 28 342 344
f 641 319 642
f 643 491 121
f 644 645 420
f 646 647 210
f 283 285 648
f 649 176 650
f 651 297 57
f 652 653 654
f 655 656 657
f 658 659 660
f 661 436 607
f 662 562 663
f 664 665 666
f 667 668 669
f 670 671 672
f 525 527 673
f 229 205 207
f 674 675 676
f 166 677 678
f 679 680 681
f 23 25 682
f 683 684 685
f 391 686 392
f 687 539 688
f 689 312 311
f 690 691 692
f 693 694 123
f 443 695 444
f 696 697 698
f 699 516 451
f 700 701 702
f 703 169 550
f 704 705 706
f 707 708 709
f 710 711 712
f 713 714 36
f 715 716 717
f 718 719 309
f 720 721 722
f 414 723 724
f 725 726 727
f 725 728 726
f 74 729 730
f 731 732 733
f 294 734 73
f 354 642 355
f 357 59 358
f 735 736 737
f 203 738 66
f 625 203 66
f 247 739 740
f 741 742 743
f 744 646 745
f 724 723 746
f 747 748 749
f 750 751 752
f 753 754 504
f 755 240 756
f 757 758 759
f 760 761 762
f 763 764 765
f 766 767 768
f 769 770 771
f 231 772 773
f 608 632 609
f 774 775 434
f 776 777 778
f 779 780 781
f 782 783 661
f 769 784 1
f 241 240 755
f 1 784 2
f 785 786 787
f 416 788 417
f 552 789 790
f 791 682 792
f 793 794 795
f 415 796 426
f 797 798 799
f 800 801 802
f 803 804 805
f 563 806 339
f 807 808 809
f 810 811 167
f 812 443 445
f 296 360 362
f 813 288 814
f 815 288 813
f 816 560 562
f 443 584 695
f 424 817 818
f 265 819 266
f 820 821 822
f 823 115 114
f 765 761 760
f 824 825 826
f 827 101 262
f 828 684 683
f 829 830 831
f 591 832 833
f 834 835 836
f 837 838 767
f 839 840 841
f 842 843 142
f 844 38 845
f 846 847 848
f 849 730 850
f 532 247 851
f 852 853 854
f 176 438 177
f 218 217 855
f 448 856 857
f 858 562 662
f 859 860 861
f 862 863 864
f 865 595 866
f 867 613 614
f 868 869 237
f 870 871 872
f 873 874 875
f 231 375 772
f 651 295 297
f 876 50 877
f 111 113 112
f 529 878 545
f 879 880 645
f 881 882 883
f 545 878 546
f 884 885 886
f 887 888 889
f 890 889 891
f 892 893 894
f 840 895 896
f 897 898 899
f 900 901 902
f 903 904 573
f 905 906 907
f 908 909 910
f 911 522 912
f 913 804 803
f 640 832 591
f 749 748 914
f 539 897 899
f 915 916 917
f 918 919 217
f 920 921 922
f 923 924 925
f 926 927 837
f 928 929 930
f 931 35 932
f 799 798 933
f 934 368 935
f 936 525 937
f 938 737 939
f 328 940 270
f 941 869 868
f 624 91 90
f 942 820 943
f 389 185 390
f 944 945 946
f 316 947 640
f 933 78 80
f 948 949 950
f 38 474 845
f 36 951 952
f 883 953 949
f 508 954 955
f 956 957 644
f 958 959 960
f 737 961 939
f 962 963 269
f 964 671 670
f 726 965 966
f 967 968 969
f 970 971 972
f 973 974 975
f 751 976 871
f 977 978 979
f 151 980 152
f 981 982 216
f 298 370 299
f 29 31 926
f 36 952 736
f 689 311 312
f 384 383 983
f 312 311 314
f 984 68 985
f 986 987 988
f 860 989 990
f 991 992 993
f 994 995 335
f 335 995 336
f 515 920 452
f 803 805 996
f 927 997 416
f 22 21 667
f 998 999 691
f 691 999 1000
f 1001 975 819
f 1002 1003 506
f 756 400 180
f 1004 1005 1006
f 413 1007 414
f 378 1008 1009
f 243 672 1010
f 1011 1012 1013
f 1014 1015 638
f 1016 1017 701
f 1018 518 517
f 1019 1020 1021
f 1022 1023 492
f 380 1024 381
f 521 1025 145
f 1026 827 325
f 1027 242 1028
f 1029 1030 1031
f 1032 1033 832
f 162 1034 213
f 1035 306 1036
f 1037 320 1038
f 619 1039 620
f 42 1040 43
f 1041 403 1042
f 2 796 415
f 413 1043 414
f 1044 1045 1046
f 1047 1048 1049
f 876 51 50
f 177 62 178
f 1050 1051 1052
f 1053 1054 1055
f 1056 1057 1058
f 502 478 480
f 775 335 435
f 426 796 1059
f 1060 1061 910
f 661 783 436
f 633 1062 1063
f 1064 1065 173
f 426 1059 447
f 1066 831 1067
f 1068 1069 518
f 1070 1071 1072
f 340 565 1073
f 1074 1075 858
f 1076 1077 1078
f 678 677 1079
f 1080 815 1081
f 1082 1083 1084
f 1085 1086 1087
f 842 931 843
f 846 1088 847
f 207 1089 1090
f 1091 514 516
f 1092 1093 1094
f 740 1095 1096
f 1097 1098 1099
f 263 1100 1101
f 1102 1103 1104
f 471 1105 1106
f 471 1106 500
f 1063 1107 330
f 1108 956 644
f 1098 510 509
f 769 219 1109
f 1110 1111 1112
f 503 1113 504
f 811 168 167
f 1114 1115 1116
f 1117 1118 1119
f 864 839 841
f 1120 1121 664
f 1122 1123 1124
f 1125 1126 1127
f 1128 1129 915
f 1130 1131 1132
f 149 148 601
f 267 1133 1134
f 664 1135 666
f 1136 65 633
f 1137 10 1138
f 1139 1140 1141
f 645 644 419
f 1142 1143 1144
f 752 751 871
f 1145 1146 750
f 806 565 340
f 865 1147 595
f 1148 1149 1150
f 923 1151 1152
f 611 1153 1154
f 1155 1156 380
f 1157 98 1158
f 1159 810 1160
f 1161 700 1162
f 1163 349 348
f 1162 1164 1165
f 1166 1167 1168
f 1169 68 984
f 876 621 51
f 1049 1048 1170
f 618 357 359
f 1171 1172 1173
f 923 1174 924
f 1175 433 1176
f 197 153 198
f 278 1177 1178
f 1179 1180 346
f 1056 1058 1181
f 801 1182 802
f 78 310 79
f 239 241 1183
f 1184 725 727
f 301 157 302
f 735 737 1185
f 1186 1187 1188
f 1189 765 1190
f 264 1191 263
f 1089 1192 1193
f 1194 1195 1196
f 466 548 1197
f 1198 1199 1200
f 1201 950 1202
f 1203 1204 405
f 148 112 601
f 1205 1206 1163
f 1207 1208 1209
f 580 615 289
f 1210 570 1211
f 1212 467 1213
f 925 924 1214
f 925 1214 689
f 238 1178 556
f 1215 1216 1217
f 1218 1219 1220
f 1018 1068 518
f 1221 1222 1223
f 1224 894 1225
f 689 1214 311
f 269 70 1226
f 419 645 421
f 1227 1228 1229
f 1144 1230 1231
f 992 1232 1233
f 566 344 1071
f 390 1234 1235
f 1236 1237 1238
f 687 1239 539
f 1020 1240 1021
f 1000 999 1241
f 1000 1241 1242
f 1079 1094 1243
f 1244 1245 88
f 466 465 548
f 1246 305 1247
f 627 629 936
f 216 218 626
f 1248 1249 1250
f 1043 723 724
f 1251 1045 1044
f 439 1252 62
f 1253 592 1254
f 723 1255 746
f 279 411 280
f 872 1256 1257
f 1186 1188 1258
f 1259 768 1260
f 202 1261 1262
f 699 451 1263
f 82 823 83
f 620 1264 183
f 1265 1266 434
f 591 1267 343
f 1268 106 1108
f 1269 1270 1271
f 584 583 962
f 940 271 270
f 1272 1273 1274
f 1235 937 85
f 1275 755 1276
f 1277 1122 1124
f 106 1268 907
f 859 1278 860
f 141 143 997
f 1279 1280 1281
f 1282 1283 1172
f 1284 144 146
f 1115 1285 1116
f 1286 1287 1288
f 1289 1047 1034
f 1290 215 1291
f 325 262 264
f 1292 387 1293
f 1294 802 1295
f 1296 1297 1298
f 1299 1300 441
f 1277 1124 1301
f 993 1302 1303
f 1265 434 783
f 1304 1305 1306
f 322 83 1307
f 1308 1309 440
f 1085 1310 1086
f 1311 605 1312
f 1313 1314 1315
f 1316 473 39
f 1201 1202 945
f 1317 1318 564
f 1319 1320 1321
f 1322 810 1159
f 1323 1324 133
f 1325 982 981
f 861 990 479
f 1113 753 504
f 1326 1293 1327
f 300 299 1328
f 1329 1206 761
f 1330 1331 1332
f 1333 52 1334
f 500 1106 1335
f 500 1335 529
f 780 1336 1337
f 574 1338 1339
f 677 1340 1092
f 511 1341 1342
f 529 1335 1343
f 529 1343 878
f 946 1202 239
f 890 891 1344
f 1345 1346 1347
f 1348 1349 11
f 878 1343 1350
f 878 1350 546
f 140 1351 1056
f 546 1350 1352
f 546 1352 549
f 601 112 113
f 317 1353 1354
f 549 1352 559
f 393 392 69
f 32 34 1355
f 782 661 607
f 1181 1058 1356
f 388 390 454
f 1357 251 253
f 170 1358 636
f 752 871 870
f 1145 1359 1146
f 1360 1361 158
f 1362 1363 449
f 1364 1365 1366
f 1367 1368 1369
f 1370 1351 140
f 293 1371 734
f 1372 1373 1040
f 1368 1374 1375
f 1376 861 478
f 1377 1378 72
f 1119 1118 1345
f 1379 713 35
f 235 1380 1381
f 585 1382 1383
f 181 1384 1385
f 1386 1387 732
f 1293 208 1388
f 712 1004 1389
f 1390 1391 1392
f 48 1393 707
f 492 494 1050
f 690 1394 691
f 1395 380 379
f 1370 1396 1397
f 215 214 1398
f 1399 1400 1084
f 1401 795 1402
f 1403 1404 1405
f 1406 1407 1408
f 1176 1409 1410
f 1411 1412 1413
f 1414 1028 1415
f 1416 846 1417
f 1418 1419 1420
f 1421 1422 1310
f 1423 1424 560
f 79 310 1425
f 1426 1427 1428
f 1429 317 1430
f 686 1041 392
f 1431 950 1201
f 269 605 1311
f 950 783 1432
f 1214 1433 311
f 889 888 1434
f 311 1435 314
f 1116 1436 1437
f 1227 1055 1228
f 314 1435 313
f 313 1438 1439
f 1439 1438 1297
f 1211 1269 18
f 1314 1440 1441
f 1442 1301 1443
f 194 1444 1445
f 302 256 303
f 1446 1447 76
f 1448 1449 361
f 572 1395 1450
f 1451 1452 1453
f 1454 1455 1456
f 1357 1457 251
f 736 1458 961
f 1459 255 254
f 349 320 1037
f 376 378 585
f 536 1460 410
f 1461 1462 1463
f 234 1464 1380
f 1140 991 1303
f 1096 1039 619
f 1322 639 810
f 1465 585 1466
f 1467 1468 1023
f 1370 1469 1057
f 966 1470 1471
f 499 1472 1473
f 1474 792 1475
f 1318 1476 1477
f 695 1311 1403
f 1404 599 1478
f 1147 1479 595
f 1029 1480 1030
f 900 1481 1482
f 442 441 1386
f 479 990 1483
f 1484 1485 1486
f 419 421 420
f 1487 454 1488
f 1489 7 422
f 2 784 1490
f 908 910 1340
f 2 1490 796
f 1491 558 1492
f 1493 548 199
f 1103 996 1104
f 1494 1353 317
f 778 261 1495
f 1282 399 1283
f 1496 1486 601
f 174 1046 1497
f 1455 1498 1456
f 1499 1096 619
f 1500 1080 1501
f 1290 213 215
f 1409 1502 1410
f 1503 1504 1505
f 347 1506 1507
f 1508 1509 809
f 297 53 58
f 576 1510 857
f 1511 1510 576
f 1512 699 1263
f 1513 1460 536
f 1514 1515 1516
f 1304 652 1305
f 1517 1518 1519
f 1520 1521 1522
f 1523 757 759
f 1524 1525 1526
f 1527 1528 1529
f 1520 1530 1521
f 1531 763 1532
f 1533 1534 1535
f 1186 1258 624
f 1536 1537 1538
f 1120 590 1121
f 1539 1540 367
f 1325 367 982
f 113 112 1541
f 1542 1543 1207
f 699 1091 516
f 720 722 1161
f 1544 1545 1546
f 1547 1548 1549
f 1550 1551 1143
f 379 381 1552
f 1314 1493 1440
f 1553 1538 1536
f 1554 1555 1556
f 197 896 1557
f 1558 808 807
f 1335 1106 1559
f 1560 812 1561
f 320 322 1038
f 626 1562 684
f 1335 1559 1343
f 869 278 237
f 982 1563 216
f 1564 1565 1566
f 414 746 723
f 1567 1568 461
f 1569 1540 1539
f 616 1570 613
f 1352 1571 559
f 1572 1573 739
f 80 79 1425
f 1302 1574 611
f 1507 747 749
f 1452 1575 1576
f 507 161 163
f 496 1577 1578
f 513 1359 1145
f 1579 1580 1581
f 474 845 590
f 1166 487 1167
f 1391 1539 1325
f 1582 745 1583
f 1584 1585 1586
f 1364 1523 1365
f 1587 1326 394
f 1588 799 1589
f 1590 813 1591
f 688 1592 155
f 831 830 1067
f 762 1205 1593
f 1386 1209 1387
f 557 1405 1594
f 318 588 1595
f 1122 1596 1123
f 1195 1597 363
f 1598 1599 1600
f 437 1385 413
f 1601 1602 1603
f 1604 822 1421
f 1197 548 1493
f 1123 721 1124
f 1000 691 1242
f 670 1605 282
f 869 1606 278
f 305 304 1607
f 1608 1609 1115
f 335 337 630
f 1497 1026 325
f 1610 1611 1612
f 768 1613 1362
f 1614 1615 1111
f 293 1616 1371
f 1617 1618 1619
f 548 581 199
f 248 1620 1621
f 898 897 522
f 1622 493 1623
f 1624 1625 1626
f 1627 1628 1629
f 943 1421 1630
f 905 907 106
f 1146 1631 976
f 1607 1632 1020
f 691 1000 1242
f 1633 1634 1100
f 1635 720 1636
f 1134 1133 834
f 876 1637 621
f 1300 1209 1386
f 1087 1638 1615
f 1639 1640 617
f 1641 1642 1221
f 303 256 277
f 1643 1644 1511
f 264 262 150
f 1645 460 1097
f 822 1646 1422
f 1647 1517 1648
f 1289 334 1649
f 327 940 328
f 311 1433 1435
f 1650 1220 1651
f 1435 1652 313
f 313 1652 1438
f 1653 1654 1176
f 1242 1655 1043
f 1232 1656 21
f 1297 1657 994
f 994 1657 995
f 1069 1612 1658
f 1469 852 1659
f 868 237 236
f 293 1660 1616
f 899 898 911
f 587 1383 1661
f 1412 1662 1413
f 1663 236 1664
f 12 1665 1110
f 1240 1666 1667
f 1310 1463 1668
f 672 1669 1323
f 1358 170 1670
f 1671 1672 1673
f 1674 914 763
f 1675 1481 1184
f 1423 1676 1424
f 1329 1206 1205
f 1362 449 448
f 801 1677 1182
f 1678 758 757
f 1679 320 349
f 1680 423 1640
f 361 1681 876
f 1682 1683 1684
f 1317 1476 1318
f 413 724 414
f 408 1685 1686
f 1287 1687 1171
f 30 814 1688
f 1184 727 885
f 1199 1689 1690
f 1691 1692 1693
f 855 1694 1681
f 1695 1696 1697
f 1139 874 873
f 398 257 259
f 1698 653 1699
f 1700 1403 1405
f 1420 1419 1701
f 397 399 1702
f 1220 1703 1704
f 1612 382 1658
f 937 673 1705
f 1471 1706 1027
f 887 1308 440
f 1394 1707 691
f 257 506 1708
f 45 1395 572
f 1263 451 1709
f 534 635 535
f 192 191 1411
f 1376 859 861
f 355 1710 1565
f 1409 1553 1502
f 1067 1324 1323
f 1449 1711 361
f 1712 1713 1714
f 1531 1532 1189
f 131 1253 1715
f 1716 1717 1718
f 1719 1666 1240
f 758 1513 536
f 1720 481 483
f 1721 1722 1723
f 420 746 1255
f 1724 964 670
f 1626 586 587
f 1480 193 1725
f 1726 1727 1728
f 1729 1730 1731
f 1428 1427 1732
f 1105 1733 1734
f 1105 1734 1106
f 1200 1730 1729
f 1735 797 799
f 1736 1720 592
f 1592 1737 1738
f 531 1437 245
f 514 1739 515
f 1575 1740 1576
f 1741 1742 1743
f 472 1037 1541
f 1106 1734 1744
f 1106 1744 1559
f 1096 1095 1745
f 1746 1001 1747
f 1559 1744 1748
f 1559 1748 1343
f 1504 1317 1505
f 1618 1749 1619
f 1343 1748 1350
f 1750 1751 797
f 1752 1753 1754
f 601 113 602
f 1331 1755 1332
f 1756 1757 1758
f 1153 1759 1154
f 1571 1352 1760
f 1526 1525 1761
f 767 838 1613
f 152 351 1742
f 513 1762 1359
f 1187 1763 1188
f 265 1764 1765
f 1540 365 367
f 272 1766 1767
f 10 1200 1138
f 1099 1098 509
f 1268 1108 590
f 1541 1037 1611
f 15 1768 1147
f 1769 292 294
f 1336 1770 1520
f 1476 1127 1771
f 122 491 1772
f 1328 1773 1253
f 370 955 1774
f 1775 1776 1777
f 98 1157 1158
f 1778 1779 913
f 851 247 740
f 640 591 342
f 272 1767 844
f 1729 1731 1724
f 813 814 30
f 1780 232 537
f 305 1607 1247
f 827 262 325
f 1603 1602 332
f 631 1707 1394
f 228 19 1781
f 1252 63 62
f 630 1707 631
f 304 1782 1607
f 1532 763 765
f 519 1783 1726
f 1784 1328 1253
f 435 335 630
f 1182 188 5
f 1785 1467 1023
f 1786 419 645
f 971 1787 972
f 1788 1355 164
f 1182 1677 188
f 1299 1789 1300
f 730 1790 1791
f 1591 30 1792
f 91 1627 1793
f 77 1740 1575
f 1643 1511 1794
f 1795 1298 1796
f 178 1797 222
f 1077 1798 511
f 1408 1406 1799
f 1486 1485 147
f 1800 1181 881
f 538 773 539
f 789 1801 1802
f 554 1803 1641
f 1169 984 1804
f 1497 325 324
f 1213 1805 1806
f 1603 334 507
f 998 1241 999
f 1780 537 1239
f 1102 803 996
f 1294 1295 1807
f 1476 1808 1809
f 976 1631 1810
f 60 818 476
f 602 1811 1068
f 1043 1812 723
f 358 61 186
f 602 1610 1813
f 1137 1138 728
f 1697 705 704
f 838 1814 1613
f 1815 666 1648
f 18 1816 19
f 1650 1651 1704
f 1817 1402 1818
f 797 1819 798
f 1820 1102 975
f 1666 1821 1667
f 769 1822 784
f 784 1822 1823
f 784 1823 1490
f 18 1319 1816
f 1490 1823 796
f 115 979 327
f 1824 1825 1826
f 421 420 1255
f 746 723 1255
f 1827 1828 1656
f 394 1829 395
f 1073 1830 1831
f 1108 1661 1786
f 100 1832 1833
f 1279 1281 1834
f 1835 1254 594
f 299 1774 1773
f 1309 1789 1299
f 1226 1836 604
f 1288 1171 1379
f 1837 1466 1625
f 1838 616 1839
f 1224 1225 1237
f 1582 1840 744
f 1841 1462 1463
f 938 939 1418
f 1842 997 927
f 196 841 197
f 777 260 778
f 1843 1844 1845
f 1846 1847 1795
f 759 536 409
f 1848 374 230
f 1849 1594 1850
f 1851 1852 1498
f 193 195 1725
f 1506 534 533
f 1108 1786 956
f 77 1575 1452
f 35 37 932
f 1853 1769 1378
f 1854 735 1185
f 1584 1586 1855
f 1856 1719 1020
f 1668 1463 1857
f 1253 1254 1835
f 1493 1858 1440
f 1293 485 208
f 1370 1397 1469
f 1436 890 1859
f 625 1860 203
f 1213 1806 1861
f 793 755 794
f 1734 1862 1744
f 52 1863 1334
f 73 734 729
f 1864 82 81
f 1748 1865 1350
f 1866 245 247
f 1350 1865 1867
f 1350 1867 1352
f 1177 812 1178
f 1331 655 1755
f 1868 858 662
f 508 955 370
f 1352 1867 1760
f 982 886 918
f 810 167 1869
f 1573 32 1355
f 562 561 663
f 1392 1391 1870
f 841 840 896
f 1871 1872 279
f 733 1873 1060
f 451 1874 1875
f 1876 1877 1428
f 1878 854 1879
f 15 1880 1768
f 992 1233 1881
f 837 767 766
f 1882 272 844
f 1643 1259 1644
f 1883 1461 1646
f 230 375 231
f 750 1146 751
f 1884 1885 1886
f 1174 1887 1888
f 1174 1888 924
f 622 244 408
f 1889 1890 1891
f 1892 625 310
f 1893 817 424
f 1894 1257 1895
f 972 1579 567
f 836 1769 1896
f 630 337 1707
f 1158 1845 977
f 1885 752 1886
f 1141 1302 874
f 1897 1520 1898
f 1599 1629 1899
f 1900 1901 1847
f 1481 1902 1137
f 1903 1904 1905
f 212 1906 1907
f 1908 1585 1584
f 1453 1452 1576
f 658 406 659
f 553 1909 554
f 747 535 748
f 1259 1260 1644
f 1041 1910 1911
f 849 72 74
f 1796 1298 775
f 1381 285 331
f 558 1912 1492
f 1433 1913 1435
f 1914 1079 1243
f 1435 1913 1915
f 1435 1915 1652
f 1652 1915 1438
f 875 610 1916
f 1659 852 854
f 501 1551 1457
f 117 1917 118
f 449 1918 1280
f 781 1337 968
f 136 1919 1920
f 1921 212 1907
f 209 228 229
f 1900 1847 1846
f 1552 381 1364
f 1376 478 502
f 386 485 1293
f 67 1922 1062
f 1484 1486 1923
f 547 581 548
f 1125 491 1126
f 1924 1925 171
f 1926 983 76
f 1922 1408 1927
f 1180 1928 1929
f 1930 741 1931
f 935 368 1468
f 1932 1639 617
f 1933 1934 1751
f 6 1935 623
f 1333 802 1294
f 433 1936 1937
f 1854 1185 1938
f 1823 1939 796
f 1767 39 38
f 796 1939 1940
f 1271 958 960
f 1135 664 665
f 904 1671 573
f 1246 1247 1607
f 1229 1228 1941
f 1498 1852 1942
f 772 1943 773
f 1940 1939 1944
f 558 557 1912
f 375 1945 1943
f 1861 1946 902
f 1226 1947 1836
f 668 1204 1203
f 1948 1949 1950
f 373 372 487
f 606 974 973
f 1951 663 1952
f 483 482 1953
f 875 1302 610
f 1954 1931 1118
f 1955 1956 1426
f 1957 1958 1959
f 497 496 1578
f 492 1050 1126
f 1960 879 1961
f 1962 842 141
f 1479 1768 1963
f 282 1605 243
f 1941 1292 1326
f 1130 1132 1964
f 681 680 1802
f 1750 797 1735
f 487 1965 1167
f 1772 491 1125
f 1720 483 1966
f 1967 944 1968
f 1692 1969 1693
f 1683 928 930
f 1749 872 1257
f 1432 783 782
f 1734 1970 1862
f 1696 1418 1971
f 1565 1972 1566
f 793 1183 755
f 1610 1612 1813
f 1062 1927 1799
f 1931 743 1973
f 1974 1148 521
f 1283 398 259
f 1437 1436 1859
f 1519 1518 1975
f 1802 1976 1494
f 1567 461 1977
f 1837 1465 1466
f 997 788 416
f 24 198 305
f 1384 1242 1385
f 1028 242 244
f 1978 829 1979
f 309 1892 310
f 1697 1696 705
f 1404 1312 599
f 1761 1980 863
f 457 1331 1330
f 1187 1450 1763
f 1209 1208 1981
f 530 532 1982
f 1061 1259 1643
f 1983 1984 919
f 1051 1145 1052
f 1985 1846 1986
f 1440 97 96
f 1251 578 1045
f 1021 1462 1841
f 533 535 747
f 28 640 342
f 639 1987 811
f 924 1988 1989
f 1869 703 1990
f 892 876 877
f 1324 1070 133
f 916 660 1991
f 411 1992 280
f 924 1989 1988
f 1436 889 890
f 1993 867 1994
f 1995 281 484
f 1351 1370 1057
f 1996 1997 1998
f 1415 1999 1637
f 1206 970 1679
f 564 1318 1477
f 1104 996 1838
f 2000 420 1647
f 582 2001 443
f 1607 1020 1019
f 1742 2002 1743
f 143 843 1854
f 2003 1347 1313
f 924 1888 1214
f 1214 1888 2004
f 1087 1086 1638
f 175 174 1497
f 1052 750 752
f 2005 1486 1496
f 1366 1365 2006
f 2007 763 1531
f 1926 384 983
f 568 89 569
f 1214 2004 1433
f 263 1101 2008
f 1810 1099 1076
f 1486 1923 2005
f 328 270 1882
f 1913 1435 1915
f 702 319 641
f 2009 1483 2010
f 1438 2011 1297
f 1297 2011 1657
f 166 2012 677
f 1665 1111 1110
f 1545 2013 1546
f 135 1762 513
f 1556 2003 971
f 995 2014 336
f 336 2014 338
f 987 1503 563
f 2015 371 373
f 1777 1487 2016
f 1149 1501 1150
f 1241 2017 1242
f 1242 2017 1812
f 1242 1812 1043
f 1738 1737 139
f 1400 1082 1084
f 1199 1690 1730
f 1686 1685 2018
f 31 1962 1842
f 974 1820 975
f 882 1878 1879
f 436 608 607
f 1403 1312 1404
f 1960 1961 2000
f 404 1203 405
f 734 2019 729
f 2020 1726 1728
f 682 2021 792
f 2022 2023 1455
f 477 628 627
f 1997 430 1087
f 2024 1758 2025
f 334 1289 1034
f 1375 2026 1369
f 769 2027 1822
f 1822 2027 1823
f 854 1986 1846
f 1246 1607 1019
f 1956 1554 1426
f 2028 2029 398
f 448 450 856
f 1469 1621 853
f 485 1991 486
f 702 1430 317
f 2030 925 656
f 294 293 734
f 665 664 666
f 1944 1939 2031
f 461 463 2032
f 2033 2034 2035
f 516 515 452
f 847 2036 931
f 1781 1816 206
f 1794 2037 1093
f 730 1155 1395
f 779 781 860
f 2038 2039 249
f 1944 2031 1733
f 1733 2031 2040
f 2041 317 319
f 871 1076 2042
f 1441 1440 96
f 175 1497 324
f 2043 2044 2045
f 950 1265 783
f 1883 2046 1461
f 1557 896 153
f 64 1930 1954
f 1811 1813 1069
f 1685 134 2047
f 1660 2048 1616
f 424 818 60
f 1453 2049 1576
f 80 1464 234
f 722 721 2050
f 1733 2040 2051
f 1733 2051 1734
f 1829 716 715
f 420 1961 419
f 1774 954 1291
f 1734 2051 1970
f 1003 1603 507
f 27 640 28
f 2052 2053 1411
f 172 2054 1670
f 2055 717 1527
f 1129 1203 2056
f 53 2057 54
f 1565 1710 1972
f 1769 294 2058
f 1862 1970 2059
f 1862 2059 1744
f 1623 493 492
f 907 1268 590
f 887 145 1308
f 1744 2059 2060
f 1744 2060 1748
f 1455 2061 1498
f 693 123 2061
f 1372 1895 1373
f 1748 2060 2062
f 1748 2062 1865
f 484 2063 2064
f 1865 2062 1867
f 1466 585 586
f 354 356 274
f 433 1937 1176
f 1867 2065 1760
f 2066 1914 1672
f 1839 616 613
f 2067 2068 1089
f 1440 1843 97
f 2069 2070 1712
f 644 723 419
f 309 1339 1892
f 1837 1906 1465
f 904 2066 1672
f 1594 2071 1850
f 504 307 306
f 256 276 277
f 1446 1882 1447
f 1881 1233 20
f 645 644 420
f 1715 1253 1524
f 1208 926 2072
f 2073 879 645
f 2074 1374 1367
f 2075 2076 1582
f 1173 2077 2078
f 1207 1591 1792
f 1066 1067 1669
f 1359 1645 1146
f 938 1418 1696
f 986 1196 987
f 1943 1217 2079
f 2080 267 1134
f 924 1888 1988
f 43 1924 108
f 1164 702 641
f 434 775 435
f 92 90 2081
f 1931 1973 1346
f 317 1354 589
f 1845 1844 978
f 2045 2044 385
f 1033 2080 1134
f 2082 368 754
f 2083 1431 1201
f 66 738 1922
f 1996 428 1997
f 792 2021 1246
f 924 1988 1888
f 785 353 786
f 486 660 17
f 2084 1667 1535
f 2085 2086 1324
f 2054 2087 1956
f 1918 1695 1697
f 1513 1721 1460
f 1692 1459 1969
f 572 1450 2088
f 1888 2089 2004
f 2090 2091 928
f 234 1380 235
f 226 2092 2093
f 2094 1775 2095
f 1213 467 1805
f 2096 2097 1694
f 401 2098 402
f 1254 592 594
f 2004 2089 2099
f 2004 2099 1433
f 660 659 18
f 2100 1549 286
f 1433 2099 1913
f 1913 2099 1435
f 711 2101 2102
f 1613 1814 1362
f 1196 364 1503
f 1117 223 1118
f 233 235 1042
f 2000 1647 1815
f 2103 362 54
f 1935 624 623
f 905 1218 906
f 1580 1864 81
f 2104 1416 1417
f 1846 1795 1986
f 2105 795 1818
f 2054 2106 2107
f 322 321 1307
f 1393 708 707
f 123 694 571
f 976 1810 871
f 126 470 127
f 245 1572 246
f 31 1417 1962
f 1538 2069 14
f 1605 670 672
f 1537 2070 1538
f 635 2108 535
f 156 157 301
f 2109 850 2110
f 2109 849 850
f 1720 1966 592
f 2111 1070 2112
f 1259 766 768
f 180 692 1384
f 987 563 988
f 103 2113 104
f 1592 1738 138
f 900 902 1481
f 1144 2114 2115
f 97 1843 98
f 1956 2116 1554
f 1220 1624 1703
f 1112 1968 2026
f 2117 2118 1393
f 489 468 2119
f 452 920 2120
f 1420 1701 706
f 1816 1319 2121
f 2046 1841 1462
f 936 629 525
f 1287 1171 1288
f 829 596 830
f 600 941 2122
f 2123 1539 1391
f 1701 1419 23
f 673 2124 1444
f 1454 188 1677
f 863 840 839
f 1749 1257 1894
f 1843 2125 1844
f 1021 1240 1533
f 2040 1970 2051
f 1787 2126 1579
f 665 664 666
f 609 690 692
f 764 1876 765
f 1088 1288 2036
f 1310 1668 1086
f 1507 1506 533
f 2127 579 581
f 2128 1834 1633
f 30 1688 31
f 1289 1649 1047
f 857 856 675
f 899 911 1592
f 2129 2130 316
f 1765 1764 2080
f 1941 1326 1587
f 2062 2131 1867
f 2132 1597 1195
f 1146 976 751
f 2058 294 73
f 65 67 2133
f 1867 2131 2134
f 1867 2134 2065
f 2135 2136 2137
f 769 771 2138
f 343 1853 1377
f 11 1665 12
f 362 894 1224
f 1521 1916 1601
f 821 2139 1019
f 990 989 967
f 1922 1406 1408
f 394 2140 1829
f 2141 1344 32
f 1370 1397 2142
f 2076 1840 1582
f 1031 1030 1473
f 1245 1222 88
f 1900 457 1901
f 1847 1901 1795
f 926 837 2072
f 1020 1719 1240
f 390 1235 455
f 1069 1658 384
f 914 764 763
f 2123 2135 1569
f 590 880 879
f 933 80 2143
f 1704 1703 1626
f 600 2122 2144
f 1986 1795 774
f 2145 2146 2147
f 2007 749 1674
f 2113 2148 699
f 2149 1407 1406
f 2150 1443 1635
f 2048 86 2151
f 2152 917 386
f 2071 1219 1218
f 770 1360 2153
f 1907 1906 1624
f 560 1389 561
f 1648 1517 1975
f 2154 210 212
f 82 98 1158
f 1888 1988 2089
f 836 2155 1769
f 835 2156 836
f 2117 1393 48
f 1650 1704 1108
f 383 2157 1446
f 1509 2074 1008
f 2158 851 740
f 1368 1375 1369
f 445 1403 1700
f 172 171 2054
f 952 2159 2160
f 2099 2161 1435
f 1814 418 2162
f 2163 2123 929
f 535 634 748
f 1591 813 30
f 2164 841 196
f 1501 813 1590
f 1936 1536 1937
f 92 2081 1903
f 1657 2165 995
f 1719 140 427
f 995 2165 2014
f 413 414 724
f 2014 2166 338
f 1276 400 179
f 338 2166 998
f 2167 2168 2104
f 1422 1646 1310
f 985 2074 1509
f 97 2125 1843
f 1658 382 384
f 821 1019 2169
f 1516 1515 1419
f 2170 1492 271
f 1980 2171 840
f 408 407 1685
f 1313 2172 1314
f 1743 2002 11
f 1410 1502 2173
f 117 606 973
f 231 773 538
f 107 106 590
f 531 245 1866
f 887 440 888
f 765 1329 761
f 2174 1986 1266
f 226 2175 2092
f 769 2176 2027
f 2027 2176 2177
f 1747 1001 265
f 2027 2177 1823
f 1823 2177 2178
f 1823 2178 1939
f 1939 2178 2179
f 2180 1560 812
f 1588 1589 1723
f 484 2064 1819
f 186 475 187
f 412 413 414
f 1278 779 860
f 412 1242 413
f 1099 1077 1076
f 993 992 2181
f 1057 2182 1058
f 394 1326 2140
f 723 724 746
f 1485 760 147
f 2183 160 2184
f 2185 1277 1301
f 1903 1905 277
f 1678 1305 1513
f 1156 1791 380
f 837 927 838
f 769 1074 219
f 1043 1655 414
f 866 595 596
f 1317 2186 1476
f 1941 1587 1170
f 1663 1664 979
f 349 1037 472
f 1077 511 1459
f 1084 1083 1357
f 2040 2187 2188
f 1099 509 1798
f 2040 2188 1970
f 821 1019 2046
f 1787 1315 2126
f 1777 2016 2095
f 265 267 2080
f 185 1234 390
f 932 37 843
f 1661 957 956
f 1163 348 1593
f 965 2189 1470
f 1762 1920 47
f 473 107 590
f 2190 2191 2192
f 1369 1401 1585
f 877 52 893
f 1992 2193 2194
f 1339 1338 625
f 1729 1724 2189
f 1108 587 1661
f 1546 1747 1963
f 2195 2196 2197
f 2075 2198 2076
f 777 1870 260
f 761 1329 1205
f 1833 263 262
f 1447 844 2199
f 1589 2200 2143
f 1443 1301 1635
f 2085 28 566
f 2201 693 2061
f 1855 1586 2202
f 64 1954 1118
f 2203 815 813
f 283 1136 284
f 2204 2205 2206
f 44 2207 2109
f 1229 1941 1048
f 2208 1031 2209
f 2210 99 827
f 1305 1698 1513
f 1133 1994 2156
f 1480 499 1030
f 2211 2212 1396
f 2095 1660 293
f 1608 2213 1609
f 2214 1493 1314
f 1844 1843 1845
f 1260 1362 448
f 1781 206 205
f 1664 238 2215
f 2105 1818 437
f 1834 2216 1633
f 2191 648 1381
f 1685 2047 2023
f 1932 617 616
f 1205 1163 1593
f 499 498 1933
f 645 419 420
f 701 1430 702
f 1698 95 1721
f 20 22 2217
f 45 2110 1395
f 2087 2107 2116
f 1879 2174 1266
f 444 695 445
f 2218 2219 249
f 2130 2220 1032
f 1499 619 1577
f 427 140 1821
f 449 1280 450
f 1751 1995 1819
f 570 569 1270
f 1181 1356 882
f 656 925 689
f 2221 98 82
f 2122 941 868
f 46 45 572
f 1792 30 29
f 2211 1396 1370
f 1783 1069 384
f 2089 2161 2099
f 692 1000 1242
f 2161 2222 1435
f 880 1108 645
f 596 26 830
f 1435 2222 1915
f 1915 2222 1438
f 1253 1835 1524
f 2223 1543 1542
f 1501 2203 813
f 257 1708 258
f 1828 1641 21
f 1589 799 933
f 2166 1241 998
f 603 1068 1018
f 1119 1347 2003
f 1284 520 144
f 1535 2224 1431
f 1962 848 842
f 106 907 590
f 1910 1042 70
f 1307 83 2225
f 1222 1014 88
f 2151 85 193
f 1761 696 2171
f 159 1826 2184
f 153 155 304
f 1373 1895 1693
f 1389 1004 2226
f 419 746 420
f 730 1156 1155
f 940 2170 271
f 2227 221 2082
f 2213 1130 1609
f 2228 503 505
f 769 2229 2176
f 2176 2229 2177
f 111 1593 112
f 2063 2194 2230
f 1566 2231 495
f 2026 793 795
f 604 1836 1583
f 1851 125 1852
f 1348 1996 1998
f 1136 633 284
f 451 453 1874
f 591 833 1267
f 1815 1647 1648
f 1355 34 165
f 2232 1475 821
f 488 469 489
f 2233 688 154
f 211 2234 377
f 2235 980 2236
f 543 2237 544
f 935 1468 1467
f 1354 1114 589
f 215 1398 481
f 819 1993 266
f 1037 1307 1611
f 1450 379 1552
f 1828 555 1641
f 579 5 615
f 647 2234 211
f 808 1508 809
f 1124 721 720
f 635 634 2108
f 2100 286 1080
f 2238 836 1896
f 1008 2074 1367
f 2239 1578 1871
f 2188 2187 2240
f 2188 2240 1970
f 310 2241 1136
f 413 414 723
f 1370 2142 1397
f 723 724 746
f 877 50 52
f 1256 1692 1691
f 2057 2103 54
f 1492 1912 1766
f 1270 958 1271
f 1970 2240 2242
f 1970 2242 2059
f 2195 2078 2196
f 1506 635 534
f 2059 2242 2243
f 2059 2243 2060
f 2060 2243 2244
f 2060 2244 2062
f 2245 2246 1287
f 2062 2244 2131
f 610 1302 611
f 286 288 815
f 2131 2247 2134
f 1664 2215 1491
f 2134 2247 2248
f 2134 2248 2249
f 1969 254 438
f 74 73 729
f 163 1290 954
f 971 2003 2250
f 1382 2202 586
f 57 297 58
f 246 1572 739
f 863 1980 840
f 951 2159 952
f 1283 259 2251
f 741 743 1931
f 2037 576 578
f 2252 706 2253
f 1202 782 239
f 1448 361 360
f 1672 2254 1673
f 2050 1017 1016
f 1609 1130 1964
f 583 69 962
f 2223 1501 1590
f 1887 2255 2256
f 1887 2256 1888
f 665 1648 1815
f 1888 2256 1988
f 393 69 583
f 1045 578 577
f 860 781 989
f 1953 396 2257
f 106 1650 1108
f 497 2239 2124
f 832 2238 833
f 1279 1834 2128
f 315 27 26
f 396 395 2055
f 518 1069 1783
f 1530 1916 1521
f 996 805 1838
f 1204 568 405
f 2258 1212 1213
f 240 607 609
f 1248 1263 1249
f 1958 1055 1959
f 1988 2256 2259
f 1988 2259 2089
f 654 1698 1305
f 2221 96 98
f 2260 1880 15
f 2261 1443 2150
f 1149 1500 1501
f 1019 1021 2046
f 2089 2259 2099
f 629 1013 525
f 2089 2099 2161
f 609 692 400
f 1629 1628 2001
f 239 782 240
f 853 1985 854
f 359 358 185
f 1053 2262 2044
f 2222 2263 1438
f 1438 2263 2264
f 666 1815 1648
f 1438 2264 2011
f 1442 2265 2266
f 687 688 2233
f 1609 1964 1285
f 1095 1573 1745
f 276 1606 869
f 1472 1933 2267
f 302 157 256
f 1163 1679 349
f 975 1102 819
f 95 1722 1721
f 1794 1511 2037
f 1742 1348 2002
f 2268 2269 2258
f 585 2270 586
f 1049 1170 214
f 1013 1012 526
f 1456 1498 2271
f 2025 1917 117
f 1615 945 1967
f 263 2008 980
f 2272 1567 1757
f 214 1170 1398
f 2250 2003 1313
f 2273 962 1311
f 1804 984 985
f 1371 1616 2208
f 347 346 1506
f 916 658 660
f 431 433 1175
f 195 1445 498
f 1444 2124 2274
f 2229 2275 2177
f 2177 2275 2178
f 633 2133 1062
f 2276 994 335
f 1170 394 2277
f 618 359 1570
f 1831 42 41
f 1603 332 334
f 1831 1830 42
f 1553 1536 1538
f 1026 1046 827
f 2278 1261 202
f 841 896 197
f 353 41 2279
f 1727 2280 2281
f 1476 1809 1477
f 1140 1303 1141
f 2179 2178 2282
f 268 69 71
f 2173 2052 1411
f 475 627 187
f 2112 2283 2237
f 513 1145 1051
f 1701 23 791
f 1990 2284 2285
f 1462 1841 1463
f 1118 1346 1345
f 2241 65 1136
f 1594 1404 1478
f 1508 985 1509
f 708 1392 709
f 1118 1931 1346
f 1324 2086 1070
f 1649 1227 1229
f 2079 2286 522
f 1033 1134 834
f 508 163 954
f 643 1022 491
f 665 666 1815
f 1544 2183 1545
f 2287 1678 1024
f 1295 802 2127
f 407 134 1685
f 2215 556 558
f 165 2012 166
f 2192 2191 1381
f 2288 2289 2290
f 2242 2291 2243
f 181 180 1384
f 324 325 2292
f 2243 2291 2244
f 1347 2214 2172
f 1925 650 171
f 1045 2210 1046
f 2244 2293 2131
f 1903 2081 1904
f 2131 2293 2247
f 494 513 1051
f 1004 2294 1005
f 1976 1608 2295
f 2018 1454 2296
f 1597 120 2297
f 1938 938 1695
f 346 1929 1506
f 1007 437 412
f 1723 1589 2143
f 2298 1235 85
f 1189 1190 1485
f 2267 1750 94
f 698 230 1780
f 218 855 1448
f 18 2299 1319
f 1849 1850 1766
f 207 2067 1089
f 1985 2300 1900
f 804 2301 1639
f 879 2073 2000
f 2302 1357 253
f 1533 1535 1463
f 881 883 2224
f 170 172 1670
f 1110 1112 1375
f 1334 800 802
f 1799 1169 1804
f 1471 1414 1415
f 367 366 884
f 2143 80 234
f 6 623 157
f 2303 1641 1221
f 2183 2304 1545
f 1108 1626 587
f 825 2305 826
f 2306 881 2224
f 769 2307 2308
f 745 210 2154
f 1653 1176 468
f 1480 1725 499
f 719 575 1339
f 1104 1838 1839
f 645 419 420
f 894 893 1333
f 1627 2006 1628
f 2073 645 419
f 1589 933 2200
f 2054 1956 1670
f 1276 179 2309
f 1621 1985 853
f 760 762 111
f 469 468 489
f 1914 2254 1672
f 308 307 2310
f 742 1238 743
f 1046 2210 827
f 2213 1131 1130
f 391 410 686
f 2311 837 2312
f 51 1686 2018
f 820 822 1604
f 413 723 414
f 2222 2161 2263
f 822 1422 1421
f 2264 2313 2011
f 2011 2313 1657
f 1358 1877 2314
f 2224 948 1431
f 2021 305 1246
f 1029 2151 1480
f 2166 2315 1241
f 1471 1027 1414
f 1920 2117 48
f 1616 2048 1029
f 957 1661 413
f 2316 1272 1274
f 1355 165 164
f 243 2317 132
f 2141 32 1573
f 396 2055 2257
f 1131 1284 146
f 1662 866 1978
f 356 355 1564
f 1789 1542 1207
f 1257 1691 1895
f 35 713 36
f 1225 1333 1294
f 894 1333 1225
f 1821 1800 1667
f 1693 438 649
f 91 1627 1793
f 2061 125 1851
f 2016 2318 2319
f 956 1786 644
f 2320 1231 2246
f 2320 2246 2245
f 1107 1062 1804
f 1428 1732 970
f 1814 2162 1363
f 881 1181 882
f 310 625 2241
f 1074 858 1868
f 1379 714 713
f 2178 2321 2322
f 2178 2322 2282
f 956 1786 645
f 323 324 2149
f 1188 1366 1627
f 1082 2323 1083
f 183 1264 2324
f 173 175 1262
f 304 155 1782
f 1839 613 867
f 1143 480 2114
f 2325 2032 2326
f 2232 821 820
f 1230 2009 2327
f 1664 2170 940
f 1628 393 583
f 1879 1266 1265
f 956 1661 1786
f 2241 625 65
f 481 1398 482
f 1783 2328 1726
f 1575 845 1740
f 2329 2080 1033
f 1486 2005 2330
f 1143 2114 1144
f 819 1104 1993
f 2187 2331 2332
f 2187 2332 2240
f 1104 1839 1993
f 2333 1675 2334
f 442 1386 1753
f 2050 2335 1017
f 95 94 1722
f 1079 677 1094
f 1555 1119 2003
f 351 1348 1742
f 809 1008 377
f 289 301 302
f 916 1991 485
f 2240 2336 2242
f 1380 2192 1381
f 449 2162 1918
f 507 334 161
f 2242 2336 2291
f 2069 1712 1714
f 2250 1315 1787
f 1526 1761 2337
f 1661 956 1786
f 1978 866 596
f 1215 1090 1216
f 2338 826 1893
f 1108 644 645
f 2249 2339 2340
f 2340 2339 2341
f 2186 1127 1476
f 454 455 2318
f 1737 1370 1351
f 795 2105 1402
f 819 1102 1104
f 77 2199 1575
f 1072 2342 2207
f 2343 28 2085
f 622 1686 51
f 2344 899 1592
f 1832 1100 1833
f 1421 1310 429
f 539 899 2344
f 1148 1150 1025
f 804 1639 805
f 1138 1729 965
f 584 2273 695
f 2255 2345 2256
f 1121 879 665
f 1168 2346 2347
f 1342 295 651
f 1545 1746 2013
f 2342 72 2207
f 54 1237 1236
f 845 474 590
f 97 1858 2125
f 2052 2348 1662
f 896 2233 153
f 1763 1366 1188
f 24 2164 196
f 1817 1818 437
f 2274 1871 2349
f 1954 1930 1931
f 290 2350 941
f 664 1121 665
f 199 581 2351
f 2352 2158 1710
f 574 202 1338
f 124 1187 1186
f 2254 1914 1243
f 951 2353 2159
f 2354 909 2355
f 949 953 950
f 633 1063 329
f 2199 1447 845
f 972 1787 1579
f 2234 809 377
f 104 1512 1263
f 2250 1313 1315
f 14 2069 1714
f 228 1781 205
f 626 218 1562
f 2160 1526 2356
f 2158 532 851
f 1793 1629 1599
f 238 556 2215
f 319 318 642
f 1434 1752 1344
f 758 536 759
f 1562 1448 685
f 2161 2357 2263
f 724 746 1255
f 930 929 2123
f 1098 776 2358
f 2299 1271 1319
f 773 522 897
f 2049 1728 2359
f 248 249 1620
f 1576 474 590
f 845 474 590
f 161 334 162
f 333 1649 334
f 1244 89 568
f 138 1738 139
f 2207 72 849
f 1506 110 635
f 1791 1306 2360
f 1825 2025 2361
f 552 104 2362
f 40 39 473
f 522 524 912
f 2363 749 2007
f 1315 1314 2126
f 1806 467 1805
f 1911 1910 70
f 1520 2364 1530
f 328 1882 1446
f 2365 862 2366
f 947 1032 640
f 915 658 916
f 2275 2321 2178
f 1100 1634 1101
f 1172 1283 2077
f 1555 2003 1556
f 855 1449 1448
f 2149 2292 1407
f 2287 2360 1678
f 544 2237 2201
f 694 2283 46
f 2212 248 1397
f 962 269 1311
f 1379 2195 714
f 1171 2195 1379
f 1916 610 612
f 717 229 2367
f 2368 1176 468
f 716 229 717
f 1312 604 597
f 2369 2370 716
f 1805 467 1806
f 19 1816 1781
f 1830 2371 42
f 1935 1942 624
f 683 1495 828
f 1466 586 1626
f 1846 1986 2174
f 287 1716 288
f 1451 77 1452
f 236 238 1664
f 774 1796 775
f 462 2261 463
f 879 1960 2000
f 1327 209 2369
f 1581 1580 322
f 39 1767 1316
f 1342 683 295
f 586 1383 587
f 969 2372 2373
f 1926 76 75
f 1818 2309 179
f 193 1705 194
f 675 450 1279
f 2240 2332 2374
f 634 636 1358
f 2240 2374 2375
f 2240 2375 2336
f 1275 2309 179
f 2336 2375 2376
f 1661 956 1786
f 2336 2376 2291
f 1202 1432 782
f 2291 2376 2377
f 2291 2377 2244
f 1293 1388 1327
f 2244 2377 2293
f 1041 1911 69
f 2247 2293 2378
f 2247 2378 2248
f 2311 2312 1873
f 2248 2378 2249
f 2249 2378 2379
f 2257 2055 1527
f 2249 2379 2339
f 647 807 2234
f 2339 2380 2341
f 2341 2380 2381
f 1413 1978 1979
f 653 1698 654
f 1086 1201 2382
f 433 2138 1936
f 1440 1858 97
f 152 980 2235
f 1398 2277 482
f 642 1595 2352
f 1457 1551 1550
f 1007 412 414
f 131 1784 1253
f 1295 2127 547
f 2383 1053 1055
f 2356 2337 862
f 1274 1653 468
f 245 1859 1572
f 582 584 2001
f 405 570 1210
f 986 988 2384
f 212 377 1906
f 2300 458 1900
f 69 1911 70
f 291 600 2125
f 1764 265 2080
f 1256 2042 1692
f 1637 1999 621
f 1758 1757 1917
f 489 9 8
f 11 2385 1665
f 410 2098 401
f 217 1694 855
f 276 256 277
f 1616 1029 2208
f 318 589 588
f 1628 583 582
f 83 823 114
f 412 437 413
f 1346 1973 2214
f 541 2223 1542
f 497 1578 2239
f 259 298 2386
f 1334 1863 2387
f 2388 1245 1204
f 2342 1377 72
f 759 409 391
f 171 650 2054
f 2259 2389 2099
f 2390 873 2391
f 2099 2389 2161
f 2161 2389 2357
f 1936 2392 1536
f 247 246 739
f 563 1503 564
f 2313 2393 1657
f 1333 1334 802
f 773 2079 522
f 1657 2393 2165
f 1286 1288 1088
f 1821 1181 1800
f 773 1943 2079
f 413 437 1007
f 1486 147 149
f 943 1604 1421
f 428 430 1997
f 555 554 1641
f 2292 2394 1407
f 155 2395 1782
f 764 2314 2396
f 1771 1618 1808
f 1812 665 723
f 1473 2267 93
f 164 166 1264
f 1067 830 2343
f 1123 1596 721
f 1826 1825 2361
f 1718 1717 2397
f 2085 566 2086
f 1211 570 1269
f 83 114 2398
f 1477 1809 1073
f 926 1842 927
f 1190 765 1189
f 1963 2329 2220
f 468 1176 2368
f 709 777 776
f 2020 1728 2399
f 2152 915 917
f 2365 2356 862
f 2229 2400 2275
f 2275 2400 2321
f 110 109 170
f 1667 881 2306
f 1445 1444 2274
f 952 2160 1458
f 1859 890 1572
f 1185 737 938
f 1073 1808 1830
f 2199 844 474
f 680 789 1802
f 547 2127 581
f 62 1797 178
f 910 1061 1643
f 1667 1800 881
f 2373 2401 257
f 1032 832 640
f 69 963 962
f 1252 58 63
f 716 2370 229
f 650 176 2054
f 1649 1229 1047
f 1065 174 173
f 2006 393 1628
f 1474 1475 2232
f 188 1456 2271
f 2194 573 2230
f 2269 1891 1212
f 385 2152 386
f 483 1953 2402
f 2369 209 2370
f 2107 178 224
f 93 2267 94
f 920 922 2403
f 253 252 2146
f 1327 1388 209
f 197 1557 153
f 266 1993 1133
f 2194 903 573
f 1146 1645 1631
f 385 387 1292
f 395 715 2055
f 2324 678 1914
f 2404 1442 1443
f 1975 1517 1519
f 1291 215 1720
f 856 450 675
f 2402 1527 1848
f 2317 1323 133
f 1154 2405 2406
f 686 401 1041
f 51 2407 1863
f 1943 1215 1217
f 1425 283 2190
f 367 884 886
f 746 723 1255
f 2377 2408 2293
f 2262 2405 2044
f 1149 1080 1500
f 2293 2408 2409
f 2293 2409 2378
f 2410 1084 1547
f 2378 2411 2379
f 2379 2411 2339
f 278 1178 238
f 1078 1459 1692
f 1038 322 1307
f 362 892 894
f 728 1138 965
f 771 1537 2392
f 1973 2412 2214
f 1999 244 622
f 1972 740 1096
f 642 2352 355
f 754 368 934
f 1094 1251 1243
f 744 1558 647
f 1325 981 260
f 867 614 2413
f 2406 2405 2262
f 1040 1373 1924
f 257 2401 506
f 511 255 1459
f 235 1381 2198
f 1654 1175 1176
f 2358 778 1495
f 2345 2414 2415
f 2345 2415 2256
f 723 746 1255
f 1228 1292 1941
f 761 1205 762
f 1092 1794 1093
f 968 1897 969
f 1336 1520 968
f 1096 1745 1039
f 888 440 442
f 2307 2227 753
f 1776 454 1487
f 2391 873 875
f 2405 1129 1128
f 593 483 2402
f 2033 2035 2323
f 1795 1796 774
f 1836 1582 1583
f 2148 1091 699
f 911 912 2211
f 1161 1016 700
f 1762 2416 1359
f 2171 698 2417
f 275 274 1011
f 2254 1243 1064
f 2418 339 2419
f 86 85 2151
f 1088 2036 847
f 2297 120 122
f 1706 282 1027
f 2420 1624 1219
f 673 1444 194
f 577 100 99
f 199 201 1858
f 285 329 331
f 724 414 746
f 2421 1957 1649
f 1302 2181 1574
f 1418 1516 1419
f 16 15 1147
f 2402 1848 697
f 493 513 494
f 1176 1410 2422
f 1875 520 1131
f 152 1742 1741
f 743 1238 464
f 669 1203 2423
f 414 724 723
f 2358 1495 510
f 919 2096 217
f 2163 2135 2123
f 254 1252 439
f 137 136 1762
f 608 630 632
f 1872 184 411
f 1556 971 970
f 487 7 1489
f 1129 404 915
f 728 965 726
f 1507 533 747
f 2395 138 1719
f 1874 453 2424
f 1971 1420 706
f 769 431 1273
f 615 156 301
f 943 820 1604
f 739 1573 1095
f 1501 815 2203
f 2001 584 443
f 1257 1256 1691
f 2209 653 652
f 2384 988 339
f 2319 86 2048
f 706 791 2253
f 2235 2236 1348
f 2425 1656 1232
f 1319 1321 2121
f 182 620 183
f 244 134 407
f 235 2198 1947
f 2156 1775 2155
f 2025 1758 1917
f 143 1854 788
f 769 2426 2229
f 2229 2426 2400
f 2400 2427 2321
f 2321 2427 2428
f 2079 523 2286
f 2171 2417 895
f 1075 1423 560
f 1937 1536 1553
f 931 932 843
f 2359 1727 1453
f 623 90 157
f 1644 1510 1511
f 2019 2429 1790
f 2321 2428 2322
f 1107 1804 2430
f 2274 2349 2431
f 1694 2097 1681
f 792 1246 1475
f 1895 1691 1693
f 1699 95 1698
f 1568 2404 462
f 2044 1128 2432
f 147 760 148
f 724 414 723
f 1298 2276 775
f 460 459 1097
f 2405 2433 1129
f 2331 2434 2435
f 1624 1837 1625
f 2194 2193 903
f 1597 2297 363
f 2331 2435 2436
f 2331 2436 2332
f 2349 279 281
f 2292 150 351
f 2332 2436 2374
f 2312 837 766
f 2090 928 1683
f 1644 1260 1510
f 1511 576 2037
f 1882 844 1447
f 834 836 2238
f 438 439 177
f 2044 2405 1128
f 2437 2438 2071
f 589 531 530
f 2439 1196 986
f 2409 2440 2378
f 2378 2440 2411
f 366 885 884
f 754 935 1785
f 2380 2441 2381
f 2442 2207 44
f 1336 780 1770
f 1577 619 182
f 2443 2444 2445
f 642 318 1595
f 2246 2327 1287
f 1448 360 296
f 594 593 2402
f 2326 2446 1680
f 1990 703 2284
f 1528 2367 1945
f 2012 1340 677
f 2288 2290 273
f 857 674 577
f 323 2149 738
f 2429 2208 2447
f 734 2429 2019
f 2150 1635 1636
f 2055 715 717
f 413 1385 412
f 139 1737 140
f 1390 2123 1391
f 1182 5 579
f 1840 1381 744
f 224 1117 1119
f 2318 84 2319
f 2394 1741 1408
f 145 540 542
f 380 2287 1024
f 892 877 893
f 2180 1177 278
f 383 1446 983
f 1806 1946 1861
f 644 645 420
f 1358 1670 1955
f 2412 466 1197
f 991 993 1303
f 414 413 723
f 1 3 372
f 1987 127 528
f 10 1199 1198
f 2256 2415 2448
f 1983 1471 1984
f 2256 2448 2259
f 2404 1443 2261
f 1251 1044 1065
f 2238 1896 1267
f 2075 1582 1836
f 2277 394 396
f 1628 582 2001
f 2253 791 1474
f 425 424 59
f 2259 2448 2389
f 595 2129 315
f 2389 2449 2357
f 2357 2449 2263
f 44 2110 45
f 432 2138 433
f 2263 2449 2450
f 2263 2450 2264
f 2264 2450 2313
f 1275 1276 2309
f 1731 964 1724
f 2393 2451 2165
f 2165 2451 2014
f 648 285 1381
f 1208 2072 1981
f 2315 2049 1241
f 1981 837 2311
f 4 6 156
f 1702 1282 1172
f 755 400 1276
f 2017 1120 1812
f 2189 1724 282
f 2413 1776 1775
f 954 1290 1291
f 1578 182 1872
f 723 1815 1255
f 1367 1369 1908
f 1195 363 364
f 141 842 142
f 723 746 1255
f 151 263 980
f 416 418 1814
f 1947 2198 2075
f 1543 1591 1207
f 1583 2154 598
f 1945 1215 1943
f 2426 2452 2400
f 2400 2452 2427
f 1424 712 1389
f 1554 1556 1427
f 1848 230 698
f 868 1663 978
f 473 39 590
f 1858 201 2125
f 1528 1945 375
f 2453 275 477
f 769 371 2015
f 655 1332 1755
f 1419 2164 23
f 542 541 1542
f 2227 1109 221
f 198 153 304
f 288 1718 2167
f 1481 725 1184
f 2447 652 1304
f 1719 427 1666
f 437 1007 413
f 1985 1900 1846
f 1381 331 744
f 989 968 967
f 1246 1019 2139
f 1904 1600 2454
f 84 1235 2298
f 2271 1942 189
f 581 580 2351
f 1392 1870 777
f 1799 1406 1169
f 1872 411 279
f 1711 1681 361
f 1668 2083 1086
f 1633 2216 1634
f 1684 930 1390
f 1111 1967 1968
f 2391 875 1530
f 2455 1399 1084
f 1460 2098 410
f 2330 2005 1496
f 296 2057 53
f 2374 2436 2456
f 2374 2456 2375
f 769 2268 2101
f 2292 351 152
f 1334 2387 800
f 2375 2456 2457
f 376 585 1465
f 2375 2457 2376
f 911 2458 1737
f 645 420 419
f 1967 945 944
f 2376 2457 2459
f 2376 2459 2377
f 322 1580 83
f 2223 1590 1591
f 573 1671 574
f 2377 2459 2408
f 1964 889 1436
f 1906 376 1465
f 631 1394 690
f 2411 2440 2460
f 2411 2460 2339
f 2339 2461 2380
f 2462 1615 1614
f 2380 2461 2441
f 2394 152 1741
f 355 2352 1710
f 2463 2464 2465
f 1120 664 665
f 2236 2466 1996
f 2467 2468 2469
f 1522 1521 1601
f 1243 1251 1065
f 2470 759 1365
f 577 99 2210
f 405 568 570
f 505 306 1035
f 1385 1242 412
f 1699 1473 95
f 361 876 892
f 1391 1325 1870
f 5 189 6
f 1635 1124 720
f 140 1737 1351
f 105 2471 905
f 2104 2168 1416
f 2256 2415 2472
f 556 1700 557
f 2039 2473 249
f 420 421 1517
f 1773 592 1253
f 1395 1155 380
f 1489 422 1965
f 2256 2472 2415
f 1754 731 2354
f 1629 582 1899
f 1806 1805 1946
f 2290 354 273
f 134 544 2047
f 2102 2258 1213
f 2200 933 2143
f 870 872 1749
f 2181 20 1574
f 2112 2442 2283
f 1708 506 258
f 2474 1526 2160
f 945 1202 946
f 826 2475 817
f 633 65 2133
f 1461 1463 1310
f 9 190 1199
f 736 961 737
f 202 1262 203
f 1560 2454 812
f 992 1881 2181
f 1378 1769 2058
f 2389 2476 2449
f 2382 1201 945
f 2450 2449 2477
f 91 1793 1599
f 798 78 933
f 269 1226 604
f 2450 2477 2313
f 2313 2478 2393
f 2393 2478 2451
f 787 1180 1179
f 2451 2479 2014
f 2014 2479 2166
f 588 530 1982
f 1228 2045 1292
f 705 1971 706
f 2145 2147 1716
f 1767 2471 105
f 617 2480 357
f 1804 1508 808
f 88 87 1244
f 1231 1230 2327
f 1825 2024 2025
f 1617 1619 2371
f 1812 1120 665
f 1298 1297 994
f 1850 2071 1218
f 723 665 1815
f 402 233 403
f 413 1007 414
f 1792 29 926
f 85 1705 193
f 526 1012 527
f 1093 578 1251
f 1661 437 413
f 340 352 785
f 23 682 791
f 660 18 17
f 436 630 608
f 188 2271 189
f 1126 1885 1127
f 2228 505 2481
f 769 2482 2426
f 2426 2482 2452
f 767 1613 768
f 917 916 485
f 2433 2423 1129
f 1431 948 950
f 353 2279 1180
f 208 486 19
f 1462 1533 1463
f 645 420 419
f 2221 82 1864
f 1494 1976 1353
f 1223 1222 1245
f 1309 1299 440
f 590 879 2073
f 1994 867 2413
f 1567 1977 1757
f 2447 2209 652
f 832 834 2238
f 1958 2383 1055
f 590 879 1121
f 1922 1927 1062
f 798 718 78
f 795 2309 1818
f 2140 1327 1829
f 1132 146 887
f 993 2181 1302
f 1255 2483 1518
f 814 2167 1688
f 2154 1921 2437
f 667 2484 668
f 1807 1295 465
f 1608 1115 2295
f 1204 1244 568
f 262 264 263
f 769 432 431
f 1690 2485 964
f 331 329 1558
f 2456 2486 2457
f 2399 1728 2049
f 2457 2486 2487
f 2457 2487 2459
f 2459 2487 2488
f 2459 2488 2408
f 1852 1186 1942
f 1526 2337 2356
f 1683 930 1684
f 2408 2488 2489
f 2408 2489 2409
f 2409 2489 2440
f 285 284 329
f 711 2490 712
f 2440 2489 2460
f 2339 2460 2491
f 2339 2491 2461
f 116 326 2157
f 1487 2318 2016
f 1803 1168 1166
f 2441 2461 2492
f 1884 1886 1618
f 2493 2494 2444
f 912 2212 2211
f 2444 2494 2467
f 277 276 869
f 1676 712 1424
f 256 92 1903
f 237 278 238
f 760 111 148
f 185 187 1234
f 1173 2078 2195
f 1718 2397 2168
f 1386 732 731
f 44 2109 2110
f 1078 1077 1459
f 734 1371 2429
f 1876 1329 765
f 295 685 296
f 1627 1366 2006
f 2495 870 1749
f 802 1182 579
f 769 2227 2307
f 1605 672 243
f 1042 1947 70
f 1833 1100 263
f 1064 1243 1065
f 1580 2221 1864
f 637 639 1322
f 2126 1441 2221
f 1654 431 1175
f 1891 1890 467
f 625 203 1860
f 1038 1307 1037
f 348 350 112
f 564 1477 565
f 47 49 2416
f 2280 1451 1453
f 1258 1188 91
f 889 1434 891
f 219 1868 220
f 1921 1907 2420
f 655 657 1332
f 1143 1551 480
f 21 1641 2303
f 498 2431 1933
f 1574 20 1153
f 2056 1203 404
f 589 1114 531
f 1127 1885 1884
f 2295 1609 1115
f 358 186 185
f 1524 1835 1525
f 1803 487 1166
f 2181 1881 20
f 903 2066 904
f 491 492 1126
f 1669 1067 1323
f 1979 831 1066
f 574 2278 202
f 2474 1524 1526
f 554 487 1803
f 1687 1172 1171
f 201 291 2125
f 199 289 200
f 60 476 61
f 2398 114 116
f 1952 2118 2117
f 10 1198 1200
f 1857 1431 2083
f 2449 2476 2477
f 1060 1873 1061
f 700 702 1164
f 253 2146 2145
f 1007 724 414
f 427 140 1719
f 566 1071 1070
f 2422 1410 2173
f 495 2231 496
f 437 181 1385
f 1572 2141 1573
f 1378 2058 73
f 2049 2496 1241
f 921 1547 2497
f 1241 2496 2017
f 411 2193 1992
f 124 1450 1187
f 1927 1408 1799
f 585 587 586
f 2116 224 1555
f 786 353 1180
f 91 1599 1598
f 1481 728 725
f 639 811 810
f 1899 582 443
f 1981 2072 837
f 1630 1421 428
f 2347 2346 1015
f 1415 1028 1999
f 645 419 420
f 1566 1972 2231
f 2052 1662 2053
f 678 1079 1914
f 323 325 324
f 698 1780 2417
f 906 1218 106
f 676 1832 100
f 1160 1869 1990
f 598 2154 2437
f 1504 2186 1317
f 717 2367 1528
f 258 508 370
f 2498 1547 921
f 367 886 982
f 1754 2354 2355
f 1007 414 724
f 785 352 353
f 599 2437 1478
f 1389 2226 2091
f 1369 2026 1401
f 2416 460 1645
f 207 206 2067
f 321 1581 322
f 1537 2499 2070
f 1389 2091 2090
f 1111 1968 1112
f 2207 849 2109
f 736 952 1458
f 1638 2382 945
f 1287 2327 1687
f 864 863 839
f 1792 926 1208
f 871 2042 872
f 1086 2382 1638
f 780 1337 781
f 2064 719 718
f 2500 2308 503
f 1827 553 555
f 516 452 451
f 1351 1057 1056
f 1033 834 832
f 94 799 1588
f 1737 2458 1370
f 351 152 1348
f 1235 936 937
f 617 357 618
f 2124 2239 1871
f 638 1987 639
f 795 1275 2309
f 1437 1859 245
f 2435 2501 2502
f 2435 2502 2436
f 2227 2082 753
f 13 12 1374
f 1301 1124 1635
f 1569 2333 1540
f 1479 2130 2129
f 1909 2015 554
f 2125 2144 1844
f 634 1358 2314
f 290 941 600
f 133 1070 2111
f 1365 391 2006
f 818 2288 2453
f 1183 241 755
f 271 1492 272
f 324 2292 2149
f 2436 2503 2456
f 1360 158 2153
f 2456 2503 2486
f 1607 1782 1632
f 2362 1263 1248
f 220 1868 369
f 2086 566 1070
f 2270 585 586
f 2046 1021 1841
f 1194 1196 2439
f 795 794 1275
f 2233 154 153
f 2489 2504 2505
f 2489 2505 2460
f 2460 2505 2491
f 2390 2391 2364
f 180 400 692
f 2224 949 948
f 1803 1166 1168
f 1673 1261 2278
f 1541 1611 1610
f 1778 2325 1779
f 849 74 730
f 666 665 1815
f 2348 16 1662
f 494 1051 1050
f 366 1184 885
f 1863 2407 2296
f 1170 1587 394
f 2150 825 824
f 361 892 362
f 1470 2189 1471
f 2126 2221 1580
f 1120 1135 664
f 773 897 539
f 1871 279 2349
f 575 574 1339
f 1523 759 2470
f 352 1831 41
f 1020 1719 1856
f 979 940 327
f 1880 1963 1768
f 1266 774 434
f 227 2093 135
f 1505 1317 564
f 1987 528 168
f 1580 81 83
f 687 1780 1239
f 2367 1215 1945
f 1133 1993 1994
f 2485 1979 2506
f 718 309 2507
f 1818 179 437
f 1808 1618 1617
f 1725 195 499
f 1925 649 650
f 1863 2296 2387
f 857 675 674
f 2284 703 2508
f 1790 2447 1791
f 2415 2472 2509
f 2415 2509 2448
f 34 908 165
f 983 1446 76
f 203 324 323
f 1428 970 1206
f 499 1933 1472
f 1979 829 831
f 910 1643 1340
f 308 2310 1036
f 711 2102 2490
f 554 2510 487
f 371 1 372
f 244 132 134
f 2448 2509 2389
f 638 126 128
f 1463 1535 1857
f 289 302 301
f 978 1663 979
f 890 2141 1572
f 2128 1633 1832
f 2476 2511 2477
f 297 296 53
f 554 2015 2510
f 645 644 420
f 1172 2077 1173
f 1620 458 2300
f 692 691 1000
f 2029 2373 257
f 2294 1213 2512
f 2251 130 129
f 1234 187 1235
f 1535 2306 2224
f 1813 1612 1069
f 1207 1792 1208
f 682 25 2021
f 124 2088 1450
f 2364 2391 1530
f 724 723 746
f 769 1676 1423
f 780 2390 1770
f 1682 1684 2118
f 1055 2043 2045
f 1558 807 647
f 509 511 1798
f 754 934 935
f 982 918 1563
f 1655 724 414
f 2513 1507 749
f 2370 209 229
f 1527 717 1528
f 1417 846 848
f 2009 397 1702
f 1009 1367 1908
f 183 2324 411
f 1984 1471 1415
f 2416 49 460
f 2392 1537 1536
f 616 618 1570
f 125 124 1852
f 666 665 1815
f 769 2514 2482
f 331 330 1558
f 2482 2514 2452
f 532 1866 247
f 2452 2515 2427
f 2427 2515 2516
f 638 128 1987
f 277 1905 2180
f 632 631 690
f 1011 1564 1012
f 1535 1667 2306
f 1486 149 601
f 1978 596 829
f 189 1942 6
f 1150 2223 541
f 90 91 1598
f 2413 614 1776
f 1785 1023 1022
f 1462 1021 1533
f 1870 1325 260
f 414 723 746
f 1795 1296 1298
f 260 981 216
f 1640 2480 617
f 94 1735 799
f 992 2425 1232
f 1099 1798 1077
f 1239 537 539
f 1982 532 2158
f 1894 1895 1372
f 1058 2517 882
f 1762 47 2416
f 2307 753 1113
f 1375 1112 2026
f 1006 2136 2135
f 1972 1499 2231
f 2353 1524 2474
f 506 508 258
f 209 19 228
f 1042 235 1947
f 1132 1131 146
f 769 2269 2268
f 1930 1236 741
f 2436 2502 2518
f 2144 2122 868
f 525 1013 526
f 1426 1554 1427
f 1397 248 1621
f 1138 1200 1729
f 148 111 112
f 2436 2518 2519
f 1024 1678 1523
f 2436 2519 2503
f 2002 1348 11
f 838 416 1814
f 946 1183 793
f 2503 2519 2520
f 2503 2520 2486
f 439 62 177
f 2486 2520 2487
f 1875 2424 520
f 1662 865 866
f 2488 2521 2489
f 1233 1232 20
f 2489 2521 2504
f 2505 2522 2491
f 886 885 1983
f 1782 1719 1632
f 2491 2522 2461
f 2170 1491 1492
f 2492 2523 2524
f 1947 2075 1836
f 2524 2523 2525
f 2524 2525 2493
f 1190 765 760
f 2493 2525 2494
f 1673 2254 1261
f 822 821 1883
f 1001 819 265
f 2494 2526 2467
f 668 2527 1204
f 1238 1807 464
f 977 979 115
f 2467 2526 2414
f 2414 2526 2528
f 316 2130 947
f 133 543 134
f 2150 1636 825
f 702 2041 319
f 1685 2023 2022
f 1312 597 599
f 684 1562 685
f 1264 166 678
f 518 1783 519
f 1460 2529 2098
f 724 746 723
f 135 137 1762
f 2081 1598 1904
f 2414 2528 2415
f 1341 683 1342
f 2098 2529 402
f 158 160 2070
f 1527 374 1848
f 2010 398 397
f 225 369 226
f 2220 1033 1032
f 477 275 628
f 467 469 488
f 2049 2359 1453
f 350 472 1541
f 2093 136 135
f 2010 2028 398
f 2049 1453 1576
f 2314 1876 2396
f 1791 2360 2287
f 1170 2277 1398
f 966 965 1470
f 685 1448 296
f 1347 2172 1313
f 1093 2037 578
f 1469 853 852
f 1791 2447 1304
f 1395 379 1450
f 1264 678 2324
f 1441 96 2221
f 802 579 2127
f 1599 1899 1600
f 1354 2295 1114
f 1346 2214 1347
f 1668 1857 2083
f 1280 2252 1834
f 2327 2009 1702
f 2509 2530 2389
f 274 1564 1011
f 2389 2530 2511
f 2389 2511 2476
f 2231 1499 1577
f 2198 1381 2076
f 953 1879 1265
f 2477 2531 2313
f 2313 2531 2478
f 1641 1803 1642
f 2479 2399 2166
f 2166 2399 2315
f 2315 2496 2049
f 893 52 1333
f 1745 164 620
f 2295 1115 1114
f 1771 1884 1618
f 441 1300 1386
f 2532 36 736
f 1120 1135 665
f 1899 443 2454
f 1407 2394 1408
f 476 2453 477
f 2218 2533 2219
f 207 1090 1215
f 1125 1127 2186
f 1688 2104 1417
f 1815 1648 1255
f 1255 1648 2483
f 1573 1355 1788
f 953 882 1879
f 1646 1461 1310
f 1442 2185 1301
f 2534 1162 2475
f 215 481 1720
f 1309 542 1789
f 2034 1376 502
f 2514 2535 2452
f 2452 2535 2515
f 1492 1766 272
f 2167 2104 1688
f 955 954 1774
f 96 98 1157
f 1062 1799 1804
f 414 724 746
f 1912 1849 1766
f 145 1309 1308
f 1288 1379 2036
f 1260 448 1510
f 325 264 150
f 769 2015 1909
f 2516 2515 2536
f 1204 1245 1244
f 789 2362 1801
f 120 643 121
f 1160 1990 2537
f 63 1930 64
f 2417 1780 687
f 1622 512 493
f 805 1932 1838
f 571 572 2088
f 2216 1474 1634
f 160 2183 1544
f 1876 1428 1206
f 684 261 626
f 1195 364 1196
f 762 1593 111
f 769 1109 2227
f 474 845 590
f 2047 544 2023
f 1434 1753 1752
f 1578 1577 182
f 1058 2182 2517
f 1596 552 790
f 124 571 2088
f 778 260 261
f 665 879 2000
f 794 755 1275
f 2196 2353 951
f 1539 367 1325
f 2501 2538 2518
f 2501 2518 2502
f 1027 282 242
f 2070 160 2183
f 2367 207 1215
f 1975 1518 2483
f 210 647 211
f 1634 820 942
f 733 1387 1873
f 2390 2364 1770
f 341 340 785
f 1704 1626 1108
f 552 2362 789
f 2351 580 289
f 895 687 896
f 1371 2208 2429
f 222 1797 223
f 2520 2539 2487
f 1753 731 1754
f 1739 2540 2498
f 2487 2539 2541
f 2487 2541 2488
f 723 724 1255
f 2488 2541 2521
f 1693 1969 438
f 2334 366 365
f 1180 108 1928
f 2542 1627 91
f 2522 2505 2543
f 2438 2420 1219
f 2522 2543 2544
f 2522 2544 2461
f 2461 2544 2545
f 2461 2545 2492
f 2492 2545 2523
f 270 272 1882
f 18 1269 2299
f 540 1150 541
f 2353 1715 1524
f 2297 122 363
f 721 1596 2335
f 2525 2546 2494
f 2494 2546 2526
f 1886 752 2495
f 355 1565 1564
f 2333 2334 365
f 817 2288 818
f 1696 1971 705
f 2214 2412 1197
f 844 845 474
f 1942 1186 624
f 807 809 2234
f 203 323 738
f 679 790 789
f 410 401 686
f 1716 2147 1717
f 2547 1195 1194
f 1082 2033 2323
f 787 786 1180
f 2415 2548 2472
f 2371 1894 1372
f 482 396 1953
f 701 1429 1430
f 430 1310 1085
f 1180 2279 108
f 1563 918 217
f 2158 740 1972
f 724 723 746
f 1766 2471 1767
f 414 724 723
f 1584 1855 1382
f 1298 994 2276
f 296 362 2103
f 1819 718 798
f 665 1815 1648
f 419 723 746
f 738 1406 1922
f 1115 1609 2295
f 2106 178 2107
f 886 1983 919
f 2549 656 1331
f 1340 1643 1092
f 1675 1184 366
f 2472 2548 2509
f 2509 2548 2550
f 1273 1654 1653
f 1873 2312 1259
f 1275 179 2309
f 115 327 326
f 1210 1211 659
f 519 1726 2020
f 2509 2550 2530
f 456 1331 457
f 1586 1402 1817
f 1525 594 1761
f 2530 2551 2511
f 1022 492 491
f 461 2032 2325
f 1080 1081 1501
f 306 308 1036
f 567 1579 321
f 1482 1481 1675
f 374 1529 375
f 159 2184 160
f 1619 1749 1894
f 2451 2552 2479
f 2361 2025 2184
f 1782 2395 1719
f 2479 2552 2399
f 2123 1569 1539
f 1011 1013 629
f 2399 2553 2315
f 2315 2553 2496
f 1919 2117 1920
f 1919 1952 2117
f 1338 202 625
f 635 170 636
f 1464 2190 2192
f 594 2402 696
f 136 1920 1762
f 1529 1528 375
f 708 1390 1392
f 769 2138 432
f 2554 2512 2136
f 584 962 2273
f 2316 2555 1890
f 2224 883 949
f 1934 281 1995
f 1119 1345 1347
f 1730 1690 964
f 939 1514 1516
f 413 414 724
f 1425 310 283
f 1479 1963 2130
f 769 2308 2500
f 2202 1586 1817
f 1570 389 388
f 381 1024 1523
f 211 377 212
f 898 522 911
f 2429 2447 1790
f 1984 2097 2096
f 2556 2213 1608
f 1016 701 700
f 2018 2022 1454
f 1923 1486 2005
f 1972 1096 1499
f 2516 2536 2557
f 2516 2557 2558
f 41 43 2279
f 1547 1549 2100
f 2384 339 2418
f 2517 1659 1878
f 1600 1899 2454
f 98 1843 1844
f 1753 1386 731
f 2094 292 1769
f 609 632 690
f 221 220 369
f 1938 1185 938
f 2558 2557 2559
f 2558 2559 2501
f 1135 1576 1120
f 436 435 630
f 868 236 1663
f 199 289 200
f 724 414 723
f 1538 2070 2069
f 221 369 368
f 2510 373 487
f 2006 391 393
f 1594 1478 2071
f 1774 1291 1773
f 979 1664 940
f 2501 2559 2538
f 1562 218 1448
f 1115 1609 1285
f 2538 2559 2518
f 1901 1296 1795
f 1660 2319 2048
f 718 2507 78
f 1966 483 593
f 341 787 2560
f 2430 1804 808
f 58 55 63
f 1844 868 978
f 885 727 1983
f 341 785 787
f 1450 1552 1763
f 845 474 1740
f 2169 1019 821
f 51 1863 52
f 2453 273 275
f 599 598 2437
f 769 1423 1075
f 1280 1834 1281
f 2498 921 920
f 292 2095 293
f 2539 2561 2541
f 155 1592 138
f 2541 2561 2521
f 512 135 513
f 2504 2562 2505
f 2505 2562 2543
f 1359 2416 1645
f 503 2308 1113
f 2523 2545 2563
f 2350 277 869
f 2523 2563 2546
f 2523 2546 2525
f 359 185 389
f 1066 1669 672
f 843 37 2564
f 1976 1354 1353
f 369 662 2175
f 2526 2565 2528
f 1689 1411 2485
f 712 2490 2294
f 251 1457 252
f 2528 2565 2548
f 2528 2548 2415
f 262 151 150
f 2189 1706 1471
f 329 331 1558
f 1219 1624 1220
f 1920 48 47
f 1953 2257 1527
f 1458 2160 961
f 2425 1827 1656
f 2318 455 84
f 115 326 116
f 224 1119 1555
f 2283 44 46
f 413 724 723
f 2352 1982 2158
f 1934 1995 1751
f 1933 1750 2267
f 289 301 290
f 406 1210 659
f 200 289 199
f 199 2351 289
f 2566 2039 2212
f 1832 1633 1100
f 1030 499 1473
f 1374 1110 1375
f 1063 1062 1107
f 2219 2030 656
f 1135 665 666
f 1745 1788 164
f 817 2289 2288
f 1868 662 369
f 769 1 371
f 1273 431 1654
f 1786 956 644
f 1722 1588 1723
f 2154 212 1921
f 187 936 1235
f 817 2475 2289
f 1740 474 1576
f 674 676 577
f 1097 459 1098
f 2097 1637 1681
f 586 585 1383
f 1381 1840 2076
f 456 2549 1331
f 1344 1752 1754
f 743 466 1973
f 855 1711 1449
f 2082 221 368
f 2477 2567 2531
f 2531 2567 517
f 2531 517 2478
f 2478 517 2451
f 386 917 485
f 1178 1561 556
f 2182 1469 1659
f 769 1273 1272
f 1414 1027 1028
f 91 1793 1627
f 2568 864 841
f 836 2156 2155
f 1126 1050 1885
f 2335 790 679
f 823 977 115
f 1005 2512 2554
f 1780 230 232
f 1291 1720 1736
f 1786 956 419
f 918 886 919
f 80 1425 79
f 2555 1274 467
f 280 2194 2063
f 2431 281 1934
f 595 1479 2129
f 1986 774 1266
f 2000 1647 1961
f 677 1092 1094
f 1240 1667 2084
f 1009 1908 1584
f 1984 1415 2097
f 1189 765 1190
f 505 504 306
f 2110 850 1395
f 830 28 2343
f 2111 2112 2237
f 1070 2442 2112
f 769 2569 2514
f 1647 420 1517
f 2514 2569 2535
f 2113 699 1512
f 1218 1220 106
f 1496 601 603
f 1162 700 1164
f 2016 2319 1660
f 2288 273 2453
f 1786 644 645
f 2421 1649 333
f 1728 1727 2359
f 1611 2398 1612
f 1080 286 815
f 1482 1675 2333
f 1523 1678 757
f 2536 2515 2557
f 1045 577 2210
f 334 1034 162
f 2446 424 423
f 429 1310 430
f 606 119 974
f 2462 1087 1615
f 1942 1935 6
f 340 1073 352
f 1655 1043 724
f 770 2153 2499
f 2182 1659 2517
f 2570 2253 2216
f 2009 2010 397
f 1585 1401 1402
f 1274 468 467
f 37 36 2564
f 131 1715 2353
f 2559 2571 2518
f 2064 2230 719
f 163 162 1290
f 957 413 644
f 229 207 2367
f 1331 656 655
f 288 1716 1718
f 226 369 2175
f 665 2000 1815
f 2352 1595 1982
f 620 164 1264
f 2385 1997 2462
f 2385 1614 1665
f 1128 915 2152
f 2518 2571 2519
f 1901 1755 1296
f 226 2093 227
f 195 194 1445
f 2475 1164 2289
f 2458 2211 1370
f 2519 2572 2520
f 1998 1997 2385
f 904 1672 1671
f 2520 2572 2573
f 891 1434 1344
f 2520 2573 2539
f 1745 1573 1788
f 2539 2573 2561
f 755 756 180
f 2269 1889 1891
f 9 1199 10
f 187 627 936
f 1071 2342 1072
f 937 525 673
f 603 602 1068
f 2545 2544 2574
f 2046 1462 1461
f 2545 2574 2563
f 1364 381 1523
f 2563 2575 2546
f 404 406 658
f 2466 1630 1996
f 1231 2327 2246
f 2529 2143 402
f 382 116 2157
f 1783 384 2328
f 329 1063 330
f 1775 1777 2095
f 1629 2001 582
f 1662 16 1147
f 1904 1560 2180
f 206 2068 2067
f 1094 1093 1251
f 1593 348 112
f 2202 1817 1661
f 1876 1206 1329
f 1156 730 1791
f 1188 1627 2542
f 888 442 1434
f 2335 1596 790
f 563 565 806
f 585 1584 1382
f 1515 2164 1419
f 82 1158 823
f 1561 812 445
f 1267 1896 1769
f 1612 2398 382
f 343 1377 2342
f 2157 328 1446
f 326 328 2157
f 2458 911 2211
f 299 1773 1328
f 14 1714 15
f 201 289 291
f 2513 749 2363
f 1405 1404 1594
f 1659 854 1878
f 1750 1735 94
f 1721 1723 1460
f 732 1387 733
f 457 1330 1901
f 421 1255 1518
f 1998 2385 11
f 155 138 2395
f 1773 1736 592
f 1937 1553 1409
f 731 733 2354
f 2237 694 693
f 1767 105 107
f 1766 1850 2471
f 2530 2576 2551
f 1349 1998 11
f 2551 2577 2511
f 2511 2577 2477
f 423 425 2480
f 249 2549 456
f 2294 2512 1005
f 926 31 1842
f 1620 249 456
f 748 634 914
f 2195 2197 714
f 1814 1363 1362
f 771 770 1537
f 310 625 2241
f 2290 1164 641
f 2130 1963 2220
f 2017 1135 1120
f 280 1992 2194
f 1513 1698 1721
f 274 356 1564
f 1081 815 1501
f 1827 555 1828
f 1365 759 391
f 2564 36 2532
f 707 776 459
f 232 538 537
f 985 1374 2074
f 152 2235 1348
f 1973 466 2412
f 1374 1368 1367
f 2101 2268 2102
f 743 464 466
f 1570 359 389
f 268 269 605
f 1434 442 1753
f 1624 1626 1703
f 113 1610 602
f 1595 588 1982
f 1621 2300 1985
f 1285 1964 1436
f 2026 795 1401
f 1688 1417 31
f 523 1948 524
f 1611 1307 2225
f 1476 1771 1808
f 542 1542 1789
f 1250 2213 2556
f 43 1040 1924
f 1240 2084 1534
f 2054 2107 2087
f 2506 1979 1066
f 1611 2225 2398
f 378 1009 1584
f 2261 2150 463
f 781 968 989
f 2197 2196 951
f 1225 1294 1238
f 1072 2207 2442
f 557 1594 1849
f 2044 2152 385
f 669 668 1203
f 1885 1052 752
f 1532 765 1189
f 1427 1556 970
f 24 305 2021
f 1902 10 1137
f 2432 1128 2152
f 2220 2329 1033
f 818 2453 476
f 2258 2269 1212
f 42 1372 1040
f 79 2190 1464
f 216 1563 217
f 1055 2045 1228
f 1067 2085 1324
f 2480 425 59
f 1023 1468 1622
f 1454 1456 188
f 1905 1904 2180
f 1238 1294 1807
f 551 552 1596
f 56 58 1252
f 1818 2105 437
f 768 1362 1260
f 364 122 1504
f 1767 107 473
f 1665 1614 1111
f 902 1902 1481
f 1842 1962 997
f 2517 1878 882
f 2385 2462 1614
f 192 1411 1199
f 1503 1505 564
f 2571 2578 2519
f 2519 2578 2579
f 1791 1304 1306
f 1330 1755 1901
f 570 1270 1269
f 672 1323 1010
f 2208 1029 1031
f 2519 2579 2580
f 2519 2580 2572
f 2572 2580 2573
f 2573 2580 2581
f 756 609 400
f 1504 1125 2186
f 2573 2581 2561
f 659 1211 18
f 1838 1932 616
f 956 645 644
f 167 169 703
f 2561 2582 2521
f 2219 656 2549
f 2521 2582 2504
f 2504 2582 2583
f 2504 2583 2562
f 2562 2583 2543
f 182 184 1872
f 1383 586 1661
f 2543 2584 2544
f 2544 2584 2574
f 971 2250 1787
f 2574 2585 2563
f 2563 2585 2575
f 1932 805 1639
f 2575 2586 2546
f 1361 159 158
f 1440 97 1843
f 1996 1630 428
f 2546 2586 2587
f 2546 2587 2526
f 1880 1546 1963
f 1959 1055 1227
f 1743 11 68
f 498 1445 2431
f 1568 462 461
f 1955 1426 1877
f 2190 283 648
f 1071 344 2342
f 2526 2587 2565
f 611 1574 1153
f 411 2324 2066
f 1618 2495 1749
f 301 303 290
f 2466 943 1630
f 2155 1775 2094
f 2296 1677 801
f 1995 484 1819
f 602 1813 1811
f 704 706 2252
f 1154 2406 2262
f 1579 2126 1580
f 339 806 340
f 1330 1332 1755
f 621 1999 622
f 105 905 106
f 1821 1056 1181
f 2018 1685 2022
f 75 1451 2280
f 378 1584 585
f 130 300 131
f 2499 2153 2070
f 2554 2136 1006
f 1826 2361 2184
f 1583 745 2154
f 597 1583 598
f 2334 1675 366
f 977 1845 978
f 667 21 2484
f 1679 567 320
f 1131 520 1284
f 54 362 1224
f 430 1085 1087
f 1585 1402 1586
f 1576 590 1120
f 782 607 240
f 277 2180 278
f 387 386 1293
f 1983 966 1471
f 1057 1469 2182
f 1558 2430 808
f 2289 1164 2290
f 2530 2550 2576
f 1070 1072 2442
f 2576 2330 2551
f 2551 2330 2577
f 1815 666 1648
f 88 1014 637
f 249 2219 2549
f 213 1049 214
f 2007 1674 763
f 2507 309 78
f 656 689 311
f 256 1903 277
f 482 2277 396
f 1169 1743 68
f 2471 1850 1218
f 1292 1293 1326
f 1316 1767 473
f 1380 1464 2192
f 1076 1078 2042
f 576 857 577
f 625 202 204
f 1625 1466 1626
f 2407 2018 2296
f 465 1295 547
f 2388 1223 1245
f 574 1673 2278
f 1797 64 223
f 2214 1197 1493
f 1540 2333 365
f 413 412 414
f 914 2314 764
f 1319 1271 960
f 1620 456 458
f 75 77 1451
f 826 2534 2475
f 879 590 2073
f 2454 443 812
f 288 2167 814
f 1662 1147 865
f 858 816 562
f 1319 960 1320
f 653 1473 1699
f 769 2588 2569
f 2569 2588 2535
f 2535 2481 2515
f 1044 1046 174
f 628 275 1011
f 1358 1955 1877
f 535 2108 634
f 1977 2325 1778
f 1809 1808 1073
f 2070 160 1544
f 2212 2039 248
f 1261 173 1262
f 1402 2105 1818
f 1732 1427 970
f 1917 1778 913
f 2022 1455 1454
f 68 13 985
f 697 1848 698
f 2044 2432 2152
f 1655 1242 1043
f 510 683 1341
f 1246 2139 821
f 1067 2343 2085
f 1047 1049 213
f 2338 1893 424
f 1031 1473 653
f 1817 437 1661
f 276 278 1606
f 1220 1704 1651
f 1023 1623 492
f 2216 2253 1474
f 854 1846 2174
f 775 2276 335
f 861 860 990
f 1007 437 414
f 2571 2559 2578
f 964 2485 2506
f 1874 2424 1875
f 1150 1501 2223
f 1834 2570 2216
f 2168 2397 846
f 2589 10 1902
f 902 2589 1902
f 108 1924 109
f 145 542 1309
f 726 966 1983
f 895 2417 687
f 321 322 1307
f 1918 704 1280
f 2561 2581 2590
f 486 17 19
f 1326 1327 2140
f 2199 474 845
f 2561 2590 2582
f 165 908 1340
f 2582 2591 2592
f 2582 2592 2583
f 2583 2592 2543
f 2029 257 398
f 594 696 1761
f 2543 345 2584
f 2045 385 1292
f 2584 345 2574
f 437 413 414
f 2473 2218 249
f 821 2046 1883
f 102 104 552
f 2586 2575 2593
f 2586 2593 2587
f 1727 75 2280
f 915 404 658
f 1010 1323 2317
f 2023 2201 2061
f 2118 708 1393
f 2587 2594 2565
f 417 1938 1695
f 2138 2392 1936
f 464 1807 465
f 1854 1938 417
f 874 1302 875
f 729 1790 730
f 2209 1031 653
f 2565 2595 2548
f 644 1786 645
f 1904 2454 1560
f 624 1258 91
f 2398 116 382
f 2231 1577 496
f 520 145 144
f 142 843 143
f 392 1041 69
f 59 424 60
f 2433 669 2423
f 1127 1884 1771
f 402 2143 233
f 2095 2016 1660
f 122 1772 1125
f 1262 324 203
f 1068 1811 1069
f 2423 1203 1129
f 1707 1394 691
f 1727 2281 1453
f 2308 2307 1113
f 909 1060 910
f 1754 33 32
f 1634 942 1101
f 1034 1047 213
f 1517 421 1518
f 1724 670 282
f 259 2386 2251
f 1012 1566 495
f 2023 2061 1455
f 48 707 49
f 417 1695 2162
f 1819 2064 718
f 2094 2095 292
f 2073 1961 2000
f 2550 2596 2576
f 1889 2316 1890
f 985 13 1374
f 32 1344 1754
f 596 315 26
f 2397 1286 846
f 723 413 724
f 375 1943 772
f 517 519 2451
f 51 2018 2407
f 2451 519 2552
f 628 1011 629
f 939 1516 1418
f 55 1236 1930
f 70 1947 1226
f 2399 2359 2553
f 2553 2359 2496
f 1098 2358 510
f 510 1495 683
f 1717 1286 2397
f 625 66 65
f 1047 1229 1048
f 1199 1411 1689
f 2183 2184 2304
f 1969 1459 254
f 2048 2151 1029
f 157 90 92
f 539 2344 688
f 735 2532 736
f 727 726 1983
f 2324 1914 2066
f 613 1570 388
f 2201 2237 693
f 1751 1819 797
f 63 55 1930
f 1084 1357 1547
f 2483 1648 1975
f 34 2355 908
f 190 192 1199
f 1240 1534 1533
f 1643 1794 1092
f 2000 1961 420
f 1645 1097 1631
f 176 178 2106
f 769 2316 1889
f 346 1180 1929
f 296 2103 2057
f 671 1066 672
f 800 2296 801
f 2087 2116 1956
f 1991 660 486
f 2588 2228 2535
f 2535 2228 2481
f 2564 2532 735
f 2490 2102 2294
f 590 1960 879
f 2404 2261 462
f 944 946 793
f 455 1235 84
f 2515 2481 2597
f 1765 1747 265
f 487 1489 1965
f 2032 2598 2326
f 317 589 318
f 98 1845 1158
f 1269 1271 2299
f 1237 1225 1238
f 1083 2323 1357
f 2254 1064 173
f 592 1966 593
f 1707 998 1394
f 1994 2413 2156
f 113 1541 1610
f 1189 1485 1484
f 504 754 307
f 964 2506 671
f 644 956 645
f 937 1705 85
f 706 1701 791
f 1671 1673 574
f 769 1889 2269
f 1075 816 858
f 255 651 56
f 2312 766 1259
f 61 476 475
f 140 1351 1370
f 1374 12 1110
f 719 1339 309
f 1120 664 1135
f 1236 742 741
f 1756 2272 1757
f 1147 1768 1479
f 644 645 419
f 2559 2599 2547
f 2559 2547 2578
f 2214 1314 2172
f 2251 2386 130
f 1388 208 209
f 2560 787 1179
f 673 527 2124
f 1213 1861 2600
f 662 663 1951
f 1834 2252 2570
f 946 239 1183
f 788 1854 417
f 2137 900 1482
f 969 1897 2372
f 2296 1454 1677
f 2071 2438 1219
f 2396 1876 764
f 330 1107 1558
f 997 143 788
f 2271 1498 1942
f 112 350 1541
f 1918 1697 704
f 2581 2601 2590
f 2471 1218 905
f 2590 2601 2582
f 2230 573 575
f 1411 2053 1662
f 200 289 201
f 2543 2592 2602
f 2543 2602 345
f 2180 812 1177
f 106 1220 1650
f 834 1133 835
f 2191 2190 648
f 2585 2513 2575
f 2575 2513 2593
f 850 730 1395
f 1877 1426 1428
f 1050 1052 1885
f 2301 1680 1639
f 420 419 421
f 2593 2603 2587
f 1417 848 1962
f 1676 710 712
f 2015 373 2510
f 709 1392 777
f 2587 2603 2594
f 1997 1087 2462
f 1504 122 1125
f 1785 935 1467
f 906 106 907
f 1387 2311 1873
f 812 1561 1178
f 2390 1139 873
f 5 4 615
f 2565 2594 2595
f 2156 2413 1775
f 1153 20 1759
f 411 2066 2193
f 1530 875 1916
f 2025 117 2184
f 724 723 746
f 84 2298 85
f 2138 771 2392
f 1957 1959 1649
f 1133 2156 835
f 557 1849 1912
f 1830 1617 2371
f 401 403 1041
f 2371 1372 42
f 1525 1835 594
f 848 931 842
f 2223 1591 1543
f 1712 2070 1713
f 1908 1369 1585
f 844 1767 38
f 1262 175 324
f 2316 1274 2555
f 1656 1828 21
f 527 497 2124
f 1411 1413 2485
f 1300 1207 1209
f 372 3 7
f 343 1267 1853
f 1190 760 1485
f 2576 2596 2330
f 445 695 1403
f 1776 388 454
f 1394 998 691
f 2577 2604 2477
f 413 723 644
f 1726 2328 75
f 2477 2604 2567
f 1012 495 497
f 1861 902 901
f 337 338 1707
f 315 2129 316
f 2496 2359 1453
f 178 222 224
f 1232 21 20
f 2496 1453 2017
f 1717 2245 1286
f 1055 2044 2043
f 1510 448 857
f 1361 1826 159
f 2116 1555 1554
f 521 1148 1025
f 1107 2430 1558
f 1209 1981 2311
f 2036 1379 35
f 1879 854 2174
f 1619 1894 2371
f 707 709 776
f 2160 2356 2365
f 1139 1141 874
f 413 414 724
f 71 70 269
f 1776 1487 1777
f 854 1985 1986
f 273 354 274
f 1924 1373 1925
f 675 1279 2128
f 1769 2155 2094
f 931 2036 35
f 1582 744 745
f 1649 1959 1227
f 303 277 2350
f 1171 1173 2195
f 104 2113 1512
f 956 644 419
f 77 76 1740
f 2061 1851 1498
f 54 1224 1237
f 2151 193 1480
f 453 452 2424
f 2130 1032 947
f 267 266 1133
f 1740 77 1575
f 1853 1378 1377
f 2328 384 1926
f 543 2111 2237
f 511 510 1341
f 2597 2481 2605
f 1337 1336 968
f 458 457 1900
f 76 77 1740
f 123 571 124
f 2241 625 310
f 927 416 838
f 219 1074 1868
f 1373 649 1925
f 965 1729 2189
f 1493 199 1858
f 2327 1172 1687
f 1761 863 862
f 2485 1413 1979
f 217 2096 1694
f 840 2171 895
f 744 331 1558
f 1689 2485 1690
f 872 2042 1256
f 1075 560 816
f 1705 673 194
f 1023 1622 1623
f 2147 2245 1717
f 676 2128 1832
f 1052 1145 750
f 729 2019 1790
f 1306 1305 1678
f 2164 24 23
f 2578 2547 2606
f 2578 2606 2579
f 1005 2554 1006
f 1280 704 2252
f 890 1344 2141
f 2579 2606 2580
f 577 676 100
f 377 376 1906
f 2580 2607 2581
f 1993 1839 867
f 2581 2607 2601
f 395 1829 715
f 56 651 57
f 2591 2582 341
f 2591 341 2592
f 1707 338 998
f 980 2466 2236
f 2039 2038 248
f 941 2350 869
f 666 1815 1648
f 1963 1765 2329
f 1152 2608 2205
f 843 2564 735
f 344 343 2342
f 694 46 571
f 2387 2296 800
f 2372 1002 2373
f 459 776 1098
f 1550 1142 1457
f 1893 826 817
f 590 1108 880
f 1387 1209 2311
f 770 2499 1537
f 812 1560 1561
f 1403 1311 1312
f 1065 1044 174
f 2594 1189 2595
f 1852 124 1186
f 1631 1097 1099
f 1952 1682 2118
f 2595 1189 2548
f 484 280 2063
f 604 1583 597
f 2034 501 2035
f 1869 167 703
f 825 1636 2305
f 1886 2495 1618
f 80 79 1464
f 2548 1189 2609
f 2602 1179 345
f 939 961 1514
f 2360 1306 1678
f 299 370 1774
f 1547 1357 1548
f 880 419 645
f 300 1328 1784
f 1270 2537 958
f 2609 1189 2548
f 848 847 931
f 90 1598 2081
f 1873 1259 1061
f 2102 1213 2294
f 960 959 1320
f 769 2101 711
f 250 249 248
f 262 263 151
f 2420 1907 1624
f 675 2128 676
f 2548 1189 1484
f 2548 1484 2550
f 769 1075 1074
f 930 2123 1390
f 649 438 176
f 791 792 1474
f 511 1342 255
f 1041 1042 1910
f 2064 2063 2230
f 721 2335 2050
f 702 317 2041
f 2550 1484 2596
f 1564 1566 1012
f 1418 1420 1971
f 846 1286 1088
f 641 642 354
f 2596 1486 2330
f 1976 2295 1354
f 1523 2470 1365
f 259 258 298
f 1722 94 1588
f 753 2082 754
f 896 687 2233
f 2168 846 1416
f 2137 1482 2333
f 1014 638 637
f 2042 1078 1692
f 2475 1162 1165
f 1002 506 2401
f 1361 1824 1826
f 830 26 28
f 2292 152 2394
f 988 563 339
f 645 420 421
f 2610 2611 2612
f 264 263 1191
f 714 951 36
f 2354 1060 909
f 1890 2555 467
f 1730 964 1731
f 91 1188 2542
f 162 213 1290
f 696 698 2171
f 2362 104 1263
f 1514 2568 1515
f 145 1025 540
f 855 1681 1711
f 59 61 358
f 2189 282 1706
f 769 710 1676
f 1739 2498 515
f 2447 2208 2209
f 961 2365 1514
f 1615 1638 945
f 55 54 1236
f 2077 129 2078
f 2597 2481 2613
f 2597 2613 2481
f 2537 1990 2285
f 2118 1684 708
f 25 24 2021
f 1928 110 1506
f 2481 2613 2605
f 2236 1996 1348
f 688 2344 1592
f 1561 445 1700
f 1964 1132 887
f 1924 171 109
f 871 1810 1076
f 1829 1327 2369
f 1039 1745 620
f 843 735 1854
f 744 647 646
f 2237 2283 694
f 1406 1408 1169
f 2133 67 1062
f 2422 2173 191
f 1933 1751 1750
f 2568 841 2164
f 1473 93 95
f 479 1483 2614
f 33 2355 34
f 1373 1693 649
f 1546 1746 1747
f 1487 1488 2318
f 615 4 156
f 2280 1453 2281
f 1408 1741 1743
f 1999 1028 244
f 1968 793 2026
f 2147 2320 2245
f 2506 1066 671
f 1158 977 823
f 1844 2144 868
f 454 2318 1488
f 2547 1194 2439
f 2254 173 1261
f 2547 2439 2606
f 2606 2439 2580
f 2580 2439 986
f 769 711 710
f 2580 986 2607
f 2607 986 2384
f 2437 2420 2438
f 634 2314 914
f 399 398 1283
f 2337 1761 862
f 2607 2384 2601
f 1141 1303 1302
f 2601 2419 2582
f 1457 1142 252
f 1857 1535 1431
f 2582 2419 341
f 341 2560 2592
f 2592 2560 2602
f 2323 2035 1457
f 1046 1026 1497
f 345 347 2574
f 2574 347 1507
f 2574 1507 2585
f 769 1272 2316
f 2585 1507 2513
f 1695 938 1696
f 622 408 1686
f 2593 2007 2603
f 2162 1695 1918
f 1755 1439 1296
f 2603 2007 2594
f 544 2201 2023
f 310 1136 283
f 2498 2410 1547
f 1421 429 428
f 722 1016 1161
f 1598 1600 1904
f 1408 1743 1169
f 1378 73 72
f 738 2149 1406
f 224 223 1117
f 827 99 101
f 2309 179 437
f 958 2285 959
f 128 127 1987
f 133 2111 543
f 1012 497 527
f 2279 43 108
f 919 1984 2096
f 2594 1531 1189
f 2135 2137 2333
f 645 956 644
f 1053 2044 1054
f 1090 1089 1216
f 1624 1906 1837
f 110 170 635
f 2097 1415 1637
f 1710 2158 1972
f 2215 558 1491
f 140 1056 1821
f 2354 733 1060
f 1073 1831 352
f 325 150 2292
f 1270 1160 2537
f 1383 1382 586
f 76 1447 2199
f 569 1160 1270
f 69 268 963
f 2126 1314 1441
f 418 417 2162
f 364 1504 1503
f 2073 419 1961
f 2032 463 2598
f 1602 1601 332
f 2419 339 341
f 1250 1249 2213
f 2475 1165 1164
f 1757 1778 1917
f 1397 1621 1469
f 89 1322 569
f 883 882 953
f 1212 1891 467
f 478 861 479
f 1484 1486 2596
f 2386 298 300
f 2054 176 2106
f 740 739 1095
f 1120 1576 1135
f 2268 2258 2102
f 2577 2330 603
f 2577 603 2604
f 2604 603 2567
f 1495 261 828
f 1578 1872 1871
f 519 2020 2552
f 2552 2020 2399
f 321 1579 1581
f 2399 2049 2359
f 2570 2252 2253
f 579 615 580
f 2359 2049 1453
f 240 609 756
f 64 1118 223
f 1332 313 1755
f 1273 1653 1274
f 2017 1120 1135
f 1793 1627 1629
f 1296 1439 1297
f 1135 1120 665
f 2328 1926 75
f 2230 575 719
f 66 1922 67
f 1048 1941 1170
f 822 1883 1646
f 101 1833 262
f 913 2615 804
f 1474 2232 1634
f 714 2197 951
f 2167 1718 2168
f 1621 1620 2300
f 1447 2199 845
f 2124 1871 2274
f 1168 1167 2346
f 2153 158 2070
f 2107 224 2116
f 1515 2568 2164
f 2366 862 2568
f 1236 1238 742
f 2199 845 1575
f 1267 1769 1853
f 1514 2366 2568
f 2078 131 2196
f 1102 996 1103
f 1008 1367 1009
f 345 1179 346
f 970 567 1679
f 1789 1207 1300
f 970 972 567
f 501 480 1551
f 745 646 210
f 1684 1390 708
f 1122 551 1596
f 755 180 400
f 1514 2365 2366
f 2498 2455 2410
f 450 1280 1279
f 961 2160 2365
f 1928 108 110
f 2481 505 2613
f 2077 2251 129
f 1015 126 638
f 2327 1702 1172
f 1552 1364 1763
f 1757 1977 1778
f 2540 2455 2498
f 1199 1730 1200
f 695 2273 1311
f 2613 2616 2605
f 1206 1679 1163
f 1829 2369 716
f 980 2008 2466
f 1963 1747 1765
f 2431 2349 281
f 2159 2353 2474
f 657 313 1332
f 377 1008 378
f 49 707 459
f 2290 641 354
f 2319 84 86
f 2605 2616 2599
f 2599 2616 2617
f 2143 234 233
f 1765 2080 2329
f 2024 1756 1758
f 1977 461 2325
f 243 132 244
f 261 684 828
f 191 2173 1411
f 1527 1529 374
f 2196 131 2353
f 474 473 590
f 2599 2617 2132
f 88 1322 89
f 1473 1472 2267
f 2599 2132 1194
f 1639 1680 1640
f 2599 1194 2547
f 1615 1967 1111
f 2225 83 2398
f 879 2000 1961
f 2618 2619 2620
f 1396 2212 1397
f 1962 141 997
f 1283 2251 2077
f 746 723 1255
f 62 64 1797
f 1664 1491 2170
f 1929 1928 1506
f 1674 749 914
f 98 96 1157
f 560 1424 1389
f 1242 1043 413
f 1631 1099 1810
f 2384 2418 2601
f 100 1833 101
f 1678 1513 758
f 2314 1877 1876
f 2601 2418 2419
f 1478 2437 2071
f 1508 1804 985
f 565 1477 1073
f 2446 2338 424
f 196 198 24
f 290 303 2350
f 118 1917 119
f 679 789 680
f 440 1299 441
f 1129 2056 404
f 2480 59 357
f 2513 2363 2593
f 507 163 508
f 2593 2363 2007
f 1597 1036 120
f 1634 2232 820
f 76 2199 77
f 1592 911 1737
f 475 477 627
f 1755 313 1439
f 2594 2007 1531
f 953 1265 950
f 1700 1405 557
f 2402 697 696
f 1196 1503 987
f 2442 44 2283
f 958 2537 2285
f 968 1520 1897
f 2035 501 1457
f 833 2238 1267
f 1114 1116 531
f 1445 2274 2431
f 1003 507 506
f 1089 1193 1216
f 1770 2364 1520
f 1968 944 793
f 1101 942 2008
f 913 1779 2615
f 1411 1662 1412
f 712 2294 1004
f 1481 1137 728
f 2495 752 870
f 1953 1527 2402
f 79 1425 2190
f 243 1010 2317
f 776 778 2358
f 2193 2066 903
f 586 2202 1661
f 2000 1961 1647
f 862 864 2568
f 2034 502 501
f 2008 942 943
f 569 1159 1160
f 809 1509 1008
f 146 145 887
f 761 1206 1329
f 950 1432 1202
f 569 1322 1159
f 1382 1855 2202
f 406 405 1210
f 1723 2143 2529
f 2286 523 522
f 652 654 1305
f 109 171 170
f 1484 1923 1486
f 1058 882 1356
f 254 56 1252
f 98 1844 1845
f 232 231 538
f 2330 1496 603
f 603 1018 2567
f 2567 1018 517
f 2013 1746 1546
f 1670 1956 1955
f 2386 300 130
f 1681 1637 876
f 1413 1662 1978
f 1363 2162 449
f 489 2119 9
f 1176 1937 1409
f 1453 1576 2017
f 2017 1576 1120
f 2589 8 10
f 973 975 1001
f 382 2157 383
f 683 685 295
f 1055 1054 2044
f 590 879 1960
f 1342 651 255
f 2527 2388 1204
f 33 1754 2355
f 1632 1719 1020
f 515 2498 920
f 1791 2287 380
f 154 688 155
f 2135 2333 1569
f 2560 1179 2602
f 332 2421 333
f 2038 249 248
f 1429 1494 317
f 1761 2171 1980
f 2317 133 132
f 1534 2084 1535
f 1964 887 889
f 963 605 269
f 963 268 605
f 928 2163 929
f 614 388 1776
f 2078 129 131
f 1348 1998 1349
f 769 2500 2588
f 2588 2500 503
f 2588 503 2228
f 1702 399 1282
f 1244 87 89
f 1561 1700 556
f 1773 1291 1736
f 1808 1617 1830
f 427 1821 1666
f 656 311 657
f 880 645 419
f 179 2309 437
f 1339 625 1892
f 1384 692 1242
f 2125 600 2144
f 1116 1285 1436
f 2159 2474 2160
f 2437 1921 2420
f 2323 1457 1357
f 2173 1502 2052
f 532 531 1866
f 138 427 1719
f 1987 168 811
f 2070 2183 160
f 722 2050 1016
f 1109 219 221
f 2245 1287 1286
f 1550 1143 1142
f 1025 1150 540
f 1475 1246 821
f 783 434 436
f 657 311 313
f 403 233 1042
f 2355 909 908
f 1726 75 1727
f 1086 2083 1201
f 1933 2431 1934
f 605 604 1312
f 61 475 186
f 2455 1084 2410
f 1763 1364 1366
f 1160 810 1869
f 1460 1723 2529
f 88 637 1322
f 1640 423 2480
f 2132 1195 1194
f 2008 943 2466
f 1680 2446 423
f 165 1340 2012
f 531 1116 1437
f 300 1784 131
f 665 666 1815
f 2061 123 125
f 1194 1195 2547
f 2373 1002 2401
f 551 2266 102
f 550 559 2621
f 1824 2265 1825
f 1361 2265 1824
f 523 2079 2622
f 1568 2265 2404
f 2622 2623 2624
f 2030 2219 2533
f 1174 923 1152
f 2625 2473 2610
f 2626 2465 2464
f 1277 2266 1122
f 559 1571 2627
f 524 1948 1950
f 1089 2628 2629
f 2404 2265 1442
f 2039 2566 2630
f 1571 1760 2631
f 1887 1174 2205
f 1174 2632 2205
f 2039 2610 2473
f 1760 2065 2633
f 1567 2265 1568
f 2272 2265 1567
f 206 1816 2121
f 2634 2340 2635
f 2065 2134 2636
f 2340 2637 2638
f 2204 2255 2205
f 2255 1887 2205
f 1360 2265 1361
f 2249 2340 2638
f 2639 2204 2640
f 2255 2204 2639
f 2641 2218 2642
f 1442 2266 2185
f 206 2121 2618
f 2341 2643 2340
f 2533 2644 1151
f 2185 2266 1277
f 2206 2645 2445
f 2206 2445 2640
f 550 2646 2647
f 2443 2648 2649
f 2643 2650 2635
f 2345 2255 2468
f 2533 2641 2644
f 103 102 2266
f 2414 2345 2468
f 2630 2651 1950
f 2444 2443 2652
f 2445 2444 2469
f 769 1909 2653
f 103 2266 2653
f 2654 2068 2620
f 2265 2655 2656
f 2493 2444 2652
f 2467 2414 2468
f 2566 2212 2630
f 2068 206 2620
f 2524 2493 2652
f 912 524 2651
f 1948 523 2464
f 2610 2039 2630
f 1122 2266 551
f 1825 2265 2024
f 523 2624 2465
f 2218 2641 2533
f 1360 770 2265
f 770 769 2265
f 1193 1192 2657
f 2621 2658 2646
f 2024 2265 1756
f 2218 2473 2642
f 1089 2068 2628
f 1756 2265 2272
f 1140 2653 991
f 1139 2653 1140
f 1376 2653 859
f 553 2653 1909
f 991 2653 992
f 2473 2625 2642
f 859 2653 1278
f 514 2653 1739
f 2632 1174 1152
f 2623 2465 2624
f 1089 2629 1192
f 1091 2653 514
f 992 2653 2425
f 2148 2653 1091
f 2631 1760 2633
f 1571 2631 2627
f 2034 2653 1376
f 2634 2635 2637
f 2659 2443 2660
f 2540 2653 2455
f 2265 769 2653
f 2204 2206 2640
f 1827 2653 553
f 2649 2659 2661
f 2640 2445 2469
f 550 2647 703
f 2255 2639 2468
f 2630 1950 1949
f 1739 2653 2540
f 2656 2655 2662
f 2390 2653 1139
f 103 2653 2113
f 923 2533 1151
f 1400 2653 1082
f 2265 2656 2266
f 1193 1216 1217
f 2455 2653 1399
f 2464 523 2626
f 2033 2653 2034
f 1399 2653 1400
f 2285 2284 959
f 1320 959 2663
f 1278 2653 779
f 2113 2653 2148
f 779 2653 780
f 2068 2654 2628
f 1082 2653 2033
f 780 2653 2390
f 2425 2653 1827
f 1217 1216 1193
f 2664 1949 2611
f 2621 2665 2658
f 1949 2612 2611
f 2635 2340 2643
f 2649 2648 2659
f 1192 2629 2628
f 2666 1949 1948
f 2634 2631 2633
f 2630 2664 2611
f 2444 2467 2469
f 2620 206 2618
f 2662 2653 2266
f 2634 2637 2631
f 2618 2667 2619
f 1321 1320 2663
f 1320 2667 2663
f 1321 2663 2668
f 2636 2134 2248
f 2266 2656 2662
f 2645 2206 2669
f 2640 2206 2639
f 2652 2443 2648
f 523 2465 2626
f 1193 2657 2623
f 2670 2610 1949
f 2610 2612 1949
f 2670 1949 2612
f 2671 2284 2508
f 2508 703 2647
f 923 2672 2533
f 2667 1320 2663
f 2340 2634 2637
f 2620 2619 2654
f 2664 2630 1949
f 2612 1949 2670
f 1321 2668 2121
f 2610 2630 2611
f 2673 1949 2666
f 2674 2206 2205
f 550 2621 2646
f 2443 2649 2648
f 2653 2655 2265
f 524 1950 2651
f 2381 2661 2659
f 2443 2659 2648
f 2624 523 2622
f 2623 2657 2465
f 2248 2134 2249
f 2381 2659 2661
f 2492 2524 2675
f 2665 2508 2647
f 2441 2492 2675
f 2445 2645 2443
f 2630 2212 912
f 2630 912 2651
f 2671 2676 2284
f 2284 2676 2677
f 959 2284 2677
f 2671 2678 2679
f 2671 2679 2676
f 2676 2679 2677
f 2677 2679 959
f 2679 2680 959
f 2663 959 2680
f 2678 2681 2682
f 2678 2682 2679
f 2679 2682 2683
f 2679 2683 2680
f 2682 2684 2683
f 2680 2683 2685
f 2680 2685 2663
f 2663 2685 2619
f 2619 2667 2663
f 2681 2686 2687
f 2681 2687 2682
f 2682 2687 2688
f 2682 2688 2684
f 2684 2688 2689
f 2684 2689 2683
f 2683 2689 2685
f 2686 2690 2691
f 2686 2691 2687
f 2689 2692 2685
f 2685 2692 2693
f 2685 2693 2619
f 2619 2693 2654
f 2687 2691 2694
f 2687 2694 2688
f 2688 2694 2689
f 2689 2694 2695
f 2689 2695 2692
f 2692 2695 2696
f 2692 2696 2693
f 2693 2696 2654
f 2690 2697 2698
f 2690 2698 2691
f 2691 2698 2694
f 2696 2695 2628
f 2696 2628 2654
f 2698 2699 2700
f 2698 2700 2694
f 2694 2700 2701
f 2694 2701 2695
f 2695 2701 2702
f 2695 2702 2628
f 2628 2702 2703
f 2697 2704 2705
f 2697 2705 2698
f 2698 2705 2699
f 2699 2705 2700
f 2700 2705 2706
f 2628 2703 1192
f 2704 2707 2705
f 2700 2706 2708
f 2700 2708 2701
f 2701 2708 2709
f 2701 2709 2702
f 2702 2709 2710
f 2702 2710 2703
f 2703 2710 2657
f 2703 2657 1192
f 2707 2711 2712
f 2707 2712 2705
f 2705 2712 2713
f 2705 2713 2706
f 2706 2713 2714
f 2706 2714 2708
f 2708 2714 2709
f 2644 2715 2716
f 2644 2717 2715
f 2644 2641 2717
f 2715 2718 2716
f 2715 2717 2718
f 2641 2625 2717
f 2641 2642 2625
f 2717 2719 2718
f 2717 2625 2719
f 2716 2720 2721
f 2716 2718 2720
f 2718 2722 2720
f 2718 2719 2722
f 2719 2625 2722
f 2625 2670 2722
f 2625 2610 2670
f 2721 2723 2724
f 2721 2720 2723
f 2722 2670 2725
f 2724 2726 2727
f 2724 2723 2726
f 2723 2720 2726
f 2720 2728 2726
f 2720 2722 2728
f 2722 2725 2728
f 2725 2729 2728
f 2725 2670 2729
f 2670 2673 2729
f 2670 1949 2673
f 2726 2728 2730
f 2673 2666 2729
f 2727 2731 2732
f 2727 2726 2731
f 2726 2733 2731
f 2726 2730 2733
f 2730 2728 2733
f 2728 2734 2733
f 2728 2729 2734
f 2729 2735 2734
f 2729 2666 2735
f 2666 1948 2735
f 2732 2736 2737
f 2732 2731 2736
f 2733 2734 2738
f 2735 1948 2463
f 1948 2464 2463
f 2737 2739 2740
f 2737 2736 2739
f 2736 2731 2739
f 2731 2741 2739
f 2731 2733 2741
f 2733 2742 2741
f 2733 2738 2742
f 2738 2734 2742
f 2734 2743 2742
f 2734 2735 2743
f 2735 2463 2743
f 2741 2744 2739
f 2742 2743 2745
f 2743 2465 2745
f 2743 2463 2465
f 2740 2712 2711
f 2740 2739 2712
f 2739 2713 2712
f 2739 2744 2713
f 2744 2741 2713
f 2741 2746 2713
f 2741 2745 2746
f 2741 2742 2745
f 2745 2465 2747
f 2746 2714 2713
f 2746 2745 2714
f 2745 2709 2714
f 2745 2710 2709
f 2745 2747 2710
f 2747 2465 2710
f 2465 2657 2710
f 2508 2748 2671
f 2508 2621 2748
f 2621 2627 2748
f 2671 2749 2678
f 2671 2748 2749
f 2748 2627 2750
f 2748 2751 2749
f 2748 2750 2751
f 2750 2627 2751
f 2678 2752 2681
f 2678 2749 2752
f 2751 2627 2753
f 2627 2631 2753
f 2749 2751 2752
f 2751 2754 2752
f 2751 2755 2754
f 2751 2753 2755
f 2753 2631 2755
f 2681 2756 2686
f 2681 2752 2756
f 2755 2631 2757
f 2631 2637 2757
f 2752 2758 2756
f 2752 2754 2758
f 2754 2759 2758
f 2754 2755 2759
f 2755 2760 2759
f 2755 2757 2760
f 2757 2637 2761
f 2686 2762 2690
f 2686 2756 2762
f 2757 2763 2760
f 2757 2761 2763
f 2761 2635 2763
f 2761 2637 2635
f 2756 2764 2762
f 2756 2758 2764
f 2758 2765 2764
f 2758 2759 2765
f 2759 2766 2765
f 2759 2760 2766
f 2760 2763 2766
f 2763 2650 2766
f 2763 2635 2650
f 2690 2767 2697
f 2690 2762 2767
f 2762 2768 2767
f 2762 2764 2768
f 2764 2765 2768
f 2766 2650 2769
f 2767 2768 2770
f 2768 2765 2770
f 2765 2771 2770
f 2765 2766 2771
f 2766 2772 2771
f 2766 2769 2772
f 2769 2650 2772
f 2650 2643 2772
f 2697 2773 2704
f 2697 2767 2773
f 2767 2774 2773
f 2767 2775 2774
f 2767 2770 2775
f 2770 2771 2775
f 2643 2381 2772
f 2643 2341 2381
f 2704 2774 2707
f 2704 2773 2774
f 2775 2771 2776
f 2771 2777 2776
f 2771 2778 2777
f 2771 2772 2778
f 2772 2661 2778
f 2772 2381 2661
f 2707 2779 2711
f 2707 2774 2779
f 2774 2780 2779
f 2774 2775 2780
f 2775 2781 2780
f 2775 2776 2781
f 2776 2777 2781
f 2778 2661 2782
f 2644 2716 2783
f 2644 2783 1151
f 1151 2783 2784
f 1151 2784 2608
f 1151 2608 1152
f 2784 2783 2785
f 2784 2785 2608
f 1152 2205 2632
f 2716 2721 2783
f 2721 2786 2783
f 2783 2786 2785
f 2785 2786 2787
f 2785 2787 2608
f 2608 2787 2788
f 2608 2788 2205
f 2205 2788 2674
f 2721 2724 2789
f 2721 2789 2786
f 2724 2727 2790
f 2724 2790 2789
f 2789 2790 2786
f 2786 2790 2791
f 2786 2791 2787
f 2787 2791 2792
f 2787 2792 2793
f 2787 2793 2788
f 2788 2793 2674
f 2674 2793 2669
f 2674 2669 2206
f 559 2627 2621
f 2792 2791 2793
f 2793 2794 2669
f 2727 2732 2795
f 2727 2795 2790
f 2790 2795 2796
f 2790 2796 2791
f 2791 2796 2797
f 2791 2797 2793
f 2793 2797 2798
f 2793 2798 2794
f 2794 2798 2799
f 2794 2799 2669
f 2669 2799 2645
f 2732 2737 2800
f 2732 2800 2795
f 2799 2801 2645
f 2645 2801 2443
f 2737 2740 2802
f 2737 2802 2800
f 2800 2802 2795
f 2795 2802 2803
f 2795 2803 2796
f 2796 2803 2804
f 2796 2804 2805
f 2796 2805 2797
f 2797 2805 2798
f 2798 2805 2806
f 2798 2806 2799
f 2799 2806 2801
f 2801 2660 2443
f 2804 2803 2805
f 2806 2807 2801
f 2801 2807 2808
f 2801 2808 2660
f 2660 2808 2659
f 2740 2711 2779
f 2740 2779 2802
f 2802 2779 2780
f 2802 2780 2803
f 2803 2780 2781
f 2803 2781 2805
f 2805 2781 2809
f 2805 2809 2807
f 2805 2807 2806
f 2809 2781 2777
f 2809 2777 2778
f 2809 2778 2807
f 2807 2778 2808
f 2808 2778 2782
f 2808 2782 2659
f 2659 2782 2661
f 2668 2663 2667
f 2618 2668 2667
f 2508 2665 2621
f 2665 2647 2646
f 2665 2646 2658
f 2065 2636 2248
f 2065 2248 2810
f 2065 2811 2633
f 2065 2810 2811
f 2810 2248 2811
f 2248 2249 2811
f 2655 2653 2662
f 2637 2634 2249
f 2637 2249 2638
f 2634 2633 2249
f 2633 2811 2249
f 2204 2639 2206
f 2640 2812 2206
f 2640 2469 2812
f 2639 2204 2468
f 2204 2813 2468
f 2204 2206 2812
f 2204 2812 2813
f 2813 2812 2468
f 2468 2812 2469
f 2121 2668 2618
f 2814 2030 2815
f 2030 2533 2815
f 2533 2030 2815
f 2030 2533 2815
f 2533 2672 2815
f 2814 2815 2030
f 2030 2815 2533
f 2030 2533 925
f 2533 2815 2672
f 2533 2672 925
f 925 2672 923
f 2441 2816 2661
f 2441 2661 2381
f 2817 2652 2816
f 2652 2648 2816
f 2816 2648 2661
f 2648 2649 2661
f 2441 2675 2816
f 2675 2524 2816
f 2817 2816 2652
f 2652 2816 2524
f 1193 2623 2818
f 1193 2818 1216
f 1216 2818 1217
f 1217 2818 2079
f 2622 2624 2623
f 2622 2079 2624
f 2624 2079 2623
f 2623 2079 2818
f 1249 1263 2819
f 307 754 1785
f 920 2403 2820
f 1548 1357 2821
f 2114 480 2822
f 2405 1154 1759
f 225 227 2823
f 611 1154 2824
f 447 1059 2825
f 2302 253 2821
f 990 967 2826
f 612 2827 1916
f 1059 796 2828
f 1946 1805 2829
f 1014 2830 1015
f 2362 1248 2831
f 2302 2821 1357
f 1802 1494 2832
f 796 1940 2828
f 2325 2326 2833
f 1709 2819 1263
f 2305 1636 2834
f 2070 1544 2835
f 1919 1951 1952
f 1802 1801 2836
f 612 611 2837
f 368 225 1468
f 1142 1144 2838
f 253 2145 2839
f 2322 2331 2282
f 451 1875 2840
f 920 2820 2120
f 2841 8 2589
f 2322 2428 2842
f 2217 22 667
f 2217 667 22
f 1168 2830 1166
f 1875 1131 2840
f 2226 1004 2843
f 467 2829 1805
f 2516 2558 2427
f 1168 2347 2830
f 2844 921 2497
f 1636 720 2834
f 663 561 2845
f 117 2184 973
f 2184 117 973
f 1601 1603 1522
f 2557 2515 2846
f 1167 1965 2847
f 1601 1916 2848
f 2346 1167 2847
f 21 2303 2849
f 307 1785 754
f 2599 2559 2850
f 2597 2605 2851
f 2303 1221 2852
f 2853 2135 2163
f 2115 2114 2822
f 1250 2831 1248
f 1483 990 2826
f 505 2854 2613
f 2613 2854 2616
f 471 447 2825
f 611 2824 2837
f 2825 1059 2828
f 119 1917 2855
f 2446 2326 2598
f 2368 468 1176
f 1230 1144 2822
f 1597 2132 2856
f 2091 2226 2843
f 1916 2827 2848
f 2484 21 2849
f 2147 2146 2857
f 2179 2282 2858
f 253 2839 2821
f 1149 1148 922
f 1148 2403 922
f 2859 1035 1036
f 119 2855 974
f 967 969 2860
f 1154 2262 2824
f 1861 901 2600
f 901 900 2600
f 470 2861 446
f 1131 2213 2862
f 1917 913 2855
f 1802 2832 681
f 1940 1944 2828
f 1231 2863 1144
f 2864 1036 2310
f 1483 2009 2614
f 1549 1548 2821
f 1222 1221 1642
f 922 921 2844
f 136 2093 2092
f 2347 1015 2830
f 2070 1712 1713
f 120 1036 2864
f 1746 1545 2304
f 2145 1716 2839
f 2187 2282 2331
f 1004 1006 2843
f 1144 2115 2822
f 2865 1015 2346
f 2853 1006 2135
f 1976 2866 1608
f 2338 824 826
f 2383 1958 612
f 612 2837 2867
f 2132 2617 2854
f 2617 2616 2854
f 1957 2868 1958
f 1608 1250 2556
f 2868 612 1958
f 2827 612 2868
f 332 1601 2848
f 2559 2557 2846
f 2869 2847 446
f 446 2861 470
f 2869 446 2847
f 2869 1015 2870
f 2869 2346 2847
f 2869 2870 2346
f 2870 1015 2346
f 126 2869 470
f 2869 2847 446
f 2869 446 2871
f 2869 2871 470
f 1965 446 2847
f 1965 422 446
f 2872 2828 1059
f 2872 447 2828
f 2828 447 2825
f 2873 2872 1944
f 2872 2874 1944
f 1105 2875 2873
f 1105 471 2875
f 2873 447 2872
f 2873 2875 447
f 2875 471 447
f 471 2825 447
f 2873 1944 1733
f 1059 796 2872
f 796 2828 2872
f 1105 2873 1733
f 2872 2828 1944
f 2872 1944 2874
f 2179 2858 2031
f 2179 2031 1939
f 2187 2858 2282
f 2876 2031 2858
f 2876 2040 2031
f 2876 2858 2187
f 2434 2842 2877
f 2501 2877 2558
f 2878 2877 2501
f 2435 2878 2501
f 2434 2878 2435
f 2434 2877 2842
f 2434 2331 2842
f 2331 2322 2842
f 2434 2842 2877
f 2434 2877 2878
f 2428 2877 2842
f 2428 2427 2877
f 2427 2558 2877
f 2597 2851 2515
f 2515 2851 2846
f 2599 2851 2605
f 2850 2846 2851
f 2850 2559 2846
f 2850 2851 2599
f 2850 2846 2851
f 2850 2851 2846
f 1035 2859 505
f 505 2859 2854
f 2856 2859 1036
f 2856 2854 2859
f 2856 2132 2854
f 2856 1036 1597
f 2132 2616 2854
f 2132 2617 2616
f 2617 2132 2616
f 2856 2854 2859
f 2856 2859 2854
f 1022 2310 1785
f 643 2310 1022
f 643 120 2310
f 307 1785 2310
f 307 754 1785
f 225 2823 1468
f 512 227 135
f 512 2879 227
f 512 1468 2823
f 512 1622 1468
f 2880 2879 512
f 512 1468 2823
f 512 2823 1468
f 2823 2879 512
f 2823 227 2879
f 512 2879 2880
f 2092 1951 1919
f 136 2092 1919
f 2175 662 2092
f 2092 662 1951
f 1682 2845 2090
f 1682 2090 2845
f 1682 663 2845
f 1682 1952 663
f 1682 2845 2090
f 1682 2090 1683
f 561 2090 2845
f 561 1389 2090
f 2163 2843 1006
f 2163 2091 2843
f 2163 928 2091
f 2163 1006 2853
f 1213 2600 2512
f 2512 2600 2136
f 2600 2881 2882
f 2600 2882 2136
f 900 2883 2884
f 900 2137 2883
f 900 2884 2881
f 2884 2882 2881
f 2884 2883 2882
f 2883 2137 2882
f 2137 2136 2882
f 2600 900 2881
f 2589 2829 490
f 490 489 8
f 2589 490 2829
f 2589 902 2829
f 902 1946 2829
f 2589 2829 490
f 2589 490 2841
f 467 490 2829
f 2368 2885 468
f 2885 2886 468
f 468 2886 2119
f 2887 2886 2422
f 190 9 191
f 191 9 2887
f 2887 2422 2886
f 2887 2119 2886
f 2887 9 2119
f 2887 2119 2886
f 2887 2886 2119
f 2887 2886 2422
f 2887 2422 191
f 2368 1176 2885
f 2885 1176 2886
f 1176 2422 2886
f 1536 2888 1553
f 2348 2052 16
f 2888 2889 1553
f 1553 2889 1502
f 2890 2889 14
f 2052 2890 16
f 2890 14 2889
f 2890 1502 2889
f 2890 2052 1502
f 2890 1502 2889
f 2890 2889 1502
f 2890 2889 14
f 2890 14 16
f 1536 1538 2888
f 2888 1538 2889
f 1538 14 2889
f 2070 2835 1713
f 1713 1712 2070
f 1546 2835 1544
f 1880 2835 1546
f 1880 1713 2835
f 1880 2260 1713
f 2260 15 1713
f 1880 1713 2835
f 1880 2835 1713
f 2891 2892 2893
f 1001 2892 973
f 2893 2892 1001
f 2304 2894 1746
f 1001 2891 2893
f 2891 2894 2892
f 1746 2894 2891
f 2184 973 2304
f 2184 117 973
f 2304 2892 2894
f 2304 973 2892
f 1746 2891 1001
f 1102 974 2855
f 1102 1820 974
f 1102 913 803
f 1102 2855 913
f 2325 2833 2615
f 2325 2615 1779
f 2301 2326 1680
f 2301 2833 2326
f 2301 2615 2833
f 2301 804 2615
f 2301 2615 2833
f 2301 2833 2615
f 2150 824 463
f 824 2598 463
f 2338 2446 824
f 824 2446 2598
f 2534 2834 1161
f 2834 2895 2305
f 2534 1161 2834
f 2534 2896 2895
f 2896 2534 2895
f 2534 2305 2895
f 2534 826 2305
f 2834 2534 2895
f 2534 2834 1161
f 2534 1161 1162
f 720 1161 2834
f 679 681 1017
f 1017 2335 679
f 681 2832 1494
f 1429 701 681
f 701 1017 681
f 2866 2836 2831
f 2866 1608 1976
f 2866 2831 2836
f 2866 1802 2836
f 2866 1976 1802
f 1608 1250 2556
f 1608 2831 1250
f 2866 2836 2831
f 2866 2831 1608
f 1801 2362 2836
f 2362 2831 2836
f 2862 2819 2840
f 2862 2840 2819
f 2862 2213 2819
f 2213 1249 2819
f 2862 2819 2840
f 2862 2840 1131
f 1709 451 2819
f 451 2840 2819
f 2120 2820 2897
f 2120 2897 452
f 452 2897 2424
f 1148 2820 2403
f 1974 2820 1148
f 1974 521 2898
f 521 520 2898
f 1974 2897 2820
f 1974 2898 2897
f 2898 520 2897
f 520 2424 2897
f 1974 2897 2820
f 1974 2820 2897
f 2899 2100 1080
f 2899 1149 2844
f 1149 922 2844
f 2899 2844 2100
f 2497 1547 2844
f 1547 2100 2844
f 2302 2900 1357
f 1357 2900 2821
f 2900 1549 2821
f 2900 2901 1549
f 1716 2145 2839
f 2902 2145 1716
f 287 286 2903
f 2903 2901 2900
f 2903 286 2901
f 286 1549 2901
f 2903 2145 2902
f 2901 1549 2900
f 2900 1549 2901
f 2903 2900 2145
f 2302 1357 2821
f 2900 2821 2145
f 287 2902 1716
f 287 2903 2902
f 1142 2838 2146
f 1142 2146 252
f 1144 2863 1231
f 2320 2147 2904
f 2904 2147 2905
f 2904 1144 2906
f 2904 2838 1144
f 2904 2146 2838
f 2904 2905 2146
f 2905 2147 2146
f 2904 2146 2838
f 2904 2838 2146
f 2904 1231 2320
f 479 2907 480
f 2907 2908 2114
f 2907 2114 480
f 2908 2115 2114
f 2115 2822 2114
f 2009 1230 2909
f 2009 2909 2910
f 2910 2909 2908
f 2909 1230 2115
f 1230 2822 2115
f 2908 2909 2115
f 2009 2908 2614
f 2910 2908 2009
f 2907 479 2908
f 479 2614 2908
f 2028 2826 2860
f 2028 2911 2029
f 2028 2860 2826
f 2373 2860 969
f 2911 2860 2373
f 2028 1483 2826
f 2028 2010 1483
f 2029 2911 2373
f 2028 2826 2860
f 2028 2860 2911
f 2028 2029 2373
f 2029 2028 2373
f 967 2860 2826
f 1898 2912 2372
f 1603 2912 1522
f 2913 2912 1603
f 1603 1003 1002
f 1603 1002 2913
f 2913 1002 2912
f 1002 2372 2912
f 1898 1520 2912
f 1520 1522 2912
f 612 2868 1957
f 1958 2914 612
f 2421 2914 1958
f 2421 2848 2827
f 2421 332 2848
f 2421 2827 2914
f 2827 612 2914
f 2827 2868 612
f 2421 1958 1957
f 2837 2915 612
f 2837 612 2867
f 1053 1958 2916
f 1053 2383 1958
f 1053 2837 2824
f 1053 2824 2262
f 1053 2915 2837
f 1053 2916 2915
f 2916 1958 2915
f 1958 612 2915
f 1958 2383 612
f 2217 2917 20
f 20 2917 1759
f 669 2917 667
f 2918 2917 669
f 2918 2405 2917
f 2405 1759 2917
f 2405 2918 669
f 2217 667 2917
f 2217 22 667
f 2303 2852 2849
f 2527 668 2388
f 2388 668 2527
f 2388 1221 1223
f 2388 2527 2919
f 2527 668 2919
f 2388 2852 1221
f 2388 2849 2852
f 2388 2919 2849
f 2919 668 2849
f 668 2484 2849
f 2388 2849 2852
f 2388 2852 2849
f 2920 2921 1803
f 1803 2921 1642
f 1222 2922 2923
f 1014 2347 2830
f 2923 2347 1014
f 2922 1642 2921
f 2922 1222 1642
f 2921 2347 2923
f 1222 2923 1014
f 2922 2921 2923
f 2920 1168 2921
f 2920 1166 1168
f 2921 1168 2347
f 1168 1166 2830
f 470 2871 446
f 2040 2876 2187
f 8 2841 490
f 1494 1429 681
f 1608 2556 1250
f 2821 2900 2302
f 2839 2145 2821
f 1231 2906 1144
f 1231 2904 2906
f 1957 1958 612
f 2433 2405 669
f 1803 1166 2920
f 2830 2347 1168
f 1015 2869 126
f 2865 2346 1015
f 796 1059 2828
f 2854 2616 2132
f 2864 2310 120
f 1714 1713 15
f 1976 1608 2866
f 2899 1080 1149
f 2857 2146 2147
f 480 2114 2822
f 1897 1898 2372
