# rocket_back — converted + decimated for MAMABEAVER
o rocket_back
v 138.84467 168.04776 28.28773
v 139.71687 167.55618 31.72761
v 139.61160 168.19380 28.28773
v 140.45738 159.01343 56.01935
v 140.77792 159.09659 55.31306
v 141.10422 159.15314 56.01935
v 143.24634 153.07996 34.67125
v 143.55659 152.93497 35.30177
v 144.68575 153.57642 38.73657
v 129.18507 150.35074 0.00000
v 129.09531 150.99207 0.00000
v 130.99846 145.53273 0.00000
v 147.20883 153.58118 46.12988
v 147.29071 153.08528 46.12988
v 147.52100 153.37801 47.12505
v 161.75081 156.72194 4.48868
v 161.12357 155.62379 4.15346
v 160.94749 156.54845 4.15346
v 138.94551 158.36092 64.44691
v 139.23703 158.51367 64.44691
v 138.65366 158.20723 65.13291
v 152.25377 151.17670 57.42511
v 152.17674 150.68510 57.42511
v 152.81258 150.56941 54.29420
v 148.19824 156.64955 67.11178
v 148.57611 156.04190 67.11178
v 148.51187 156.42325 67.15513
v 141.23053 153.53789 35.30177
v 141.33694 153.62817 35.30177
v 140.45175 154.56364 38.73657
v 131.77101 163.63771 31.72761
v 132.33008 164.13617 31.72761
v 131.32924 164.10939 28.28773
v 160.90425 150.03784 4.00750
v 160.76091 149.12317 4.00750
v 160.40131 149.18860 3.81733
v 144.44231 147.33372 48.07033
v 143.92514 147.13908 48.07033
v 143.98920 146.93971 48.95431
v 154.86095 157.98752 39.29045
v 154.39012 157.08698 43.20953
v 155.11496 157.35980 39.29045
v 136.72313 154.98270 49.76557
v 136.87257 155.57729 50.49268
v 136.59660 155.04004 50.49268
v 141.99503 146.15735 51.71035
v 141.68407 146.17519 51.71035
v 141.66768 145.97548 53.31061
v 158.64709 163.88132 4.48868
v 159.18575 163.06071 4.48868
v 158.48785 162.62672 4.15346
v 126.29849 152.23969 28.28773
v 125.71503 153.03970 25.07680
v 125.16641 152.22118 22.06212
v 155.31003 154.00783 0.00000
v 155.36823 153.36287 0.00000
v 154.55083 157.14746 0.00000
v 145.96783 160.80984 62.22936
v 146.57845 161.01889 60.10414
v 146.83469 161.51772 57.42511
v 141.98004 145.69952 58.13891
v 141.98204 145.76031 56.01935
v 141.64664 145.71864 58.13891
v 151.63416 168.83575 4.00750
v 152.42435 168.35330 4.00750
v 152.22627 168.04611 3.81733
v 160.24048 153.68221 3.57327
v 160.27675 152.79572 3.57327
v 159.79646 152.78786 3.26565
v 139.97539 135.58214 2.90241
v 139.14795 135.71179 2.90241
v 140.13084 136.76291 2.04088
v 158.07339 152.75966 2.04088
v 158.06700 151.98061 2.04088
v 142.08110 159.92851 67.15513
v 143.17242 159.86595 67.15513
v 142.82100 160.04108 67.14609
v 138.89326 158.45494 58.81672
v 139.19995 158.58887 57.52038
v 139.18997 158.60907 59.55390
v 139.53426 147.30501 48.95431
v 139.45406 147.14883 49.76557
v 139.71991 147.02042 49.76557
v 142.11887 157.62086 46.12988
v 142.11447 157.88956 47.12505
v 141.58662 157.85497 47.12505
v 142.53052 153.64807 34.67125
v 143.19189 155.41414 39.75341
v 142.81721 155.13564 38.73657
v 148.27234 138.49893 31.72761
v 148.52937 137.90599 28.28773
v 149.23785 138.23402 28.28773
v 141.92531 144.02780 65.08008
v 141.50995 144.05161 65.08008
v 141.48669 143.76802 63.86619
v 148.76732 166.98843 28.28773
v 149.73996 167.17383 25.07680
v 149.01088 167.52599 25.07680
v 145.16385 162.86954 54.29420
v 146.13953 164.09758 47.08447
v 145.77840 165.02150 43.20953
v 151.01491 154.86118 62.22936
v 151.56387 154.52177 60.10414
v 151.45338 154.97867 60.10414
v 140.45596 159.01874 55.31306
v 132.87581 154.67467 60.10414
v 132.45450 155.28368 57.42511
v 132.32965 154.80202 57.42511
v 147.12997 162.09259 54.29420
v 147.45454 162.72449 50.81334
v 146.94653 162.96986 50.81334
v 143.13673 150.34532 28.15446
v 142.92104 150.26414 28.15446
v 142.90736 150.30672 28.60461
v 124.99973 159.29807 3.81733
v 125.35400 160.13397 3.81733
v 125.39120 159.14336 3.57327
v 138.76382 147.16647 51.71035
v 138.38954 147.17876 53.31061
v 138.65524 146.99806 53.31061
v 129.20845 151.64827 43.20953
v 129.18233 152.28690 43.20953
v 128.43562 151.59761 39.29045
v 135.22581 160.72313 54.29420
v 135.20526 161.61914 50.81334
v 134.74680 162.21664 47.08447
v 144.47932 141.95889 54.29420
v 143.95935 141.85988 54.29420
v 144.07507 141.15900 50.81334
v 142.01263 150.18221 24.35575
v 141.67459 150.23517 24.35575
v 141.89581 150.16924 24.82669
v 142.13611 150.46684 29.89917
v 141.74074 150.51889 29.89917
v 148.30771 133.49919 7.94705
v 147.83957 133.35509 7.94705
v 147.86948 133.25354 7.38982
v 156.57349 138.59189 4.48868
v 155.87373 137.90349 4.48868
v 155.98293 139.16342 4.15346
v 145.37567 157.99574 51.71035
v 145.75009 158.00183 53.31061
v 145.19373 158.32304 53.31061
v 153.59882 150.99962 50.81334
v 154.25243 150.30742 47.08447
v 136.83366 135.30833 16.49069
v 136.41338 135.44527 16.49069
v 135.99626 134.21648 8.78771
v 152.97702 167.53554 3.81733
v 152.14195 166.37021 2.90241
v 152.07019 164.93294 2.04088
v 151.44824 165.40213 2.04088
v 143.80130 164.64278 47.08447
v 144.39519 164.54971 47.08447
v 144.53384 165.31168 43.20953
v 155.01440 150.16878 43.20953
v 155.88121 150.69914 39.29045
v 138.40796 152.06340 41.87877
v 138.38344 152.43745 41.87877
v 138.03795 152.22699 42.95927
v 156.94275 156.44955 31.72761
v 157.11879 155.72153 31.72761
v 157.75049 155.85796 28.28773
v 147.72113 148.54547 57.52038
v 147.53903 148.26471 58.81672
v 147.73944 148.53236 59.55390
v 128.49649 150.92319 39.29045
v 127.66077 152.97600 35.42916
v 128.40794 152.27422 39.29045
v 147.27159 161.27957 57.42511
v 148.43143 162.16048 50.81334
v 147.94992 162.45447 50.81334
v 130.09190 157.28578 43.20953
v 130.34131 157.87425 43.20953
v 129.37161 157.57040 39.29045
v 152.29558 156.29866 54.29420
v 153.86316 156.24654 47.08447
v 145.28619 158.50307 55.31306
v 145.85976 158.17194 55.31306
v 145.57430 158.33978 56.01935
v 148.27792 147.17210 66.50078
v 148.13435 146.75928 65.93647
v 148.40889 147.05725 65.93647
v 137.72639 159.69836 65.08008
v 138.08501 159.90935 65.08008
v 137.94678 160.15805 63.86619
v 145.12489 147.24164 49.76557
v 144.59543 146.98053 49.76557
v 145.76443 156.18024 46.12988
v 146.31293 155.98726 47.12505
v 145.95132 156.37335 47.12505
v 146.76581 157.70322 66.55688
v 146.95140 157.40668 66.19351
v 147.01562 157.47305 66.55688
v 154.45486 168.74072 5.34410
v 154.85461 168.44130 5.08340
v 154.45958 168.74698 5.08340
v 158.37111 161.48534 3.81733
v 158.79253 160.68117 3.81733
v 158.00317 161.28085 3.57327
v 136.40074 151.83249 48.95431
v 136.18771 152.40152 49.76557
v 136.22633 151.81242 49.76557
v 140.33896 145.97360 54.01944
v 140.97345 145.74435 54.09842
v 133.06511 134.71063 4.48868
v 132.20323 135.18042 4.48868
v 132.61415 135.89215 4.15346
v 135.40567 152.05444 59.55390
v 135.39078 152.38847 58.81672
v 135.39473 152.72282 59.55390
v 150.48294 170.77492 7.38982
v 151.02415 170.76334 5.88842
v 150.57330 170.97432 5.88842
v 144.60298 154.98013 40.80547
v 144.83452 154.73291 40.80547
v 144.99055 155.11110 41.87877
v 146.74393 171.97638 4.48868
v 147.69414 171.73010 4.48868
v 147.46846 170.93985 4.15346
v 150.10350 147.93840 62.22936
v 150.25169 147.31023 60.10414
v 150.98230 147.43103 57.42511
v 135.83522 169.41786 3.57327
v 136.81995 169.25259 3.26565
v 136.00443 168.96829 3.26565
v 138.03169 146.03096 67.09568
v 137.64975 146.14638 67.01495
v 138.29443 145.73070 67.01495
v 143.59508 169.48151 22.06212
v 144.42664 169.39273 22.06212
v 144.11458 170.40868 16.49069
v 137.25894 144.83246 62.22936
v 136.62425 144.71529 60.10414
v 136.70906 143.97961 57.42511
v 153.22586 139.50760 22.06212
v 153.16676 138.21126 16.49069
v 153.51411 138.48463 16.49069
v 146.85484 144.12875 60.10414
v 146.68652 143.40761 57.42511
v 147.12726 143.63857 57.42511
v 129.39241 163.73424 22.06212
v 130.34860 163.97229 25.07680
v 129.26065 165.02522 16.49069
v 123.27509 159.97958 5.08340
v 123.47157 160.43877 5.34410
v 123.46436 160.44183 5.08340
v 145.89224 153.48857 41.87877
v 146.28227 153.38106 42.95927
v 146.17625 153.77669 42.95927
v 147.02028 144.75259 62.22936
v 147.25999 144.36710 60.10414
v 132.59384 139.09085 25.07680
v 132.88303 138.38986 22.75686
v 132.93568 138.48106 23.33481
v 157.85474 144.46021 3.26565
v 156.98036 143.96805 2.90241
v 157.38120 144.70343 2.90241
v 133.72087 169.69931 4.15346
v 134.24815 170.84880 4.48868
v 134.57504 170.09477 4.15346
v 132.08653 151.83691 57.42511
v 131.42000 152.32350 54.29420
v 130.70972 152.31189 50.81334
v 141.95299 167.75797 31.72761
v 142.70197 167.75183 31.72761
v 142.72310 168.39775 28.28773
v 131.34465 136.53412 8.78771
v 131.68245 136.31039 8.78771
v 131.84740 136.59608 10.74240
v 125.42377 161.11852 4.00750
v 125.86687 161.93143 4.00750
v 126.18341 161.74867 3.81733
v 140.38861 168.26878 2.04088
v 140.69478 165.60732 0.00000
v 140.05345 165.51753 0.00000
v 144.25388 153.63989 37.76899
v 148.04849 167.29309 28.28773
v 148.26538 167.84195 25.07680
v 147.50528 168.12096 25.07680
v 144.58400 152.30469 27.23068
v 144.57416 152.18773 26.75855
v 144.55341 152.07222 27.23068
v 137.90863 154.70560 45.09625
v 137.76724 155.06075 46.12988
v 137.53758 154.61366 46.12988
v 162.03044 149.88957 4.48868
v 161.87846 148.91982 4.48868
v 154.57643 158.60202 39.29045
v 155.55193 158.28708 35.42916
v 155.25189 158.93510 35.42916
v 133.21729 168.66840 3.81733
v 134.02145 169.08981 3.81733
v 134.20763 168.71228 3.57327
v 140.90552 136.68021 2.04088
v 141.12445 139.35027 0.00000
v 141.77098 139.31320 0.00000
v 148.76140 144.76958 57.42511
v 148.03279 144.90198 60.10414
v 148.76762 143.94434 54.29420
v 154.12427 167.52107 4.15346
v 158.42442 157.71210 22.06212
v 159.59947 157.16141 16.49069
v 159.47983 157.58694 16.49069
v 140.82983 155.66667 40.80547
v 140.68338 156.00455 41.87877
v 140.34718 155.83875 41.87877
v 153.04950 166.87787 16.49069
v 154.20578 167.62376 8.78771
v 153.83101 167.91379 8.78771
v 136.30261 155.90634 58.81672
v 136.47687 156.19174 58.81672
v 136.30365 155.90575 59.55390
v 148.50636 164.77222 39.29045
v 149.47751 165.10034 35.42916
v 148.85048 165.44214 35.42916
v 136.93687 134.06004 4.15346
v 136.03841 134.34064 4.15346
v 137.02312 134.36205 4.00750
v 145.55362 156.72212 47.12505
v 146.11856 156.54613 48.07033
v 123.34981 153.11713 4.00750
v 123.40280 154.04144 4.00750
v 123.76709 154.01158 3.81733
v 143.47940 148.52637 42.95927
v 143.08379 148.42035 42.95927
v 143.58244 148.20569 44.03557
v 153.22691 169.59805 5.34410
v 153.64761 169.32883 5.08340
v 153.23117 169.60463 5.08340
v 125.72328 162.56148 8.78771
v 127.06577 162.25969 16.49069
v 125.97516 162.96286 8.78771
v 128.66167 164.37509 16.49069
v 144.62929 141.26453 50.81334
v 144.19775 140.41592 47.08447
v 144.78828 140.52838 47.08447
v 126.13713 156.24591 25.07680
v 126.34029 157.02969 25.07680
v 125.81906 157.17854 22.06212
v 143.24300 136.62769 28.28773
v 142.46292 136.59578 28.28773
v 142.47258 136.00569 25.07680
v 131.17842 135.40186 5.34410
v 130.76213 135.67755 5.34410
v 130.75772 135.67107 5.08340
v 159.83775 148.84187 16.49069
v 161.00642 148.11554 8.78771
v 161.10837 148.57831 8.78771
v 131.17416 135.39526 5.08340
v 138.19284 159.71532 65.93647
v 147.68672 146.03624 65.08008
v 147.53616 145.54919 63.86619
v 147.87080 145.81927 63.86619
v 149.74980 137.19589 2.90241
v 148.98976 136.84401 2.90241
v 148.51607 137.93671 2.04088
v 145.77759 153.84546 41.87877
v 145.62849 154.18938 41.87877
v 143.25153 156.17287 41.87877
v 143.15041 155.81879 40.80547
v 143.60648 156.05238 41.87877
v 148.33392 150.07706 53.55986
v 148.06689 149.48776 53.55986
v 148.25903 149.75584 53.75671
v 142.79411 170.56679 3.57327
v 143.67990 170.51599 3.57327
v 143.64064 170.03725 3.26565
v 130.05333 168.33328 7.94705
v 130.38319 168.71220 7.38982
v 129.98889 168.41727 7.38982
v 144.97816 135.68900 22.06212
v 144.26103 134.60745 16.49069
v 144.69951 134.66338 16.49069
v 136.56575 171.64481 7.94705
v 137.00989 171.87964 7.38982
v 136.53586 171.74637 7.38982
v 153.62885 145.90305 0.00000
v 155.54297 143.89859 2.04088
v 153.29138 145.35034 0.00000
v 160.41890 144.24628 4.48868
v 159.26094 143.73788 4.15346
v 159.67033 144.58545 4.15346
v 131.03247 136.91196 4.15346
v 126.26134 165.15190 5.08340
v 126.58264 165.53429 5.34410
v 126.57663 165.53931 5.08340
v 143.36128 142.42854 57.42511
v 142.86571 142.38382 57.42511
v 142.90799 141.73892 54.29420
v 131.42831 137.46436 3.81733
v 146.86577 157.31819 64.44691
v 147.09657 157.08359 64.44691
v 146.87657 157.32936 65.13291
v 132.17905 136.95380 3.81733
v 160.17725 144.88176 8.72413
v 159.78178 144.00897 8.72413
v 160.07593 144.40169 8.66599
v 132.26338 138.62970 2.90241
v 132.95593 138.15871 2.90241
v 145.28880 144.30026 63.86619
v 144.99345 143.81419 62.22936
v 145.13232 143.38200 60.10414
v 132.95709 139.59776 2.04088
v 133.60130 139.15965 2.04088
v 136.39578 155.85255 64.44691
v 136.75235 156.40559 64.44691
v 136.73972 156.41464 65.13291
v 134.51756 141.77541 0.00000
v 130.55525 164.93578 22.06212
v 155.75725 139.38184 4.00750
v 154.84738 138.99933 3.81733
v 147.17128 156.31250 51.13962
v 147.52106 155.80714 51.13962
v 147.42078 156.11145 51.71035
v 148.02718 150.19827 51.13962
v 148.10454 150.16769 51.71035
v 148.27257 150.43950 52.20885
v 160.72626 157.46333 4.15346
v 161.52008 157.67604 4.48868
v 143.22156 150.43385 28.60461
v 127.44685 161.01923 22.06212
v 128.33824 161.43924 25.07680
v 127.88264 161.73299 22.06212
v 146.71252 152.57375 44.03557
v 146.69806 152.13135 44.03557
v 147.02747 152.34200 45.09625
v 158.78526 145.47173 16.49069
v 159.78976 144.53134 8.78771
v 133.30086 162.00430 43.20953
v 133.27689 163.02022 39.29045
v 132.77144 162.56958 39.29045
v 147.38219 140.55226 43.20953
v 147.06252 139.58765 39.29045
v 147.98978 139.15070 35.42916
v 129.57195 165.33907 16.49069
v 128.66191 166.26411 8.78771
v 148.90430 152.28056 64.44691
v 148.86592 151.62271 65.13291
v 148.91983 152.28004 65.13291
v 157.49757 148.13226 28.28773
v 157.26483 147.38704 28.28773
v 157.82367 147.19734 25.07680
v 122.27069 154.13428 4.48868
v 139.18951 170.75034 3.81733
v 139.25809 170.33502 3.57327
v 138.38651 170.16905 3.57327
v 142.76097 169.55463 2.90241
v 143.49980 168.31970 2.04088
v 142.72202 168.36429 2.04088
v 142.51131 133.63951 4.00750
v 142.50533 134.00497 3.81733
v 143.41246 134.04210 3.81733
v 147.25734 163.65585 47.08447
v 151.85675 169.22130 8.78771
v 151.83499 169.11208 9.41114
v 152.20963 168.88997 9.40931
v 125.14114 152.22076 2.90241
v 126.33832 153.01929 2.04088
v 126.33195 152.24025 2.04088
v 122.20648 152.17274 4.48868
v 122.21451 153.15430 4.48868
v 150.29799 162.69998 43.20953
v 151.29939 162.87277 39.29045
v 150.77945 163.30663 39.29045
v 137.29749 138.04974 31.72761
v 136.85542 138.96849 35.42916
v 136.59435 138.30783 31.72761
v 132.24815 158.24719 50.81334
v 131.25827 159.55650 43.20953
v 131.59593 158.62375 47.08447
v 127.02414 160.29648 2.90241
v 126.65987 159.54230 2.90241
v 141.49736 163.26097 54.29420
v 142.03679 162.63643 57.42511
v 142.01460 163.99290 50.81334
v 140.53499 149.91345 39.75341
v 140.05701 149.79643 40.80547
v 140.33234 149.59915 40.80547
v 139.82808 149.50800 41.87877
v 128.42514 157.17680 35.42916
v 128.67120 157.84720 35.42916
v 127.75246 157.40514 31.72761
v 157.36273 154.24397 31.72761
v 158.07492 153.54027 28.28773
v 158.00476 154.31784 28.28773
v 139.45355 165.22855 43.20953
v 139.95528 166.11226 39.29045
v 139.13106 166.72171 35.42916
v 139.58675 148.44278 45.09625
v 139.20168 148.71873 45.09625
v 139.01877 148.48828 46.12988
v 139.42731 148.19551 46.12988
v 139.28169 147.96965 47.12505
v 141.62965 161.24243 63.86619
v 142.05341 161.62183 62.22936
v 141.60599 161.60352 62.22936
v 139.39098 146.29442 58.81672
v 139.08987 146.43987 58.81672
v 139.39148 146.29552 59.55390
v 140.59566 154.21574 24.82669
v 140.65517 154.32388 26.75855
v 140.48384 154.16342 26.75855
v 145.15581 168.72993 25.07680
v 145.94862 168.56549 25.07680
v 146.07172 169.09340 22.06212
v 145.56305 158.32030 65.13291
v 145.83617 158.13535 64.44691
v 146.11737 157.96291 65.13291
v 138.11292 134.95995 16.49069
v 137.35811 133.80945 8.78771
v 138.10358 171.47902 8.76119
v 138.55083 171.67770 8.72413
v 137.61421 171.47542 8.72413
v 144.37421 153.44135 25.31007
v 144.39728 153.45135 26.75855
v 144.29346 153.66188 26.75855
v 132.20023 150.84854 57.42511
v 131.48921 151.26747 54.29420
v 131.56259 150.74327 54.29420
v 146.98874 151.86986 45.09625
v 147.30713 152.08141 46.12988
v 143.14607 144.29933 65.93647
v 142.74255 144.26292 65.93647
v 143.17145 144.07880 65.08008
v 142.83276 157.28604 45.09625
v 143.11952 157.53882 46.12988
v 151.20016 138.03078 22.06212
v 150.47937 137.60674 22.06212
v 150.95151 136.75714 16.49069
v 152.07567 150.19789 57.42511
v 153.39688 149.88982 50.81334
v 134.23683 168.65308 16.49069
v 134.09044 170.02127 8.78771
v 133.66289 169.81689 8.78771
v 139.28796 156.71127 46.12988
v 139.35620 157.07742 47.12505
v 138.92123 156.77638 47.12505
v 150.34712 153.84460 65.93647
v 150.40329 153.44336 65.93647
v 150.62383 153.46873 65.08008
v 136.54601 156.98940 54.21786
v 137.01329 157.52223 54.21786
v 137.12660 157.41255 54.34509
v 142.67967 148.35364 42.95927
v 142.93741 148.04973 44.03557
v 148.15662 155.80876 59.55390
v 148.29851 155.50609 60.35057
v 148.21896 155.46686 63.68680
v 130.26883 162.96564 2.04088
v 132.72183 161.67549 0.00000
v 132.28304 161.19923 0.00000
v 148.60394 150.32701 65.72253
v 148.76855 150.62495 66.19351
v 131.83026 166.01753 22.06212
v 131.59254 167.05341 16.49069
v 131.23857 166.78864 16.49069
v 148.90672 160.94701 54.29420
v 148.88701 160.12198 57.42511
v 137.71323 146.84329 54.21786
v 138.08804 146.75801 54.34509
v 147.81097 166.69206 31.72761
v 148.50060 166.39978 31.72761
v 146.75858 172.03917 7.38982
v 147.29164 172.13339 5.88842
v 146.80829 172.25238 5.88842
v 137.80545 157.68268 60.35057
v 137.86282 157.61504 63.68680
v 144.37740 161.82681 60.10414
v 144.83241 161.70888 60.10414
v 144.98639 162.24811 57.42511
v 138.09447 167.83194 2.04088
v 138.78786 165.24419 0.00000
v 142.03624 132.15660 5.34410
v 141.53703 132.16682 5.34410
v 142.03616 132.14877 5.08340
v 138.00723 147.21375 55.31306
v 138.27487 147.01872 56.01935
v 151.68924 164.45296 31.72761
v 152.69043 164.45894 28.28773
v 152.09099 164.95915 28.28773
v 135.87596 167.09390 28.28773
v 136.39178 167.93910 25.07680
v 135.42561 168.13272 22.06212
v 156.97777 140.77359 4.00750
v 156.10979 140.30374 3.81733
v 156.69147 141.00081 3.81733
v 144.32590 151.40935 26.28057
v 144.37901 151.51385 27.23068
v 125.84734 154.65317 25.07680
v 125.43936 155.55014 22.06212
v 125.30989 154.72392 22.06212
v 142.04681 151.31615 34.67125
v 141.58812 149.86427 38.73657
v 141.89636 150.17336 37.76899
v 138.29703 147.04962 64.44691
v 138.02464 147.23567 65.13291
v 138.56073 146.85150 65.13291
v 161.96741 155.26671 7.94705
v 162.02936 154.78084 7.94705
v 162.13454 154.79292 7.38982
v 150.96849 146.21844 54.29420
v 150.14351 146.19766 57.42511
v 151.79605 144.88609 47.08447
v 148.25208 154.12088 51.13962
v 148.39435 154.15900 52.20885
v 148.24445 154.44121 51.71035
v 152.89275 148.27554 50.81334
v 153.35857 147.44527 47.08447
v 153.59315 147.99876 47.08447
v 135.25432 138.43304 29.42038
v 135.14766 138.24832 28.28773
v 133.13387 155.57838 60.10414
v 132.77429 156.22577 57.42511
v 131.99088 155.96638 54.29420
v 140.63596 157.37602 46.12988
v 140.95325 157.16284 45.09625
v 141.12143 157.50612 46.12988
v 151.04794 134.56351 4.48868
v 150.15718 134.15111 4.48868
v 150.68445 135.30060 4.15346
v 149.19261 159.04675 60.10414
v 149.50543 158.69588 60.10414
v 149.60191 159.43010 57.42511
v 135.34357 158.51523 62.22936
v 135.64699 158.84454 62.22936
v 135.32077 159.16023 60.10414
v 143.24860 150.61787 23.10149
v 143.05910 150.52441 23.10149
v 143.28629 150.55008 23.48475
v 136.29759 144.25945 57.42511
v 135.44672 169.19531 16.49069
v 134.95995 170.39821 8.78771
v 136.35886 143.43646 54.29420
v 135.06871 142.54453 47.08447
v 135.42323 142.78963 49.06566
v 135.49159 142.90802 49.73317
v 145.88295 148.93817 46.12988
v 145.51611 148.59460 46.12988
v 145.68997 148.38968 47.12505
v 146.67583 159.43759 65.93647
v 147.01085 159.20976 65.93647
v 147.14015 159.39020 65.08008
v 135.04330 142.13156 45.30399
v 134.61758 141.91498 43.20953
v 135.00778 142.07004 44.94936
v 133.72780 140.67328 35.42916
v 134.27449 140.79994 37.54300
v 134.66487 141.47609 41.50709
v 147.07414 141.26283 47.08447
v 146.51689 141.03734 47.08447
v 146.78970 140.31250 43.20953
v 132.93759 139.57056 28.28773
v 133.60498 139.64034 30.59321
v 133.71181 139.82535 31.72761
v 133.11008 153.24550 62.22936
v 133.15761 153.69075 62.22936
v 132.70755 153.75000 60.10414
v 146.45856 144.84183 63.86619
v 132.07439 137.60713 16.49069
v 132.64009 137.96909 20.01132
v 132.72607 138.11801 20.98322
v 149.80064 158.33008 60.10414
v 150.24554 158.67148 57.42511
v 148.30473 140.12617 39.29045
v 148.63783 139.45074 35.42916
v 130.95610 136.80539 8.78771
v 137.58157 157.43385 65.72253
v 137.53485 157.48372 66.19351
v 138.09764 157.84973 56.01935
v 137.87985 156.68356 49.76557
v 137.99538 156.99203 50.49268
v 137.78003 156.78017 50.49268
v 137.67293 136.63757 25.07680
v 136.72580 136.36565 22.06212
v 145.60106 158.38612 60.35057
v 145.88579 158.21228 60.35057
v 145.55670 158.30933 63.68680
v 144.57275 138.14459 35.42916
v 143.86549 138.04559 35.42916
v 144.68846 137.44373 31.72761
v 139.27014 143.86102 62.22936
v 138.84978 144.01532 62.22936
v 138.68295 143.59314 60.10414
v 160.06984 157.28745 3.81733
v 128.83424 161.11945 28.28773
v 129.27327 161.76501 28.28773
v 140.39954 172.48209 7.38982
v 140.89046 172.52032 7.38982
v 140.37985 172.70012 5.88842
v 141.51888 148.74191 41.87877
v 141.45551 148.39371 42.95927
v 141.65790 148.36200 42.95927
v 137.93306 168.43431 25.07680
v 137.96956 170.00592 16.49069
v 137.54120 169.89676 16.49069
v 134.66672 167.78136 22.06212
v 134.61113 167.68098 22.41316
v 134.69875 167.52921 23.38727
v 142.94983 156.60620 42.95927
v 142.88647 156.25798 41.87877
v 143.34871 156.51318 42.95927
v 141.65115 145.77377 55.31306
v 141.32178 145.80894 55.31306
v 141.32249 145.81439 56.01935
v 145.72238 161.40677 60.10414
v 136.36719 164.33313 0.00000
v 136.95485 164.60519 0.00000
v 138.16664 165.06128 0.00000
v 127.34126 155.96515 31.72761
v 127.52919 156.69019 31.72761
v 126.71188 156.11189 28.28773
v 146.87083 149.80478 47.12505
v 147.07907 149.68456 48.07033
v 135.33980 153.40347 54.53094
v 135.51994 154.05814 54.66418
v 135.39938 153.39561 54.66418
v 124.76831 157.01892 16.49069
v 124.88446 157.44542 16.49069
v 123.63669 157.80174 8.78771
v 150.79495 170.28880 8.51623
v 150.82779 170.35680 8.36546
v 156.38460 140.06274 4.00750
v 148.97083 153.27856 58.81672
v 148.99966 152.94545 59.55390
v 148.92328 153.60953 59.55390
v 160.54187 150.08556 3.81733
v 160.63824 150.98833 3.81733
v 152.65781 142.38147 35.42916
v 152.14873 141.88066 35.42916
v 153.16827 141.88745 31.72761
v 156.20367 158.56961 31.72761
v 133.13918 158.34377 54.29420
v 133.43684 158.78146 54.29420
v 132.85941 159.19524 50.81334
v 122.22052 150.69682 7.38982
v 121.96384 151.17343 5.88842
v 122.00249 150.67714 5.88842
v 145.46255 157.55588 49.76557
v 145.94241 157.21201 49.76557
v 145.78763 157.50275 50.49268
v 146.86774 150.38623 46.12988
v 147.11252 150.27531 47.12505
v 146.25116 133.75513 4.15346
v 145.46039 132.76820 4.48868
v 145.32652 133.57906 4.15346
v 144.42204 152.20776 29.04594
v 144.33405 152.21935 29.47771
v 144.35129 152.42961 29.47771
v 148.83954 162.79343 47.08447
v 148.71371 163.77740 43.20953
v 144.94994 148.53055 45.09625
v 144.90721 148.15068 46.12988
v 137.61459 132.82277 4.64254
v 136.63673 133.00903 4.73857
v 130.72955 162.56161 31.72761
v 131.23708 163.11244 31.72761
v 130.24367 162.98772 28.28773
v 122.45215 150.71771 8.36546
v 122.48969 151.20790 8.51623
v 122.41435 151.20296 8.36546
v 127.74791 166.48924 4.55869
v 127.83185 166.40802 4.48868
v 138.62253 132.82414 4.48868
v 138.76965 133.63269 4.15346
v 143.23639 146.23872 51.71035
v 142.95084 145.99646 53.31061
v 139.38646 144.20367 63.86619
v 139.08734 144.61647 65.08008
v 138.98277 144.35185 63.86619
v 156.66066 145.94911 2.04088
v 156.32181 145.24759 2.04088
v 143.27565 154.58887 28.15446
v 143.35451 154.49500 28.60461
v 143.04930 154.64240 28.60461
v 147.57802 138.21797 31.72761
v 146.87076 137.97142 31.72761
v 134.41779 135.31836 4.00750
v 133.58411 135.72104 4.00750
v 133.75111 136.04617 3.81733
v 158.05577 151.20007 28.28773
v 157.84256 151.48399 29.50767
v 157.42493 151.48399 31.72761
v 158.96597 149.44975 22.06212
v 158.26819 148.75400 25.07680
v 131.51260 156.72437 50.81334
v 132.07590 168.78513 4.15346
v 133.03973 168.98788 4.00750
v 149.42049 152.26367 54.21786
v 149.36258 151.55733 54.21786
v 149.26288 152.26881 54.34509
v 131.61771 160.08504 43.20953
v 130.37601 160.97482 35.42916
v 130.60735 159.97620 39.29045
v 137.51195 171.89833 7.94705
v 137.96707 172.11110 7.38982
v 142.71446 158.74181 51.13962
v 143.32381 158.66158 51.13962
v 142.72127 158.82472 51.71035
v 144.55351 170.35637 16.49069
v 145.19193 171.57530 8.78771
v 144.72289 171.64291 8.78771
v 150.57387 157.15213 60.10414
v 151.06406 157.42453 57.42511
v 138.00601 156.56148 48.95431
v 138.09035 156.89064 49.76557
v 138.32109 154.03383 42.95927
v 138.00784 154.15762 44.03557
v 144.51646 150.47081 39.75341
v 144.19368 150.15326 39.75341
v 144.43564 149.86810 40.80547
v 146.31792 147.13686 65.72253
v 145.77242 146.75932 65.72253
v 146.08868 146.88521 66.19351
v 139.02594 157.60854 49.76557
v 129.30809 166.26735 4.00750
v 129.99916 166.88347 4.00750
v 130.23563 166.60477 3.81733
v 141.75139 153.41505 34.16002
v 141.89055 153.47136 34.16002
v 141.66278 160.73698 65.93647
v 142.06398 160.97551 65.08008
v 133.67030 154.48943 63.86619
v 148.94231 152.27931 56.01935
v 148.96902 151.94514 57.52038
v 141.64827 160.95850 65.08008
v 126.08536 162.89182 4.15346
v 126.34932 162.72163 4.00750
v 139.41190 161.18571 62.22936
v 138.98906 161.03830 62.22936
v 137.84363 159.50986 65.93647
v 157.20749 139.34108 7.94705
v 157.26190 139.29335 7.56608
v 157.29485 139.33969 7.59283
v 140.28951 150.08939 39.75341
v 156.31006 141.30353 16.49069
v 157.32648 140.49684 8.78771
v 142.16463 154.82516 24.35575
v 142.16420 154.85046 24.82669
v 141.93399 154.83537 24.82669
v 124.33302 162.24026 5.08340
v 124.58423 162.67197 5.34410
v 124.57744 162.67587 5.08340
v 149.78151 161.14197 50.81334
v 149.81651 162.09334 47.08447
v 138.85170 148.27777 47.12505
v 138.92285 147.92297 48.07033
v 157.21172 151.48399 32.83715
v 156.71361 151.48399 35.42916
v 130.70399 169.11388 4.64254
v 131.58023 169.58221 4.55869
v 130.75484 169.04044 4.55869
v 121.86955 153.16559 5.34410
v 121.89200 153.66438 5.34410
v 128.66425 167.68515 5.34410
v 129.04097 168.01282 5.34410
v 129.03590 168.01880 5.08340
v 147.47353 157.43665 54.21786
v 147.58916 157.07004 54.34509
v 147.11526 157.57602 54.34509
v 149.61354 141.79230 43.20953
v 149.07922 141.44156 43.20953
v 150.05429 141.15546 39.29045
v 139.84076 139.51927 0.00000
v 139.20667 139.65080 0.00000
v 146.40300 170.51419 3.81733
v 147.16626 169.88164 3.57327
v 146.30740 170.10425 3.57327
v 151.43571 166.81996 22.06212
v 151.96240 167.63684 16.49069
v 138.38911 158.63263 54.21786
v 139.00861 158.97690 54.21786
v 138.77124 158.67453 54.34509
v 161.43282 147.00850 4.48868
v 160.36197 146.33569 4.15346
v 160.64256 147.23416 4.15346
v 146.99120 160.79391 60.10414
v 151.79118 169.10774 4.15346
v 149.61543 139.16129 31.72761
v 143.31870 135.47267 2.90241
v 142.48186 135.43842 2.90241
v 143.24080 136.66109 2.04088
v 129.55795 166.00056 3.81733
v 130.50795 166.28378 3.57327
v 134.84534 169.47127 3.81733
v 148.94724 153.27585 57.52038
v 156.69328 161.51079 2.90241
v 156.07697 160.21039 2.04088
v 155.68192 160.88188 2.04088
v 141.46613 170.49538 16.49069
v 141.88675 171.80551 8.78771
v 141.41306 171.79195 8.78771
v 141.76611 156.29466 41.87877
v 141.72568 156.64627 42.95927
v 153.30550 155.47495 50.81334
v 152.74373 154.77660 54.29420
v 154.03294 155.66986 47.08447
v 151.51817 135.73749 4.15346
v 150.54553 135.58228 4.00750
v 137.98218 147.18217 57.52038
v 149.77631 155.78325 65.93647
v 149.97998 155.87154 65.08008
v 149.80518 156.24910 65.08008
v 155.81496 154.74734 39.29045
v 156.55801 154.87003 35.42916
v 148.71840 135.18808 3.81733
v 147.73233 135.28998 3.57327
v 148.57011 135.58203 3.57327
v 148.21339 136.52983 2.90241
v 147.79388 137.64445 2.04088
v 140.76625 159.15065 58.13891
v 137.96817 147.16452 59.55390
v 138.51154 146.77516 59.55390
v 162.51334 151.33551 5.34410
v 162.48645 150.83678 5.08340
v 162.52115 151.33507 5.08340
v 136.43243 170.45868 4.00750
v 137.32057 170.72017 4.00750
v 137.41518 170.36711 3.81733
v 144.45602 153.22397 25.31007
v 152.26431 163.97305 31.72761
v 123.71512 153.10516 3.81733
v 138.03430 147.24783 64.44691
v 150.92894 170.56619 7.38982
v 131.30823 158.09593 47.08447
v 157.56699 156.61681 28.28773
v 158.13702 156.76955 25.07680
v 151.23590 139.44821 2.04088
v 149.16989 141.29573 0.00000
v 149.71127 141.65111 0.00000
v 145.19461 150.12538 41.87877
v 145.20178 149.59741 42.95927
v 145.47185 149.90533 42.95927
v 146.49692 153.87971 44.03557
v 137.26520 145.60970 65.08008
v 137.39447 145.79015 65.93647
v 136.93304 145.86026 65.08008
v 136.75615 145.63739 63.86619
v 136.53120 145.35396 62.22936
v 152.11203 154.64017 57.42511
v 152.20509 154.15137 57.42511
v 135.90038 144.55911 57.42511
v 135.05699 143.49648 50.81334
v 143.94669 137.33989 31.72761
v 144.41434 152.20877 23.48475
v 144.29961 152.01100 23.10149
v 144.34767 151.88742 23.48475
v 147.25859 149.24007 49.76557
v 146.91472 148.76019 49.76557
v 147.02353 148.67383 50.49268
v 133.62589 141.69327 39.29045
v 136.04922 171.65134 4.55869
v 137.02657 171.81737 4.48868
v 132.71609 140.54695 31.72761
v 132.31435 140.04074 28.28773
v 161.31810 148.53481 8.72413
v 161.31238 148.04419 8.66599
v 131.94746 139.57849 25.07680
v 132.27809 138.65022 22.06212
v 157.09589 160.77666 22.06212
v 157.94547 161.24879 16.49069
v 157.72603 161.63251 16.49069
v 139.99660 158.36134 51.13962
v 140.58174 158.54935 51.13962
v 140.26141 158.54173 51.71035
v 131.35583 138.12204 16.49069
v 152.02553 148.04927 54.29420
v 134.26183 158.80225 57.42511
v 134.09474 159.61040 54.29420
v 135.91096 153.32826 51.71035
v 135.95920 153.63599 51.71035
v 135.76204 153.67186 53.31061
v 147.96219 140.82079 43.20953
v 130.13208 137.29112 8.76119
v 122.41194 156.10098 4.55869
v 122.72623 157.04121 4.48868
v 122.52686 156.08008 4.48868
v 150.88716 139.95209 31.72761
v 150.60228 138.99228 28.28773
v 151.25494 139.42070 28.28773
v 142.69427 158.49557 49.76557
v 143.27959 158.41852 49.76557
v 143.00601 158.60196 50.49268
v 127.74467 159.05078 2.04088
v 130.18491 157.94513 0.00000
v 129.93219 157.34888 0.00000
v 147.89661 165.06676 39.29045
v 147.27313 165.33101 39.29045
v 155.46893 148.71156 39.29045
v 155.26706 148.06519 39.29045
v 155.98019 147.82310 35.42916
v 143.50255 168.35306 28.28773
v 158.93091 164.07773 5.34410
v 148.46390 153.53368 51.71035
v 148.66159 153.56633 53.31061
v 132.25662 163.11925 35.42916
v 130.11952 136.48326 7.38982
v 130.51622 136.19154 7.38982
v 144.81305 172.32773 4.48868
v 145.63568 171.36720 4.15346
v 141.95821 151.45148 22.46082
v 141.75835 151.51932 22.46082
v 141.61142 150.42953 23.10149
v 158.53847 143.06847 4.00750
v 158.58629 147.82137 22.06212
v 159.63702 147.98097 16.49069
v 151.32454 152.64922 62.22936
v 151.77458 152.18660 60.10414
v 151.77843 152.65665 60.10414
v 140.59911 132.94327 8.66599
v 140.11467 132.94183 8.62573
v 140.58824 132.81075 8.51623
v 143.00369 140.27858 47.08447
v 133.92239 134.22499 7.38982
v 133.38116 134.23657 5.88842
v 133.83205 134.02557 5.88842
v 154.40656 165.74545 16.49069
v 155.63037 166.37444 8.78771
v 155.28583 166.69978 8.78771
v 148.46460 168.34610 22.06212
v 129.95047 136.25917 5.34410
v 129.94576 136.25291 5.08340
v 136.50873 139.93315 39.29045
v 136.19791 139.24716 35.42916
v 150.85684 170.41693 8.17515
v 142.39073 141.00700 50.81334
v 141.80194 140.25890 47.08447
v 138.95258 157.72652 50.49268
v 150.78873 162.29048 43.20953
v 144.41672 153.21133 24.35575
v 141.58548 133.64709 4.00750
v 141.59744 134.01242 3.81733
v 130.96521 138.34087 3.57327
v 143.93579 152.27177 30.69809
v 143.75137 152.13884 31.06901
v 143.78760 152.37000 31.06901
v 143.59323 151.01526 29.89917
v 149.91312 138.62566 2.04088
v 149.22305 138.26404 2.04088
v 132.33516 140.06697 2.04088
v 137.43298 162.17192 54.29420
v 137.63075 163.04608 50.81334
v 137.33121 163.73706 47.08447
v 147.89740 143.34206 54.29420
v 148.27254 142.73880 50.81334
v 154.75052 161.18445 31.72761
v 155.71034 160.89955 28.28773
v 155.28192 161.55223 28.28773
v 148.20892 155.10376 53.31061
v 157.16766 163.98299 4.00750
v 157.41254 163.02684 3.81733
v 157.72246 145.46803 22.06212
v 158.42041 144.66653 16.49069
v 157.53537 141.51270 4.00750
v 127.52530 166.02309 7.94705
v 127.78552 166.45285 7.38982
v 127.44745 166.09483 7.38982
v 156.46860 159.53513 28.28773
v 157.33809 159.06140 25.07680
v 156.99789 159.79616 25.07680
v 156.10249 146.20203 31.72761
v 155.77673 145.52757 31.72761
v 156.35159 145.23228 28.28773
v 151.65421 159.04147 50.81334
v 152.60336 158.96751 47.08447
v 153.26106 159.37650 43.20953
v 145.06900 135.13882 3.26565
v 144.98228 135.66406 2.90241
v 137.45326 153.36414 45.09625
v 131.35211 164.08496 2.04088
v 133.18349 162.12964 0.00000
v 144.35590 168.85529 25.07680
v 147.67952 168.63426 22.06212
v 146.88126 168.88356 22.06212
v 145.71071 146.18755 54.21786
v 145.39673 146.02301 54.21786
v 145.63409 146.32538 54.34509
v 159.49457 161.56155 8.72413
v 159.91837 160.70218 8.72413
v 159.80138 161.17867 8.66599
v 132.37981 156.95062 54.29420
v 146.57036 167.79486 28.28773
v 132.24724 159.63391 47.08447
v 155.09912 155.28531 0.00000
v 140.34979 153.33948 29.89917
v 140.49301 153.60226 29.89917
v 140.60735 153.52856 30.30705
v 139.59885 158.50621 53.31061
v 151.96381 158.56982 50.81334
v 152.90819 158.44939 47.08447
v 141.48691 158.72173 51.13962
v 141.16893 158.76118 51.71035
v 152.32114 162.95509 35.42916
v 152.82196 162.44600 35.42916
v 152.81517 163.46555 31.72761
v 157.41682 164.17419 4.15346
v 140.62566 149.42979 40.80547
v 135.71861 154.35156 56.01935
v 135.93134 154.97820 56.01935
v 148.24176 148.17239 67.15513
v 148.75539 148.71674 67.14609
v 143.51065 132.54390 4.48868
v 158.65643 144.04840 3.81733
v 125.17325 153.05743 22.06212
v 143.09177 159.25327 59.55390
v 143.41940 159.18694 60.35057
v 143.40352 159.09967 63.68680
v 149.57460 144.62901 54.29420
v 146.09459 147.91278 49.76557
v 157.64182 158.31084 25.07680
v 157.83545 159.27701 22.06212
v 144.18567 159.44406 54.21786
v 144.85675 159.21625 54.21786
v 144.47331 159.18906 54.34509
v 139.49664 152.45567 38.73657
v 139.51402 152.19064 38.73657
v 135.03648 171.54004 5.34410
v 147.98811 156.09756 58.81672
v 147.80362 156.37642 59.55390
v 148.20090 149.41893 56.01935
v 148.25499 149.39116 58.13891
v 148.40024 149.69186 58.13891
v 129.51601 156.12282 0.00000
v 126.93996 156.85844 2.04088
v 143.69092 139.56319 43.20953
v 143.77943 138.79378 39.29045
v 140.44598 163.14001 54.29420
v 140.88899 163.91913 50.81334
v 140.80293 164.66731 47.08447
v 147.87465 148.84285 55.31306
v 147.48886 148.30452 55.31306
v 157.54468 146.43723 25.07680
v 157.22870 145.69174 25.07680
v 144.39659 144.31209 65.08008
v 141.92931 154.87624 26.75855
v 126.95079 152.99925 31.72761
v 126.94466 152.25027 31.72761
v 137.08382 152.66753 46.12988
v 137.09204 152.16498 46.12988
v 122.41594 155.10492 7.94705
v 122.48584 155.58974 7.94705
v 122.31097 155.11874 7.38982
v 143.30112 145.84677 56.01935
v 142.97858 145.75537 57.52038
v 148.13129 135.49319 16.49069
v 148.55844 134.26787 8.78771
v 154.72794 165.44196 16.49069
v 126.04443 157.98494 2.90241
v 127.17220 157.60211 2.04088
v 145.30386 142.84808 57.42511
v 145.77373 143.01189 57.42511
v 138.15373 163.25772 50.81334
v 126.58167 157.80257 25.07680
v 138.40398 162.59286 54.29420
v 151.83237 161.51913 0.00000
v 152.26331 161.03577 0.00000
v 147.48456 148.30794 56.01935
v 146.88121 135.03938 3.57327
v 146.75688 135.50337 3.26565
v 136.13301 166.50096 31.72761
v 135.16748 166.76588 28.28773
v 137.75653 147.43011 56.01935
v 147.03709 154.88403 47.12505
v 147.24750 154.39870 47.12505
v 147.36890 154.73958 48.07033
v 162.51404 152.83232 4.84516
v 162.46188 151.83673 4.73857
v 146.83600 156.05524 48.95431
v 147.31125 155.67668 49.76557
v 146.97528 156.16211 49.76557
v 142.41574 139.47960 43.20953
v 141.75127 138.71077 39.29045
v 142.42839 138.70523 39.29045
v 141.43008 159.21568 65.72253
v 142.09206 159.25908 65.72253
v 141.75606 159.31369 66.19351
v 160.55151 160.45447 4.48868
v 160.91972 159.54456 4.48868
v 159.79749 160.12759 4.15346
v 152.78763 144.91487 43.20953
v 153.00934 143.92317 39.29045
v 154.02933 144.02509 35.42916
v 150.56613 153.88075 65.08008
v 135.50047 153.38231 65.72253
v 135.55183 153.71011 65.72253
v 135.43272 153.39124 66.19351
v 141.97980 145.69200 59.55390
v 157.48407 160.03590 22.06212
v 148.19829 152.00833 49.76557
v 148.30469 151.69661 50.49268
v 148.35403 152.29857 50.49268
v 136.81306 152.41176 47.12505
v 136.57263 152.40782 48.07033
v 150.48289 140.53621 35.42916
v 150.26100 139.54108 31.72761
v 137.95775 147.15140 66.19351
v 141.53677 132.15898 5.08340
v 127.58383 166.64804 5.34410
v 127.57820 166.65350 5.08340
v 154.31343 147.71413 43.20953
v 154.76947 146.80600 39.29045
v 142.73764 159.02443 53.31061
v 128.29555 164.69617 3.81733
v 129.21321 165.07112 3.57327
v 155.68829 155.41257 39.29045
v 156.76591 158.81334 2.04088
v 154.30792 157.74777 0.00000
v 144.67680 159.78854 67.09568
v 144.34898 160.01596 67.01495
v 142.31888 153.91730 35.30177
v 151.07646 134.50569 7.38982
v 150.63217 134.29335 7.38982
v 150.72415 134.09468 5.88842
v 144.26038 163.80876 50.81334
v 144.81279 163.69417 50.81334
v 140.24141 153.38858 23.10149
v 140.27078 153.61533 23.48475
v 140.17076 153.42059 23.48475
v 139.22768 163.60278 50.81334
v 137.01071 160.00159 62.22936
v 136.75237 160.37485 60.10414
v 136.37253 160.09793 60.10414
v 134.10735 142.29991 43.20953
v 139.57292 143.29103 60.10414
v 138.94397 142.90013 57.42511
v 161.37714 152.81372 4.15346
v 161.05553 151.88278 4.00750
v 161.06311 152.80858 4.00750
v 140.81026 135.51840 22.06212
v 140.29076 134.59123 16.49069
v 140.73083 134.54970 16.49069
v 137.98067 172.04808 4.48868
v 138.15417 171.24478 4.15346
v 148.57578 146.91087 65.08008
v 134.99644 152.02762 54.21786
v 134.98195 152.38179 54.21786
v 146.61256 136.04198 22.06212
v 146.86412 135.10315 16.49069
v 147.28966 135.22278 16.49069
v 158.96512 161.81546 4.15346
v 158.22113 162.46088 4.00750
v 144.23978 147.80092 46.12988
v 144.34666 147.55435 47.12505
v 160.15292 151.02812 16.49069
v 160.11140 150.58804 16.49069
v 161.44624 150.92207 8.78771
v 154.15036 157.67947 43.20953
v 151.05995 140.95691 35.42916
v 129.93039 158.80367 39.29045
v 128.94987 158.50471 35.42916
v 137.78622 168.98233 2.90241
v 160.10197 161.32692 7.94705
v 160.40927 160.92946 7.38982
v 160.19693 161.37373 7.38982
v 148.77512 150.96747 55.31306
v 148.69202 150.64682 55.31306
v 148.68672 150.64833 56.01935
v 140.31734 168.88834 25.07680
v 141.12375 168.96109 25.07680
v 140.25539 169.42685 22.06212
v 147.75826 153.41719 48.07033
v 148.45337 155.20972 58.81672
v 141.57631 162.05649 60.10414
v 127.42757 164.22630 4.00750
v 128.02074 164.93716 4.00750
v 156.16263 163.21182 3.26565
v 155.74030 162.88774 2.90241
v 139.07127 147.07620 51.13962
v 138.80891 147.23639 51.13962
v 142.67993 158.32062 48.95431
v 154.60675 143.61131 31.72761
v 155.02795 144.23065 31.72761
v 148.74203 171.76431 5.34410
v 149.21553 171.60539 5.08340
v 148.74455 171.77173 5.08340
v 137.02315 164.44765 43.20953
v 137.34282 165.41225 39.29045
v 136.71510 165.15823 39.29045
v 143.12270 151.41557 35.30177
v 142.95363 151.29231 35.30177
v 143.95358 150.43626 38.73657
v 146.25160 141.74219 50.81334
v 142.97525 145.78421 65.72253
v 142.64926 145.68622 66.19351
v 143.31497 145.76280 66.19351
v 153.58401 136.05551 4.48868
v 153.11632 136.73129 4.15346
v 153.87691 137.28578 4.15346
v 159.05881 158.84415 16.49069
v 160.43474 158.85573 8.78771
v 149.46478 154.06841 67.15513
v 129.77016 136.83510 4.48868
v 127.40953 158.34578 28.28773
v 127.71419 159.06461 28.28773
v 127.17662 159.30817 25.07680
v 133.35739 170.43639 4.48868
v 140.04303 132.27089 5.34410
v 140.04221 132.26309 5.08340
v 124.72180 150.48894 3.26565
v 125.25067 150.54977 2.90241
v 139.43419 146.38980 63.68680
v 146.01862 146.98647 64.44691
v 145.45982 146.63898 64.44691
v 136.70688 155.67294 51.71035
v 136.70078 156.04736 53.31061
v 136.37956 155.49101 53.31061
v 147.74742 156.33752 56.01935
v 147.96796 156.08504 57.52038
v 147.79744 156.37215 58.13891
v 134.00060 142.16541 0.00000
v 148.84235 147.23033 65.08008
v 147.14815 169.81816 16.49069
v 146.72165 169.93430 16.49069
v 139.52292 145.71872 67.11178
v 157.08948 158.10295 28.28773
v 142.00583 146.48743 49.76557
v 141.41747 146.53566 49.76557
v 141.69971 146.36586 50.49268
v 149.48819 140.78387 39.29045
v 153.37303 137.55130 12.61990
v 153.47299 137.37817 11.44142
v 136.84766 151.88391 47.12505
v 139.24878 145.98059 67.00497
v 149.65854 142.78326 47.08447
v 149.17278 142.42914 47.08447
v 131.31819 156.19473 50.81334
v 130.81218 157.00114 47.08447
v 139.73268 146.24953 65.13291
v 150.80402 165.84026 2.04088
v 146.90170 154.53705 46.12988
v 136.68567 156.45337 54.01944
v 137.82687 143.98102 60.10414
v 138.01871 143.26576 57.42511
v 128.98708 160.12997 31.72761
v 139.36571 157.60481 48.95431
v 139.54196 157.89531 49.76557
v 144.07994 158.03021 48.95431
v 141.88931 142.92804 60.10414
v 141.45711 143.40738 62.22936
v 141.37419 142.39603 57.42511
v 140.29570 148.78741 42.95927
v 144.66800 158.73857 63.68680
v 150.91393 138.49112 25.07680
v 148.39360 149.69489 60.35057
v 148.31282 149.73149 63.68680
v 153.45361 165.32919 2.90241
v 152.66837 164.43379 2.04088
v 140.98730 145.82056 57.52038
v 140.98306 145.79721 58.81672
v 135.26501 156.97311 65.93647
v 135.49286 157.30814 65.93647
v 135.31241 157.43744 65.08008
v 125.28485 154.72722 2.90241
v 124.89076 155.64996 3.26565
v 125.41451 155.55466 2.90241
v 148.88965 151.28322 60.35057
v 156.10622 160.22665 28.28773
v 140.02795 143.17310 60.10414
v 132.51952 165.11928 28.28773
v 133.51816 165.04781 31.72761
v 133.15038 165.57921 28.28773
v 143.27686 150.77251 29.89917
v 154.33167 162.79063 28.28773
v 155.19502 163.52315 22.06212
v 154.24286 163.77681 25.07680
v 154.65692 164.16463 2.90241
v 155.62021 163.88388 3.26565
v 134.70110 158.45361 60.10414
v 134.35103 163.84444 39.29045
v 133.92244 164.46368 35.42916
v 138.64857 148.44728 47.12505
v 141.70337 137.24806 31.72761
v 141.68224 136.60216 28.28773
v 150.38492 156.53499 62.22936
v 150.98955 156.30920 60.10414
v 151.50407 156.53226 57.42511
v 161.67911 147.95868 4.48868
v 137.88634 147.57812 53.31061
v 162.47327 153.82855 4.84516
v 150.84468 144.92110 50.81334
v 140.43706 154.04836 28.15446
v 140.62790 154.18130 28.60461
v 140.39824 153.93205 28.60461
v 154.84694 140.26283 3.26565
v 154.46440 140.63306 2.90241
v 155.03192 141.24901 2.90241
v 139.50249 155.68248 42.95927
v 139.63576 156.20876 44.03557
v 139.28459 155.93930 44.03557
v 159.52219 142.50052 4.48868
v 159.01068 141.66273 4.48868
v 141.55914 158.09384 48.07033
v 158.70010 163.91798 7.38982
v 158.97534 163.50969 7.38982
v 159.15837 163.62982 5.88842
v 128.01056 158.10826 31.72761
v 137.54504 147.18895 54.34509
v 157.11798 160.78891 2.90241
v 133.93874 170.34894 8.62573
v 130.53798 164.95421 2.90241
v 131.93364 164.60342 2.04088
v 143.08174 154.72452 26.75855
v 142.97069 154.76248 27.23068
v 142.46237 136.62924 2.04088
v 142.41855 139.30791 0.00000
v 138.59073 137.00916 28.28773
v 138.45671 136.43442 25.07680
v 135.32593 151.70885 54.53094
v 135.35538 152.05116 54.66418
v 147.16217 155.58397 48.95431
v 123.77240 158.25578 8.78771
v 137.71068 147.37782 58.81672
v 137.71147 147.37872 59.55390
v 142.55551 163.27829 54.29420
v 142.60339 164.74100 47.08447
v 126.38881 161.11971 16.49069
v 126.18204 160.72902 16.49069
v 141.64436 135.44528 2.90241
v 141.97018 154.52083 29.89917
v 139.14532 152.14822 39.75341
v 139.12680 152.60065 39.75341
v 137.77972 147.45654 63.68680
v 152.07526 140.86374 31.72761
v 144.52773 132.28923 5.34410
v 130.05983 154.09859 47.08447
v 128.62895 154.96977 39.29045
v 129.29198 154.19968 43.20953
v 137.08054 156.99194 58.81672
v 137.08144 156.99113 59.55390
v 141.07162 149.63782 39.75341
v 145.85677 158.16730 56.01935
v 145.59720 158.37946 57.52038
v 160.21690 148.29962 3.81733
v 159.58435 147.53635 3.57327
v 159.80696 148.39520 3.57327
v 136.61360 146.12683 65.08008
v 136.42599 145.91290 63.86619
v 149.24727 133.78290 4.48868
v 148.95778 134.55205 4.15346
v 136.49681 156.17889 57.52038
v 145.81444 133.53262 8.78771
v 144.46434 156.00769 42.95927
v 146.69957 147.19972 54.15120
v 147.01450 147.36243 54.18433
v 146.89577 156.48175 50.49268
v 133.10596 142.12714 39.29045
v 132.14102 141.02682 31.72761
v 152.49335 140.37096 28.28773
v 136.28409 153.57687 49.76557
v 138.23933 142.47055 54.29420
v 138.50789 141.61546 50.81334
v 131.32579 140.09724 25.07680
v 130.96837 139.68970 22.06212
v 128.45639 160.43637 2.04088
v 148.09772 158.59114 65.08008
v 148.38950 158.29456 65.08008
v 150.98357 136.69945 3.57327
v 150.19771 136.28763 3.57327
v 136.77118 154.64632 48.95431
v 142.99200 152.27454 33.41756
v 142.95039 152.16116 33.41756
v 125.81429 150.61462 25.07680
v 125.74152 151.42104 25.07680
v 144.26857 134.54189 3.57327
v 141.77452 159.03230 53.31061
v 139.61424 132.83882 8.36546
v 139.13251 132.90828 8.36546
v 139.12216 132.84229 8.17515
v 149.63573 168.90506 16.49069
v 149.23088 169.08253 16.49069
v 156.07294 142.56065 2.90241
v 154.63565 142.63243 2.04088
v 137.64676 132.96074 7.38982
v 159.20473 153.61433 22.06212
v 159.46326 153.51599 20.61219
v 160.18321 153.51599 16.49069
v 126.33041 151.45963 28.28773
v 156.87616 148.30971 31.72761
v 141.99776 146.24049 51.13962
v 146.95030 159.86331 63.86619
v 141.77660 139.48483 43.20953
v 141.01366 137.99893 35.42916
v 159.89525 155.86899 16.49069
v 161.17000 156.11172 8.78771
v 156.99582 146.65413 28.28773
v 133.71169 165.17484 31.72761
v 133.50288 165.53651 29.50767
v 136.50078 155.42876 52.20885
v 140.27667 161.41743 62.22936
v 136.59290 164.24844 43.20953
v 136.70302 164.05771 44.30735
v 158.22330 144.27089 16.49069
v 145.37257 140.66966 47.08447
v 145.77348 139.17348 39.29045
v 135.65588 159.48988 60.10414
v 129.16833 136.87991 5.34410
v 136.26575 156.32787 54.34509
v 134.37338 134.02728 7.38982
v 128.79138 137.20732 4.96065
v 147.72893 156.32474 65.13291
v 127.68414 151.54836 35.42916
v 152.40269 144.40463 43.20953
v 147.11105 149.33519 48.95431
v 146.94986 149.09816 48.95431
v 129.55836 138.08189 4.15346
v 146.85983 147.52754 58.81672
v 146.60947 147.30592 59.55390
v 147.09735 147.76288 59.55390
v 136.95323 172.09111 5.88842
v 136.47403 171.95638 5.88842
v 130.95172 139.67070 2.90241
v 137.83652 157.64606 55.31306
v 148.52744 151.98135 51.71035
v 148.15251 164.08331 43.20953
v 141.04404 162.57137 57.42511
v 141.53963 162.61607 57.42511
v 125.14798 158.28923 16.49069
v 140.45305 159.02963 65.72253
v 140.43536 159.09564 66.19351
v 135.94072 136.65381 22.06212
v 153.07610 140.89050 28.28773
v 152.87517 139.92094 25.07680
v 153.85008 140.06413 22.06212
v 139.09781 154.72487 41.87877
v 139.21072 154.87453 41.87877
v 138.93349 155.09454 42.95927
v 159.81339 158.15837 3.81733
v 159.66324 157.17850 3.57327
v 135.60576 141.07378 0.00000
v 160.44865 161.49788 5.34410
v 160.45569 161.50134 5.08340
v 137.41684 140.38919 43.20953
v 143.14409 149.56998 39.75341
v 156.62207 160.51332 25.07680
v 148.09688 155.77557 56.01935
v 129.01591 152.93164 0.00000
v 144.19496 156.89703 45.09625
v 144.61636 156.68059 45.09625
v 144.76346 156.93538 46.12988
v 141.97154 145.43974 54.34509
v 137.35709 157.18948 56.01935
v 145.81717 150.41312 42.95927
v 145.99348 150.05576 44.03557
v 146.67892 145.30153 65.08008
v 152.91452 138.53998 3.26565
v 152.21664 138.03119 3.26565
v 151.91368 138.46893 2.90241
v 130.84488 168.91034 7.94705
v 131.19293 169.27263 7.38982
v 140.06245 162.40930 57.42511
v 139.54626 149.75516 41.87877
v 139.83258 166.85530 35.42916
v 140.62590 166.20613 39.29045
v 140.53983 166.95430 35.42916
v 132.60928 160.11382 47.08447
v 148.81833 153.59221 64.44691
v 148.77194 153.91878 65.13291
v 126.30487 153.02040 28.28773
v 141.52809 144.27286 65.93647
v 134.41467 134.12476 7.94705
v 148.76411 137.36453 25.07680
v 148.20450 136.55347 22.06212
v 148.95862 135.80460 16.49069
v 147.54991 166.03142 35.42916
v 140.09889 154.74611 39.75341
v 140.10153 155.23820 40.80547
v 137.15636 168.20563 25.07680
v 145.99104 165.76622 39.29045
v 145.33554 165.93613 39.29045
v 140.20760 164.58397 47.08447
v 140.71442 165.43672 43.20953
v 146.89221 157.34552 56.01935
v 146.68889 157.61551 58.13891
v 149.08456 145.83966 60.10414
v 148.43915 145.84132 62.22936
v 148.74947 145.51001 60.10414
v 144.37065 146.73976 50.49268
v 144.65068 146.85307 50.49268
v 147.28654 142.19086 50.81334
v 146.77458 141.95383 50.81334
v 144.74651 145.74113 54.21786
v 144.36356 145.77458 54.34509
v 138.59833 137.04176 2.04088
v 142.74242 168.98759 25.07680
v 135.52327 153.71530 57.52038
v 135.49992 153.71956 58.81672
v 148.35468 155.16695 64.44691
v 148.49266 154.86734 65.13291
v 148.23033 155.47247 65.13291
v 159.15466 154.45013 2.90241
v 157.97151 154.31401 2.04088
v 144.89268 153.99489 39.75341
v 132.49165 166.53098 2.90241
v 133.19182 166.99057 2.90241
v 133.16943 165.55168 2.04088
v 142.01158 146.66287 48.95431
v 141.72540 146.67929 48.95431
v 140.05867 157.44554 47.12505
v 140.54362 158.69162 52.20885
v 140.50833 158.82326 53.31061
v 161.15636 157.57858 8.66599
v 161.32091 157.12294 8.62573
v 161.28481 157.61299 8.51623
v 145.57637 153.22861 40.80547
v 158.07230 146.22873 2.90241
v 149.13510 170.04282 4.00750
v 149.98753 169.68155 4.00750
v 149.00078 169.70290 3.81733
v 137.52876 147.67053 65.13291
v 150.84160 149.56743 62.22936
v 151.10948 148.98024 60.10414
v 151.63104 148.77414 57.42511
v 137.38971 147.52686 66.55688
v 144.34096 145.84496 54.42702
v 152.21994 135.47276 8.51623
v 151.83572 135.16606 8.36546
v 152.25822 135.40770 8.36546
v 130.77649 159.09686 0.00000
v 149.67891 164.09526 39.29045
v 150.08702 164.72821 35.42916
v 143.15407 150.30534 26.75855
v 142.82175 150.18950 26.75855
v 140.76466 159.15802 59.55390
v 140.43970 159.07944 59.55390
v 127.77745 154.39908 35.42916
v 127.07317 154.49179 31.72761
v 152.53720 144.29787 0.00000
v 152.12230 143.80066 0.00000
v 154.93126 155.24907 43.20953
v 155.05083 154.62120 43.20953
v 133.44612 152.78661 63.86619
v 132.63075 152.81329 60.10414
v 147.89030 151.17378 48.95431
v 147.98718 150.84810 49.76557
v 126.43243 154.57614 28.28773
v 134.12726 143.29172 47.08447
v 128.03307 155.80383 35.42916
v 139.24344 153.34500 39.75341
v 150.35077 149.28006 63.86619
v 132.60939 141.56091 35.42916
v 143.90239 165.41063 43.20953
v 144.00348 166.17850 39.29045
v 145.93294 146.50119 54.34509
v 159.78940 151.92422 3.26565
v 141.37605 154.69623 37.76899
v 143.64093 145.84070 58.81672
v 143.64067 145.84189 59.55390
v 135.50111 153.71933 59.55390
v 125.97269 155.45309 25.07680
v 142.67871 167.04185 35.42916
v 143.39168 167.00098 35.42916
v 150.15582 166.27522 28.28773
v 136.22173 133.34883 7.38982
v 139.35629 160.06256 66.50078
v 154.79544 162.16272 2.04088
v 154.30615 162.76898 2.04088
v 141.80972 151.12390 31.41655
v 141.67673 151.16904 31.41655
v 153.86736 140.04570 2.90241
v 146.31952 137.13564 28.28773
v 145.56067 136.95213 28.28773
v 146.47226 136.56558 25.07680
v 141.08829 169.50201 22.06212
v 139.18257 158.62411 66.19351
v 138.98109 167.41608 31.72761
v 143.29491 145.88429 64.44691
v 142.97076 145.82323 65.13291
v 143.62149 145.93066 65.13291
v 126.35652 158.76189 22.06212
v 125.79756 159.93300 16.49069
v 150.13000 142.16884 43.20953
v 140.04688 171.23932 4.00750
v 140.99287 170.95781 3.81733
v 140.08865 170.87621 3.81733
v 135.47385 152.05893 56.01935
v 135.46303 152.72058 56.01935
v 128.78893 137.20451 5.34410
v 135.87027 152.08490 51.71035
v 135.67032 152.07179 53.31061
v 144.88986 136.22382 25.07680
v 158.03386 165.27698 5.34410
v 158.03996 165.28189 5.08340
v 152.12724 166.34967 22.06212
v 152.45787 165.42142 25.07680
v 152.61931 155.29109 54.29420
v 138.00233 134.48570 3.81733
v 162.21805 148.85802 5.34410
v 155.94894 144.56352 2.04088
v 158.70543 141.27679 7.94705
v 158.51108 140.81351 7.38982
v 158.79297 141.21725 7.38982
v 144.72385 145.80136 67.00497
v 144.43317 145.55798 67.11178
v 135.08113 157.60318 63.86619
v 130.00644 138.59283 3.81733
v 129.26050 159.14775 35.42916
v 128.62860 159.47232 31.72761
v 151.73788 167.28860 3.26565
v 130.42583 155.86301 47.08447
v 137.75198 142.67709 54.29420
v 137.45880 142.03004 50.81334
v 140.57753 155.11339 39.75341
v 155.61641 167.79539 5.34410
v 155.98773 167.46159 5.34410
v 150.88895 151.35638 63.86619
v 150.82237 150.93155 63.86619
v 151.17839 150.86676 62.22936
v 134.99115 134.25087 8.66599
v 135.89528 133.91901 8.66599
v 142.07770 148.68225 41.87877
v 140.62553 150.70158 26.75855
v 140.45879 150.86662 27.23068
v 140.71732 150.62842 27.23068
v 151.07010 158.63719 54.29420
v 131.81488 166.03757 2.90241
v 148.51886 154.87720 55.31306
v 148.62265 154.56273 56.01935
v 148.38956 155.18207 56.01935
v 135.19249 133.40187 5.34410
v 135.18979 133.39452 5.08340
v 130.11865 150.50487 47.08447
v 130.03531 151.10020 47.08447
v 129.35451 150.37871 43.20953
v 143.30983 145.79396 60.35057
v 142.96931 145.83582 63.68680
v 147.57497 152.05945 47.12505
v 135.99658 135.59248 16.49069
v 148.72145 154.24666 55.31306
v 161.89589 147.39548 5.34410
v 161.76469 146.91371 5.34410
v 146.93974 157.39462 59.55390
v 143.53323 132.19949 5.34410
v 141.98959 165.52031 43.20953
v 147.50447 171.06593 8.78771
v 143.31961 154.96509 38.73657
v 135.51181 152.06140 64.44691
v 135.49835 152.39024 64.44691
v 135.49629 152.06039 65.13291
v 149.45503 166.61909 2.04088
v 148.79958 163.92612 0.00000
v 141.37228 151.64195 34.67125
v 131.17947 165.49231 22.06212
v 137.57614 159.94002 63.86619
v 137.38506 160.24731 62.22936
v 153.24220 139.48834 2.90241
v 152.47171 140.39647 2.04088
v 153.05322 140.91493 2.04088
v 144.53339 152.19310 24.82669
v 144.33250 172.44991 7.38982
v 144.85004 172.60869 5.88842
v 144.35574 172.66760 5.88842
v 137.96686 161.08934 60.10414
v 138.17035 161.80136 57.42511
v 138.28677 148.45377 48.07033
v 137.10051 137.46948 2.04088
v 137.35373 140.22948 0.00000
v 160.03773 155.44453 3.57327
v 151.17328 134.30934 5.88842
v 151.12845 141.97969 39.29045
v 148.42596 133.13116 5.34410
v 147.95097 132.97676 5.08340
v 154.72421 148.92424 43.20953
v 137.78940 147.93983 51.71035
v 149.70239 160.24921 54.29420
v 150.07361 159.87189 54.29420
v 153.40688 159.46718 0.00000
v 150.06021 144.11053 50.81334
v 128.41983 163.43878 3.26565
v 129.37341 163.75090 2.90241
v 140.65593 145.86630 59.55390
v 147.30589 159.62149 63.86619
v 147.51666 159.91563 62.22936
v 144.25240 151.31654 25.31007
v 133.43025 155.00505 62.22936
v 133.90639 155.31616 63.86619
v 137.34712 167.61189 2.04088
v 132.28870 162.09467 39.29045
v 131.26363 162.09323 35.42916
v 140.46722 158.97670 64.44691
v 140.78712 159.05405 64.44691
v 138.45352 160.10246 65.08008
v 159.56380 155.36629 3.26565
v 157.82269 139.46562 5.34410
v 157.50400 139.08104 5.08340
v 157.82872 139.46060 5.08340
v 141.00771 153.77580 30.69809
v 141.23459 153.76158 31.06901
v 141.22441 153.54442 31.41655
v 147.23727 156.36314 51.71035
v 151.46774 165.42935 28.28773
v 145.31146 158.55228 58.13891
v 154.77383 165.48940 3.57327
v 143.14201 163.95599 50.81334
v 139.85136 152.22945 25.31007
v 139.81104 152.46082 26.75855
v 139.82639 152.22658 26.75855
v 135.38893 152.05336 66.19351
v 133.40175 161.01746 47.08447
v 133.83029 161.43904 47.08447
v 139.22923 157.28163 48.07033
v 140.41315 160.78558 65.08008
v 135.85808 145.94426 62.22936
v 147.45049 140.39470 0.00000
v 146.85019 140.15178 0.00000
v 135.15237 145.21509 57.42511
v 134.70293 144.75069 54.29420
v 146.44931 132.83765 4.55869
v 142.08974 149.05031 40.80547
v 135.19168 155.67659 67.09568
v 135.47221 155.95708 67.14609
v 133.14655 143.14252 43.20953
v 132.60794 142.58598 39.29045
v 159.09544 150.27597 22.06212
v 158.64395 151.15184 25.07680
v 131.51082 153.90756 54.29420
v 144.19760 148.45462 44.03557
v 144.54764 148.28038 45.09625
v 143.24242 150.39156 24.82669
v 129.99878 139.25446 16.49069
v 144.19450 167.62946 31.72761
v 129.11951 138.30011 8.78771
v 149.25294 159.78482 57.42511
v 128.55647 138.39972 8.66599
v 147.58554 156.22549 53.31061
v 128.87482 138.03455 8.62573
v 154.77193 151.48399 45.26834
v 155.18120 151.43578 43.20953
v 154.84328 151.48399 44.91177
v 153.43695 165.31021 22.06212
v 128.60779 137.74474 7.38982
v 156.10995 138.36324 8.36546
v 155.70721 138.08128 8.51623
v 155.75882 138.02618 8.36546
v 123.70770 152.19730 3.81733
v 124.12857 152.20418 3.57327
v 155.88899 159.24930 31.72761
v 152.98534 152.67639 54.29420
v 152.33914 152.66582 57.42511
v 152.98100 152.14709 54.29420
v 139.59254 141.30574 50.81334
v 139.24147 142.13036 54.29420
v 138.83961 140.72313 47.08447
v 125.58463 156.37474 2.90241
v 126.74448 156.10429 2.04088
v 124.51671 160.51335 8.76119
v 124.93123 161.37151 8.76119
v 146.28455 147.18034 64.44691
v 139.82899 152.22688 27.23068
v 149.49028 152.26137 67.11178
v 149.56866 151.53020 67.15513
v 128.29460 138.12914 4.48868
v 129.63148 139.51051 3.57327
v 142.05931 161.26001 63.86619
v 129.05298 153.57817 0.00000
v 161.07565 156.57613 8.78771
v 144.36313 172.73682 5.08340
v 140.56306 132.50372 7.38982
v 140.07283 132.54999 7.38982
v 130.78349 151.18628 50.81334
v 140.57452 150.97504 23.48475
v 140.65266 150.73250 24.82669
v 140.48688 150.89293 24.82669
v 133.68234 157.99356 57.42511
v 140.45686 150.86482 26.75855
v 142.44073 137.95221 35.42916
v 124.61592 153.07568 3.26565
v 125.14799 153.05827 2.90241
v 137.29428 155.66470 48.95431
v 137.62811 156.13057 48.95431
v 149.15929 158.40219 62.22936
v 140.78523 150.88367 29.47771
v 140.71797 151.10939 29.89917
v 141.90417 143.38174 62.22936
v 132.32028 170.28246 5.34410
v 132.55614 170.37440 5.61838
v 132.77394 170.49237 5.61534
v 139.91707 172.36778 4.48868
v 140.94843 171.63593 4.15346
v 145.98389 149.49895 45.09625
v 162.23311 151.35158 7.38982
v 162.19888 150.86035 7.38982
v 162.41708 150.84247 5.88842
v 133.97812 164.71338 34.50040
v 162.46436 154.32831 5.34410
v 162.50313 153.83052 5.34410
v 138.39711 172.48486 5.34410
v 142.78801 147.41191 46.12988
v 153.01746 169.27318 7.94705
v 153.42583 169.00272 7.94705
v 153.48537 169.09024 7.38982
v 151.79739 162.41393 39.29045
v 127.86142 161.74667 2.90241
v 129.30048 161.74553 2.04088
v 158.04880 146.23802 22.06212
v 158.95274 145.88081 16.49069
v 124.59836 156.60469 3.57327
v 124.82098 157.46355 3.57327
v 135.32550 153.75128 54.42702
v 143.31703 135.49789 22.06212
v 144.08800 136.11157 25.07680
v 157.69345 148.88800 28.28773
v 141.66292 136.01231 25.07680
v 142.48145 135.46368 22.06212
v 139.54858 145.78365 54.21786
v 145.17532 153.29646 39.75341
v 160.32831 145.84673 8.78771
v 139.49916 154.64561 40.80547
v 146.00822 132.51503 5.34410
v 148.21761 152.59837 49.76557
v 139.87149 139.68822 43.20953
v 139.42152 140.57230 47.08447
v 139.73285 138.92625 39.29045
v 139.52055 158.68684 56.01935
v 139.80594 158.86790 58.13891
v 148.25792 151.39816 50.49268
v 152.13237 160.92467 43.20953
v 153.14822 160.89877 39.29045
v 151.89931 138.48969 22.06212
v 145.05016 168.14931 28.28773
v 154.26212 159.20183 39.29045
v 138.62695 139.97841 43.20953
v 137.76791 139.43555 39.29045
v 151.62502 150.78549 60.10414
v 134.22238 156.11577 63.86619
v 133.89276 156.26512 62.22936
v 157.23314 147.39780 2.04088
v 154.69627 148.25894 0.00000
v 146.97383 148.31575 51.71035
v 146.80884 148.04210 52.20885
v 126.46562 154.57178 2.04088
v 134.27531 162.83107 43.20953
v 138.63185 165.82642 39.29045
v 145.68744 144.46156 63.86619
v 145.83138 144.12956 62.22936
v 136.11148 158.39500 65.08008
v 136.21355 158.89445 63.86619
v 135.90700 158.59288 63.86619
v 144.37198 158.89055 55.31306
v 144.68092 158.77129 56.01935
v 138.58684 144.51965 63.86619
v 136.46199 146.56827 65.93647
v 132.65704 167.85057 3.57327
v 158.86499 146.84386 3.26565
v 133.40459 137.26123 3.26565
v 134.16292 136.84789 3.26565
v 143.07788 159.14781 64.44691
v 143.40579 159.11214 65.13291
v 133.68517 143.69905 47.08447
v 132.08420 142.04482 35.42916
v 143.28088 165.64963 0.00000
v 142.63435 165.68669 0.00000
v 131.14073 141.06996 28.28773
v 130.73032 140.64589 25.07680
v 129.67740 139.55794 16.49069
v 144.43805 146.56070 51.71035
v 143.30910 160.90411 65.08008
v 132.16026 165.58748 25.07680
v 147.46712 132.85275 4.96065
v 151.56010 143.44383 43.20953
v 145.31799 160.38342 65.08008
v 145.60944 160.01888 65.93647
v 145.70107 160.22105 65.08008
v 156.77455 165.49158 8.72413
v 157.00842 165.06169 8.76119
v 157.39447 164.76093 8.72413
v 142.52373 132.88026 8.66599
v 142.04175 132.83136 8.62573
v 156.51732 149.89531 35.42916
v 157.21622 149.76814 31.72761
v 157.33217 150.50812 31.72761
v 139.90060 142.62694 57.42511
v 140.65688 154.32188 27.23068
v 136.35684 137.70680 28.28773
v 137.08975 137.43779 28.28773
v 128.24977 138.08281 7.38982
v 157.97290 150.42377 28.28773
v 140.95261 143.00484 60.10414
v 145.19867 165.34909 0.00000
v 145.82553 165.18661 0.00000
v 149.56604 147.75232 63.86619
v 149.32420 147.39673 63.86619
v 140.79506 141.80811 54.29420
v 140.27213 141.89005 54.29420
v 140.70233 141.10379 50.81334
v 144.05429 158.98401 56.01935
v 144.07098 159.04248 58.13891
v 143.74431 159.11166 57.52038
v 144.45006 138.88765 39.29045
v 146.87950 166.27750 35.42916
v 162.25079 154.98566 6.43177
v 162.24164 154.96767 6.50965
v 152.27229 161.93118 39.29045
v 136.47787 156.19110 59.55390
v 142.09120 159.31183 58.81672
v 129.95670 152.29956 47.08447
v 153.56046 136.08955 7.94705
v 153.21240 135.72726 7.38982
v 153.62071 136.00252 7.38982
v 129.97441 160.38431 35.42916
v 129.79858 161.38860 31.72761
v 147.36295 145.77493 65.08008
v 144.32127 172.34465 7.94705
v 144.82146 172.39163 7.38982
v 149.29871 170.45686 8.78771
v 131.16402 141.09402 2.04088
v 161.02524 153.73366 4.00750
v 131.39600 161.07674 39.29045
v 146.88818 168.90785 2.90241
v 143.47266 146.61978 49.76557
v 139.66260 146.89388 50.49268
v 140.87210 172.80042 5.34410
v 153.60860 141.46130 2.04088
v 140.63362 151.03038 29.47771
v 154.16971 138.39514 3.81733
v 153.46320 137.82494 3.81733
v 144.95178 139.77135 43.20953
v 145.75508 151.09613 41.87877
v 146.15483 151.15837 42.95927
v 149.88777 163.22450 0.00000
v 149.35229 163.58867 0.00000
v 161.30811 145.48708 5.08340
v 161.12296 145.02321 5.34410
v 161.13025 145.02032 5.08340
v 141.74554 151.15334 35.30177
v 143.18376 152.21979 34.16002
v 144.87584 146.33369 65.13291
v 157.66086 148.89560 2.04088
v 157.46538 148.14145 2.04088
v 154.88933 148.87708 0.00000
v 142.98843 153.23590 22.46082
v 143.19043 152.92816 22.46082
v 144.03116 153.63698 23.10149
v 137.81198 148.38762 49.76557
v 138.23621 147.97707 49.76557
v 137.71060 148.29266 50.49268
v 147.05246 150.85367 46.12988
v 143.30827 145.80336 54.01944
v 142.64658 145.72723 54.01944
v 125.27577 150.55267 22.06212
v 137.71881 161.59230 57.42511
v 147.80566 137.61314 28.28773
v 139.98654 152.24501 23.48475
v 154.55829 160.18318 35.42916
v 145.13519 161.13889 62.22936
v 123.07030 150.80794 9.38558
v 123.03831 151.24385 9.39722
v 146.55733 171.17603 4.15346
v 148.15634 160.00153 60.10414
v 144.35730 153.43402 28.15446
v 144.39590 153.20465 28.60461
v 134.40941 156.50299 63.86619
v 147.23671 171.92148 7.38982
v 135.21272 145.95316 60.10414
v 133.81325 144.64241 50.81334
v 129.79996 163.37683 25.07680
v 147.94875 132.98427 5.34410
v 147.46809 132.84914 5.34410
v 130.89386 154.55766 50.81334
v 129.52074 155.45695 43.20953
v 131.06491 142.06830 31.72761
v 130.16248 141.22310 25.07680
v 129.76685 140.85254 22.06212
v 137.33688 167.64375 28.28773
v 158.66382 153.57887 25.07680
v 145.76357 146.77356 56.01935
v 145.18513 146.45212 56.01935
v 145.50783 146.55258 58.13891
v 158.66791 145.03964 3.57327
v 158.73923 140.65002 5.34410
v 151.21352 138.00934 2.90241
v 152.34352 136.19214 9.40779
v 151.97058 135.96713 9.41085
v 153.54715 160.35158 39.29045
v 160.60794 161.02144 5.88842
v 136.71768 136.34172 2.90241
v 135.93144 136.63031 2.90241
v 136.36916 137.73793 2.04088
v 154.40617 138.11644 4.00750
v 127.74409 138.27603 5.88842
v 144.99101 170.29329 16.49069
v 127.21352 165.00784 8.72413
v 140.35670 156.24319 42.95927
v 146.31087 137.16797 2.04088
v 151.41090 144.42455 47.08447
v 157.74881 142.47633 3.81733
v 134.26625 138.75366 2.04088
v 161.47916 151.39481 8.78771
v 153.07954 164.90265 25.07680
v 159.18422 151.10754 22.06212
v 156.10968 137.65158 5.34410
v 155.74109 137.31476 5.34410
v 151.24763 163.89653 35.42916
v 138.09642 153.24710 42.95927
v 143.76984 171.61284 4.15346
v 157.57452 143.11462 16.49069
v 158.68205 142.43842 8.78771
v 153.73526 158.90903 0.00000
v 123.72829 160.87059 5.88842
v 123.88367 161.34831 5.34410
v 158.47879 155.18715 25.07680
v 158.59105 154.38527 25.07680
v 144.39258 158.95119 58.81672
v 140.80818 135.49323 2.90241
v 139.47792 144.47311 65.08008
v 137.14799 141.34406 47.08447
v 148.42554 154.84207 53.75671
v 153.54364 154.37236 50.81334
v 139.27303 161.61789 60.10414
v 138.82915 161.46317 60.10414
v 140.43523 154.04996 24.82669
v 139.28731 146.06561 54.34509
v 157.86349 155.08556 2.04088
v 142.99399 154.50246 23.10149
v 143.22191 154.48424 23.48475
v 141.72316 153.27107 32.50751
v 145.89906 157.65826 51.71035
v 143.39348 161.54500 62.22936
v 144.50435 158.32446 51.13962
v 144.24252 158.50916 51.71035
v 139.78825 134.16075 3.81733
v 139.84322 134.57809 3.57327
v 144.34290 154.71140 39.75341
v 147.93373 156.06375 55.31306
v 140.13898 150.74904 38.73657
v 151.81149 165.90906 25.07680
v 141.00568 154.92722 38.73657
v 139.02014 149.79977 42.95927
v 144.80731 166.81461 35.42916
v 141.65448 145.81432 63.68680
v 141.98318 145.79546 63.68680
v 135.27736 153.76006 54.18433
v 146.97235 142.82797 54.29420
v 141.51515 158.47629 49.76557
v 153.07481 169.36215 7.38982
v 153.60847 169.27129 5.88842
v 128.09529 163.69637 16.49069
v 142.65408 166.28914 39.29045
v 145.61748 139.75571 0.00000
v 136.51503 153.82613 48.95431
v 153.70181 166.98875 3.81733
v 149.99919 167.67848 2.90241
v 149.60609 156.15091 65.93647
v 136.41556 165.84921 35.42916
v 136.14769 165.01958 38.71314
v 136.20419 164.92169 39.29045
v 140.40904 172.37665 7.94705
v 138.07063 132.57997 5.34410
v 140.12648 136.72972 28.28773
v 136.43306 147.60481 67.14609
v 144.70604 158.83484 59.55390
v 133.80331 133.96217 5.08340
v 143.10294 152.38142 32.50751
v 148.00133 156.10579 66.19351
v 159.92223 149.27577 16.49069
v 150.60202 171.03772 5.08340
v 151.05443 170.82600 5.08340
v 154.05673 141.02760 25.07680
v 154.44626 140.65062 22.06212
v 132.69830 143.59814 43.20953
v 156.06711 143.56065 25.07680
v 155.61177 142.89113 25.07680
v 156.52269 143.26691 22.06212
v 127.41400 162.03516 3.26565
v 132.75603 170.52657 5.08340
v 146.70300 148.14453 51.13962
v 127.55916 138.78482 7.38982
v 133.32889 170.49420 7.38982
v 133.09616 170.30496 7.72251
v 151.45140 168.51921 3.81733
v 150.65422 168.95374 3.81733
v 136.66284 153.50795 48.07033
v 148.16707 149.43631 64.44691
v 127.39938 138.63516 5.88842
v 146.79611 159.62418 65.08008
v 156.37227 149.19606 35.42916
v 157.06409 149.03476 31.72761
v 144.49565 132.56808 7.38982
v 137.75188 166.35216 35.42916
v 145.77539 172.13503 7.94705
v 140.02631 153.48604 27.23068
v 144.66782 151.38301 38.73657
v 127.34857 138.58757 5.08340
v 155.18335 150.13803 0.00000
v 158.66064 156.90985 22.06212
v 155.04178 165.13068 16.49069
v 146.20570 160.29321 63.86619
v 150.72194 167.25577 22.06212
v 151.20792 168.09750 16.49069
v 156.42972 166.49609 7.94705
v 156.84618 166.21509 7.38982
v 156.50517 166.57033 7.38982
v 141.65343 145.80167 65.13291
v 128.43527 139.60538 4.00750
v 128.70204 139.85524 3.81733
v 129.74841 140.83527 2.90241
v 132.57298 143.48076 0.00000
v 138.20749 138.50954 35.42916
v 138.01244 137.82646 31.72761
v 153.88911 168.80836 7.38982
v 136.55981 158.52477 65.93647
v 146.89604 157.34949 55.31306
v 140.49573 151.05171 29.04594
v 136.90005 136.87894 25.07680
v 150.01930 149.84656 65.93647
v 149.87968 149.46622 65.93647
v 150.22951 149.77521 65.08008
v 140.35104 146.01590 56.01935
v 148.97261 151.60867 66.19351
v 143.19128 148.81036 41.87877
v 133.97557 153.17453 65.93647
v 134.01859 153.57741 65.93647
v 133.79851 153.60638 65.08008
v 144.82111 147.78831 47.12505
v 142.16425 154.84801 28.15446
v 122.33484 150.21434 4.48868
v 123.15129 150.30826 4.15346
v 137.90904 148.85707 48.07033
v 148.01355 137.06081 25.07680
v 122.66345 157.05585 7.38982
v 122.78114 157.53400 7.38982
v 122.56921 157.58893 5.88842
v 138.45609 164.16045 47.08447
v 138.21916 164.89780 43.20953
v 137.42711 148.44820 51.13962
v 137.36368 148.39438 51.71035
v 141.86694 154.05435 31.06901
v 155.54872 141.90776 22.06212
v 154.16167 142.01219 28.28773
v 143.61028 163.19180 54.29420
v 150.23456 142.03259 0.00000
v 138.90269 156.02328 45.09625
v 139.07956 156.18095 45.09625
v 140.96375 145.69104 66.55688
v 134.17078 162.96730 0.00000
v 143.34624 161.18622 63.86619
v 124.24576 159.59599 8.78771
v 148.51662 150.00485 57.52038
v 151.54179 160.42361 47.08447
v 151.91934 159.95583 47.08447
v 149.20007 143.38077 50.81334
v 124.34625 154.85078 16.49069
v 124.29395 154.41187 16.49069
v 154.37003 153.89969 47.08447
v 134.13945 151.97147 66.50078
v 134.12323 152.36774 66.50078
v 133.96564 151.96007 65.93647
v 135.24606 146.59770 62.22936
v 138.05560 157.38782 52.20885
v 137.86459 157.13165 51.71035
v 148.80238 151.29909 63.68680
v 133.97949 145.52310 54.29420
v 132.07025 152.83165 57.42511
v 132.86353 144.57629 47.08447
v 131.10814 143.08694 35.42916
v 130.07367 142.20927 28.28773
v 128.75926 140.51442 16.49069
v 148.33534 156.31349 54.21786
v 136.13995 137.15794 25.07680
v 127.79066 139.65086 8.78771
v 144.56213 170.42181 3.57327
v 144.49944 169.94557 3.26565
v 134.31435 164.13103 37.94789
v 127.45692 139.35332 8.51623
v 127.40057 139.30307 8.36546
v 138.15001 156.05405 47.12505
v 137.55147 157.46599 58.13891
v 158.34267 164.88460 5.34410
v 148.45712 149.66609 54.09842
v 130.21713 165.94336 16.49069
v 143.24532 143.43663 62.22936
v 146.90042 145.71237 65.93647
v 156.01465 137.75305 4.64254
v 123.64188 159.83464 7.94705
v 123.73000 160.32924 7.38982
v 151.10446 142.99559 43.20953
v 161.93442 155.75768 4.48868
v 126.95299 139.56155 4.48868
v 145.55379 147.11092 51.71035
v 139.30316 146.85509 51.71035
v 130.09920 142.23091 2.04088
v 153.51898 167.70148 10.90044
v 153.43158 167.55009 11.93184
v 148.86128 158.73643 62.22936
v 134.22250 170.90794 7.38982
v 151.70702 161.40175 43.20953
v 151.22186 142.87025 0.00000
v 140.06021 153.34659 28.60461
v 144.44524 133.00621 8.66599
v 143.97038 132.91029 8.62573
v 144.46043 132.87411 8.51623
v 142.76015 169.52937 22.06212
v 147.68277 171.69029 7.94705
v 137.92622 149.21852 47.12505
v 139.24951 136.26997 25.07680
v 139.97870 135.60718 22.06212
v 131.45966 169.77612 5.34410
v 123.29698 156.42159 8.78771
v 157.32417 165.32959 8.36546
v 161.21475 159.65558 4.84516
v 146.42914 157.31932 52.20885
v 155.35236 151.42174 0.00000
v 136.84853 148.39157 55.31306
v 144.52798 149.46954 41.87877
v 157.49811 139.08621 5.34410
v 136.83958 148.38470 65.72253
v 135.95328 152.09035 51.13962
v 157.25920 162.38319 16.49069
v 158.59918 162.69595 8.78771
v 158.34402 163.09528 8.78771
v 146.19785 166.49037 35.42916
v 146.39291 167.17343 31.72761
v 145.45276 147.27339 50.49268
v 140.45245 153.75414 23.10149
v 140.52551 153.97078 23.48475
v 135.85329 154.65527 64.44691
v 135.95224 154.96994 65.13291
v 139.93509 160.96266 63.86619
v 147.46695 148.32193 65.13291
v 147.85112 148.85803 65.13291
v 128.46918 140.84795 16.49069
v 142.53839 150.94556 31.06901
v 150.57504 143.56087 47.08447
v 156.19931 165.60922 4.15346
v 155.97006 165.39453 4.00750
v 137.84007 157.64186 56.01935
v 147.17340 148.55490 51.71035
v 141.46672 153.28572 22.46082
v 140.65543 153.99738 23.10149
v 155.45544 146.49519 35.42916
v 148.32027 148.96796 54.34509
v 151.85452 155.60115 57.42511
v 142.45235 137.24194 31.72761
v 126.68979 139.33827 5.34410
v 139.26884 170.26988 16.49069
v 149.83269 165.71555 31.72761
v 138.79727 151.93771 40.80547
v 138.75856 152.27422 40.80547
v 133.74413 151.94554 65.08008
v 133.46019 151.92694 63.86619
v 128.41884 140.80524 3.57327
v 146.72495 147.16982 54.42702
v 142.08708 159.56300 54.34509
v 146.92281 157.37714 54.01944
v 147.45702 148.32980 63.68680
v 144.31638 157.16502 46.12988
v 144.01752 162.47403 57.42511
v 159.17398 159.85728 3.81733
v 148.03619 167.26196 2.04088
v 147.05161 164.77043 0.00000
v 146.16600 162.52936 54.29420
v 143.72725 145.44102 54.21786
v 146.00137 142.40704 54.29420
v 139.17227 150.17464 41.87877
v 162.47864 150.83742 5.34410
v 159.12048 150.27267 2.90241
v 157.93971 150.42813 2.04088
v 150.67482 152.22260 65.08008
v 150.96272 152.64330 63.86619
v 135.36314 170.67213 8.76119
v 143.17288 154.64124 24.82669
v 138.19099 155.68384 46.12988
v 137.82115 155.63969 47.12505
v 136.59842 148.19966 54.34509
v 148.03815 140.66678 0.00000
v 135.64392 160.23033 57.42511
v 135.63773 161.05556 54.29420
v 146.10802 155.81340 46.12988
v 136.81653 148.36703 57.52038
v 149.50476 171.15347 7.55197
v 141.53416 147.42216 46.12988
v 141.76216 147.12766 47.12505
v 159.01364 155.27545 22.06212
v 160.09515 154.55832 16.49069
v 139.08484 156.56319 46.12988
v 136.88080 148.41632 63.68680
v 123.34224 152.19131 4.00750
v 144.18369 157.51305 47.12505
v 144.52654 157.62885 48.07033
v 129.50790 167.46249 8.66599
v 127.04260 150.75592 31.72761
v 127.84732 150.12988 35.42916
v 161.24275 159.66614 5.34410
v 147.97290 134.54123 4.00750
v 155.74367 140.62480 16.49069
v 128.93640 156.28833 39.29045
v 137.53456 167.02847 31.72761
v 161.30074 145.48978 5.34410
v 135.47766 147.33968 65.08008
v 135.25192 147.16644 63.86619
v 127.30984 162.62822 16.49069
v 126.50810 163.74652 8.78771
v 155.91780 137.85645 7.38982
v 153.25533 149.34369 50.81334
v 134.15977 146.32843 57.42511
v 156.21799 163.81140 16.49069
v 131.25711 144.10114 39.29045
v 135.39375 153.73888 66.55688
v 135.28421 153.75880 66.82368
v 130.09605 143.21022 31.72761
v 137.40692 151.94824 45.09625
v 129.11514 142.45753 25.07680
v 153.33253 135.54425 5.88842
v 127.16708 163.27431 3.81733
v 149.06523 147.05344 63.86619
v 143.50795 132.58522 7.94705
v 143.51488 132.47958 7.38982
v 154.98460 136.66266 5.08340
v 154.58731 136.35995 5.34410
v 122.41753 154.61218 8.17515
v 142.49734 134.49187 16.49069
v 138.99762 146.94864 52.20885
v 152.53378 160.42729 43.20953
v 157.42842 153.51599 31.72761
v 157.70450 153.51599 30.26365
v 125.10457 163.52420 5.34410
v 143.45691 133.36398 4.15346
v 150.74103 155.71356 62.22936
v 136.99052 168.72171 22.06212
v 139.70583 170.33653 16.49069
v 139.52591 171.62166 8.78771
v 160.47763 144.21967 7.38982
v 144.90759 152.41141 38.73657
v 145.25386 152.09825 39.75341
v 126.27048 164.51935 7.94705
v 126.18596 164.58310 7.38982
v 127.23767 141.01692 4.00750
v 159.82111 142.32794 5.34410
v 145.62463 152.04944 40.80547
v 145.98102 148.04665 48.95431
v 128.66504 142.11217 2.90241
v 131.00845 155.11008 50.81334
v 142.98531 162.04495 60.10414
v 135.35912 153.06110 54.09842
v 145.66786 167.36136 31.72761
v 140.04683 153.47675 25.31007
v 143.33870 158.74342 51.71035
v 153.80029 148.56310 47.08447
v 148.95718 151.61070 58.81672
v 148.47389 168.36958 2.90241
v 157.53465 156.60814 2.04088
v 137.00908 148.51477 53.31061
v 122.97252 157.99141 4.48868
v 123.76276 157.76575 4.15346
v 155.95309 151.37247 39.29045
v 154.84695 166.91801 4.15346
v 159.50932 160.00267 4.00750
v 136.45494 148.52190 54.42702
v 135.41318 152.05495 58.13891
v 151.86319 146.27118 50.81334
v 136.65791 148.66237 56.01935
v 140.96898 171.32253 4.00750
v 155.80858 153.51599 40.05100
v 155.95944 153.51599 39.29045
v 136.60172 148.62347 59.55390
v 145.04417 168.11638 2.04088
v 145.80701 167.95815 2.04088
v 152.57225 149.53876 54.29420
v 160.67532 144.67065 7.38982
v 160.67705 144.12932 5.88842
v 136.51198 148.56137 66.55688
v 152.24989 158.08356 50.81334
v 154.95096 167.77719 8.17515
v 156.77713 138.39481 5.88842
v 132.48598 145.04408 47.08447
v 128.45224 153.62743 39.29045
v 131.87155 144.57260 43.20953
v 130.65962 143.64267 35.42916
v 141.05182 170.05843 3.26565
v 128.68509 142.12755 22.06212
v 140.05630 147.06847 48.95431
v 135.97389 142.83942 50.81334
v 126.88449 140.74590 8.78771
v 123.83246 156.78328 4.00750
v 149.98734 146.92152 60.10414
v 153.67502 164.35400 25.07680
v 126.06268 140.11530 5.34410
v 126.05644 140.11052 5.08340
v 146.93451 157.38922 58.13891
v 143.08072 147.18163 47.12505
v 127.52765 141.23941 3.81733
v 149.83669 169.34860 3.81733
v 155.29019 162.54237 25.07680
v 154.69420 137.77696 8.78771
v 136.82150 157.21910 67.00497
v 148.91585 153.60831 58.13891
v 134.48155 155.99835 65.08008
v 149.40109 156.97621 65.08008
v 149.86078 156.75583 63.86619
v 145.57426 144.72263 65.08008
v 156.29933 167.06564 4.73857
v 142.75374 159.22064 56.01935
v 142.75748 159.26631 57.52038
v 154.51451 139.35474 16.49069
v 138.49385 149.93304 44.03557
v 135.55818 170.15390 4.00750
v 136.84920 161.10902 57.42511
v 146.30769 147.15018 56.01935
v 122.25272 154.62979 7.38982
v 122.09392 155.14732 5.88842
v 136.10065 153.30330 50.49268
v 136.62173 148.63733 54.01944
v 139.13251 154.07695 40.80547
v 136.61824 148.21486 54.18433
v 130.25423 168.88911 5.88842
v 139.06979 139.06378 39.29045
v 154.63849 164.14737 22.06212
v 122.45024 157.10558 5.88842
v 122.39009 157.11960 5.34410
v 136.60791 148.62776 58.13891
v 152.93758 136.98953 4.00750
v 154.30928 161.78969 31.72761
v 135.18353 162.62553 46.71852
v 148.88821 151.61978 56.01935
v 135.66115 161.95151 50.81334
v 142.14619 155.95099 40.80547
v 132.75354 150.93990 60.10414
v 133.13936 151.45731 62.22936
v 134.70103 147.30800 62.22936
v 133.33524 146.36272 54.29420
v 130.85818 144.64832 39.29045
v 128.63815 143.11180 25.07680
v 126.06787 141.33289 8.66599
v 136.61147 167.35544 2.04088
v 143.31102 145.78677 58.13891
v 156.30782 167.07440 5.88842
v 145.25395 157.23235 48.07033
v 125.99042 140.68048 7.38982
v 126.28535 140.28618 7.38982
v 162.07050 154.78555 4.48868
v 124.73499 160.41446 4.15346
v 124.36769 159.54782 4.15346
v 148.29559 158.79561 63.86619
v 145.91148 155.06686 44.03557
v 145.64203 155.41803 44.03557
v 134.30183 157.06149 62.22936
v 125.66220 141.05212 4.55869
v 144.35188 139.48236 0.00000
v 126.99280 141.97304 3.81733
v 157.85861 159.28706 2.90241
v 158.17278 158.51068 2.90241
v 129.15092 143.46672 2.04088
v 142.81984 171.35281 4.00750
v 141.61394 148.02808 44.03557
v 144.38313 152.97089 23.48475
v 140.37418 151.36293 23.10149
v 162.18759 156.30550 5.34410
v 134.49223 166.37424 2.04088
v 135.18228 166.73587 2.04088
v 152.80940 146.37614 47.08447
v 153.48013 145.98891 43.20953
v 142.79196 170.50081 16.49069
v 148.75157 157.52509 65.93647
v 137.29280 154.72458 47.12505
v 146.91827 132.99866 7.38982
v 149.15343 157.83345 63.86619
v 143.19125 153.74557 31.06901
v 161.39301 147.01987 7.94705
v 161.49480 146.99078 7.38982
v 152.09703 156.78932 54.29420
v 161.70395 157.21556 7.38982
v 136.49538 148.95094 65.13291
v 132.81453 166.06447 25.07680
v 156.84244 142.00923 16.49069
v 135.82761 139.42603 35.42916
v 135.69005 139.18776 33.99897
v 135.23254 147.67587 65.08008
v 144.78828 136.83913 2.04088
v 157.00597 166.36475 5.88842
v 133.86664 146.73050 57.42511
v 129.65480 143.81544 31.72761
v 138.33946 157.53456 51.71035
v 129.12341 143.44766 28.28773
v 127.39320 142.25017 16.49069
v 130.71962 167.46495 4.00750
v 134.34512 160.88936 50.81334
v 161.58235 157.69272 7.38982
v 147.68765 168.65819 2.90241
v 161.85349 157.76537 5.34410
v 125.52521 140.95732 5.88842
v 139.69955 133.48698 4.15346
v 122.26004 156.12863 4.73857
v 138.60564 169.15448 22.06212
v 150.72820 135.29105 9.39786
v 137.85339 149.79541 46.12988
v 136.37463 154.47830 50.49268
v 136.43738 148.91487 57.52038
v 141.65024 145.76254 65.72253
v 153.67578 142.43831 31.72761
v 160.06543 142.76338 5.34410
v 160.07231 142.75964 5.08340
v 156.67183 161.49745 22.06212
v 132.44151 146.43008 50.81334
v 131.80197 146.03238 47.08447
v 129.84703 144.81673 35.42916
v 128.19383 143.78870 25.07680
v 150.08614 149.38463 65.08008
v 143.14993 153.96912 30.69809
v 123.71043 154.69946 12.84899
v 123.90645 154.69945 14.00444
v 148.21803 148.62146 67.00497
v 137.12349 134.71352 3.81733
v 125.91748 142.37317 4.15346
v 146.07915 146.89900 59.55390
v 127.71204 143.48911 2.90241
v 128.72342 144.11801 2.04088
v 141.31551 145.76132 60.35057
v 139.51837 158.69189 55.31306
v 123.60849 160.03244 7.38982
v 123.58823 159.94527 7.46509
v 150.58769 134.38942 7.94705
v 140.42853 148.01041 45.09625
v 140.42459 151.51181 29.89917
v 141.88890 171.67442 4.15346
v 126.40057 150.68207 28.28773
v 144.29149 145.99892 66.19351
v 131.25102 169.18413 7.94705
v 153.63264 141.43802 28.28773
v 143.72922 149.40440 40.80547
v 136.39217 135.38275 3.57327
v 161.25861 151.48399 10.11953
v 161.15352 151.48399 10.74271
v 161.62418 147.46590 7.38982
v 136.34169 149.24280 64.44691
v 135.07845 157.09340 65.08008
v 135.19276 148.14090 65.93647
v 152.45244 137.69049 16.49069
v 133.59360 147.14648 57.42511
v 131.14427 145.62340 43.20953
v 128.69499 144.10034 28.28773
v 133.75433 153.19267 65.08008
v 125.80615 142.30394 8.78771
v 142.86830 172.83308 5.34410
v 145.42256 160.64806 63.86619
v 124.92648 141.75693 5.34410
v 124.91983 141.75278 5.08340
v 154.76401 156.53598 0.00000
v 136.19954 155.58348 55.31306
v 141.20462 167.72733 31.72761
v 141.16234 168.37221 28.28773
v 158.41493 164.31943 7.38982
v 156.53668 151.48399 36.33511
v 145.36476 158.65604 66.55688
v 146.44368 164.99358 0.00000
v 142.90149 155.49707 39.75341
v 139.44254 151.13879 39.75341
v 122.45798 153.14633 8.51623
v 122.38251 153.14880 8.36546
v 148.08284 153.76994 49.76557
v 148.34010 133.39841 7.38982
v 150.18283 134.09196 7.38982
v 132.64613 151.87358 60.10414
v 139.52950 158.66621 65.13291
v 136.30846 149.22432 56.01935
v 122.32597 150.70633 7.94705
v 122.18230 151.18774 7.38982
v 143.62982 143.85574 63.86619
v 143.76273 143.05083 60.10414
v 135.13956 148.57474 66.50078
v 133.83145 147.84778 60.10414
v 132.77638 147.26143 54.29420
v 128.86400 145.08717 31.72761
v 128.29912 144.77325 28.28773
v 127.30943 144.22325 22.06212
v 126.67932 143.36740 16.49069
v 155.13205 143.23488 28.28773
v 157.05815 158.09116 2.04088
v 137.02592 162.99736 49.73575
v 136.59422 162.77760 49.73965
v 124.66805 142.18414 5.34410
v 124.66127 142.18018 5.08340
v 136.06543 161.36739 54.29420
v 126.90776 156.86765 28.28773
v 125.71474 143.33702 4.00750
v 124.20181 153.08923 16.49069
v 127.28735 144.21097 2.90241
v 158.16850 141.64194 8.78771
v 154.97969 136.66875 5.34410
v 139.59802 138.18530 35.42916
v 139.47086 137.48642 31.72761
v 136.88487 156.72044 57.52038
v 141.74864 151.71356 32.50751
v 146.42308 139.36475 39.29045
v 137.87312 150.36485 45.09625
v 137.15257 150.00952 48.07033
v 133.82144 169.04872 13.27932
v 133.93259 168.85623 14.59702
v 152.74879 157.07187 50.81334
v 133.94293 160.49371 50.81334
v 123.28238 159.97670 5.34410
v 141.16454 168.33881 2.04088
v 142.77568 143.75748 63.86619
v 127.52879 160.03726 25.07680
v 146.12430 171.40565 8.78771
v 150.84688 153.92712 63.86619
v 134.79327 148.38228 65.08008
v 130.14322 145.79808 39.29045
v 153.49147 136.95837 9.37518
v 126.03423 143.51457 3.81733
v 128.32837 144.78951 2.04088
v 130.67007 146.09088 0.00000
v 136.06523 171.60150 7.38982
v 131.49197 169.01949 8.60064
v 123.95229 149.48680 3.81733
v 150.24106 155.98473 63.86619
v 137.36823 150.11588 47.12505
v 136.68271 149.77782 50.49268
v 136.51112 149.69319 51.71035
v 152.73715 156.50337 0.00000
v 136.45464 142.54407 0.00000
v 150.66536 154.76753 63.86619
v 137.58302 132.68738 5.34410
v 134.34496 148.62495 63.86619
v 134.02042 148.46490 62.22936
v 131.89357 147.41608 50.81334
v 131.21812 147.08298 47.08447
v 130.52350 146.74042 43.20953
v 152.94373 135.22694 4.96065
v 126.92126 144.96400 22.06212
v 126.24989 144.14011 16.49069
v 125.10051 143.53777 8.78771
v 124.78838 143.91217 8.76119
v 124.93477 142.90356 8.51623
v 151.58186 135.62289 8.78771
v 123.00151 152.31071 9.41061
v 145.79567 146.72192 58.13891
v 125.00331 144.01817 4.15346
v 136.27963 164.79103 40.05100
v 136.58572 149.72998 51.13962
v 136.01073 149.81564 55.31306
v 136.01578 149.81784 56.01935
v 135.95308 149.79065 59.55390
v 136.00038 149.81116 65.72253
v 135.93768 149.78398 66.19351
v 151.20392 153.98605 62.22936
v 132.53070 147.73026 54.29420
v 129.15344 146.06479 35.42916
v 126.04955 144.53412 16.49069
v 133.96608 134.32141 7.94705
v 124.20842 143.62616 7.38982
v 124.43159 143.18724 7.38982
v 123.95668 143.50203 5.34410
v 162.54599 152.33351 5.34410
v 156.05489 156.95074 35.42916
v 125.99034 144.50491 3.57327
v 126.42116 144.71738 3.26565
v 141.95117 149.43274 39.75341
v 153.67255 153.25172 50.81334
v 149.70430 157.69191 62.22936
v 136.68324 150.10719 49.76557
v 124.19458 152.20526 16.49069
v 135.95197 149.79018 58.81672
v 124.35600 161.66696 7.38982
v 130.96556 147.62848 47.08447
v 131.60135 135.13646 5.34410
v 127.06725 145.93851 25.07680
v 146.87048 147.51617 66.19351
v 140.32822 144.46089 65.93647
v 158.52138 141.97823 8.76119
v 146.65346 138.64774 35.42916
v 124.89601 144.99724 4.00750
v 127.63942 146.18655 2.04088
v 152.51846 134.96533 5.34410
v 128.13229 166.80244 7.38982
v 123.02924 153.59918 9.40052
v 136.07588 150.19398 53.31061
v 162.45168 151.33905 5.88842
v 136.04803 149.83182 63.68680
v 134.45230 167.95607 20.61219
v 134.51454 167.84824 21.32159
v 135.24930 149.88289 67.15513
v 154.47495 146.19624 39.29045
v 132.90125 148.46764 57.42511
v 150.21605 138.08055 25.07680
v 128.20164 146.43028 31.72761
v 127.60872 146.17323 28.28773
v 124.48755 144.82016 8.78771
v 123.79468 144.51979 7.38982
v 123.59381 144.43272 5.88842
v 123.52995 144.40503 5.08340
v 155.97794 144.54680 28.28773
v 130.09741 147.25214 0.00000
v 135.66330 133.23560 5.34410
v 135.84874 150.10851 57.52038
v 134.00298 149.41380 63.86619
v 133.23944 149.12643 60.10414
v 132.71460 148.92889 57.42511
v 132.10976 148.70125 54.29420
v 131.44490 148.45102 50.81334
v 130.01521 147.91292 43.20953
v 128.58553 147.37483 35.42916
v 127.92068 147.12460 31.72761
v 127.31586 146.89694 28.28773
v 126.25620 146.49812 22.06212
v 122.47978 153.63069 8.51623
v 144.60205 146.12494 59.55390
v 138.33362 135.90651 22.06212
v 123.34419 144.86867 5.34410
v 123.33691 144.86572 5.08340
v 152.15810 145.36600 47.08447
v 124.89079 145.98422 3.81733
v 126.23254 146.48923 2.90241
v 127.34718 146.90874 2.04088
v 136.85161 142.08232 49.73852
v 135.33167 166.43295 30.26365
v 135.46971 166.19386 31.72761
v 154.15085 145.60167 39.29045
v 154.80307 145.22511 35.42916
v 136.47528 150.65971 49.76557
v 135.32716 150.29082 54.21786
v 125.34654 146.15575 16.49069
v 126.43382 150.68590 2.04088
v 124.54871 145.85547 4.00750
v 134.94061 136.47224 3.26565
v 149.64143 134.11723 8.36546
v 134.13232 149.90691 65.08008
v 133.86142 149.81985 63.86619
v 133.51691 149.70917 62.22936
v 130.54218 148.75337 47.08447
v 129.80481 148.51645 43.20953
v 129.06746 148.27954 39.29045
v 127.05885 147.63417 28.28773
v 126.49699 147.45363 25.07680
v 125.98090 147.28781 22.06212
v 123.97060 146.14418 8.78771
v 123.52100 146.49742 8.66599
v 123.71359 145.54115 8.51623
v 122.99245 145.80319 5.34410
v 122.98505 145.80061 5.08340
v 149.21284 171.59802 5.34410
v 128.20653 166.72699 7.94705
v 125.45003 147.11723 3.26565
v 138.01363 132.87993 7.38982
v 138.10251 132.87491 7.46463
v 151.32088 152.20145 62.22936
v 136.00623 139.73540 37.25631
v 134.36925 136.28220 16.49069
v 133.56030 135.49895 10.18729
v 133.68373 156.87575 60.10414
v 138.91937 160.07359 65.93647
v 127.09073 147.64439 2.04088
v 129.64133 148.46393 0.00000
v 125.38026 163.94049 5.34410
v 134.01482 150.30602 65.08008
v 132.95195 150.02124 60.10414
v 128.87621 148.92914 39.29045
v 128.14876 148.73421 35.42916
v 126.83835 148.38309 28.28773
v 126.26830 148.23035 25.07680
v 124.92551 147.41295 16.49069
v 162.37329 153.51599 6.46876
v 162.45802 153.51599 5.88842
v 123.67908 147.53658 4.15346
v 124.33551 147.71246 3.81733
v 126.87068 148.39177 2.04088
v 124.26506 150.88130 16.49069
v 136.70786 140.95065 44.33800
v 156.30746 164.46698 3.81733
v 127.46259 148.55035 31.72761
v 123.55243 147.50264 8.78771
v 122.82297 147.30717 7.38982
v 122.95625 146.83315 7.38982
v 122.61151 147.25052 5.88842
v 139.35516 136.85059 28.28773
v 123.98245 147.61786 4.00750
v 150.55611 169.79430 9.39345
v 125.61237 163.78265 7.38982
v 136.69878 151.31122 48.07033
v 130.96724 150.07333 50.81334
v 130.23109 149.91434 47.08447
v 126.07800 149.01735 25.07680
v 122.35567 149.22321 4.55869
v 122.47092 149.24222 4.48868
v 122.42854 147.71837 5.34410
v 122.42093 147.71654 5.08340
v 123.76485 148.51776 4.00750
v 125.52345 148.89758 2.90241
v 135.17075 136.98015 22.06212
v 158.21936 140.41679 7.38982
v 139.11104 158.76917 54.42702
v 134.90646 167.29518 25.07680
v 124.59808 148.69772 16.49069
v 123.32968 148.42378 8.78771
v 143.02315 132.45340 7.38982
v 155.79755 167.25516 7.38982
v 122.21776 148.69440 5.34410
v 135.45808 151.72404 57.52038
v 140.40248 163.62480 6.35052
v 140.40248 163.62480 0.00000
v 153.64888 167.92648 9.36754
v 150.56253 136.54718 16.49069
v 122.35660 149.65388 7.46102
v 152.73715 156.50337 6.35052
v 136.45464 142.54407 6.35052
v 160.72493 153.51599 13.27932
v 160.50259 153.51599 14.59737
v 134.06784 140.44203 35.42916
v 133.85228 140.06863 33.18794
v 133.38789 139.26431 28.28773
v 132.17299 137.16003 14.60099
v 151.67642 170.16800 7.46545
v 160.81711 159.94524 7.46511
v 142.85872 172.54051 7.45319
v 151.94325 136.85924 14.02441
v 152.18613 137.01402 14.02230
v 129.78882 136.75986 7.47595
v 154.58754 151.48399 46.18949
v 132.74670 166.84625 21.18562
v 132.83751 166.68896 22.21323
v 159.33998 153.51599 21.31110
v 161.48262 153.51599 8.78771
v 161.15363 153.51599 10.73794
v 123.82774 151.13120 14.01761
v 123.84952 150.84381 14.01397
v 150.76630 136.18494 14.02365
v 151.01981 136.32202 14.02500
v 128.84767 167.79755 5.65759
v 134.44441 163.90573 39.29045
v 157.32503 165.61877 7.61151
v 159.20876 153.51599 22.06212
v 154.47311 153.51599 46.74326
v 154.52742 153.51599 46.47251
v 149.54338 135.59624 14.00665
v 158.97054 153.51599 23.38625
v 158.80240 151.48399 24.30265
v 152.49634 135.32916 7.61146
v 122.16006 153.15608 7.44237
v 152.17729 167.99283 14.02255
v 151.93301 168.14577 14.02428
v 137.10303 141.63512 48.28566
v 137.24960 141.88899 49.73370
v 127.11154 139.33980 7.59280
v 146.30225 132.87582 7.46536
v 162.04694 149.65491 7.46687
v 150.62172 168.89044 14.02248
v 133.17751 166.10007 25.99890
v 159.35318 151.48399 21.20007
v 153.86760 153.51599 49.73354
v 135.15604 162.67317 46.44473
v 128.96666 167.53664 7.54691
v 126.70134 165.16428 7.62651
v 161.06436 159.99622 5.75065
v 159.52527 162.51247 7.67384
v 134.69669 137.46721 23.35487
v 148.26740 171.64449 7.25476
v 154.77087 168.08734 7.59446
v 158.62015 153.51599 25.32827
v 158.48415 153.51599 26.06778
v 133.60715 135.58008 10.74237
v 125.02921 142.21056 7.61104
v 149.79727 169.29022 14.01144
v 149.53419 169.40651 14.00628
v 149.66350 169.82140 11.44232
v 161.16953 146.06158 7.56613
v 153.90733 152.20706 49.73961
v 156.77338 153.51599 35.12812
v 134.39986 136.95309 20.01132
v 134.51347 137.14987 21.30343
v 131.84740 168.40390 10.74267
v 123.60608 144.97150 7.39314
v 161.24741 158.76176 7.46543
v 159.87593 143.03723 7.46831
v 159.93146 143.11064 7.39083
v 133.60710 169.41998 10.73797
v 122.43376 155.66296 7.61248
v 155.18205 153.51599 43.20953
v 134.87094 137.76903 25.28382
v 134.93846 137.88597 26.01677
v 136.16747 162.53296 49.73988
v 122.55028 148.66344 7.59532
v 136.80579 163.87973 45.32291
v 137.18298 163.22638 49.04868
v 158.49361 151.48399 25.99717
v 135.34349 142.65152 48.28667
v 159.84784 162.56958 5.57542
v 154.48096 151.48399 46.71925
v 132.93330 166.52306 23.29725
v 135.00243 162.93921 44.91096
v 153.25594 167.24588 14.00455
v 123.77878 152.35011 14.02580
v 123.47121 150.30054 11.44424
v 154.76672 153.51599 45.27967
v 154.08759 153.51599 48.64844
v 152.13644 170.21754 5.60944
v 149.62234 135.24986 11.93064
v 154.25438 151.48399 47.83956
v 134.94168 167.10843 26.06604
v 135.35182 162.33406 48.37977
v 135.34149 162.35193 48.27815
v 124.97887 162.68924 7.65213
v 154.61545 136.75911 7.47190
v 136.84055 163.81950 45.66628
v 133.10562 138.77541 25.19985
v 132.97864 166.44453 23.81029
v 136.80263 141.11482 45.29421
v 154.83377 153.51599 44.94550
v 133.17487 138.89532 25.95966
v 137.65283 132.84367 6.61466
v 133.93279 136.14409 14.60134
v 132.17331 167.83942 14.60831
v 160.50177 151.48399 14.60795
v 122.05290 119.63153 24.50902
v 121.88293 119.33714 25.29514
v 122.59781 120.57532 22.25343
v 122.87834 116.99724 73.78458
v 122.73245 116.74454 72.10011
v 128.34349 126.46313 11.68894
v 133.79581 139.97084 50.39369
v 135.55557 138.95483 50.39369
v 136.05359 139.81743 50.15606
v 134.76659 141.65228 49.96889
v 136.52635 140.63629 49.96889
v 121.82571 115.17403 39.86581
v 121.89627 115.29623 38.69411
v 123.35631 117.82511 78.73124
v 123.19095 117.53870 77.10408
v 129.55981 132.63387 54.05779
v 131.31956 131.61787 54.05779
v 131.72803 132.32533 53.58922
v 119.92484 115.94560 53.68892
v 119.97200 116.02731 55.28196
v 120.02975 116.12733 56.90289
v 120.09778 116.24515 58.54778
v 121.63885 114.85040 44.91489
v 121.67049 114.90517 43.59584
v 129.96826 133.34134 53.58922
v 132.14662 133.05037 53.13725
v 130.38686 134.06638 53.13725
v 121.71243 114.97782 42.31545
v 132.11394 132.99377 6.39199
v 130.35419 134.00977 6.39199
v 125.52481 125.64507 102.85986
v 125.62276 125.81470 96.02626
v 125.99400 126.45772 76.11775
v 126.07219 126.59314 72.80082
v 127.49832 129.06326 57.33842
v 129.39560 128.28546 57.02426
v 127.63585 129.30147 57.02426
v 126.15086 126.72940 69.82734
v 127.91063 125.71341 69.82734
v 127.98900 125.84915 67.30321
v 131.66342 136.27744 51.91188
v 133.84224 135.98726 51.55729
v 132.08247 137.00327 51.55729
v 121.59656 118.84111 78.73124
v 121.76657 119.13559 80.33140
v 127.38251 124.79869 96.02626
v 127.50656 125.01353 88.57406
v 131.38762 131.73573 7.15338
v 129.62785 132.75172 7.15338
v 126.69196 127.66661 60.34581
v 126.76599 127.79483 59.88292
v 133.26414 139.04997 50.69859
v 124.05399 119.03352 84.93034
v 123.69998 118.42035 81.90060
v 130.64989 130.45795 8.02989
v 121.60811 114.79713 47.67387
v 121.61794 114.81416 46.27383
v 128.89012 131.47395 8.02989
v 123.03128 117.26214 75.45387
v 123.33563 121.85329 92.86541
v 123.79352 122.64636 95.98797
v 122.99043 121.25537 20.82631
v 122.79117 120.91025 21.53281
v 123.62384 122.35248 18.78253
v 123.40675 121.97646 19.45207
v 130.40079 130.02650 8.35426
v 128.64102 131.04250 8.35426
v 127.75377 125.44173 76.11775
v 127.83195 125.57713 72.80082
v 130.14987 129.59189 8.69712
v 125.81630 122.08594 97.68422
v 125.55328 121.63037 95.98797
v 129.89697 129.15385 9.05987
v 133.42317 135.26143 51.91188
v 126.55391 123.36351 15.59167
v 126.80186 123.79298 14.98890
v 128.13721 130.16985 9.05987
v 124.58632 119.95554 89.14394
v 125.09540 120.83728 92.86541
v 129.64197 128.71217 9.44394
v 125.54778 125.68483 13.82531
v 125.29349 125.24438 14.39984
v 134.25139 136.69594 51.23481
v 127.36595 128.83400 10.27947
v 128.86549 127.36729 10.72929
v 127.10574 128.38330 10.72929
v 120.17574 116.38017 60.21273
v 126.58372 127.47914 11.68894
v 119.91072 115.92117 43.59584
v 119.87910 115.86639 44.91489
v 128.08272 126.01147 12.19713
v 124.55014 123.95686 16.20734
v 124.31059 123.54196 16.83508
v 126.06303 126.57727 12.72313
v 124.55093 119.89424 21.53281
v 124.75020 120.23938 20.82631
v 127.56422 125.11342 13.26613
v 126.50391 127.34088 62.02602
v 126.56149 127.44064 61.41064
v 120.46600 116.88293 65.28877
v 120.58051 117.08125 66.99480
v 127.05325 124.22839 14.39984
v 123.16748 117.49803 27.76890
v 123.32013 117.76243 26.92418
v 120.61307 117.13767 33.31814
v 120.50255 116.94624 34.33306
v 125.04211 124.80899 14.98890
v 120.70332 117.29399 68.70130
v 123.64270 118.32114 25.29514
v 123.81267 118.61554 24.50902
v 131.02501 135.17168 52.49717
v 132.78477 134.15569 52.49717
v 126.07034 122.52596 16.83508
v 122.02306 115.51584 61.89382
v 121.93549 115.36417 60.21273
v 123.02055 117.24356 28.63496
v 125.60669 121.72287 18.12349
v 123.84692 122.73886 18.12349
v 122.82655 120.97154 89.14394
v 120.26331 116.53185 61.89382
v 120.36017 116.69962 63.58714
v 125.16650 120.96046 19.45207
v 124.95538 120.59477 20.13303
v 121.11858 118.01324 73.78458
v 121.27151 118.27814 75.45387
v 125.74680 126.02954 88.57406
v 121.40771 118.51403 27.76890
v 121.26080 118.25957 28.63496
v 124.35756 119.55933 22.25343
v 125.84537 126.20026 83.26732
v 122.41032 120.25060 22.98907
v 123.98846 118.92001 23.74063
v 121.76430 115.06766 41.07251
v 123.52634 118.11959 80.33140
v 121.71877 119.05278 26.09990
v 134.64662 137.38049 50.94754
v 124.89206 124.54909 102.19429
v 125.03557 124.79765 102.68681
v 120.98407 117.78026 30.43469
v 120.85422 117.55536 31.37017
v 121.11958 118.01498 29.52325
v 122.74384 116.76427 30.43469
v 122.61398 116.53936 31.37017
v 122.49019 116.32494 32.33091
v 126.22923 126.86514 67.30321
v 128.07089 125.99100 65.19745
v 126.31113 127.00700 65.19745
v 122.37283 116.12167 33.31814
v 122.26231 115.93024 34.33306
v 122.15901 115.75131 35.37690
v 120.39925 116.76732 35.37690
v 126.40115 127.16292 63.45631
v 128.16092 126.14693 63.45631
v 128.21042 126.23267 62.70567
v 120.97269 117.76054 72.10011
v 122.06331 115.58556 36.45087
v 120.30354 116.60156 36.45087
v 129.16498 131.95001 54.54307
v 130.92474 130.93401 54.54307
v 120.21584 116.44965 37.55620
v 128.32126 126.42464 61.41064
v 120.06595 116.19002 39.86581
v 122.59392 116.50460 70.40438
v 122.46309 116.27799 68.70130
v 120.83415 117.52060 70.40438
v 120.00453 116.08366 41.07251
v 119.95267 115.99382 42.31545
v 124.05655 123.10194 97.68422
v 124.28226 123.49289 99.06866
v 124.47467 123.82616 100.17661
v 119.85818 115.83015 46.27383
v 119.84834 115.81313 47.67387
v 121.60976 114.79997 49.11623
v 119.84999 115.81597 49.11623
v 128.45172 126.65060 60.34581
v 121.62326 114.82336 50.60214
v 119.86349 115.83937 50.60214
v 127.60512 125.18427 83.26732
v 121.64832 114.86677 52.12767
v 119.88855 115.88277 52.12767
v 121.68459 114.92960 53.68892
v 121.73177 115.01131 55.28196
v 121.78952 115.11134 56.90289
v 121.85753 115.22915 58.54778
v 122.11992 115.68362 63.58714
v 122.22577 115.86694 65.28877
v 122.34026 116.06525 66.99480
v 127.24712 128.62817 57.99489
v 129.00688 127.61218 57.99489
v 125.38713 125.40659 103.32792
v 127.03017 128.25241 58.69170
v 128.78993 127.23640 58.69170
v 128.89394 127.41656 58.33804
v 121.43120 118.55470 77.10408
v 121.94022 119.43634 81.90060
v 122.29422 120.04951 84.93034
v 128.42798 130.67348 55.57731
v 130.18773 129.65747 55.57731
v 130.54648 130.27884 55.04846
v 128.09169 130.09102 56.13300
v 126.04202 122.47690 99.06866
v 128.78671 131.29483 55.04846
v 129.54059 128.53658 56.71892
v 126.23444 122.81017 100.17661
v 126.39754 123.09267 101.04333
v 124.63777 124.10867 101.04333
v 126.65182 123.53310 102.19429
v 130.01660 129.36107 55.85159
v 126.91338 123.98611 102.99395
v 127.14690 124.39058 103.32792
v 135.22255 142.44202 49.81535
v 133.85303 136.00595 34.20517
v 127.62849 129.28874 37.53421
v 125.90733 126.30759 38.22459
v 128.15804 126.14192 43.12103
v 127.66702 125.29147 38.22450
v 132.09328 137.02197 34.20524
v 128.41882 130.65764 36.12622
v 128.42427 130.66707 36.23532
v 127.96648 129.87415 37.40493
v 128.89769 131.48705 37.03141
v 126.39832 127.15800 43.12089
v 136.03087 139.77808 43.08892
v 135.17694 138.29904 39.42209
v 135.48755 138.83704 40.45552
v 134.06415 136.51723 34.76696
v 134.05313 136.50583 34.88737
v 132.72273 138.11221 36.26027
v 128.47400 130.60194 37.99074
v 132.42996 137.60513 36.37770
v 129.09915 127.77199 38.40585
v 128.45204 126.65117 42.23710
v 128.10773 126.05481 38.80351
v 129.44345 128.36835 41.83944
v 127.99657 126.61401 42.62781
v 135.80017 139.37851 40.78834
v 135.28235 138.63394 44.88315
v 135.34831 138.59586 44.88315
v 134.93762 137.88454 40.78767
v 129.72618 128.85803 37.40484
v 132.36121 136.74464 34.78495
v 132.36414 136.76584 34.89425
v 133.01190 138.61308 35.38116
v 134.13698 140.25903 45.45385
v 133.41722 139.31509 39.42303
v 129.87930 129.12326 42.43061
v 132.72496 137.44374 37.56280
v 132.76784 137.51801 37.43403
v 126.34796 127.07080 38.80351
v 127.68369 129.38434 41.83944
v 127.33939 128.78798 38.40585
v 130.73882 130.61197 47.50323
v 132.81314 134.80067 45.17461
v 132.80692 134.67610 45.23235
v 132.74071 134.69646 45.10360
v 134.10632 139.75803 45.14671
v 129.46823 131.72462 47.00709
v 129.12276 131.57413 47.46510
v 128.95840 131.59221 38.16782
v 128.90385 131.49773 38.17871
v 130.56456 130.31015 35.60974
v 130.51210 130.21930 35.57792
v 134.31694 137.25128 36.18463
v 129.93913 129.66869 37.94061
v 134.27019 137.38229 36.04723
v 134.73808 138.02100 43.85020
v 134.86400 138.06250 43.84071
v 129.04131 131.73579 41.90686
v 128.77705 131.27811 41.66603
v 130.30438 129.85951 36.59181
v 130.59360 130.36044 37.05691
v 128.97166 131.61516 36.01576
v 129.41887 132.38977 36.82236
v 128.95564 131.58743 35.91090
v 132.77745 138.20699 43.94033
v 132.80411 138.25316 43.84176
v 135.48737 138.83672 40.02722
v 130.65871 134.53723 37.08817
v 134.00684 136.27234 36.84862
v 132.76443 134.12045 36.94940
v 134.05925 136.36314 36.81660
v 134.11798 139.91286 40.06206
v 134.04182 139.91599 39.93730
v 133.99513 139.83511 40.07754
v 132.04834 132.88014 34.92904
v 131.99991 132.79626 34.98114
v 126.69228 127.66718 42.23710
v 133.23080 138.99222 45.79770
v 131.59193 136.15363 46.45506
v 129.01363 131.68787 39.27347
v 131.18178 135.44321 44.37187
v 131.23024 135.52715 44.31971
v 128.90431 131.49852 39.27360
v 128.85185 131.40767 39.24175
v 134.10405 136.92281 37.52740
v 134.25653 136.70485 40.36507
v 133.65404 139.57405 44.88315
v 131.35223 135.73845 45.78016
v 129.40646 132.36826 42.63598
v 130.42360 134.12999 46.15265
v 131.44209 135.74187 47.75025
v 131.48024 135.80606 47.83372
v 131.52841 135.73920 47.74413
v 129.87122 133.17326 45.20456
v 127.49785 125.55865 38.32093
v 134.08652 136.41035 35.07021
v 134.02721 136.74219 37.77295
v 133.94576 136.76241 37.65717
v 131.95786 136.78740 45.53724
v 128.88599 128.05659 38.19495
v 131.92744 132.67073 47.02646
v 132.52327 133.70274 37.52922
v 132.11954 133.00346 37.20807
v 131.98367 132.76813 37.26257
v 130.66360 130.48170 38.17863
v 130.52049 130.23383 38.33256
v 131.01814 135.15979 46.68521
v 134.05540 136.35648 45.40175
v 132.93932 138.04665 36.18463
v 130.93044 135.00787 38.15389
v 126.47821 126.54573 38.54758
v 134.02452 140.36699 45.47933
v 133.18503 138.91295 40.85910
v 134.06833 140.44284 43.85102
v 135.32112 139.26736 45.27147
v 135.46916 139.36537 45.38011
v 131.46417 135.45134 45.23235
v 132.09326 167.97804 34.20517
v 130.42551 134.13330 37.73269
v 130.08278 130.21817 36.14698
v 130.16431 133.68089 35.75604
v 130.19923 133.74138 35.84056
v 130.62750 134.48317 35.13292
v 131.83594 136.57625 34.97816
v 132.76152 138.17940 44.04524
v 128.95071 131.57889 43.39780
v 129.69405 132.86639 44.96861
v 129.98639 132.93925 47.70290
v 129.95624 132.83952 47.80821
v 133.68771 139.35013 46.54732
v 129.38179 132.32555 45.30236
v 136.03139 139.77898 44.18400
v 131.56917 136.11418 44.52351
v 133.30083 135.53157 47.73431
v 133.38202 135.49565 47.83322
v 133.27066 135.43182 47.83962
v 135.02643 138.03833 44.46605
v 129.74695 132.95801 46.03148
v 132.63989 137.96875 40.21122
v 132.69444 138.06323 40.20033
v 131.40117 135.82321 47.82681
v 134.55737 140.69514 43.97592
v 133.40288 139.29027 47.26513
v 134.05978 136.36406 37.91169
v 131.29202 131.57018 42.42732
v 131.50621 131.94115 45.00032
v 131.45377 131.85031 44.96850
v 131.16621 131.35226 42.63607
v 131.16800 131.35535 45.20418
v 131.14148 131.30942 45.30247
v 134.79761 137.64200 46.96441
v 130.44478 130.10268 38.83588
v 135.14716 138.24745 37.06099
v 134.05225 140.41501 43.52752
v 133.69955 139.80411 36.29883
v 131.42783 132.40125 47.77225
v 131.48187 132.51608 47.84326
v 131.40305 132.43590 47.86716
v 130.09967 130.23132 36.25628
v 133.12595 134.74661 47.74224
v 130.56253 130.30664 39.18885
v 135.28671 138.48917 47.06171
v 135.00043 137.99332 46.20231
v 129.70323 132.88229 48.50787
v 135.40453 138.69322 36.28799
v 131.31680 131.61307 42.33428
v 130.18362 133.11958 47.77225
v 134.36197 140.66656 40.13936
v 134.34856 140.62659 40.02862
v 160.66179 153.51599 34.20517
v 131.45428 131.85121 46.06358
v 135.33136 139.23991 40.17091
v 134.24319 140.74573 40.02623
v 131.50073 132.23438 45.30387
v 135.41679 138.71446 41.81392
v 132.83369 138.00278 40.24785
v 130.18750 133.56883 47.79228
v 128.81551 136.71906 6.37547
v 128.81918 136.72034 6.58945
v 126.27048 139.27385 6.37329
v 126.27432 139.27448 6.58727
v 124.93892 141.86223 7.34858
v 122.34229 148.29260 7.23239
v 122.38995 157.01398 6.52421
v 126.25517 165.28204 7.23916
v 126.29700 165.40239 5.77281
v 128.87907 167.85181 7.43532
v 135.22960 172.00586 6.37547
v 135.22887 172.00203 6.58945
v 138.82164 172.92093 6.47623
v 141.85864 172.92004 7.33086
v 141.74973 172.94351 7.24134
v 141.86880 172.98883 5.77499
v 141.76453 172.92953 5.75876
v 145.58374 172.92093 6.47623
v 149.58095 171.83107 6.58360
v 149.56454 171.69586 5.88216
v 152.65045 170.37764 6.37329
v 152.64706 170.37573 6.58727
v 160.19583 162.76947 6.37547
v 160.19194 162.76953 6.58945
v 161.22162 160.03586 7.12305
v 161.18970 160.02426 5.84474
v 162.47951 156.08511 7.10144
v 162.49214 156.19823 7.00793
v 162.50085 156.08887 5.90590
v 162.50328 156.20711 5.97446
v 162.47142 148.50040 6.57477
v 162.51009 148.58885 6.35290
v 162.47980 149.70020 6.89655
v 161.34268 145.77843 7.50281
v 159.92857 141.91153 6.79980
v 159.94437 141.88199 6.35290
v 158.13106 139.27448 6.58727
v 156.01828 137.59865 6.52421
v 155.59875 136.72034 6.58945
v 123.04922 150.30054 14.14789
v 123.04922 154.69945 14.14789
v 122.29927 150.30054 9.66618
v 122.29926 154.69945 9.66618
v 153.68420 137.01233 14.14789
v 149.87463 134.81288 14.14789
v 154.05919 136.36285 9.66618
v 150.24962 134.16339 9.66618
v 153.68420 167.98766 14.14789
v 150.24962 170.83659 9.66618
v 123.81267 186.38443 24.50902
v 123.64270 186.67883 25.29514
v 124.35756 185.44066 22.25343
v 121.11858 186.98676 73.78458
v 120.97269 187.23944 72.10011
v 126.58372 177.52084 11.68894
v 133.84224 169.01271 51.55729
v 132.49162 167.28806 51.23481
v 134.25139 168.30405 51.23481
v 135.55556 166.04515 50.39369
v 133.79581 165.02914 50.39369
v 134.29382 164.16656 50.15606
v 136.52635 164.36369 49.96889
v 134.76659 163.34769 49.96889
v 135.22253 162.55798 49.81535
v 136.05357 165.18256 50.15606
v 120.06593 188.80997 39.86581
v 120.13651 188.68774 38.69411
v 121.59656 186.15887 78.73124
v 121.43120 186.44530 77.10408
v 121.68459 190.07040 53.68892
v 121.73177 189.98868 55.28196
v 121.78952 189.88864 56.90289
v 121.85754 189.77084 58.54778
v 119.87909 189.13361 44.91489
v 119.91072 189.07881 43.59584
v 119.95267 189.00616 42.31545
v 130.35419 170.99022 6.39199
v 132.11394 172.00623 6.39199
v 127.28458 180.37093 102.85986
v 127.38251 180.20129 96.02626
v 127.75377 179.55827 76.11775
v 127.83195 179.42284 72.80082
v 129.25809 176.95273 57.33842
v 127.63583 175.69852 57.02426
v 129.39560 176.71452 57.02426
v 127.91061 179.28659 69.82734
v 126.15086 178.27058 69.82734
v 126.22922 178.13484 67.30321
v 133.42317 169.73857 51.91188
v 132.08247 167.99672 51.55729
v 123.35632 187.17488 78.73124
v 123.52634 186.88040 80.33140
v 125.62276 179.18530 96.02626
v 125.74680 178.97046 88.57406
v 129.62785 172.24826 7.15338
v 131.38762 173.26425 7.15338
v 130.40079 174.97348 8.35426
v 130.14986 175.40811 8.69712
v 135.02391 166.96602 50.69859
v 122.29422 184.95047 84.93034
v 121.94022 185.56363 81.90060
v 128.89012 173.52603 8.02989
v 119.84834 189.18686 47.67387
v 119.85817 189.16983 46.27383
v 121.11958 186.98500 29.52325
v 121.26079 186.74042 28.63496
v 121.27153 186.72185 75.45387
v 125.09540 184.16270 92.86541
v 125.55328 183.36963 95.98797
v 125.38361 183.66351 18.78253
v 125.16650 184.03954 19.45207
v 128.64102 173.95749 8.35426
v 125.99400 178.54227 76.11775
v 126.07219 178.40685 72.80082
v 128.39009 174.39211 8.69712
v 124.05655 181.89806 97.68422
v 123.79350 182.35362 95.98797
v 128.13721 174.83012 9.05987
v 131.66341 168.72256 51.91188
v 124.79414 180.62048 15.59167
v 125.04210 180.19099 14.98890
v 129.89697 175.84613 9.05987
v 122.82655 184.02844 89.14394
v 123.33563 183.14670 92.86541
v 124.95538 184.40523 20.13303
v 124.75018 184.76060 20.82631
v 127.30754 180.33115 13.82531
v 127.05325 180.77161 14.39984
v 127.62494 175.71741 9.85074
v 127.36595 176.16599 10.27947
v 129.12570 177.18199 10.27947
v 127.10573 176.61670 10.72929
v 128.86549 177.63269 10.72929
v 126.84482 177.06860 11.19939
v 121.93549 189.63582 60.21273
v 128.34348 178.53685 11.68894
v 121.67049 190.09482 43.59584
v 121.63885 190.14960 44.91489
v 126.30991 182.05911 16.20734
v 126.07034 182.47403 16.83508
v 126.06302 178.42271 12.72313
v 127.82280 179.43872 12.72313
v 125.80446 178.87057 13.26613
v 128.26367 178.67509 62.02602
v 128.32124 178.57535 61.41064
v 122.22577 189.13304 65.28877
v 122.34026 188.93475 66.99480
v 121.40770 186.48596 27.76890
v 121.56036 186.22156 26.92418
v 122.37285 188.87831 33.31814
v 122.26231 189.06973 34.33306
v 122.46307 188.72200 68.70130
v 126.55392 181.63647 15.59167
v 121.88293 185.66284 25.29514
v 122.05290 185.36844 24.50902
v 124.55014 181.04312 16.20734
v 132.78477 170.84430 52.49717
v 131.02501 169.82831 52.49717
v 124.31059 181.45804 16.83508
v 120.26329 188.46814 61.89382
v 120.17572 188.61981 60.21273
v 132.88686 166.60350 50.94754
v 133.26414 165.95001 50.69859
v 123.84692 182.26112 18.12349
v 124.58632 185.04443 89.14394
v 123.62384 182.64752 18.78253
v 122.02306 189.48413 61.89382
v 122.11993 189.31636 63.58714
v 123.40674 183.02353 19.45207
v 123.19560 183.38922 20.13303
v 122.87834 188.00275 73.78458
v 123.03128 187.73785 75.45387
v 127.50655 179.98645 88.57406
v 122.99043 183.74460 20.82631
v 123.16747 187.50195 27.76890
v 123.02057 187.75642 28.63496
v 122.59781 184.42467 22.25343
v 127.60512 179.81573 83.26732
v 122.41031 184.74939 22.98907
v 120.00453 188.91632 41.07251
v 121.76657 185.86440 80.33140
v 123.47852 186.96321 26.09990
v 123.32013 187.23756 26.92418
v 128.52576 178.22116 59.88292
v 128.60641 178.08144 59.45742
v 122.74384 188.23572 30.43469
v 122.61398 188.46063 31.37017
v 120.98407 187.21973 30.43469
v 120.85422 187.44464 31.37017
v 120.73042 187.65906 32.33091
v 122.49019 188.67505 32.33091
v 132.14662 171.94962 53.13725
v 130.38686 170.93361 53.13725
v 127.98900 179.15085 67.30321
v 126.31113 177.99298 65.19745
v 128.07089 179.00899 65.19745
v 120.50255 188.05374 34.33306
v 120.39925 188.23267 35.37690
v 122.15901 189.24866 35.37690
v 128.16092 178.85306 63.45631
v 126.40115 177.83705 63.45631
v 126.45065 177.75133 62.70567
v 122.73244 188.25546 72.10011
v 120.30354 188.39844 36.45087
v 122.06331 189.41443 36.45087
v 130.92474 174.06598 54.54307
v 129.16498 173.04997 54.54307
v 129.55981 172.36612 54.05779
v 121.97560 189.56635 37.55620
v 126.56149 177.55936 61.41064
v 121.82571 189.82596 39.86581
v 120.83417 187.47939 70.40438
v 120.70332 187.70599 68.70130
v 122.59392 188.49538 70.40438
v 121.76430 189.93234 41.07251
v 126.84665 177.06544 59.45742
v 121.71243 190.02217 42.31545
v 125.81630 182.91406 97.68422
v 126.04202 182.52310 99.06866
v 126.23444 182.18982 100.17661
v 130.01660 175.63892 55.85159
v 128.42796 174.32651 55.57731
v 130.18773 175.34251 55.57731
v 121.61795 190.18584 46.27383
v 121.60811 190.20287 47.67387
v 119.84999 189.18402 49.11623
v 121.60976 190.20001 49.11623
v 119.86351 189.16061 50.60214
v 121.62326 190.17661 50.60214
v 125.84537 178.79973 83.26732
v 119.88855 189.11722 52.12767
v 121.64832 190.13322 52.12767
v 119.92482 189.05438 53.68892
v 119.97200 188.97269 55.28196
v 120.02975 188.87265 56.90289
v 120.09776 188.75484 58.54778
v 128.78993 177.76358 58.69170
v 128.89394 177.58344 58.33804
v 120.36017 188.30037 63.58714
v 120.46600 188.11705 65.28877
v 120.58049 187.91873 66.99480
v 127.14688 180.60941 103.32792
v 127.09932 180.69180 103.30237
v 123.19095 187.46129 77.10408
v 127.49832 175.93672 57.33842
v 123.69997 186.57965 81.90060
v 124.05399 185.96646 84.93034
v 128.78671 173.70515 55.04846
v 124.28227 181.50710 99.06866
v 127.13417 176.56743 58.33804
v 130.54648 174.72116 55.04846
v 124.47467 181.17383 100.17661
v 124.63777 180.89133 101.04333
v 126.39754 181.90732 101.04333
v 124.77557 180.65265 101.70413
v 126.93452 176.91324 59.06259
v 124.89204 180.45090 102.19429
v 125.03555 180.20233 102.68681
v 131.31956 173.38211 54.05779
v 125.38713 179.59341 103.32792
v 125.51353 179.37445 103.06087
v 129.38826 176.72725 37.53421
v 127.66708 179.70840 38.22459
v 131.50121 172.76588 45.30387
v 131.46883 172.81920 45.20273
v 131.41612 172.78139 45.31368
v 126.39827 177.84206 43.12103
v 125.90724 178.69252 38.22450
v 133.85304 168.99402 34.20524
v 130.17859 175.35835 36.12622
v 130.18404 175.34892 36.23532
v 128.15808 178.85799 43.12089
v 134.27110 164.20590 43.08892
v 133.41718 165.68495 39.42209
v 133.72778 165.14696 40.45552
v 127.33937 176.21201 38.40585
v 126.69228 177.33282 42.23710
v 126.34798 177.92918 38.80351
v 127.68369 175.61565 41.83944
v 127.62854 175.71117 37.53408
v 130.19032 171.75610 47.71451
v 130.17827 171.61426 47.69108
v 130.26044 171.63464 47.80789
v 133.13116 166.48418 35.41871
v 133.01195 166.38683 35.38103
v 127.96642 175.12596 37.40484
v 134.77167 167.40289 35.38116
v 135.63455 165.60558 45.45385
v 135.17697 166.70090 39.42303
v 128.11954 174.86072 42.43061
v 128.10773 178.94518 38.80351
v 129.44345 176.63164 41.83944
v 129.09914 177.22801 38.40585
v 128.97905 173.37202 47.50323
v 133.79849 169.08850 34.21613
v 134.00916 168.72362 35.22671
v 133.80273 169.08115 35.76981
v 134.11121 168.54684 34.97728
v 134.12714 168.51927 34.87237
v 135.32159 165.73289 45.27147
v 135.21600 165.88263 45.14671
v 130.57793 173.91603 47.00709
v 132.93979 166.95361 36.18463
v 128.56198 174.53619 37.94061
v 130.46082 174.86951 38.94073
v 130.16827 175.37622 37.99074
v 130.23192 175.26599 38.62539
v 132.68661 167.69281 37.47095
v 132.62538 167.78275 37.49480
v 132.62245 167.80394 37.38550
v 131.38470 173.26930 37.50282
v 134.53722 167.80901 43.94033
v 134.56386 167.76283 43.84176
v 131.17863 173.62622 36.82236
v 130.73686 174.39139 36.12486
v 133.71170 165.17482 40.13213
v 133.72762 165.14728 40.02722
v 132.24696 167.71182 34.29725
v 131.48235 172.48419 47.84326
v 131.53307 172.53134 47.71451
v 131.82968 169.03041 47.77028
v 131.77145 168.96999 47.88606
v 131.72491 169.09810 47.82802
v 134.18973 168.41084 36.37770
v 132.41847 171.47876 37.08817
v 134.00726 168.72688 37.87973
v 134.94479 167.10304 40.85910
v 134.05972 168.63603 37.91158
v 131.48991 172.94254 47.60783
v 128.45204 178.34882 42.23710
v 129.61404 176.03343 37.42996
v 130.62032 174.29048 47.46510
v 134.99055 167.02377 45.79770
v 133.35170 169.86237 46.45506
v 130.23343 171.50484 47.79840
v 134.04968 165.18527 36.66712
v 134.03773 165.04468 36.64390
v 134.06987 165.08804 36.76864
v 131.16621 173.64774 42.63598
v 131.21468 173.56380 42.58382
v 128.49995 174.20184 35.73201
v 128.46483 174.26266 35.81885
v 134.59700 167.70543 43.76074
v 127.58789 179.09492 38.54758
v 127.71846 178.96667 38.66343
v 128.88646 176.94366 38.19495
v 130.53682 174.73788 41.66603
v 131.63100 172.84273 45.20456
v 132.24936 167.70766 35.22686
v 132.20094 167.79153 35.27896
v 129.08604 173.18671 36.95574
v 128.83383 173.62355 37.05691
v 128.89473 173.51807 35.72951
v 132.72273 166.88776 36.26027
v 126.50156 178.10495 38.75396
v 130.12216 171.39206 35.55428
v 130.76350 170.28125 37.52922
v 130.35977 170.98053 37.20807
v 131.00467 169.86353 36.94940
v 130.71106 170.37209 37.49741
v 128.90384 173.50229 38.17863
v 133.15958 170.19513 47.03738
v 132.77791 170.85619 46.68521
v 130.65363 170.47156 35.22984
v 132.42105 167.41028 40.86840
v 132.83727 166.68939 43.76057
v 133.58856 165.38812 44.88315
v 129.33919 172.90057 46.61407
v 132.29562 167.62752 45.40175
v 134.31741 167.74898 36.18463
v 135.31392 166.46368 44.54018
v 132.69020 171.00812 38.15389
v 135.82808 165.57314 43.85102
v 135.85417 165.52797 43.94794
v 132.73726 170.44560 45.13897
v 132.74118 170.30380 45.10360
v 135.31300 166.46529 46.53512
v 135.32901 166.43756 46.63999
v 134.07375 165.14359 40.18854
v 131.52888 169.26106 47.74413
v 131.44257 169.25839 47.75025
v 132.86572 170.70410 45.14663
v 132.90065 170.64360 45.23114
v 129.42192 172.90765 42.63137
v 129.30359 172.96320 42.65288
v 129.36444 173.01001 42.61283
v 130.14154 171.98705 47.80740
v 132.98038 166.44151 43.60664
v 131.50627 173.05873 45.00046
v 130.71046 174.43710 43.39780
v 131.45383 173.14960 44.96861
v 131.29945 172.93597 47.80821
v 131.14156 173.69044 45.30236
v 128.89581 174.21521 36.16759
v 134.02460 164.63289 45.47942
v 134.27162 164.20500 44.18400
v 131.44450 169.10172 47.89700
v 131.60626 168.97675 45.20373
v 131.53557 168.94398 45.22860
v 131.56371 169.04857 45.27840
v 133.32892 169.90181 44.52351
v 130.91653 174.08017 39.11944
v 127.55482 179.60010 38.24933
v 133.30319 169.94640 47.97825
v 132.85054 166.66640 41.22194
v 131.55278 172.97818 48.62745
v 133.91612 168.88477 36.97071
v 131.50671 173.05798 46.03148
v 134.05904 165.24664 36.91631
v 134.13745 164.74123 45.45385
v 128.85141 173.59308 38.21064
v 128.85191 173.59222 39.24189
v 128.90436 173.50137 39.27371
v 135.34999 166.40121 36.29896
v 132.77737 166.79312 43.94044
v 132.76154 166.82054 44.26389
v 131.46463 169.54892 45.23235
v 131.39452 169.67038 45.13897
v 129.45488 172.54784 42.58396
v 129.63927 172.22849 44.95777
v 129.38171 172.67458 45.30247
v 135.48744 166.16315 40.02711
v 130.12605 171.53865 48.55513
v 133.03784 166.34198 46.96441
v 135.33835 165.94038 40.07754
v 135.36736 166.06674 40.10692
v 132.30911 171.66815 37.52967
v 133.24066 165.99068 46.20231
v 135.79582 165.14803 44.03366
v 134.45421 167.95276 40.20033
v 134.05219 164.58508 43.52763
v 133.65703 165.26952 41.81392
v 131.92407 172.33510 35.75604
v 132.35370 171.59094 35.83784
v 180.74249 151.48399 24.50902
v 181.08244 151.48399 25.29514
v 179.65271 151.48399 22.25343
v 182.61115 153.51599 73.78458
v 182.90295 153.51599 72.10011
v 171.68088 153.51599 11.68894
v 160.68335 151.48399 51.55729
v 159.86505 153.51599 51.23481
v 159.86505 151.48399 51.23481
v 157.25670 151.48399 50.39369
v 157.25670 153.51599 50.39369
v 156.26068 153.51599 50.15606
v 155.31512 151.48399 49.96889
v 155.31512 153.51599 49.96889
v 156.26068 151.48399 50.15606
v 184.71643 153.51599 39.86581
v 184.57529 153.51599 38.69411
v 181.65521 153.51599 78.73124
v 181.98593 153.51599 77.10408
v 165.72870 151.48399 54.05779
v 165.72870 153.51599 54.05779
v 164.91179 153.51599 53.58922
v 184.99866 151.48399 53.68892
v 184.90431 151.48399 55.28196
v 184.78880 151.48399 56.90289
v 184.65277 151.48399 58.54778
v 185.09012 153.51599 44.91489
v 185.02687 153.51599 43.59584
v 184.41664 153.51599 37.55620
v 184.94299 153.51599 42.31545
v 164.13995 153.51599 6.39199
v 164.13995 151.48399 6.39199
v 173.79869 151.48399 102.85986
v 173.60281 151.48399 96.02626
v 172.86031 151.48399 76.11775
v 172.70393 151.48399 72.80082
v 172.54660 151.48399 69.82734
v 172.54659 153.51599 69.82734
v 172.38985 153.51599 67.30321
v 161.52148 151.48399 51.91188
v 160.68335 153.51599 51.55729
v 181.65521 151.48399 78.73124
v 181.31517 151.48399 80.33140
v 173.60281 153.51599 96.02626
v 173.35474 153.51599 88.57406
v 165.59261 153.51599 7.15338
v 165.59261 151.48399 7.15338
v 167.56625 151.48399 8.35426
v 168.06812 151.48399 8.69712
v 158.32002 151.48399 50.69859
v 180.25986 153.51599 84.93034
v 180.96790 153.51599 81.90060
v 167.06805 153.51599 8.02989
v 185.15164 153.51599 47.67387
v 185.13196 153.51601 46.27383
v 182.30527 153.51599 75.45387
v 178.17705 151.48399 92.86541
v 177.26128 151.48399 95.98797
v 178.86745 151.48399 20.82631
v 179.26599 151.48399 21.53281
v 177.60063 151.48399 18.78253
v 178.03482 151.48399 19.45207
v 172.86031 153.51599 76.11775
v 172.70393 153.51599 72.80082
v 168.06812 153.51599 8.69712
v 176.73524 153.51599 97.68422
v 177.26129 153.51599 95.98797
v 168.57391 153.51599 9.05987
v 161.52148 153.51599 51.91188
v 175.26001 153.51599 15.59167
v 174.76410 153.51599 14.98890
v 168.57390 151.48399 9.05987
v 179.19519 153.51599 89.14394
v 178.17705 153.51599 92.86541
v 169.08391 153.51599 9.44394
v 169.08392 151.48399 9.44394
v 173.75276 151.48399 13.82531
v 174.26134 151.48399 14.39984
v 170.63684 153.51599 10.72929
v 170.63684 151.48399 10.72929
v 184.49686 151.48399 60.21273
v 171.68088 151.48399 11.68894
v 185.02686 151.48399 43.59584
v 185.09012 151.48399 44.91489
v 175.74805 151.48399 16.20734
v 176.22714 151.48399 16.83508
v 179.26599 153.51599 21.53281
v 178.86746 153.51599 20.82631
v 173.23940 153.51599 13.26613
v 171.84052 151.48399 62.02602
v 171.72534 151.48399 61.41064
v 183.91631 151.48399 65.28877
v 183.68732 151.48399 66.99480
v 182.03290 153.51599 27.76890
v 181.72760 153.51599 26.92418
v 183.62216 151.48399 33.31814
v 183.84320 151.48399 34.33306
v 183.44168 151.48399 68.70130
v 175.26001 151.48399 15.59167
v 181.08244 153.51599 25.29514
v 180.74249 153.51599 24.50902
v 175.74803 153.51599 16.20734
v 162.79829 151.48399 52.49717
v 162.79829 153.51599 52.49717
v 176.22714 153.51599 16.83508
v 176.69630 153.51599 17.47407
v 176.69630 151.48399 17.47407
v 184.32172 153.51599 61.89382
v 184.49686 153.51599 60.21273
v 182.32672 153.51599 28.63496
v 158.32002 153.51599 50.69859
v 177.15448 153.51599 18.12349
v 179.19519 151.48399 89.14394
v 184.32172 151.48399 61.89382
v 184.12799 151.48399 63.58714
v 178.03482 153.51601 19.45207
v 182.61116 151.48399 73.78458
v 182.30527 151.48399 75.45387
v 180.39093 151.48399 23.74063
v 173.35474 151.48399 88.57406
v 182.03290 151.48399 27.76890
v 182.32672 151.48399 28.63496
v 179.65271 153.51599 22.25343
v 173.15759 151.48399 83.26732
v 180.39093 153.51599 23.74063
v 184.83925 153.51599 41.07251
v 181.31517 153.51599 80.33140
v 167.56216 151.48399 35.57816
v 167.66702 151.48399 35.61018
v 181.41080 151.48399 26.09990
v 182.88017 151.48399 30.43469
v 183.13988 151.48399 31.37017
v 182.88017 153.51599 30.43469
v 183.13988 153.51599 31.37017
v 183.38745 153.51601 32.33091
v 164.07458 151.48399 53.13725
v 172.38985 151.48399 67.30321
v 172.22604 153.51599 65.19745
v 172.22604 151.48399 65.19745
v 183.84320 153.51599 34.33306
v 184.04982 153.51599 35.37690
v 184.04982 151.48399 35.37690
v 172.04601 151.48399 63.45631
v 172.04602 153.51599 63.45631
v 171.94701 153.51599 62.70567
v 182.90294 151.48399 72.10011
v 184.24121 153.51599 36.45087
v 184.24121 151.48399 36.45087
v 166.51837 151.48399 54.54307
v 166.51837 153.51599 54.54307
v 184.41664 151.48399 37.55620
v 184.57529 151.48399 38.69411
v 171.72534 153.51599 61.41064
v 184.71643 151.48399 39.86581
v 183.17999 153.51599 70.40438
v 183.44167 153.51599 68.70130
v 183.17999 151.48399 70.40438
v 184.83925 151.48399 41.07251
v 184.94298 151.48399 42.31545
v 176.73524 151.48399 97.68422
v 176.28380 151.48399 99.06866
v 175.89897 151.48399 100.17661
v 185.13196 151.48399 46.27383
v 185.15163 151.48399 47.67387
v 185.14835 153.51599 49.11623
v 185.14835 151.48399 49.11623
v 171.46440 153.51599 60.34581
v 185.12132 153.51599 50.60214
v 185.12132 151.48399 50.60214
v 173.15759 153.51599 83.26732
v 185.07123 153.51599 52.12767
v 185.07121 151.48399 52.12767
v 184.99866 153.51601 53.68892
v 184.90430 153.51599 55.28196
v 184.78880 153.51599 56.90289
v 184.65277 153.51599 58.54778
v 184.12799 153.51599 63.58714
v 183.91631 153.51599 65.28877
v 183.68732 153.51599 66.99480
v 170.35408 151.48399 57.99489
v 170.35408 153.51599 57.99489
v 170.11108 153.51599 57.66182
v 174.07407 151.48399 103.32792
v 174.16919 151.48399 103.30237
v 181.98593 151.48399 77.10408
v 180.96790 151.48399 81.90060
v 180.25986 151.48399 84.93034
v 167.99237 151.48399 55.57731
v 167.99237 153.51599 55.57731
v 171.46440 151.48399 60.34581
v 176.28380 153.51599 99.06866
v 168.98251 151.48399 56.42197
v 169.57663 151.48399 57.02426
v 169.28667 153.51599 56.71892
v 175.89897 153.51599 100.17661
v 175.57275 153.51599 101.04333
v 175.57275 151.48399 101.04333
v 175.29718 153.51599 101.70413
v 175.29718 151.48399 101.70413
v 170.97928 153.51599 59.06259
v 175.06421 153.51601 102.19429
v 170.57997 151.48399 58.33804
v 174.07407 153.51599 103.32792
v 173.99324 153.51599 103.31981
v 169.59132 151.48399 37.53421
v 173.03366 151.48399 38.22459
v 172.05179 153.51599 43.12103
v 173.03380 153.51599 38.22450
v 167.99977 151.48399 36.23532
v 172.05170 151.48399 43.12089
v 156.30611 153.51599 43.08892
v 158.01395 153.51599 39.42209
v 157.39273 153.51599 40.45552
v 159.40285 151.48399 36.26027
v 168.03130 151.55962 37.99074
v 159.98837 151.48399 36.37770
v 170.16956 153.51599 38.40585
v 171.46376 153.51599 42.23710
v 172.15237 153.51599 38.80351
v 169.48094 153.51599 41.83944
v 171.60600 153.18909 42.45094
v 159.92194 151.48399 41.07016
v 157.73999 151.48399 44.54018
v 159.85210 151.48399 41.15468
v 167.56219 153.51599 35.57808
v 167.66702 153.51599 35.61010
v 168.91550 153.51599 37.40484
v 158.82449 151.48399 35.38116
v 156.83653 151.63538 45.45385
v 158.01389 151.48399 39.42303
v 168.60921 153.51599 42.43061
v 172.15237 151.48399 38.80351
v 169.48094 151.48399 41.83944
v 166.89021 153.51599 47.50323
v 161.20856 153.51599 34.87331
v 161.17653 153.51599 34.97816
v 160.14542 151.48399 34.97728
v 160.11357 151.48399 34.87237
v 157.28574 151.85931 45.14671
v 166.56192 151.85931 47.00709
v 163.74501 153.51599 35.90782
v 163.84186 153.51599 35.95993
v 159.35133 153.29509 36.18463
v 168.10696 153.29509 37.94061
v 159.26125 153.18909 36.04723
v 165.59843 151.48399 37.50282
v 159.29343 151.48399 43.94033
v 159.24011 151.48399 43.84176
v 166.90488 151.48399 36.23440
v 166.01057 151.48399 36.82236
v 163.53090 151.48399 37.08817
v 165.10587 151.48399 45.20456
v 165.06511 151.55624 45.30178
v 165.05371 151.48399 45.30148
v 158.59894 153.20746 43.88557
v 158.47418 153.27495 43.85020
v 158.48466 153.21806 43.97488
v 171.46376 151.48399 42.23710
v 158.38672 151.48399 45.79770
v 161.66444 151.48399 46.45506
v 166.82106 151.48399 39.27347
v 162.48474 151.48399 44.37187
v 162.38783 151.48399 44.31971
v 159.87100 153.20746 37.54288
v 159.89490 153.17928 37.43403
v 162.45334 153.35632 45.25578
v 162.54184 153.43840 45.23805
v 162.57567 153.36325 45.14846
v 166.30185 151.55962 46.61407
v 166.03540 151.48399 42.63598
v 165.93849 151.48399 42.58382
v 167.29420 151.48399 41.66603
v 168.60936 151.48399 42.43051
v 158.65448 153.27496 46.58643
v 158.56110 153.27496 46.44619
v 158.52573 153.20744 46.57095
v 160.93262 151.48399 45.53724
v 172.36562 153.18909 38.66343
v 166.67622 153.51599 36.95574
v 164.51297 153.51599 47.02646
v 159.87100 151.79199 37.54288
v 163.32130 153.51599 37.52922
v 164.12875 153.51599 37.20807
v 162.83896 153.51599 36.94940
v 167.04063 153.51599 38.17863
v 167.48911 151.48399 38.72677
v 162.04869 151.48399 47.03738
v 162.81203 151.48399 46.68521
v 159.45804 153.51599 41.31695
v 160.00621 153.51599 40.86840
v 166.30185 153.43983 46.61407
v 160.25703 153.51601 45.40175
v 158.38106 151.48399 43.76178
v 162.98744 151.48399 38.15389
v 156.71167 151.48399 43.85102
v 157.29800 153.35631 39.96073
v 162.56654 151.48399 45.23114
v 166.26663 153.36462 42.63137
v 166.37390 153.43935 42.65288
v 166.38400 153.36325 42.61283
v 158.69070 153.15280 44.02336
v 165.10954 153.20174 47.80740
v 171.51407 151.70435 42.31274
v 166.46382 151.48399 42.63629
v 156.08652 153.51599 44.18384
v 172.36560 151.81036 38.66343
v 157.94563 151.48399 47.21296
v 156.79913 153.51599 45.47942
v 161.15706 153.43840 47.66040
v 161.18634 153.51599 47.73743
v 161.24963 153.43840 47.79940
v 162.38783 153.51599 44.31962
v 163.84164 153.51599 38.51130
v 161.24963 151.56105 47.79940
v 161.15707 151.56105 47.66040
v 160.65497 153.51599 37.57871
v 161.19844 151.55486 34.87129
v 157.34048 151.48399 40.55244
v 157.27065 151.48399 40.63696
v 159.98065 151.82018 37.56280
v 165.93855 153.51599 42.58396
v 165.56976 153.51599 44.95777
v 166.08487 153.51599 45.30247
v 166.71619 153.51599 39.24153
v 157.29800 151.64313 39.96073
v 165.04918 151.48399 47.55352
v 158.07353 153.51599 37.06099
v 161.20847 151.48399 34.87330
v 161.20871 153.51599 34.65476
v 157.44922 151.48399 36.29883
v 163.92831 151.48399 38.44111
v 164.53282 151.48401 48.32556
v 158.77286 151.48399 46.53600
v 158.71954 151.48399 46.43742
v 165.10954 151.79771 47.80740
v 165.05362 153.51599 45.30148
v 157.16205 153.51599 37.23987
v 156.32983 153.51599 40.13108
v 157.53427 153.51599 41.81392
v 164.53305 153.51599 47.89715
v 164.51970 151.48399 35.75604
v 158.65321 153.51599 46.35624
v 163.75035 151.48399 34.97801
f 1 2 3
f 4 5 6
f 7 8 9
f 10 11 12
f 13 14 15
f 16 17 18
f 19 20 21
f 22 23 24
f 25 26 27
f 28 29 30
f 31 32 33
f 34 35 36
f 37 38 39
f 40 41 42
f 43 44 45
f 46 47 48
f 49 50 51
f 52 53 54
f 55 56 57
f 58 59 60
f 61 62 63
f 64 65 66
f 67 68 69
f 70 71 72
f 73 74 56
f 75 76 77
f 78 79 80
f 81 82 83
f 84 85 86
f 87 88 89
f 90 91 92
f 93 94 95
f 96 97 98
f 99 100 101
f 102 103 104
f 105 5 4
f 106 107 108
f 109 110 111
f 112 113 114
f 115 116 117
f 118 119 120
f 121 122 123
f 124 125 126
f 127 128 129
f 130 131 132
f 133 114 134
f 135 136 137
f 138 139 140
f 141 142 143
f 144 24 145
f 146 147 148
f 65 149 66
f 150 151 152
f 153 154 155
f 144 156 157
f 158 159 160
f 161 162 163
f 164 165 166
f 121 123 167
f 122 168 169
f 170 171 172
f 173 174 175
f 176 177 41
f 178 179 180
f 181 182 183
f 184 185 186
f 187 37 188
f 189 190 191
f 192 193 194
f 195 196 197
f 198 199 200
f 201 202 203
f 48 204 205
f 206 207 208
f 209 210 211
f 212 213 214
f 215 216 217
f 218 219 220
f 221 222 223
f 224 225 226
f 227 228 229
f 230 231 232
f 233 234 235
f 236 237 238
f 239 240 241
f 242 243 244
f 245 246 247
f 248 249 250
f 251 239 252
f 253 254 255
f 256 257 258
f 259 260 261
f 262 263 264
f 265 266 267
f 268 269 270
f 271 272 273
f 274 275 276
f 7 277 9
f 278 279 280
f 281 282 283
f 284 285 286
f 287 288 35
f 289 290 291
f 292 293 294
f 295 296 297
f 298 299 300
f 197 301 65
f 302 303 304
f 305 306 307
f 308 309 310
f 311 312 313
f 314 315 316
f 317 318 319
f 320 191 321
f 322 323 324
f 325 326 327
f 328 329 330
f 331 332 333
f 242 244 334
f 335 336 337
f 338 339 340
f 341 342 343
f 344 345 346
f 347 348 349
f 344 346 350
f 184 351 185
f 352 353 354
f 355 356 357
f 216 358 359
f 360 361 362
f 363 364 365
f 366 367 368
f 369 370 371
f 372 373 374
f 375 376 377
f 378 379 380
f 381 382 383
f 208 346 384
f 385 386 387
f 388 389 390
f 208 384 391
f 392 393 394
f 208 391 395
f 396 397 398
f 395 399 400
f 401 402 403
f 400 399 404
f 400 404 405
f 406 407 408
f 405 404 409
f 243 410 244
f 411 140 412
f 413 414 415
f 416 417 418
f 419 420 18
f 112 114 421
f 422 423 424
f 425 426 427
f 428 429 396
f 430 431 432
f 433 434 435
f 244 436 437
f 438 439 440
f 441 442 443
f 444 323 322
f 445 446 447
f 448 449 450
f 451 452 453
f 111 110 454
f 455 456 457
f 458 459 460
f 461 462 322
f 463 464 465
f 466 467 468
f 469 470 471
f 117 472 473
f 474 475 476
f 477 478 479
f 479 478 480
f 481 482 483
f 484 485 486
f 487 488 489
f 490 491 492
f 490 492 493
f 493 492 494
f 495 496 497
f 498 499 500
f 501 502 503
f 504 505 506
f 507 508 509
f 510 146 511
f 512 513 514
f 515 516 517
f 518 519 520
f 427 521 522
f 523 524 525
f 526 527 84
f 528 529 530
f 24 531 532
f 533 534 535
f 536 537 538
f 539 540 541
f 542 543 544
f 326 545 546
f 547 548 549
f 550 551 552
f 439 553 554
f 555 556 557
f 558 559 171
f 120 560 561
f 562 563 96
f 564 565 566
f 407 567 568
f 569 570 571
f 572 276 573
f 574 575 576
f 561 577 578
f 579 580 581
f 582 583 584
f 585 586 587
f 282 588 589
f 590 591 592
f 593 594 595
f 596 597 598
f 599 600 601
f 602 603 604
f 605 606 607
f 608 609 610
f 468 611 612
f 613 614 615
f 80 19 568
f 616 617 618
f 619 620 621
f 622 623 624
f 625 626 627
f 628 629 630
f 235 234 631
f 533 632 633
f 235 631 634
f 635 636 637
f 638 639 640
f 641 642 643
f 644 645 646
f 647 648 649
f 650 651 652
f 653 654 655
f 656 657 658
f 251 659 239
f 660 661 662
f 623 663 664
f 665 435 666
f 268 660 667
f 408 668 669
f 670 79 78
f 671 672 673
f 674 675 146
f 676 677 678
f 679 680 681
f 682 683 684
f 419 18 685
f 686 687 423
f 688 689 690
f 691 692 693
f 694 695 696
f 697 698 699
f 700 701 702
f 703 704 705
f 706 58 60
f 707 708 709
f 710 711 712
f 713 640 714
f 715 716 717
f 718 719 720
f 721 455 722
f 723 411 586
f 724 725 726
f 34 727 728
f 216 248 358
f 729 730 731
f 291 290 732
f 733 734 735
f 736 737 738
f 739 740 741
f 742 713 743
f 744 745 746
f 747 748 749
f 172 750 751
f 752 753 639
f 754 755 317
f 756 757 758
f 759 760 761
f 387 762 763
f 764 317 765
f 766 46 767
f 768 769 770
f 771 772 378
f 43 671 44
f 773 774 775
f 776 435 777
f 778 779 780
f 781 782 783
f 784 785 347
f 615 614 786
f 787 259 788
f 192 194 641
f 789 790 791
f 792 793 794
f 795 796 376
f 797 798 799
f 800 801 802
f 663 803 804
f 670 78 79
f 805 806 671
f 284 807 808
f 809 810 811
f 812 813 814
f 805 815 806
f 816 817 818
f 819 820 29
f 821 77 822
f 657 823 106
f 824 825 724
f 826 822 495
f 272 827 828
f 186 829 830
f 831 351 184
f 832 833 834
f 477 594 835
f 477 835 478
f 836 832 837
f 838 839 840
f 841 842 843
f 171 844 845
f 492 846 494
f 494 846 847
f 783 848 849
f 850 851 852
f 853 854 462
f 855 856 857
f 858 859 860
f 861 862 863
f 864 72 865
f 566 219 218
f 866 867 868
f 869 308 870
f 871 872 873
f 874 875 876
f 877 170 60
f 878 330 65
f 666 90 879
f 880 881 882
f 883 818 884
f 259 261 885
f 824 724 886
f 887 888 889
f 890 891 892
f 893 700 894
f 895 896 897
f 898 621 899
f 578 900 499
f 901 902 903
f 904 484 905
f 906 907 908
f 356 909 910
f 4 6 911
f 499 912 913
f 914 915 916
f 917 918 919
f 515 920 516
f 465 464 921
f 322 324 922
f 596 923 597
f 722 924 212
f 469 471 925
f 670 79 78
f 926 163 927
f 547 549 393
f 928 929 930
f 931 932 933
f 250 425 934
f 935 936 937
f 935 937 938
f 233 938 939
f 940 941 896
f 233 939 234
f 234 942 631
f 631 942 634
f 631 634 635
f 635 634 943
f 681 944 341
f 945 946 947
f 948 949 950
f 645 951 647
f 952 953 917
f 647 954 655
f 655 954 955
f 655 955 653
f 956 348 957
f 653 955 958
f 653 958 253
f 253 958 959
f 960 961 962
f 963 964 965
f 959 966 660
f 967 608 609
f 968 627 969
f 970 971 972
f 660 966 667
f 283 589 748
f 973 650 433
f 667 974 268
f 975 976 977
f 268 974 667
f 978 979 980
f 981 982 983
f 244 410 436
f 984 985 986
f 100 987 988
f 989 990 991
f 266 992 267
f 993 50 49
f 994 789 995
f 996 431 32
f 268 997 998
f 999 218 1000
f 1001 1002 1003
f 382 1004 256
f 998 997 345
f 330 197 65
f 785 1005 1006
f 193 25 194
f 1007 1008 1009
f 1010 1011 1012
f 129 390 1013
f 1014 1015 1016
f 1017 1018 1019
f 280 279 1020
f 345 1021 1022
f 345 1022 346
f 467 1023 1024
f 722 455 1025
f 1026 390 1027
f 108 107 615
f 806 815 1028
f 844 845 1029
f 1030 920 515
f 1031 1032 452
f 391 1033 395
f 1034 1035 1036
f 395 1033 399
f 748 421 1037
f 1038 1039 929
f 404 399 1040
f 1041 1042 1043
f 404 1040 409
f 300 1044 1045
f 1046 1047 1048
f 415 607 1049
f 1050 51 1051
f 428 1052 1053
f 1004 1054 587
f 1055 1056 1057
f 1058 1059 1060
f 1061 1062 1063
f 1064 1065 1066
f 1067 880 1068
f 1069 284 286
f 550 1070 1071
f 992 1072 230
f 280 1073 1074
f 1075 1076 1077
f 1078 1079 1080
f 1081 614 925
f 1082 278 280
f 733 1083 470
f 1084 55 57
f 1085 1086 1087
f 965 1088 871
f 1089 1090 1065
f 964 1091 1092
f 1093 1094 1095
f 1096 51 1050
f 1097 480 691
f 573 276 709
f 1098 716 1099
f 1100 181 1101
f 1102 576 451
f 382 256 1103
f 53 590 1104
f 1105 1106 1107
f 298 300 1108
f 1109 37 187
f 1059 1110 1111
f 1112 1113 1114
f 28 1115 1116
f 1117 952 260
f 1118 547 1119
f 627 968 969
f 1120 1121 1122
f 1123 1124 986
f 1125 680 1126
f 1127 1128 1129
f 1130 1131 1120
f 1132 1133 1052
f 407 19 668
f 1134 525 401
f 501 1135 502
f 168 1136 1137
f 1069 1138 1139
f 1140 1141 1142
f 414 605 607
f 1143 62 1144
f 1145 136 1146
f 1017 1147 1018
f 1148 473 1149
f 403 1150 1151
f 1041 1152 1042
f 339 1153 340
f 1041 1154 1152
f 1155 1156 57
f 1131 1157 1120
f 907 1158 1159
f 1160 582 1161
f 577 1162 578
f 1163 1164 1165
f 578 1162 900
f 1166 916 1167
f 1168 1169 1170
f 499 900 912
f 1171 1172 1173
f 1174 1175 1176
f 1177 1178 1179
f 1180 1181 1182
f 539 541 1183
f 1184 1185 1186
f 913 912 596
f 61 63 1187
f 1060 1059 1188
f 1189 1190 1191
f 201 1192 1193
f 1194 1195 978
f 598 597 1196
f 598 1196 227
f 227 1196 228
f 354 353 251
f 576 575 1197
f 1198 762 1199
f 1200 1201 990
f 1202 799 1112
f 1203 883 1204
f 946 628 630
f 936 228 937
f 1205 904 905
f 1206 57 1207
f 34 36 727
f 76 1208 1209
f 89 1210 87
f 1211 1212 1213
f 1214 1215 154
f 1216 1217 1218
f 1152 1127 1219
f 278 96 98
f 1220 1221 1222
f 635 1223 645
f 645 1223 951
f 1224 682 1225
f 1226 1227 1228
f 444 975 977
f 1229 1230 1231
f 953 1232 1233
f 909 907 1159
f 183 182 1234
f 959 958 966
f 1235 1236 715
f 1237 1238 1239
f 388 128 127
f 51 1240 1241
f 753 1242 1243
f 1244 1245 1246
f 667 974 268
f 1013 1171 1173
f 268 974 667
f 1247 41 40
f 667 974 268
f 863 1194 1248
f 174 1249 1250
f 1251 447 572
f 926 927 1110
f 454 172 751
f 1252 1253 1254
f 1255 1256 1257
f 1258 1259 1260
f 268 974 997
f 15 1261 1165
f 1262 726 548
f 497 496 1263
f 1264 1265 1203
f 1266 887 1267
f 1268 1269 118
f 1270 982 981
f 1182 1271 1272
f 1273 1274 1275
f 1276 1277 1278
f 1279 1280 1281
f 650 1282 651
f 1283 1284 1285
f 1286 1287 1288
f 1289 304 1290
f 1291 540 539
f 346 1022 1292
f 1293 1294 1295
f 851 1296 259
f 1121 164 166
f 346 1292 384
f 575 1297 1298
f 1049 607 995
f 1299 458 1300
f 500 596 1301
f 678 508 507
f 1302 1303 813
f 1304 1305 1306
f 1307 1308 1309
f 409 1040 1310
f 181 1234 1311
f 409 1310 12
f 1001 946 1002
f 1074 1312 1313
f 1314 227 229
f 1315 926 1110
f 1316 1317 1318
f 1319 879 1194
f 237 1320 1321
f 1139 1192 1322
f 1314 1323 227
f 1324 1045 1325
f 1326 786 1327
f 1301 598 1328
f 150 152 1329
f 1163 1330 1164
f 542 1331 1306
f 1332 235 1333
f 1334 686 1294
f 1335 1336 815
f 1337 739 982
f 840 839 1135
f 1338 1339 1340
f 1291 539 26
f 691 480 1341
f 1106 1342 1107
f 790 418 363
f 1343 529 528
f 1344 166 1345
f 151 1346 1347
f 63 1348 1349
f 1350 1351 1352
f 1353 1354 1355
f 1356 1344 1345
f 1357 1058 1060
f 768 682 1358
f 1359 1360 1361
f 421 133 1362
f 1363 1364 1365
f 127 129 335
f 1366 1367 1267
f 1368 627 968
f 431 1369 1370
f 392 394 509
f 846 492 1371
f 846 1371 847
f 1372 1373 342
f 1374 1375 1376
f 288 1377 35
f 118 1378 119
f 1379 1166 1226
f 603 1380 604
f 1381 1382 1383
f 1384 1385 1386
f 119 1378 120
f 120 1378 119
f 1387 1388 1389
f 119 1378 120
f 990 1201 991
f 1390 1391 1004
f 1392 85 1270
f 1393 1394 1395
f 1396 1294 1293
f 560 1397 561
f 561 1397 577
f 1398 200 1206
f 535 633 1399
f 577 1397 561
f 561 1397 577
f 1400 884 1401
f 960 1188 961
f 1402 773 1403
f 1404 295 1405
f 1406 674 1407
f 1408 715 1409
f 1168 1410 1169
f 719 1411 720
f 900 1412 912
f 912 1412 1413
f 476 1414 1415
f 422 1416 1417
f 881 1418 1404
f 1382 775 1419
f 1420 1115 1421
f 912 1422 596
f 1248 978 1423
f 1424 1102 745
f 596 1422 923
f 669 351 831
f 744 746 1067
f 607 606 995
f 1425 1426 1427
f 1428 567 1429
f 1043 1277 1276
f 594 1430 1097
f 180 1431 1432
f 1433 1434 1435
f 879 90 92
f 228 1436 937
f 937 1436 1437
f 937 1437 938
f 620 1438 1439
f 938 1437 939
f 1440 1428 312
f 1238 374 1441
f 362 1442 702
f 1443 1075 1444
f 740 1170 1445
f 1223 1446 951
f 951 1446 647
f 954 647 1447
f 731 1423 1448
f 954 1447 955
f 1193 1449 202
f 1225 1450 1451
f 955 1452 958
f 958 1452 1453
f 958 1453 966
f 984 1454 985
f 1455 194 1456
f 667 966 974
f 1457 1458 355
f 888 1206 1207
f 1459 43 1449
f 1460 1461 593
f 1462 1463 54
f 1067 453 1464
f 1092 1202 1465
f 579 921 580
f 1164 15 1165
f 769 935 938
f 1466 1467 1468
f 1020 1469 1470
f 1471 1472 379
f 901 1183 902
f 1467 511 1473
f 1474 1475 1476
f 1137 52 1477
f 1478 442 441
f 46 1479 47
f 58 1480 877
f 1481 1027 1482
f 1091 797 1092
f 1483 599 1484
f 442 1485 1132
f 1360 1486 1487
f 45 1304 1488
f 1489 497 1263
f 1276 1490 1491
f 1052 1133 1492
f 652 1493 1494
f 627 1495 968
f 1021 1496 1022
f 1022 1496 1292
f 1306 542 1497
f 1498 1014 1016
f 1022 1292 1499
f 393 549 1500
f 123 168 1501
f 1180 1502 1181
f 1503 1504 948
f 1292 1505 384
f 1506 1507 1508
f 384 1505 391
f 377 1509 1510
f 1033 1511 399
f 536 1388 616
f 1512 873 670
f 1190 1513 994
f 1514 454 751
f 1515 1516 474
f 1055 437 1056
f 719 1517 1411
f 1518 1176 1519
f 675 1520 147
f 418 417 363
f 1521 1522 1523
f 1072 504 231
f 1524 1525 1526
f 1281 593 595
f 1527 685 1528
f 1529 409 12
f 1530 1177 1531
f 1532 1023 467
f 1281 595 1533
f 1534 1060 960
f 1535 1262 1118
f 460 459 1536
f 677 508 678
f 1537 1538 1539
f 205 703 1540
f 220 867 866
f 544 1512 1541
f 1542 933 1543
f 1544 659 353
f 1545 1546 1547
f 565 1275 219
f 1548 1549 370
f 1550 1515 1127
f 86 85 1392
f 480 478 1551
f 480 1551 1341
f 1552 1553 1554
f 735 734 1555
f 1556 440 1557
f 879 92 979
f 52 1136 1558
f 524 1559 93
f 1560 1014 1498
f 271 273 116
f 1561 1562 1563
f 987 563 1564
f 1565 30 1566
f 1 694 1567
f 101 1568 1569
f 1570 1571 487
f 1431 1572 1573
f 1574 1575 1576
f 232 800 802
f 188 1577 1578
f 1579 1580 650
f 1077 1581 1582
f 120 1378 560
f 72 1583 865
f 267 230 1584
f 210 1585 1586
f 1562 1145 1563
f 1587 1588 1589
f 983 798 797
f 1590 73 1591
f 9 277 1592
f 1593 1594 1595
f 447 446 572
f 1596 1597 1316
f 1377 874 876
f 1598 86 1335
f 1162 1412 900
f 1599 1465 1600
f 1601 1602 1603
f 518 262 519
f 216 1604 248
f 763 817 816
f 182 352 1234
f 1478 1061 442
f 442 1061 1485
f 912 1413 1422
f 1605 258 771
f 1606 1607 1608
f 923 1422 1609
f 923 1609 597
f 1610 1611 1612
f 1196 1613 228
f 1077 1582 1614
f 1615 1616 1617
f 985 1454 1618
f 1619 465 1620
f 1621 1622 113
f 1270 1337 982
f 911 1623 1624
f 1625 710 1626
f 1264 387 1265
f 1627 1628 57
f 1629 1630 1205
f 939 1437 234
f 1631 656 1632
f 1633 714 1634
f 634 942 943
f 1635 712 590
f 635 943 1636
f 918 1233 445
f 635 1636 1223
f 1223 1636 1446
f 1637 711 710
f 1115 1638 1421
f 1639 1610 1611
f 1446 1640 647
f 13 15 1164
f 647 1640 1447
f 1641 1569 1642
f 1626 710 712
f 1075 1077 1643
f 728 1644 69
f 174 470 1249
f 296 864 12
f 29 1210 1645
f 1646 1187 1647
f 210 1648 211
f 590 1649 591
f 1650 1651 266
f 928 1038 929
f 36 1433 1435
f 563 1652 96
f 511 1653 1473
f 351 1519 1654
f 1267 1655 1656
f 1657 1658 1461
f 1319 665 879
f 871 1088 1600
f 1385 1384 1659
f 1660 1661 1662
f 1259 1584 1663
f 1664 1518 1519
f 489 2 1665
f 535 534 633
f 1113 143 142
f 1495 1220 1222
f 1666 1667 1668
f 1669 1295 1670
f 1111 1110 1289
f 1324 861 1671
f 1672 1673 1674
f 1675 1676 210
f 1496 1677 1499
f 1496 1499 1292
f 1678 970 1679
f 1661 341 1680
f 1681 1096 1682
f 1683 1684 308
f 1685 940 896
f 1499 1292 1022
f 765 317 1686
f 1687 1377 288
f 258 257 1688
f 258 1688 772
f 1689 1690 1691
f 1692 1285 1693
f 625 1694 1368
f 1505 1695 391
f 391 1695 1033
f 1696 1334 1697
f 22 24 144
f 1698 149 150
f 399 1511 1040
f 1699 1326 173
f 1700 1701 1451
f 104 103 940
f 1526 1387 1389
f 1702 305 1566
f 299 241 300
f 1703 1704 196
f 1705 1706 1707
f 148 1708 1709
f 1710 691 693
f 863 1319 1194
f 1711 1712 1713
f 664 1714 1064
f 884 1715 1401
f 1716 1717 1718
f 755 1719 1720
f 1721 1722 1723
f 1724 1725 1666
f 14 522 1726
f 147 1727 148
f 1716 1728 1717
f 1285 1284 523
f 1295 422 1670
f 1729 1730 874
f 1523 236 238
f 1309 1119 1731
f 1732 574 1102
f 1129 476 1733
f 1313 1312 1734
f 88 87 1735
f 985 709 12
f 949 1504 1109
f 1736 1737 1738
f 86 1392 1335
f 1739 1329 1740
f 1697 1334 1294
f 1741 835 594
f 33 1359 1742
f 1743 186 1744
f 1745 1746 1747
f 1030 1748 920
f 1706 1639 1610
f 1749 1750 1751
f 1752 830 1753
f 1371 1754 847
f 1755 1756 865
f 1757 67 1590
f 1211 1213 1758
f 1759 1423 730
f 1760 1761 1438
f 1762 990 989
f 1269 1763 118
f 1764 1765 844
f 1156 1766 57
f 1767 300 1324
f 656 823 657
f 1768 1204 1769
f 732 161 926
f 498 500 1770
f 1501 168 1137
f 1480 1771 1772
f 1748 1773 588
f 1591 73 55
f 1774 1775 613
f 1776 572 573
f 1777 996 1778
f 1779 1780 1174
f 185 1781 186
f 1757 1782 1528
f 577 1397 1162
f 1783 1784 1785
f 1786 1787 1788
f 1789 413 415
f 1265 763 883
f 991 1061 1478
f 579 581 1790
f 744 1067 1158
f 1432 180 1791
f 1792 1367 1366
f 1653 1560 1498
f 597 1609 1613
f 597 1613 1196
f 1414 1793 1415
f 1794 1795 1796
f 1738 1184 1797
f 1798 1799 430
f 537 1335 1800
f 819 28 30
f 1801 826 495
f 677 393 508
f 1437 1802 234
f 1803 910 1804
f 234 1805 942
f 942 1805 1806
f 942 1806 943
f 1807 745 744
f 1808 1097 691
f 1809 1810 1351
f 1636 1811 1812
f 1636 1812 1446
f 1446 1812 1640
f 781 1813 1814
f 658 108 1815
f 1816 327 1817
f 630 132 1818
f 1453 1819 966
f 210 1586 1648
f 1642 1820 1651
f 966 1819 974
f 974 1819 1821
f 1167 287 34
f 622 1822 559
f 974 1821 1823
f 1789 415 1824
f 974 1823 1825
f 1826 1827 1828
f 1684 1829 1017
f 559 1822 1764
f 788 293 292
f 974 1825 1830
f 1831 1832 1833
f 1834 922 1835
f 751 463 465
f 1836 732 1058
f 148 1708 1709
f 298 1767 1380
f 1837 1838 1839
f 536 1598 537
f 1840 1841 1842
f 1843 1124 1844
f 1845 331 1846
f 1847 813 812
f 1796 1795 1848
f 317 319 1686
f 1849 1850 540
f 1292 1851 1505
f 291 732 1836
f 827 385 828
f 1033 1695 1852
f 1033 1852 1511
f 1842 1451 1532
f 495 822 1853
f 1536 1854 12
f 1855 1484 1602
f 685 1757 1528
f 752 325 1816
f 1856 1750 999
f 1857 1858 1297
f 734 968 969
f 1721 1859 1722
f 297 296 12
f 1003 1860 131
f 1861 131 1862
f 1863 1368 734
f 1861 1864 1711
f 1173 1372 1865
f 1835 1866 1867
f 1711 1864 1712
f 1868 1869 43
f 1611 222 223
f 1866 324 1867
f 389 1338 390
f 1870 663 623
f 66 149 1698
f 1871 1872 134
f 95 1339 1873
f 1874 1875 1876
f 1081 925 786
f 1672 1877 1878
f 1005 441 443
f 1543 752 1879
f 1880 1881 1882
f 469 733 470
f 1370 1883 1486
f 941 1838 896
f 1884 1885 1379
f 1509 1886 1232
f 517 516 281
f 546 1887 1242
f 1888 1889 1890
f 464 1891 1093
f 1892 1893 1454
f 1341 491 490
f 1127 474 1128
f 1684 1017 308
f 1894 428 1895
f 1896 1897 1843
f 1898 716 715
f 1054 585 587
f 341 1899 1900
f 1901 441 785
f 343 1902 1903
f 1904 204 120
f 9 1905 1592
f 1895 396 1906
f 1907 1525 1524
f 118 1763 1378
f 1908 1424 1807
f 1497 544 1541
f 1159 1158 1068
f 1261 1189 1909
f 1065 1090 1066
f 470 794 1249
f 1910 1911 1912
f 1913 4 1914
f 1915 416 1190
f 1916 1917 1094
f 1343 528 1918
f 1919 505 504
f 356 910 357
f 1066 1090 1920
f 1654 826 1801
f 920 282 516
f 1921 1842 1922
f 723 140 411
f 1008 1923 23
f 1775 1924 1925
f 1108 300 1767
f 1926 771 1927
f 1458 356 355
f 1928 1929 1444
f 1353 1844 1930
f 430 126 1931
f 876 875 1433
f 1932 487 489
f 659 1933 1934
f 938 233 1332
f 1935 1936 1937
f 1938 178 1939
f 1460 820 819
f 1940 1332 684
f 852 850 857
f 228 1941 1436
f 1593 1942 1594
f 1434 1943 1605
f 1580 1282 650
f 780 1944 1945
f 1175 1946 1947
f 943 1948 1636
f 1636 1948 1811
f 385 1264 828
f 426 521 427
f 1070 1401 1071
f 1812 1949 1640
f 1640 1949 1447
f 450 1950 1951
f 1447 1952 955
f 955 1952 1953
f 955 1953 1452
f 1452 1953 1453
f 1600 1465 5
f 1453 1953 1954
f 1955 1577 766
f 1453 1954 1819
f 77 1956 822
f 1742 1957 555
f 1819 1954 1823
f 1819 1823 1821
f 1438 1761 1958
f 1821 1823 974
f 266 1651 1820
f 974 1823 1821
f 1959 729 1181
f 1960 1961 1962
f 1963 1964 1965
f 1471 587 1386
f 1966 1010 1967
f 1968 1969 1970
f 1971 1841 1840
f 503 502 1972
f 1191 1190 994
f 466 1973 1974
f 1825 1823 1830
f 1830 1823 1975
f 781 1976 1813
f 1977 1971 1340
f 517 281 773
f 1947 1208 76
f 1978 1979 57
f 1980 1981 221
f 1982 1983 1984
f 489 1552 2
f 1985 1986 1987
f 1830 1975 1677
f 1139 1138 1192
f 1907 1565 1566
f 916 287 1167
f 1125 1126 1988
f 785 1006 347
f 1989 1564 562
f 1875 1876 1296
f 1922 1532 467
f 1884 1990 1991
f 1891 1992 1094
f 1993 407 406
f 113 1713 114
f 455 1889 1888
f 1499 1851 1292
f 911 1994 1105
f 1610 1639 1611
f 1995 264 122
f 1996 1997 1998
f 1999 2000 1334
f 352 2001 353
f 1999 793 2000
f 2002 2003 1749
f 503 1972 1381
f 1470 721 2004
f 1511 2005 1040
f 1040 2005 1310
f 394 1500 193
f 713 742 640
f 1303 1647 1666
f 543 871 1331
f 1914 911 1624
f 734 1798 1555
f 2006 68 67
f 663 804 664
f 2007 792 1777
f 868 867 2008
f 2009 1316 1577
f 82 1269 2010
f 690 2011 1878
f 1386 2012 1472
f 1713 1712 1871
f 832 1831 833
f 104 940 1685
f 1871 2013 1872
f 2014 2015 1545
f 794 793 1999
f 2016 336 1988
f 184 1743 1936
f 229 936 935
f 2017 1542 2018
f 1329 2019 2020
f 504 506 231
f 2021 2022 2023
f 593 2024 594
f 882 1404 1405
f 1844 1124 1123
f 1312 2004 1734
f 873 1913 670
f 69 74 73
f 820 593 2025
f 1303 1666 2026
f 1019 1018 1963
f 2027 2028 2029
f 629 131 130
f 2030 2031 2032
f 847 2033 2034
f 1265 883 1203
f 2034 2033 2035
f 2034 2035 1269
f 46 48 767
f 1269 2035 1763
f 2036 743 1726
f 2037 767 2038
f 905 484 162
f 1462 54 2039
f 2040 1753 1041
f 776 777 2041
f 1120 1157 164
f 752 1817 753
f 560 1378 1397
f 2042 1216 1218
f 151 1347 1155
f 2014 1288 2015
f 153 155 1641
f 2043 291 1836
f 2044 60 571
f 819 29 28
f 759 2045 2046
f 1145 1239 136
f 1738 1737 1184
f 1210 8 277
f 2038 1540 1582
f 1458 908 356
f 2043 1836 1046
f 1113 143 1112
f 1417 331 1845
f 1153 1669 1517
f 312 1429 1993
f 1204 883 1400
f 175 1250 482
f 218 220 2047
f 877 2048 559
f 1950 1978 709
f 2049 281 2050
f 1924 2051 1925
f 564 2052 565
f 1802 2053 234
f 234 2053 1805
f 1461 1741 593
f 1806 2054 943
f 2055 758 243
f 943 2054 1948
f 2056 2057 1958
f 723 585 1054
f 2058 2059 1426
f 2058 1699 2059
f 1447 1949 2060
f 520 519 1859
f 1447 2060 1952
f 1952 2061 1953
f 1953 2061 2062
f 2063 1 1567
f 793 792 2007
f 1953 2062 1954
f 62 705 63
f 459 1353 1930
f 486 485 2064
f 1513 790 789
f 2049 2050 749
f 2065 2066 2067
f 1605 2068 258
f 2069 1783 1785
f 1546 2070 1547
f 1615 2071 2072
f 2073 1066 1920
f 1588 1291 26
f 1254 2074 1530
f 2075 2076 2077
f 758 757 33
f 140 1288 2078
f 1975 2079 1677
f 231 2080 800
f 818 1593 1715
f 2081 437 1055
f 307 306 2082
f 909 2083 910
f 604 1380 2084
f 1004 587 2085
f 947 630 1818
f 1677 2079 1851
f 1677 1851 1499
f 28 819 1115
f 2086 409 1529
f 1643 1077 2065
f 2028 1926 1927
f 1244 1246 2087
f 580 2088 1684
f 1189 1634 1915
f 312 1428 1429
f 1352 1694 2051
f 920 1748 282
f 2089 1245 1244
f 212 924 213
f 2090 2091 139
f 465 2092 1620
f 871 1600 872
f 2093 807 284
f 1003 1002 1860
f 1856 1000 2094
f 1862 1794 1861
f 1492 2095 2096
f 1334 2000 687
f 1861 1794 1864
f 888 1207 2097
f 2098 2099 246
f 2100 486 2101
f 1835 1867 458
f 1986 2102 1106
f 1418 70 2103
f 1444 1929 1443
f 2104 769 768
f 1451 2105 1532
f 1049 995 2106
f 896 2107 897
f 829 2108 2109
f 495 1853 496
f 1217 501 2110
f 531 1923 1612
f 1904 120 2111
f 1782 1591 2112
f 2113 2114 838
f 1107 1342 1947
f 2115 1787 1460
f 141 2116 142
f 1853 2117 496
f 798 2118 2119
f 1032 2120 2121
f 277 2122 88
f 1307 2123 1535
f 559 1764 844
f 1741 2124 835
f 1895 428 396
f 1516 475 474
f 459 1930 1854
f 2125 1684 1683
f 1645 2126 1702
f 159 2093 160
f 1341 1551 2127
f 1341 2127 491
f 1642 1569 2128
f 887 1398 888
f 1187 2129 2130
f 1236 972 2131
f 2132 1580 1579
f 1392 1270 2133
f 124 126 430
f 2134 1890 2135
f 2055 334 2136
f 820 87 1210
f 2137 1642 1651
f 2083 2138 1804
f 1193 2139 1449
f 1841 1451 1842
f 65 2140 149
f 2141 1329 1739
f 200 1398 887
f 115 117 1148
f 262 1632 263
f 1873 1339 1338
f 1221 1752 2040
f 1692 1693 814
f 878 65 64
f 186 830 1744
f 142 858 860
f 1191 994 606
f 213 328 330
f 1938 1939 1985
f 26 901 2142
f 311 1440 312
f 139 1286 1288
f 2143 2144 2145
f 2146 892 689
f 1479 1316 1318
f 2147 754 764
f 1087 1786 1787
f 841 272 271
f 1151 1150 127
f 1249 794 1334
f 1655 1766 1156
f 1372 2148 1373
f 1274 1608 867
f 1613 2149 228
f 1057 1056 855
f 1106 2102 2150
f 1719 1016 2151
f 2152 1461 1460
f 1500 1589 2153
f 1813 2154 1245
f 2155 213 2156
f 1802 1437 2053
f 538 537 1800
f 1634 948 416
f 1806 1805 2054
f 470 792 794
f 2157 1523 2158
f 1582 1540 1614
f 1948 2054 2159
f 1948 2159 1811
f 1811 2159 1812
f 1252 1079 1253
f 1812 2060 1949
f 137 1908 2056
f 2160 2161 2162
f 2163 1892 472
f 886 824 724
f 1875 1296 2164
f 1442 250 934
f 1047 1357 1534
f 250 249 425
f 950 2165 1928
f 1317 2010 1318
f 453 881 1464
f 1036 2152 1460
f 1823 2166 1975
f 1555 1798 792
f 1744 830 1221
f 813 1692 814
f 2075 2077 1755
f 2167 2168 535
f 1607 2169 2170
f 2171 2139 1193
f 1345 2172 553
f 1975 2166 2079
f 2079 2166 2173
f 641 643 2174
f 308 1017 309
f 1067 1464 880
f 2175 1478 2176
f 2177 1732 1424
f 1334 687 686
f 1932 489 2178
f 2003 2179 564
f 2180 503 1381
f 1944 405 2086
f 2181 809 811
f 1044 1579 1045
f 2079 2173 2182
f 2079 2182 1851
f 2027 2029 2183
f 1851 2182 1499
f 2086 405 409
f 1577 1479 766
f 2184 2100 303
f 1147 2185 1018
f 1499 2182 1851
f 58 2186 59
f 2187 2188 1469
f 2189 2190 2191
f 787 788 1942
f 1508 1507 1847
f 1725 2192 1283
f 1851 2193 1505
f 1505 2193 2194
f 1505 2194 1695
f 1293 1153 339
f 1695 2194 1852
f 1852 2195 1511
f 1511 2195 2005
f 304 303 1601
f 1310 2005 2196
f 2150 676 678
f 2197 467 2198
f 1310 2196 12
f 839 840 1135
f 103 941 940
f 1814 1813 2089
f 131 2042 1794
f 131 1794 1862
f 1574 1576 298
f 1890 310 2199
f 684 1333 1700
f 1219 1570 487
f 669 831 2200
f 1712 1848 1713
f 1713 1848 1712
f 1138 1069 286
f 670 1913 79
f 2201 859 1307
f 1871 2202 2013
f 674 1974 2203
f 2204 2205 2206
f 1349 2207 498
f 440 439 2208
f 1786 1788 1787
f 321 1168 740
f 1210 1735 87
f 621 906 1458
f 232 802 2002
f 2209 326 325
f 213 330 2156
f 2210 2211 2212
f 2106 1728 1716
f 2126 1645 1702
f 2213 1243 37
f 259 885 293
f 946 2031 1002
f 1403 2214 775
f 37 2009 188
f 516 282 281
f 1336 2133 963
f 416 950 417
f 2215 461 2216
f 1754 1371 2217
f 1561 2218 1562
f 1754 2217 847
f 847 2217 2033
f 2219 2220 2221
f 2137 1651 1650
f 1152 2222 2223
f 2035 2224 2225
f 1725 2129 2192
f 2035 2225 1763
f 2000 756 687
f 1763 2225 1378
f 1786 1419 2226
f 2227 2228 2157
f 428 1053 429
f 475 569 2229
f 928 930 2230
f 2004 722 212
f 264 263 1995
f 1433 1943 1434
f 2231 1389 2232
f 152 151 2019
f 2233 1323 1314
f 1425 2058 1426
f 1071 2234 709
f 1853 2235 2117
f 340 1153 1517
f 1332 233 235
f 1517 1670 2236
f 593 595 1280
f 365 364 363
f 1122 2237 1344
f 1610 221 1611
f 27 26 25
f 426 2036 522
f 2238 2239 1916
f 300 1045 2240
f 1596 1316 2009
f 953 918 917
f 592 2241 2242
f 424 2055 2136
f 228 2149 1941
f 2107 2243 1630
f 1402 517 773
f 1829 1147 1017
f 2244 2245 2246
f 1813 784 2154
f 1437 2247 2053
f 672 2248 2249
f 241 1044 300
f 1356 1345 2250
f 1805 2251 2054
f 343 1903 1899
f 1632 2252 263
f 2054 2253 2159
f 1748 947 1773
f 1812 2254 2060
f 1654 821 826
f 324 1354 1353
f 2060 2255 1952
f 1952 2255 2061
f 509 394 193
f 2062 2256 1954
f 2257 2106 1716
f 1974 2258 2203
f 1426 481 1637
f 1257 1120 1122
f 1954 2256 1823
f 1823 2256 2259
f 722 455 721
f 2260 2261 368
f 622 624 1822
f 1959 1759 729
f 1369 2262 1883
f 1823 2263 2264
f 742 638 640
f 385 387 1264
f 1868 2265 805
f 1327 174 173
f 1541 2266 1428
f 2267 993 1096
f 363 364 2268
f 565 1273 1275
f 410 1742 2269
f 1921 1922 2197
f 1607 64 2169
f 2270 1338 388
f 182 814 2271
f 138 2272 139
f 2006 1226 1228
f 2175 2176 1969
f 1944 400 405
f 2087 1246 1881
f 1799 124 430
f 911 1105 1623
f 2273 1845 2274
f 2056 1958 1761
f 932 325 752
f 1650 266 265
f 1959 2275 1759
f 1047 1836 1357
f 16 2276 17
f 2182 2277 1851
f 2278 1955 1076
f 2209 325 932
f 204 2279 120
f 2195 2280 2005
f 321 190 1168
f 2005 2280 2196
f 310 2281 2282
f 2283 1870 623
f 1305 1331 1306
f 1002 2042 1860
f 1758 620 619
f 1860 2042 131
f 897 1630 1629
f 1399 633 2284
f 1612 223 967
f 589 112 748
f 2150 678 1342
f 1835 922 1866
f 2010 1268 2279
f 1864 1796 1848
f 1864 1848 1712
f 83 82 2010
f 1840 1842 1911
f 50 1531 1240
f 1605 771 1926
f 239 403 1151
f 845 2285 1891
f 2012 2286 1628
f 2180 1383 2287
f 1087 1787 1788
f 278 98 279
f 2094 2260 367
f 2288 2289 2290
f 2291 230 232
f 1357 1060 1534
f 2007 1777 1778
f 179 2201 1572
f 1287 898 1457
f 2129 1301 1328
f 2292 1734 2052
f 1472 2012 1628
f 547 1262 548
f 514 695 512
f 705 704 2207
f 1856 999 1000
f 820 2025 7
f 1554 1650 265
f 51 1241 1051
f 800 2080 801
f 492 2293 1371
f 1371 2293 2217
f 2035 2033 2224
f 1740 2020 57
f 1568 101 1989
f 2148 2294 2295
f 2296 851 850
f 362 217 1442
f 2296 1874 851
f 2241 718 2297
f 748 112 421
f 1232 1672 1233
f 1232 1877 1672
f 1963 1965 2298
f 1177 2299 1178
f 1224 1225 1841
f 1460 593 820
f 1445 2300 2116
f 1807 1424 745
f 1589 1588 26
f 581 580 1684
f 1980 1311 1981
f 74 2183 2301
f 1397 2302 1162
f 31 996 32
f 875 2023 383
f 1493 2016 1494
f 505 1074 506
f 931 2303 932
f 249 248 2018
f 856 852 857
f 898 1458 1457
f 1715 1595 1401
f 209 1737 1736
f 1783 2304 1784
f 2102 1791 2150
f 1609 2305 1613
f 855 857 762
f 329 197 330
f 973 433 435
f 2306 970 1678
f 2307 2308 2309
f 1166 1167 1226
f 2310 562 2311
f 187 2312 2165
f 2313 2314 1217
f 1757 1590 1782
f 481 483 711
f 1610 1639 221
f 1339 1358 1977
f 1726 743 714
f 1941 2149 1436
f 425 427 14
f 39 1596 2009
f 609 608 1200
f 588 112 589
f 2315 2316 1185
f 829 2317 2108
f 1805 2053 2251
f 2172 2318 2319
f 1777 432 996
f 1812 2159 2254
f 865 1756 12
f 171 845 463
f 230 1072 231
f 1737 1185 1184
f 2255 2062 2061
f 2309 1078 2308
f 2084 1959 1181
f 1261 1633 1189
f 2062 2320 2256
f 1657 133 2321
f 252 239 241
f 2256 2320 2263
f 2256 2263 2259
f 2084 2322 2275
f 2259 2263 1823
f 985 1618 709
f 570 2044 571
f 2323 1050 2324
f 1823 2263 2259
f 2010 1269 1268
f 2259 2263 1823
f 1512 670 2325
f 2133 981 983
f 1927 378 57
f 860 859 2201
f 140 2014 412
f 2326 950 1928
f 354 251 1576
f 1753 2108 1127
f 2327 2328 2313
f 338 340 718
f 2245 2210 2246
f 991 2329 1061
f 1710 693 545
f 1909 1189 1191
f 2268 1130 2330
f 465 921 2092
f 313 1993 406
f 102 104 2331
f 2234 707 709
f 1434 1605 1926
f 1076 1581 1077
f 944 2332 342
f 2173 2333 2182
f 992 504 1072
f 2309 2308 1078
f 695 2334 512
f 1614 1540 1143
f 315 1620 2335
f 1851 2277 2193
f 1064 1066 2073
f 2336 1420 2337
f 2338 1631 2339
f 2194 2340 1852
f 1053 1492 397
f 1852 2340 2195
f 459 1854 1536
f 1867 1353 459
f 1131 1643 2341
f 35 1433 36
f 1465 2342 5
f 1411 2236 720
f 2321 133 1658
f 204 1904 205
f 1794 1796 1864
f 2343 1824 858
f 166 1508 2344
f 309 1019 310
f 2131 716 1898
f 1747 1746 2230
f 1712 1848 2202
f 1712 2202 1871
f 2041 1662 2218
f 2013 2202 1872
f 182 2001 352
f 1937 626 625
f 1109 187 2165
f 2345 1539 320
f 1942 292 1594
f 2346 571 2229
f 1179 2347 199
f 1897 115 1148
f 1095 1363 580
f 1564 563 562
f 2348 1739 2349
f 67 69 1590
f 2350 60 111
f 294 224 226
f 1101 181 1311
f 1581 2351 1582
f 1 3 694
f 2352 127 1282
f 1551 478 2353
f 1551 2353 2127
f 1694 1937 625
f 2354 287 915
f 415 1049 1824
f 2355 2027 2356
f 1368 968 734
f 423 2055 424
f 2304 138 1784
f 541 2357 2358
f 340 1517 719
f 1566 305 307
f 184 186 1743
f 608 967 609
f 633 2359 534
f 1759 730 729
f 964 983 797
f 838 2360 840
f 1077 2066 2065
f 285 2361 2362
f 1378 2363 1397
f 2295 510 1230
f 871 873 1512
f 929 2364 1628
f 2365 2366 124
f 189 2367 190
f 1412 1162 2368
f 2004 212 2369
f 1547 1038 928
f 1887 2370 2371
f 2372 2373 1483
f 2232 536 2374
f 1413 2375 1422
f 2376 922 1834
f 429 397 398
f 1817 327 1242
f 1422 2375 1609
f 1337 2377 2378
f 1304 2249 1331
f 241 2132 1044
f 814 1693 2271
f 777 1660 2041
f 2379 1548 369
f 462 854 444
f 167 2380 2381
f 2074 2382 2299
f 2383 907 906
f 836 2384 832
f 1699 173 2385
f 2178 489 2386
f 2387 2022 2021
f 2149 2388 1436
f 1436 2388 1437
f 1437 2388 2389
f 2390 2391 333
f 1437 2389 2247
f 1831 1833 2392
f 532 2393 145
f 145 2393 1762
f 2053 2394 2251
f 393 1500 394
f 2185 1364 2395
f 2179 2292 564
f 2159 2396 2254
f 1936 1220 1495
f 2245 2397 2398
f 2254 2399 2060
f 914 2354 915
f 2060 2399 2255
f 2400 1069 1139
f 2062 2255 2401
f 725 724 1356
f 1998 1997 2402
f 1097 479 480
f 2403 1203 1768
f 2216 2376 1835
f 1981 2404 1575
f 551 1071 709
f 1312 1470 2004
f 2405 1967 2406
f 2307 962 2308
f 17 67 1757
f 2407 2408 1286
f 933 752 1543
f 728 727 1644
f 2409 1141 1140
f 1709 1708 1560
f 934 13 1330
f 1899 1903 2410
f 79 1914 80
f 2360 515 517
f 2279 2411 120
f 1833 1996 1998
f 1820 1919 992
f 1916 2239 2412
f 484 2413 2414
f 2415 385 827
f 35 1377 876
f 226 225 1251
f 1102 451 2416
f 1918 528 530
f 1726 1633 1261
f 1374 2417 104
f 1838 22 1839
f 947 1818 1773
f 918 445 919
f 2418 694 696
f 1458 906 908
f 1277 2223 1932
f 964 1599 965
f 2419 2146 2420
f 1390 1004 382
f 1567 694 2418
f 396 398 2421
f 2367 1163 190
f 2182 2333 2277
f 2059 2385 1426
f 669 351 831
f 1944 395 400
f 1631 823 656
f 2422 2423 1905
f 961 1289 1079
f 2422 2181 2423
f 257 1471 379
f 2424 2081 2425
f 1557 1849 1291
f 2277 2426 2193
f 2193 2426 2194
f 2317 495 497
f 2427 1391 1390
f 1604 2428 2017
f 2429 37 1109
f 2340 2430 2195
f 1157 165 164
f 35 876 1433
f 2241 2297 1141
f 108 2431 2058
f 1096 993 49
f 2432 569 475
f 1032 2121 1418
f 301 1346 2140
f 2433 972 1236
f 1965 2309 2308
f 2434 2310 2311
f 1824 2106 2257
f 2435 2110 503
f 2436 2119 1112
f 29 1645 30
f 1947 1342 507
f 1489 2317 497
f 632 2418 696
f 159 1524 2093
f 723 138 140
f 2326 1928 1444
f 2393 2437 1762
f 1263 496 475
f 825 2438 1356
f 2058 2431 1699
f 2231 2232 2374
f 2439 1739 2348
f 303 1483 1855
f 2440 2112 1084
f 687 2055 423
f 618 84 86
f 331 333 1846
f 316 2335 563
f 190 1163 1410
f 643 1771 1480
f 1570 1129 1571
f 1645 1210 2126
f 2031 946 945
f 1409 717 1675
f 1402 2360 517
f 256 2085 1471
f 1817 1242 753
f 1970 1969 1901
f 1378 2225 2441
f 1766 2097 57
f 69 1644 74
f 718 720 2297
f 217 359 1442
f 1705 2357 1706
f 656 658 2252
f 2442 245 2443
f 1406 1974 674
f 2133 983 964
f 1827 157 2444
f 1970 1901 1976
f 197 2445 301
f 582 1567 583
f 1179 2446 2347
f 582 2063 1567
f 2363 2447 1397
f 2448 210 209
f 1287 1457 2070
f 1843 1148 1124
f 603 602 2449
f 2302 2450 1162
f 55 73 56
f 1672 1878 2451
f 1630 2452 2453
f 1162 2450 2368
f 1217 2314 501
f 1412 2454 1413
f 467 1024 468
f 962 961 1078
f 2455 2456 1978
f 562 96 278
f 2170 1698 2141
f 2375 2305 1609
f 296 72 864
f 531 2457 532
f 2362 1868 1459
f 2458 2421 2459
f 1613 2460 2149
f 407 668 408
f 1000 866 2260
f 1714 2461 1089
f 820 1210 29
f 1393 1395 993
f 383 1103 2068
f 310 1019 2462
f 357 910 1803
f 2066 1646 2067
f 1600 5 105
f 1662 374 1238
f 2132 1151 1580
f 833 2090 2463
f 302 2184 303
f 1538 189 1539
f 783 1976 781
f 275 1951 709
f 1934 239 240
f 2251 2394 2054
f 2253 2054 2464
f 1427 1625 2465
f 2253 2464 2466
f 2253 2466 2159
f 2159 2466 2396
f 1523 1522 236
f 2254 2396 2467
f 1673 448 2468
f 2055 242 334
f 2254 2467 2399
f 2062 2401 2469
f 1597 81 2470
f 2062 2469 2320
f 1700 634 2471
f 845 844 1029
f 77 1209 1956
f 2320 2472 2263
f 630 130 132
f 301 1792 1346
f 712 339 338
f 2398 2397 1810
f 977 2473 1354
f 1234 354 2404
f 1771 2283 622
f 2352 1282 1580
f 606 994 995
f 1682 1096 1050
f 2140 1346 150
f 2069 1785 1391
f 766 767 2037
f 1082 1074 505
f 221 1981 2474
f 260 952 917
f 1502 2084 1181
f 2475 1363 1365
f 819 28 1115
f 121 1995 122
f 563 314 316
f 788 259 293
f 1969 2176 1901
f 868 2008 2456
f 1106 2150 1342
f 774 2049 749
f 2333 2476 2477
f 2333 2477 2277
f 2059 1699 2385
f 1228 1227 728
f 1204 1400 550
f 122 1427 2465
f 1572 2478 1573
f 2330 1130 1256
f 1243 1887 2479
f 373 2289 2288
f 2194 2426 2480
f 2194 2480 2340
f 1257 1122 2237
f 1607 2481 1608
f 1673 2468 446
f 2195 2430 2280
f 1363 2482 1364
f 1832 2483 1833
f 702 1442 1537
f 1242 1887 1243
f 2484 669 1351
f 1179 1178 2446
f 1661 1680 1662
f 123 169 168
f 571 2350 111
f 1717 824 2485
f 2470 81 83
f 1809 1350 2486
f 248 2017 2018
f 1675 210 2448
f 1625 1637 710
f 267 992 230
f 726 725 438
f 2487 903 2488
f 1544 2489 1933
f 1335 1392 2133
f 1497 542 544
f 816 818 883
f 2483 1615 1996
f 2030 2032 2113
f 196 2490 2445
f 231 506 1313
f 1923 531 23
f 2491 1994 2492
f 1398 1206 888
f 2493 238 1832
f 1741 2024 2124
f 2124 2024 1116
f 292 294 1594
f 122 1995 1427
f 692 1341 490
f 2124 1116 835
f 1985 1986 1994
f 1945 2086 2077
f 2127 2494 491
f 2437 610 1200
f 1388 617 616
f 261 2495 224
f 295 2103 72
f 198 1240 199
f 641 2174 1962
f 2112 1591 55
f 464 1093 921
f 1221 2496 2365
f 1893 550 552
f 2497 2065 1506
f 2498 2499 854
f 202 1449 2500
f 1711 1713 113
f 1758 1213 620
f 1378 2441 2501
f 1448 980 1522
f 1565 1907 2502
f 2503 2501 1378
f 1378 2501 2363
f 2504 370 2296
f 1685 896 895
f 1911 1921 2505
f 1147 2506 2185
f 999 566 218
f 1418 2121 70
f 916 915 287
f 2386 1 2063
f 2507 2221 2508
f 2504 2296 852
f 2450 2509 2368
f 2314 838 501
f 1288 1287 2510
f 238 237 2483
f 2368 2509 1412
f 1412 2509 2454
f 872 105 873
f 852 2296 850
f 2384 2493 1832
f 1917 2043 2511
f 741 1445 2118
f 1464 881 880
f 8 7 2422
f 780 395 1944
f 2512 1931 126
f 2513 2438 825
f 2366 2514 125
f 305 2515 893
f 2305 2460 1613
f 965 1599 1600
f 2516 2517 262
f 1613 2149 2460
f 1613 2460 2149
f 1131 2341 1157
f 133 134 1658
f 1243 2479 39
f 1290 1601 1603
f 2389 2518 2247
f 2247 2518 2053
f 2394 2519 2054
f 2041 1660 1662
f 1481 1482 1172
f 1638 2502 2337
f 2466 2520 2396
f 2396 2520 2467
f 431 1370 32
f 1077 1614 2066
f 934 1330 2367
f 2401 2255 2521
f 2401 2521 2469
f 163 2100 927
f 2044 570 569
f 1571 1554 1553
f 2139 1459 1449
f 301 2324 1792
f 2263 2472 2522
f 2263 2522 2472
f 2523 709 708
f 2263 2472 2522
f 898 899 1458
f 1477 1463 1462
f 2524 1144 61
f 1704 2191 2525
f 2526 320 321
f 2263 2522 2527
f 2263 2527 2528
f 2439 2141 1739
f 1912 1911 2505
f 424 2390 332
f 473 984 1149
f 2276 2529 17
f 2252 658 1815
f 651 1493 652
f 245 2530 2531
f 2528 2527 2476
f 877 170 109
f 2146 689 688
f 2135 195 197
f 1771 2532 2283
f 1011 1467 1466
f 1442 2533 2534
f 1978 57 709
f 2535 625 1368
f 2372 2101 2373
f 944 342 341
f 2359 514 795
f 1311 1234 2404
f 862 973 665
f 2477 2536 2277
f 1815 108 2058
f 2056 1908 2057
f 2141 1698 1329
f 2138 2537 1628
f 179 1431 180
f 2277 2536 2426
f 1020 98 1469
f 1836 1058 1357
f 659 1934 239
f 2426 2538 2480
f 2480 2538 2340
f 2427 2069 1391
f 1083 1555 792
f 2136 334 2081
f 1280 593 1281
f 2539 2540 1206
f 2430 2541 2280
f 2542 367 366
f 545 2543 546
f 2031 1030 2544
f 2280 2541 2196
f 1601 1855 1602
f 218 2047 1000
f 2228 2227 2161
f 470 1083 792
f 2411 118 120
f 1002 2545 2042
f 1291 1849 540
f 2546 1990 16
f 1742 557 2269
f 1644 2355 74
f 1430 477 1097
f 594 477 1430
f 1989 988 1564
f 2370 494 2371
f 889 2097 1766
f 1509 1232 953
f 1118 1262 547
f 1888 1890 2134
f 1189 1915 1190
f 2547 2548 707
f 2189 1963 2190
f 2549 1180 2550
f 603 1108 1380
f 2551 2002 891
f 1667 1725 1283
f 1916 2412 1917
f 1383 1086 1085
f 2552 2487 1456
f 1951 1950 709
f 1855 1483 1484
f 815 1336 963
f 2551 232 2002
f 47 2010 2279
f 177 41 1247
f 2431 615 1326
f 1654 1801 1781
f 2026 1668 1692
f 2223 487 1932
f 2553 2362 1459
f 540 2357 541
f 686 423 422
f 137 2554 1908
f 123 122 169
f 14 1726 15
f 155 154 1569
f 1456 2487 2555
f 1782 2112 2440
f 114 1871 134
f 2556 1036 2226
f 1539 191 320
f 1378 2501 2503
f 2501 2447 2363
f 295 72 296
f 1405 295 297
f 2179 1734 2292
f 957 2557 2558
f 1397 2447 2302
f 1347 1366 1656
f 2302 2447 2450
f 1376 176 2559
f 2386 1665 1
f 1387 2082 1388
f 1603 1602 2560
f 1652 869 97
f 875 383 2068
f 676 1573 677
f 1030 945 1748
f 1297 764 1298
f 1413 2454 2375
f 1634 416 1915
f 779 208 780
f 2375 2561 2305
f 751 315 314
f 2508 2221 2442
f 2305 2561 2460
f 488 1571 1553
f 1359 1361 2562
f 1381 1972 1382
f 98 97 2187
f 476 1415 1733
f 2563 2227 836
f 1317 1597 83
f 1183 541 2358
f 1151 127 2352
f 1024 2564 2565
f 1662 372 374
f 2149 2566 2388
f 2388 2566 2389
f 2567 882 2537
f 2191 2568 2525
f 2053 2569 2394
f 2394 2569 2519
f 1601 1855 1602
f 2054 2519 2466
f 2054 2466 2464
f 481 175 482
f 2520 2570 2467
f 1143 1144 2524
f 1036 1035 2152
f 2467 2570 2399
f 2248 672 2571
f 2399 2570 2572
f 2399 2572 2255
f 2255 2572 2521
f 293 885 294
f 2469 2573 2320
f 2185 2395 1964
f 142 1824 858
f 1236 2131 1898
f 2320 2573 2472
f 2474 1575 603
f 306 305 893
f 2574 852 1593
f 1572 1307 1309
f 2575 124 1799
f 1603 2560 2576
f 668 19 21
f 81 494 847
f 931 933 1542
f 170 109 171
f 2337 1524 159
f 1510 1509 953
f 582 2386 2063
f 1977 1358 1971
f 821 1176 77
f 2445 2490 2324
f 867 2439 2577
f 566 565 219
f 2578 2546 16
f 2527 2579 2476
f 614 469 925
f 2290 2405 2406
f 1450 1700 1451
f 1197 2580 1031
f 527 2377 85
f 979 92 1561
f 161 905 162
f 2118 739 741
f 361 217 362
f 2476 2579 2477
f 2477 2579 2536
f 2051 1694 625
f 358 248 250
f 2171 1192 1459
f 804 1376 1714
f 1034 1037 1035
f 2445 2490 196
f 2340 2538 2430
f 917 2495 261
f 2541 12 2196
f 1001 628 946
f 1957 2562 555
f 1857 1297 575
f 2581 976 975
f 881 1404 882
f 1790 1684 2125
f 1352 1935 1694
f 1743 1744 1220
f 1963 2185 1964
f 1054 1785 723
f 615 107 2431
f 1960 1962 2186
f 1339 768 1358
f 2582 1258 2334
f 2087 1881 1880
f 117 473 1148
f 1543 742 2036
f 353 659 251
f 1073 1020 1470
f 2434 2311 1082
f 1451 1701 2105
f 629 1003 131
f 1076 2037 1581
f 772 1688 378
f 1230 1467 1011
f 1616 2072 2583
f 683 1940 684
f 199 2347 200
f 1085 1087 1788
f 2115 1460 819
f 2457 610 2437
f 474 476 1128
f 2555 2488 1374
f 105 4 1913
f 336 1125 1988
f 2207 499 498
f 491 2494 492
f 492 2494 2584
f 492 2584 2293
f 1905 1604 216
f 1968 157 2175
f 1601 1602 1855
f 1438 2383 1439
f 1064 1089 1065
f 1268 2411 2279
f 368 2261 449
f 1234 352 354
f 1093 1095 921
f 684 1332 1333
f 435 776 90
f 1438 1761 2383
f 1439 2383 906
f 1539 189 191
f 25 26 27
f 2055 243 242
f 2443 1897 1896
f 1395 1530 1531
f 690 1878 1877
f 1449 45 2585
f 1376 2331 176
f 2450 2586 2509
f 780 208 395
f 298 1108 1767
f 2587 2233 1284
f 1218 2110 2435
f 857 2574 817
f 2588 731 2228
f 1694 625 1368
f 640 2429 1504
f 32 1360 1359
f 2152 1035 1461
f 146 148 1709
f 2015 1546 1545
f 1537 2345 527
f 2589 1390 2590
f 475 1414 476
f 1756 1529 12
f 1599 1092 1465
f 2103 70 72
f 1618 552 709
f 381 383 2023
f 2482 2591 2307
f 1389 1388 2232
f 2519 2592 2593
f 2519 2593 2466
f 1279 2025 2181
f 2570 2520 2594
f 2572 2595 2521
f 374 373 2288
f 2521 2595 2469
f 1728 791 824
f 1159 1068 2567
f 2206 2205 2596
f 2573 2522 2472
f 2597 2556 2226
f 1714 664 1089
f 62 61 1144
f 712 338 1649
f 200 2539 1206
f 1141 2598 2599
f 1173 1172 1372
f 2483 1615 1996
f 2229 1214 153
f 210 1098 1585
f 1919 1082 505
f 2600 1100 1101
f 884 818 1715
f 1019 1963 2189
f 1157 2497 1506
f 1340 1983 1982
f 1686 319 2601
f 1728 824 1717
f 483 482 1396
f 717 716 1098
f 1098 1586 1585
f 2123 1716 1718
f 1208 641 1961
f 1198 855 762
f 1094 2511 1095
f 1795 503 2180
f 1510 953 952
f 1231 1011 1010
f 1410 1163 1165
f 2306 2500 970
f 1724 1187 1725
f 1238 1441 136
f 1136 1635 1558
f 2317 1489 2108
f 1274 1606 1608
f 2426 2536 2602
f 412 2014 1384
f 1507 1506 2603
f 2029 1927 57
f 2426 2602 2538
f 2430 2538 2604
f 2312 1578 1955
f 2430 2604 2605
f 2390 2081 2391
f 2430 2605 2541
f 2606 1770 2129
f 2541 2605 12
f 1623 1105 1780
f 1443 1076 1075
f 873 2607 1913
f 1031 2120 1032
f 2303 2209 932
f 2274 2608 2609
f 1616 2610 1212
f 1595 2547 707
f 2158 1523 2493
f 692 490 2543
f 2543 2611 2370
f 150 1346 151
f 687 758 2055
f 2235 2044 569
f 2176 1478 441
f 2118 141 2119
f 1937 1936 626
f 2376 1834 1835
f 1170 414 1445
f 1391 1785 1054
f 2202 2612 1872
f 2451 2613 2542
f 2525 2323 2490
f 2218 1662 1237
f 2017 811 931
f 2237 1122 1344
f 2614 1477 1462
f 2323 1681 1682
f 798 2436 799
f 2073 1920 2043
f 1668 2615 1692
f 2485 724 726
f 2483 1996 1615
f 1548 2616 1549
f 770 1940 683
f 731 1521 2617
f 246 2099 841
f 1780 1946 1175
f 810 1281 2618
f 1442 934 2533
f 2601 2619 2076
f 25 1500 2153
f 1522 1343 1918
f 28 819 1115
f 658 657 108
f 472 1454 984
f 2245 2398 2210
f 2225 2501 2441
f 2275 1671 1759
f 976 2443 2473
f 1379 1226 2529
f 613 1925 614
f 1647 1724 1666
f 1127 1515 474
f 59 877 60
f 1060 1188 960
f 1068 880 2567
f 2358 1705 1007
f 859 1716 2123
f 2087 2620 2621
f 554 2204 1850
f 817 2574 818
f 1775 2486 1924
f 2513 1122 2438
f 1154 1753 1152
f 2265 538 805
f 957 2558 2622
f 2038 48 205
f 1629 1205 42
f 735 1555 1083
f 207 346 208
f 2375 2623 2561
f 2301 2183 57
f 1642 2128 1820
f 1046 1836 1047
f 1350 1352 2624
f 2589 2427 1390
f 824 886 2485
f 1309 1308 1118
f 2149 2625 2566
f 1717 2485 1262
f 1918 530 2626
f 2053 2518 2627
f 2053 2627 2569
f 2327 2313 1216
f 2569 2627 2519
f 2519 2627 2592
f 2339 1631 2517
f 1383 1382 1786
f 1586 313 1648
f 1108 298 1380
f 1385 1659 1747
f 1586 311 313
f 2466 2593 2628
f 2466 2628 2520
f 1488 1304 1306
f 2570 2629 2572
f 2572 2629 2595
f 2630 2210 2212
f 2469 2595 2573
f 2618 1808 2209
f 887 889 1655
f 462 444 322
f 1745 928 1746
f 2319 2600 554
f 2573 2631 2522
f 799 2436 1112
f 745 2416 746
f 740 1168 1170
f 2632 1751 1856
f 120 561 2111
f 1274 2155 1275
f 1680 341 1900
f 374 2288 1441
f 1960 2186 2633
f 304 1601 1290
f 727 2355 1644
f 989 1478 2175
f 1646 2524 61
f 1114 1113 179
f 127 335 1282
f 2239 1064 2073
f 2231 2361 285
f 163 486 2100
f 2335 579 1652
f 147 1520 1727
f 2579 2634 2635
f 2579 2635 2536
f 1705 1707 1008
f 2636 1084 57
f 669 1664 351
f 1277 1932 2386
f 240 1151 2132
f 1781 1801 2317
f 168 2465 1626
f 1221 2040 1041
f 1113 142 179
f 1260 1259 1663
f 2544 1030 515
f 511 1709 1653
f 1301 596 598
f 1278 1277 2386
f 396 398 397
f 426 1543 2036
f 1882 1687 288
f 173 481 2385
f 845 1029 463
f 2637 1497 1099
f 1358 1224 1971
f 2638 267 2639
f 1662 1680 372
f 2018 1543 426
f 1188 1111 1289
f 1767 1324 2322
f 2120 1686 2121
f 40 42 290
f 616 618 86
f 2640 2308 1393
f 545 693 2543
f 2347 1527 2539
f 1747 2230 2286
f 2126 29 1645
f 1497 1541 1099
f 1048 1047 2482
f 1078 961 1080
f 1351 1935 1352
f 2342 1938 2491
f 361 215 217
f 2515 701 893
f 1386 1385 2012
f 116 2163 472
f 849 2641 2444
f 2642 192 1208
f 2334 2420 512
f 1218 1217 2110
f 2348 2349 2643
f 1965 2308 2640
f 1972 1403 775
f 2515 2644 361
f 1522 1918 2626
f 1939 178 180
f 2167 2284 1876
f 1837 1839 144
f 171 559 844
f 1151 2352 1580
f 1116 2645 835
f 835 2645 478
f 2322 1324 1671
f 349 348 956
f 2646 2409 2647
f 703 2111 704
f 514 513 795
f 605 2648 1191
f 1667 1283 1668
f 79 1913 1914
f 135 137 2649
f 45 44 1304
f 1122 1344 1356
f 180 1432 1791
f 258 2068 256
f 1188 1289 961
f 1471 1386 1472
f 921 1095 580
f 1212 2610 2650
f 2576 2560 2546
f 2651 1632 262
f 1354 1896 1843
f 20 1779 2652
f 140 139 1288
f 1331 871 543
f 2126 89 2644
f 2447 2653 2450
f 2450 2653 2509
f 2450 2509 2586
f 519 262 1859
f 722 1025 924
f 1772 622 2048
f 1809 1351 1350
f 1769 1204 550
f 2375 2454 2623
f 303 2372 1483
f 1590 69 73
f 2108 1263 1515
f 2654 761 2655
f 1037 133 1657
f 1746 928 2230
f 2632 1856 2613
f 1611 221 222
f 2443 115 1897
f 1841 1225 1451
f 2270 2656 2657
f 1331 871 543
f 211 2315 1737
f 2149 2658 2625
f 1608 2481 2170
f 2625 2658 2566
f 1260 890 2419
f 2518 2659 2627
f 2627 2660 2592
f 2643 2349 57
f 2594 2661 2570
f 2570 2661 2662
f 80 1914 1624
f 2570 2662 2629
f 2629 2662 2595
f 2479 2371 1596
f 2595 2663 2573
f 2573 2663 2664
f 1744 1221 2496
f 1271 2228 2665
f 2573 2664 2631
f 874 2023 875
f 555 2562 556
f 2266 78 80
f 2337 2502 1524
f 2577 2439 2348
f 16 1990 2276
f 1745 1545 928
f 2299 420 1178
f 1419 2597 2226
f 1514 314 987
f 124 2366 125
f 1206 2666 57
f 137 1441 2554
f 614 1081 786
f 2295 2294 510
f 950 2326 417
f 277 1592 2122
f 1169 605 414
f 2192 1323 2233
f 1090 1247 1920
f 1934 401 403
f 179 1572 1431
f 2665 2228 2161
f 2300 1824 2343
f 241 240 2132
f 174 1250 175
f 1137 1136 52
f 1041 2667 2668
f 1333 235 1700
f 2634 2669 2635
f 2635 2669 2670
f 1537 1539 2345
f 2366 2671 2514
f 1842 1532 1922
f 2361 2265 2362
f 2672 1293 339
f 1902 2295 1229
f 1415 1642 1733
f 711 483 1293
f 2602 2673 2538
f 967 2449 2549
f 219 1275 1274
f 54 1104 2674
f 1894 1052 428
f 2457 608 610
f 2604 2675 2605
f 2165 1929 1928
f 2517 1632 2651
f 2633 58 706
f 2416 453 1067
f 2154 347 349
f 2095 2563 2676
f 2677 2408 2407
f 726 438 1556
f 154 101 1569
f 1049 2106 1824
f 1296 260 259
f 978 1195 979
f 1664 1519 351
f 2131 972 716
f 2678 2198 2679
f 342 1902 343
f 733 735 1083
f 2214 1403 775
f 1282 1493 651
f 610 609 1200
f 1541 1428 2680
f 2617 1521 1523
f 917 919 224
f 1658 2681 1461
f 1078 1080 1079
f 652 2682 434
f 2204 1101 2205
f 1129 2137 1554
f 1839 22 144
f 844 1765 2238
f 1129 1733 2137
f 2419 890 2146
f 478 2645 2336
f 478 2336 2353
f 132 1711 1622
f 2438 1122 1356
f 2494 2683 2584
f 1355 1843 1844
f 160 2093 1069
f 162 486 163
f 2217 2293 2684
f 2437 1200 990
f 2487 2488 2555
f 533 2685 2686
f 1668 1285 2615
f 351 1781 185
f 875 1943 1433
f 1384 411 412
f 64 66 2169
f 1365 1364 2506
f 759 2654 736
f 1376 2687 1090
f 1312 1073 1470
f 91 2041 2218
f 2180 1381 1383
f 318 755 778
f 2420 2146 513
f 749 1037 1034
f 1240 1531 1179
f 969 2575 2688
f 1288 1546 2015
f 186 2317 829
f 919 445 447
f 2587 2192 2233
f 1401 2234 1071
f 2689 246 245
f 1482 2679 1372
f 1993 1429 407
f 2690 450 1951
f 1688 257 379
f 2656 2691 2270
f 2692 686 422
f 281 747 2050
f 1575 354 1576
f 316 315 2335
f 439 1345 553
f 2376 322 922
f 1961 641 1962
f 2080 1313 2693
f 557 556 1548
f 1693 1134 2489
f 1742 1359 1957
f 1299 1835 458
f 1620 2092 579
f 2270 1873 1338
f 1994 1986 1105
f 466 468 1973
f 2078 1288 2014
f 1183 2358 2694
f 2149 2460 2658
f 65 301 2140
f 2658 2695 2566
f 2566 2695 2389
f 1654 1519 821
f 2518 2389 2659
f 1136 1626 1635
f 2331 104 1685
f 2091 2407 139
f 2378 2526 739
f 2324 1367 1792
f 2287 1085 2612
f 849 1970 783
f 1484 599 1602
f 2628 2593 2696
f 2628 2696 2520
f 29 2126 1645
f 2520 2696 2594
f 1257 2237 1122
f 2181 811 2428
f 2531 2530 271
f 982 798 983
f 2483 2697 2071
f 348 1006 1906
f 575 1298 1197
f 2671 2496 2514
f 1045 1579 650
f 1028 965 2571
f 1976 1901 785
f 129 1013 336
f 1347 1656 1155
f 1416 422 332
f 1197 1298 2580
f 506 1074 1313
f 1417 1416 331
f 2423 2181 2428
f 1353 1355 1844
f 2185 1963 1018
f 2511 1048 1363
f 223 222 967
f 2077 1529 1756
f 1327 925 174
f 59 58 877
f 1104 2242 2674
f 90 776 2041
f 2384 1832 1831
f 1213 1438 620
f 994 1513 789
f 1818 1621 588
f 188 2009 1577
f 2635 2670 2536
f 71 1583 72
f 2536 2670 2602
f 380 1627 57
f 534 2359 633
f 370 1549 2296
f 792 430 1777
f 2357 2206 1706
f 1395 1531 50
f 2673 2698 2538
f 2538 2698 2675
f 2456 2643 1979
f 858 1824 859
f 2538 2675 2604
f 1095 2511 1363
f 1810 2316 1351
f 2675 2699 2605
f 446 2690 274
f 2605 2699 2700
f 2605 2700 12
f 2161 2227 2563
f 326 546 327
f 9 1592 216
f 1722 121 167
f 229 935 769
f 666 435 90
f 2482 2307 2395
f 2100 2101 2372
f 425 14 13
f 1554 265 2638
f 2359 377 2701
f 96 1652 97
f 2154 349 956
f 1548 2702 2616
f 2703 2216 1299
f 579 1790 1652
f 2548 708 707
f 1742 555 557
f 841 827 272
f 1666 1668 2026
f 725 2250 438
f 1326 1327 173
f 2533 934 2367
f 1935 1937 1694
f 700 1537 526
f 903 902 2704
f 1250 1249 1696
f 2142 901 903
f 927 2100 2184
f 737 462 461
f 970 972 2433
f 2584 2705 2293
f 883 884 1400
f 2293 2705 2684
f 910 2083 1804
f 2033 2706 2224
f 2170 2169 1698
f 1027 1912 1482
f 2225 2224 2707
f 1190 418 1513
f 82 2034 1269
f 1633 1634 1189
f 2074 2299 1177
f 1489 1263 2108
f 700 702 1537
f 682 684 1225
f 1907 1566 307
f 1649 338 591
f 1192 2553 1459
f 1786 2226 1787
f 327 546 1242
f 992 1919 504
f 1907 307 1525
f 1968 2175 1969
f 2261 866 868
f 856 2504 852
f 1704 2525 2490
f 452 1418 881
f 643 2532 1771
f 2176 441 1901
f 434 2682 435
f 2708 1628 2709
f 63 2606 1187
f 1612 967 2457
f 2334 2419 2420
f 107 613 615
f 1689 2676 1690
f 436 2379 437
f 2475 1365 2506
f 1576 299 298
f 1007 1009 1838
f 2489 401 1933
f 1183 2710 2704
f 629 130 630
f 2582 2334 695
f 1114 179 178
f 162 484 486
f 1138 286 1192
f 1733 1642 2137
f 1220 1744 1221
f 263 2058 1995
f 1981 1575 2474
f 142 2300 2343
f 18 1757 685
f 2147 2711 754
f 2389 2695 2712
f 2389 2712 2713
f 2389 2713 2659
f 1346 1366 1347
f 1373 2148 2295
f 546 2370 1887
f 543 871 1512
f 367 2260 368
f 2592 2660 2714
f 2592 2714 2715
f 2592 2715 2593
f 2593 2715 2716
f 2593 2716 2696
f 1287 2717 1286
f 1751 1750 1856
f 626 1936 1495
f 2595 2718 2663
f 3 2639 1259
f 2663 2718 2719
f 2663 2719 2664
f 828 1203 2403
f 2664 2719 2720
f 2664 2720 2631
f 359 358 250
f 1971 1224 1841
f 2631 2720 2721
f 2291 232 2551
f 1016 1015 2151
f 2104 1314 769
f 2091 2677 2407
f 1893 1768 550
f 2001 1544 353
f 2631 2721 2722
f 24 532 145
f 2710 1183 2694
f 2491 1985 1994
f 170 559 558
f 414 607 415
f 21 1518 1664
f 1214 154 153
f 2723 1616 2610
f 417 2326 364
f 2118 2116 141
f 109 170 171
f 410 2269 436
f 1287 2070 1546
f 1638 1115 2502
f 2676 837 1690
f 1966 1231 1010
f 282 589 283
f 760 2046 2724
f 2065 2067 2725
f 525 2691 2656
f 1285 523 525
f 2670 2726 2602
f 2602 2726 2673
f 1614 1143 2066
f 177 1629 42
f 1278 2145 2727
f 1110 2184 302
f 104 102 2331
f 8 7 9
f 1438 1958 1761
f 1641 155 1569
f 1938 1114 178
f 496 569 2432
f 843 827 841
f 819 30 1115
f 396 429 398
f 264 1995 122
f 1988 680 679
f 524 93 525
f 1479 1318 47
f 341 343 1899
f 109 172 110
f 2158 2493 2384
f 1656 1655 1156
f 642 194 643
f 1912 2198 2678
f 2113 2032 2114
f 2038 205 1540
f 2130 2129 1725
f 2017 931 1542
f 1479 46 766
f 1562 1239 1145
f 857 852 2574
f 521 426 522
f 1900 1899 373
f 1411 1517 2236
f 2451 2542 366
f 785 784 1813
f 2611 490 493
f 1482 1912 2679
f 2367 1330 1163
f 522 2036 1726
f 845 2238 2285
f 2234 1595 707
f 536 86 1598
f 263 1815 2058
f 1870 2555 663
f 1687 1729 1377
f 2224 2706 2728
f 1004 2085 256
f 995 789 791
f 2224 2728 2707
f 2155 2156 878
f 2506 1364 2185
f 1027 1481 1171
f 2225 2707 2501
f 1226 1167 1227
f 2361 2231 2374
f 2271 1544 2001
f 50 1240 51
f 460 1536 11
f 81 2034 82
f 2203 1520 675
f 455 1889 1888
f 2200 184 1935
f 792 1798 430
f 643 1455 2532
f 2447 2729 2730
f 2447 2730 2653
f 1090 177 1247
f 764 754 317
f 576 1031 451
f 2162 2563 2095
f 2653 2730 2509
f 451 1031 452
f 968 124 2575
f 2509 2731 2454
f 2637 1306 1497
f 6 2342 2491
f 2561 2732 2733
f 2561 2733 2460
f 2162 2161 2563
f 1472 1628 1627
f 1127 1129 1570
f 1513 418 790
f 2624 1352 2051
f 2710 2694 2734
f 2006 1228 68
f 1293 1295 1669
f 2660 2627 2735
f 2660 2735 2714
f 1702 2126 305
f 1790 581 1684
f 2316 1810 2397
f 2594 2696 2736
f 2594 2736 2661
f 2662 2718 2595
f 1890 195 2135
f 2718 2737 2719
f 973 435 665
f 2637 544 1497
f 2719 2737 2720
f 2720 2737 2721
f 823 1774 106
f 564 2292 2052
f 1714 1090 2461
f 2371 494 1597
f 1785 138 723
f 2490 2323 2324
f 276 275 709
f 348 1906 2557
f 286 2362 2553
f 1750 566 999
f 1112 1114 1938
f 463 1029 464
f 1708 2738 1560
f 2721 2739 2740
f 317 755 318
f 783 1970 1976
f 1729 874 1377
f 2021 2023 874
f 1760 2056 1761
f 593 1741 2024
f 1532 2105 1023
f 1674 1673 446
f 1764 624 1765
f 740 1445 741
f 2118 1445 2116
f 1382 1419 1786
f 2355 1435 2027
f 790 1255 791
f 2108 1550 1127
f 2669 2741 2726
f 2669 2726 2670
f 2515 360 701
f 1001 1003 629
f 9 2422 1905
f 587 1384 1386
f 2012 1747 2286
f 2742 916 1166
f 1248 1194 978
f 42 161 2743
f 732 1315 1058
f 81 847 2034
f 1710 545 326
f 682 1224 1358
f 2197 1922 467
f 2698 2744 2675
f 2675 2744 2745
f 2090 139 2272
f 2704 2710 102
f 2675 2745 2699
f 1110 927 2184
f 2734 2358 103
f 277 7 9
f 2746 595 1430
f 1698 150 1329
f 2031 2544 2114
f 207 350 346
f 115 271 116
f 2543 490 2611
f 2221 2689 245
f 2607 105 1913
f 390 1982 1984
f 2047 220 866
f 962 1078 2308
f 836 837 2676
f 1945 1944 2086
f 2208 554 1850
f 2174 643 1480
f 2128 2310 2434
f 2386 489 1665
f 249 426 425
f 336 1013 1125
f 580 1363 2475
f 896 1838 2747
f 111 454 100
f 945 947 1748
f 2555 2748 663
f 1143 1540 62
f 903 2704 2488
f 68 728 69
f 2271 2489 1544
f 1105 1986 1106
f 1233 1672 445
f 1652 1790 2125
f 2711 755 754
f 2232 1388 536
f 1116 2024 2645
f 2336 158 2353
f 2353 158 2127
f 198 200 887
f 512 2420 513
f 1400 1070 550
f 1955 2037 1076
f 2217 2684 2033
f 2033 2684 2749
f 2033 2749 2706
f 2104 768 95
f 2613 2094 2542
f 652 1494 2682
f 650 652 433
f 2750 54 2674
f 2226 1036 1460
f 2382 2578 420
f 1175 76 75
f 2390 2136 2081
f 1920 291 2043
f 863 862 1319
f 452 1032 1418
f 88 2122 361
f 1082 280 1074
f 1374 104 1375
f 1646 61 1187
f 683 938 1332
f 2084 2275 1959
f 307 2082 1387
f 1506 2725 2603
f 1075 1643 1131
f 1753 1154 1041
f 2249 871 1331
f 576 1197 1031
f 101 988 1989
f 2509 2751 2731
f 2511 2043 1046
f 1903 1231 2410
f 1146 136 135
f 2346 569 571
f 2100 2372 303
f 74 2301 56
f 1350 2624 2486
f 369 1548 370
f 1372 2679 2148
f 1329 2020 1740
f 1339 1977 1340
f 591 338 718
f 211 1648 2315
f 2529 1226 2006
f 2261 2455 449
f 775 2597 1419
f 693 692 2543
f 1495 2365 968
f 176 895 177
f 1679 1236 1235
f 756 758 687
f 532 2457 2393
f 2274 1846 2752
f 842 2415 827
f 2714 2753 2715
f 2715 2753 2716
f 2754 350 207
f 1611 223 1612
f 2718 2662 2755
f 2318 812 2756
f 1563 1145 1146
f 3 1258 694
f 347 1006 348
f 877 559 170
f 2370 493 494
f 2365 2496 2671
f 2757 1314 2104
f 1770 500 2129
f 2286 2230 1628
f 1404 1418 295
f 1105 1107 1946
f 445 1674 446
f 2268 364 1444
f 1099 1541 1428
f 2758 2676 2096
f 1459 1868 43
f 122 2465 168
f 680 1173 1865
f 2323 1682 1050
f 1465 1202 2342
f 1962 2174 2186
f 2475 2506 1147
f 1808 691 1710
f 1258 2419 2334
f 2515 361 360
f 1850 2204 2206
f 1722 1859 121
f 435 2759 777
f 2756 814 1100
f 2568 1681 2323
f 2187 870 2188
f 74 2356 2183
f 2726 2760 2673
f 2673 2760 2744
f 2673 2744 2698
f 2011 2632 2613
f 1221 1744 2496
f 2746 1430 1097
f 2745 2761 2699
f 987 314 563
f 2699 2761 2700
f 1673 366 448
f 214 213 2155
f 734 2688 1798
f 2244 2246 2338
f 2025 1279 1281
f 2468 448 450
f 2762 619 2717
f 145 1762 989
f 614 733 469
f 2358 1007 103
f 1583 1755 865
f 1314 229 769
f 603 298 1108
f 116 273 2163
f 1540 703 62
f 1524 1526 807
f 2532 1456 2555
f 363 365 364
f 1056 2763 855
f 2283 2555 1870
f 898 619 621
f 1739 1740 2349
f 2101 1474 2373
f 2099 842 841
f 716 2637 1099
f 2645 2024 1116
f 1903 1902 1231
f 1256 1130 1120
f 170 558 171
f 2101 2064 1474
f 1110 304 1289
f 2646 2724 2764
f 2359 795 375
f 1902 1229 1231
f 1349 498 1770
f 2164 1296 851
f 1432 1573 676
f 1025 455 924
f 1281 810 809
f 280 1020 1073
f 2501 2707 2765
f 1210 277 1735
f 2271 1693 2489
f 1429 567 407
f 640 2213 2429
f 17 2006 67
f 982 739 798
f 1132 1052 1894
f 2444 157 1970
f 1099 1428 1440
f 1399 2284 2167
f 363 2268 1256
f 461 322 2376
f 2597 1036 2556
f 742 1543 638
f 2501 2729 2447
f 143 1113 1112
f 156 989 157
f 2083 2567 2138
f 507 2642 1208
f 1028 963 965
f 1880 1882 2766
f 1940 683 1332
f 2730 2751 2509
f 1206 2540 2666
f 526 1537 527
f 436 2269 2379
f 430 432 1777
f 768 683 682
f 191 190 321
f 2454 2731 2623
f 2623 2731 2767
f 2202 2180 2287
f 450 449 1950
f 2687 41 177
f 2463 2090 2272
f 890 2551 891
f 549 1587 1589
f 225 447 1251
f 246 841 247
f 1410 1165 1169
f 1240 1179 199
f 697 2768 2769
f 919 447 225
f 1364 2482 2395
f 1985 1987 1986
f 2460 2770 2658
f 934 425 13
f 1195 879 979
f 774 1034 2597
f 1159 2567 2083
f 896 2747 2107
f 852 1942 1593
f 1200 608 2771
f 2659 2713 2772
f 2659 2772 2627
f 1255 2513 824
f 2627 2772 2735
f 379 1627 380
f 2735 2772 2753
f 2257 1716 859
f 2735 2753 2714
f 1343 2773 529
f 2716 2753 2696
f 2754 344 350
f 2696 2774 2736
f 2736 2774 2661
f 2661 2774 2775
f 2661 2775 2662
f 2201 1307 1572
f 2662 2775 2755
f 2718 2755 2737
f 1831 2392 833
f 2383 1158 907
f 2721 2737 2776
f 2057 1807 1958
f 1672 2451 1673
f 2171 1459 2139
f 852 787 1942
f 1761 744 2383
f 2117 2235 569
f 2409 1142 2498
f 793 1778 756
f 2601 2075 1686
f 1917 2073 2043
f 342 1373 1902
f 2206 1639 1706
f 739 2118 798
f 668 21 1664
f 949 2165 950
f 1492 2096 397
f 2721 2776 2777
f 2721 2777 2739
f 640 1504 714
f 1167 34 1227
f 2290 2289 2405
f 1247 289 1920
f 2739 2777 2778
f 2739 2778 2741
f 157 989 2175
f 2019 1155 57
f 1423 978 1448
f 1099 1440 311
f 1415 1793 1642
f 435 2682 2759
f 1064 2239 2238
f 1001 629 628
f 1768 1769 550
f 751 465 1619
f 2741 2778 2779
f 2741 2779 2726
f 2312 2278 1929
f 1693 1285 1134
f 1157 1506 165
f 2119 143 1112
f 1652 2125 869
f 897 2107 1630
f 2380 167 1501
f 869 1683 308
f 2762 1758 619
f 1268 118 2411
f 1063 2780 1133
f 2187 869 870
f 803 1376 804
f 1122 166 1344
f 1508 1847 2344
f 1700 2471 1701
f 885 224 294
f 988 987 1564
f 1785 1784 138
f 7 2181 2422
f 453 452 881
f 419 685 1527
f 712 711 2672
f 2761 2781 2700
f 1375 2331 1376
f 1306 1331 542
f 2700 2781 12
f 1002 2327 2545
f 2138 2567 2537
f 2093 284 1069
f 2154 784 347
f 1289 1290 1079
f 930 929 1628
f 1209 1208 1961
f 194 2552 1456
f 386 855 1198
f 239 1934 240
f 2110 501 503
f 2222 487 2223
f 2156 330 878
f 1290 1603 2576
f 1303 2026 813
f 2248 2571 871
f 1775 1925 1774
f 2782 1719 755
f 2532 2555 2283
f 472 1892 1454
f 1824 2257 859
f 1788 1787 2115
f 1730 2021 874
f 1917 2511 1094
f 432 431 996
f 1621 113 112
f 2468 450 2690
f 23 531 24
f 359 250 1442
f 944 1865 2332
f 727 1435 2355
f 663 2748 664
f 2097 1207 57
f 30 1702 1566
f 684 1700 1450
f 2603 1302 1847
f 810 2618 811
f 319 318 2619
f 2485 886 724
f 2640 1393 993
f 2025 1281 2181
f 2749 2728 2706
f 1714 1089 1064
f 332 2390 333
f 1454 1893 552
f 1027 1840 1910
f 2496 1221 1041
f 2042 1218 2435
f 1284 1559 524
f 1043 1152 1277
f 1639 1980 221
f 854 2499 444
f 775 774 2597
f 477 479 1097
f 361 2122 215
f 1311 1980 1639
f 529 1561 1563
f 743 713 714
f 1427 1426 1625
f 277 9 1592
f 2044 706 60
f 1822 624 1764
f 2730 2783 2751
f 791 1255 824
f 2398 2486 2212
f 323 977 324
f 1912 2678 2679
f 1430 594 1097
f 91 2218 1561
f 641 194 642
f 2623 2767 2732
f 2623 2732 2561
f 444 977 323
f 32 1370 1360
f 2460 2733 2770
f 2559 176 2687
f 2578 16 420
f 2122 1592 215
f 1006 1895 1906
f 2250 1345 439
f 366 368 448
f 1775 1774 613
f 2695 2784 2712
f 1958 1807 1761
f 2712 2784 2713
f 363 417 365
f 2713 2785 2772
f 2772 2785 2786
f 2772 2786 2787
f 798 2119 2436
f 2772 2787 2753
f 2753 2787 2788
f 2753 2789 2696
f 2774 2696 2790
f 2407 1286 139
f 2774 2790 2791
f 2774 2791 2792
f 2774 2792 2775
f 2775 2792 2755
f 1130 1444 1131
f 2755 2793 2737
f 2499 2581 975
f 52 1558 53
f 1956 1960 2633
f 2383 744 1158
f 1720 206 778
f 2057 1908 1807
f 1059 1111 1188
f 1587 1557 1588
f 247 2530 245
f 771 378 1927
f 1759 1248 1423
f 2409 1140 1142
f 333 2424 2425
f 1575 1574 603
f 1879 752 638
f 2337 159 158
f 1272 1271 2665
f 2646 2794 2409
f 1227 34 728
f 2096 2676 1689
f 1495 1222 2365
f 1434 2028 2027
f 1012 1466 1858
f 2795 1647 1303
f 1671 863 1759
f 156 145 989
f 590 592 2242
f 2796 146 510
f 1322 1192 201
f 1294 2692 1295
f 2316 408 1351
f 2778 2797 2779
f 2779 2797 2798
f 2270 2691 1873
f 1774 613 106
f 2449 604 2799
f 2610 1146 135
f 1869 671 43
f 761 2646 2647
f 1133 2780 2162
f 1548 556 2702
f 2096 2095 2758
f 1063 1062 2780
f 2580 765 1686
f 2760 2800 2744
f 226 1776 2523
f 2744 2801 2745
f 2230 930 1628
f 2089 1813 1245
f 1222 1221 2365
f 2745 2802 2761
f 1261 1909 2648
f 2761 2802 2781
f 2205 1101 2596
f 2198 466 1974
f 1820 2434 1919
f 2102 1432 1791
f 2313 2328 2314
f 219 1274 220
f 2471 637 2803
f 777 1661 1660
f 2725 2795 2603
f 406 408 2316
f 1161 2804 2805
f 1723 1722 167
f 2550 2806 2771
f 2771 2806 2807
f 2351 2038 1582
f 2227 2157 2158
f 1251 572 1776
f 1086 1786 1087
f 2508 2442 2581
f 2478 1309 1731
f 1329 152 2019
f 1934 403 239
f 1795 2180 1848
f 2135 197 329
f 1396 1697 1294
f 1219 1127 1570
f 1996 1615 1997
f 691 1341 692
f 801 2693 802
f 1338 389 388
f 411 1384 586
f 231 1313 2080
f 549 1589 1500
f 1123 986 12
f 2638 265 267
f 438 2250 439
f 2591 1534 960
f 2364 1803 1628
f 1538 2534 189
f 1755 2077 1756
f 2496 1041 2514
f 181 183 1234
f 2211 2398 2212
f 2416 451 453
f 2687 177 1090
f 510 511 1467
f 2008 867 2577
f 2749 2684 2808
f 2749 2808 2728
f 2108 1515 1550
f 2261 2456 2455
f 2444 1970 849
f 1442 2534 1538
f 1012 1011 1466
f 2679 2198 1406
f 80 20 19
f 1330 13 1164
f 1803 1804 1628
f 2319 2318 1100
f 17 2529 2006
f 443 1132 1894
f 2765 2809 2501
f 525 93 2691
f 2501 2809 2729
f 467 466 2198
f 718 340 719
f 1761 1807 744
f 2004 721 722
f 1000 2047 866
f 1267 887 1655
f 1258 1260 2419
f 2489 1134 401
f 531 1612 2457
f 1031 2580 2120
f 1772 2048 877
f 482 1250 1697
f 1931 1369 431
f 1504 2429 1109
f 842 827 843
f 2710 2734 102
f 1562 1237 1239
f 279 98 1020
f 1597 1317 1316
f 563 2335 1652
f 387 1199 762
f 1992 1916 1094
f 2395 1965 1964
f 2172 2344 2318
f 2748 663 664
f 2789 2790 2696
f 142 860 179
f 544 543 1512
f 2121 1686 71
f 583 2418 632
f 2793 2810 2737
f 2499 2508 2581
f 703 705 62
f 2737 2810 2776
f 2613 1856 2094
f 2811 460 11
f 1801 495 2317
f 1983 1971 1840
f 739 321 740
f 1967 1010 1012
f 132 131 1861
f 1759 863 1248
f 2567 880 882
f 1110 302 304
f 1122 1121 166
f 1620 579 2335
f 970 2433 1679
f 2665 2161 2160
f 1604 2017 248
f 604 2084 1502
f 617 526 84
f 2361 2374 538
f 714 948 1634
f 1804 2138 1628
f 2434 1082 1919
f 2779 2798 2726
f 1635 590 53
f 2726 2798 2760
f 2289 1967 2405
f 2760 2812 2800
f 272 828 273
f 2800 2801 2744
f 828 1264 1203
f 1845 1846 331
f 2206 2596 1639
f 300 2240 1324
f 873 105 2607
f 2745 2801 2802
f 1228 728 68
f 1149 984 986
f 2322 1671 2275
f 2191 2190 2568
f 309 1017 1019
f 811 2209 2303
f 2076 1945 2077
f 1849 2208 1850
f 533 584 632
f 1594 2548 2547
f 2076 2813 1945
f 2640 993 2267
f 307 1387 1526
f 1202 1938 2342
f 1202 1112 1938
f 2619 2813 2076
f 2483 1996 1833
f 778 2813 2619
f 2088 2475 1829
f 166 2344 2172
f 948 950 416
f 2681 2115 1741
f 1940 938 683
f 1562 2218 1237
f 319 2619 2601
f 373 2410 2289
f 158 160 2127
f 2127 160 2494
f 2644 88 361
f 2463 2272 138
f 2617 1523 2157
f 2683 2494 2400
f 2683 2400 2584
f 1172 1482 1372
f 306 894 2082
f 2495 917 224
f 1719 2151 1720
f 608 967 2549
f 222 221 223
f 142 2343 858
f 2192 1328 1323
f 1886 690 1877
f 2451 366 1673
f 1531 1177 1179
f 639 753 2213
f 548 1587 549
f 2590 1390 381
f 2143 2386 1160
f 2210 2398 2211
f 1998 2402 2408
f 953 1233 918
f 334 437 2081
f 2571 965 871
f 2304 2463 138
f 696 514 2359
f 949 1109 2165
f 1045 650 862
f 2011 2613 1878
f 1514 751 314
f 703 1904 2111
f 1078 1079 1252
f 494 81 1597
f 2610 135 2814
f 2398 1809 2486
f 908 907 909
f 1820 2128 2434
f 2456 2348 2643
f 820 8 1210
f 2658 2770 2815
f 2658 2815 2695
f 2695 2815 2816
f 2695 2816 2784
f 2784 2816 2817
f 2784 2817 2713
f 1882 288 287
f 2713 2817 2785
f 306 893 894
f 525 2656 401
f 2753 2788 2818
f 2753 2818 2789
f 2789 2818 2819
f 2789 2819 2820
f 2789 2820 2790
f 2486 2051 1924
f 2791 2821 2792
f 2792 2821 2822
f 1051 198 1266
f 2792 2822 2755
f 2755 2822 2823
f 2755 2823 2793
f 458 1867 459
f 334 244 437
f 2793 2823 2810
f 1494 679 2759
f 2776 2810 2824
f 774 749 1034
f 572 274 276
f 1560 2738 1014
f 2229 571 1215
f 2776 2824 2825
f 360 362 702
f 2776 2825 2826
f 2428 811 2017
f 1947 507 1208
f 1260 1663 890
f 979 2773 1343
f 1245 956 1246
f 1845 1846 2274
f 1454 552 1618
f 1432 1431 1573
f 140 2078 2014
f 2766 2354 914
f 2113 838 2314
f 1449 43 45
f 2796 674 146
f 621 1439 906
f 2563 836 2676
f 1009 1008 22
f 2324 1050 1367
f 337 336 2016
f 1385 1747 2012
f 1175 1947 76
f 1899 2410 373
f 1691 1690 2069
f 1421 1638 2337
f 2797 2827 2828
f 2797 2828 2798
f 98 2187 1469
f 1273 2829 1274
f 750 463 751
f 236 1522 237
f 899 621 1458
f 2798 2828 2760
f 2682 1494 2759
f 2360 2114 515
f 2648 1909 1191
f 437 2830 2763
f 2801 2800 2831
f 714 1504 1503
f 593 1280 595
f 2008 2577 2348
f 677 1731 393
f 1727 1708 148
f 508 392 509
f 1886 1877 1232
f 42 2743 290
f 1059 1315 1110
f 822 2235 1853
f 822 1956 2235
f 1243 38 37
f 439 554 2208
f 840 1402 1135
f 1274 1607 1606
f 1444 1075 1131
f 1250 1696 1697
f 1473 2832 2833
f 1659 1745 1747
f 1592 1905 216
f 85 1337 1270
f 1316 1479 1577
f 1015 207 206
f 1254 1253 2074
f 2410 1231 1966
f 1263 475 1516
f 2525 2568 2323
f 2181 1281 809
f 714 1503 948
f 2773 1561 529
f 2239 2073 2412
f 2704 102 2417
f 1521 1448 1522
f 694 2582 695
f 1558 1635 53
f 797 799 1092
f 1976 785 1813
f 1515 1263 1516
f 1192 2171 1193
f 720 2236 2273
f 2285 1916 1992
f 2585 1488 971
f 1765 1064 2238
f 1850 2206 2357
f 1100 814 182
f 1007 1705 2834
f 1483 2373 600
f 1507 2603 1847
f 2794 1141 2409
f 1589 26 2153
f 2235 2633 2044
f 1293 1669 1153
f 2417 102 104
f 821 822 826
f 386 1199 387
f 1859 1995 121
f 1080 1079 1078
f 1974 1973 2258
f 2200 831 184
f 857 850 852
f 290 2743 161
f 554 1101 2204
f 731 1448 1521
f 1346 1792 1366
f 2542 2094 367
f 734 969 2688
f 1480 1772 877
f 2730 2751 2783
f 2024 1741 594
f 2289 1966 1967
f 501 838 840
f 790 363 1256
f 44 673 1304
f 1313 1734 2693
f 371 370 2504
f 2020 2019 57
f 1706 1610 1923
f 1632 656 2252
f 430 1931 431
f 1776 573 709
f 2215 737 461
f 2002 802 2003
f 1042 1152 1043
f 408 669 2484
f 1023 2835 2564
f 1176 75 77
f 2530 841 271
f 195 1703 196
f 2018 1542 1543
f 1128 476 1129
f 1707 1706 1923
f 1588 1557 1291
f 429 1053 397
f 2836 2837 2738
f 2319 1100 2600
f 2362 2265 1868
f 1876 260 1296
f 176 1685 895
f 2820 2791 2790
f 996 31 757
f 2759 681 777
f 1013 1173 680
f 1933 401 1934
f 1666 1725 1667
f 2688 1799 1798
f 2776 2824 2825
f 2836 2738 1708
f 84 527 85
f 2227 2158 2384
f 2776 2825 2824
f 2630 2212 1631
f 283 748 747
f 26 539 901
f 1765 664 1064
f 1363 1048 2482
f 2155 878 1607
f 1441 2288 2290
f 1325 1045 862
f 1624 1779 20
f 773 2049 774
f 1925 2051 2838
f 2597 1034 1036
f 542 1331 543
f 802 2693 2179
f 221 2474 222
f 571 60 2350
f 1972 775 1382
f 1288 2510 1546
f 1889 310 1890
f 1050 1051 1266
f 1569 1568 2310
f 286 285 2362
f 2212 823 1631
f 56 2301 57
f 1774 1925 613
f 1225 684 1450
f 1793 1641 1642
f 110 172 454
f 335 337 1493
f 2834 1705 1008
f 351 2839 1781
f 1029 1891 464
f 441 1005 785
f 523 1284 524
f 2760 2828 2812
f 1007 2834 1008
f 909 1159 2083
f 650 973 862
f 1039 357 1803
f 1972 1135 2214
f 2801 2831 2840
f 2801 2840 2802
f 639 2213 640
f 2802 2840 2841
f 2802 2841 2781
f 1519 1176 821
f 614 1863 733
f 2781 2841 12
f 2491 1938 1985
f 2216 461 2376
f 588 1621 112
f 1939 180 1432
f 957 348 2557
f 1726 714 1633
f 1282 335 1493
f 32 1359 33
f 2591 960 962
f 2412 2073 1917
f 21 2652 1518
f 794 1999 1334
f 2601 2076 2075
f 2603 1303 1302
f 172 171 750
f 746 2416 1067
f 885 261 224
f 1448 978 980
f 830 2109 1753
f 1658 2115 2681
f 1015 2754 207
f 2129 500 1301
f 705 1349 1348
f 2116 2300 142
f 381 1390 382
f 1337 2378 739
f 1715 1593 1595
f 256 1471 257
f 1262 2485 726
f 165 1506 1508
f 2039 54 2750
f 753 1243 2213
f 583 1567 2418
f 2494 160 2400
f 132 1622 1621
f 2584 2400 1139
f 390 1984 1027
f 2584 1139 2705
f 1300 458 2811
f 473 472 984
f 2684 201 2808
f 1418 2103 295
f 2415 2842 385
f 738 737 2215
f 1338 1340 389
f 901 539 1183
f 1730 2387 2021
f 132 1861 1711
f 1265 387 763
f 2044 2633 706
f 1845 331 1846
f 1099 311 1586
f 675 147 146
f 239 1151 240
f 1328 598 227
f 1894 1895 1006
f 1271 2588 2228
f 1988 1126 680
f 222 2474 603
f 1426 1637 1625
f 2510 1287 1546
f 2500 2585 970
f 1237 1662 1238
f 501 840 1135
f 1925 2838 614
f 769 938 1940
f 1624 1623 1780
f 1714 1376 1090
f 2688 2575 1799
f 2240 1045 1324
f 2611 493 2370
f 712 2672 339
f 1829 2475 1147
f 813 2026 1692
f 328 2135 329
f 2612 1085 1658
f 102 2734 103
f 1735 277 88
f 2212 1775 823
f 446 2468 2690
f 1215 101 154
f 1905 2428 1604
f 224 919 225
f 1005 443 1894
f 830 1752 1221
f 2723 1616 1615
f 2331 1685 176
f 2807 1272 1062
f 1544 1933 659
f 1062 1272 2665
f 403 388 1150
f 1545 1547 928
f 2246 2210 2630
f 2770 2843 2815
f 2815 2843 2816
f 2817 2844 2785
f 757 31 33
f 2785 2844 2786
f 1231 1230 1011
f 2439 2170 2141
f 402 2657 403
f 626 1495 627
f 546 2543 2370
f 401 2270 402
f 777 681 1661
f 2819 2845 2820
f 2820 2845 2791
f 2791 2845 2846
f 1266 198 887
f 1037 421 1362
f 1626 712 1635
f 2791 2847 2821
f 2821 2847 2848
f 2821 2848 2822
f 2822 2848 2823
f 2759 679 681
f 961 1079 1080
f 2823 2849 2810
f 2615 1285 1692
f 1494 1988 679
f 2810 2849 2825
f 2810 2825 2824
f 1494 2016 1988
f 1568 1989 2310
f 732 926 1315
f 1203 1204 1768
f 2163 1768 1892
f 1537 1442 1538
f 1187 2606 2129
f 2207 578 499
f 664 1714 1089
f 1349 1770 2606
f 2359 375 377
f 621 620 1439
f 2150 1791 676
f 417 364 365
f 601 2850 2851
f 1526 1389 2231
f 1096 49 51
f 894 617 1388
f 2395 2307 2309
f 548 726 1556
f 333 2081 2424
f 1235 715 1408
f 1936 1743 1220
f 1493 337 2016
f 1074 1073 1312
f 1375 104 2331
f 177 897 1629
f 2077 2086 1529
f 372 1900 373
f 672 1028 2571
f 2806 1272 2807
f 759 761 2654
f 2828 2852 2812
f 2326 1444 364
f 554 2600 1101
f 2328 2113 2314
f 2800 2812 2853
f 53 1104 54
f 1572 1309 2478
f 2260 866 2261
f 1216 2313 1217
f 2502 1907 1524
f 1535 2123 1718
f 674 2203 675
f 2840 2831 2854
f 1306 1331 542
f 2840 2854 2841
f 1596 2371 1597
f 1874 1875 2164
f 1793 2229 153
f 2374 536 538
f 194 27 2552
f 933 932 752
f 2039 2750 2855
f 1874 2164 851
f 980 1343 1522
f 1013 1026 1171
f 750 171 463
f 811 2618 2209
f 99 571 111
f 2 2639 3
f 725 1356 2250
f 201 1193 202
f 2249 2248 871
f 2555 1374 2748
f 536 616 86
f 971 1306 972
f 1905 2423 2428
f 1445 413 1789
f 857 817 762
f 2276 1884 2529
f 603 1574 298
f 1351 669 2200
f 2082 894 1388
f 1186 2397 2245
f 1009 22 1838
f 1178 420 419
f 2404 354 1575
f 2380 1477 2614
f 721 455 722
f 1307 1535 1308
f 1175 75 1176
f 1647 1187 1724
f 1424 1732 1102
f 1384 2014 1659
f 1995 2058 1425
f 1116 1420 2645
f 100 1514 987
f 2645 1420 2336
f 2315 1648 406
f 894 526 617
f 894 700 526
f 397 2096 398
f 980 979 1343
f 1779 1518 2652
f 1139 1322 2705
f 2105 2856 1023
f 2705 1322 2684
f 1869 805 671
f 965 1600 1088
f 389 1340 390
f 57 2440 2636
f 553 2319 554
f 2591 962 2307
f 2268 2330 1256
f 595 594 1430
f 1449 2585 2500
f 200 2347 2539
f 929 1039 2364
f 1125 1013 680
f 602 604 2449
f 538 1800 805
f 408 2484 1351
f 1150 388 127
f 1027 1910 1912
f 21 20 2652
f 2318 2756 1100
f 1443 2278 1076
f 2 2638 2639
f 1351 2200 1935
f 1029 845 1891
f 1445 414 413
f 763 762 817
f 1543 1879 638
f 1670 1845 2236
f 875 2068 1943
f 2037 2351 1581
f 1362 133 1037
f 2096 1689 1691
f 2446 1527 2347
f 488 1552 489
f 209 211 1737
f 2446 419 1527
f 1297 2147 764
f 6 2491 1994
f 2767 1736 2732
f 2585 971 970
f 830 829 2109
f 1659 2014 1745
f 487 1571 488
f 1587 1556 1557
f 128 388 129
f 569 2346 2229
f 89 88 2644
f 2341 2497 1157
f 1767 2322 2084
f 106 613 107
f 2261 868 2456
f 673 2249 1304
f 1428 1541 2680
f 2654 2655 736
f 2219 2221 2507
f 2269 557 2379
f 7 1279 2181
f 403 2657 388
f 2844 518 2786
f 2550 1180 2806
f 2786 518 520
f 2786 520 2787
f 173 175 481
f 2787 520 2788
f 2788 520 2819
f 402 2270 2657
f 2838 1863 614
f 2788 2819 2818
f 401 2656 2270
f 1152 2223 1277
f 1050 2857 1367
f 580 2475 2088
f 2113 2327 1002
f 2791 2846 2858
f 1089 2461 1090
f 2791 2858 2847
f 2540 1528 2440
f 1306 2637 716
f 325 327 1816
f 1135 1402 1403
f 2849 2859 2825
f 101 100 988
f 1729 2558 1730
f 243 1742 410
f 1135 1403 2214
f 509 192 2642
f 793 756 2000
f 449 2455 1950
f 1230 510 1467
f 1892 1768 1893
f 872 1600 105
f 623 664 1765
f 2825 2859 2860
f 2825 2860 2861
f 1884 1379 2529
f 2456 1979 1978
f 2075 1755 1583
f 502 1135 1972
f 2861 2860 2862
f 2861 2862 2827
f 2811 458 460
f 540 1850 2357
f 2679 2863 2148
f 1205 1630 904
f 803 1374 1376
f 2827 2862 2828
f 2828 2862 2852
f 196 2445 197
f 1573 2478 1731
f 2344 1847 2318
f 2811 11 10
f 1670 422 1417
f 790 1256 1255
f 1619 1620 315
f 2287 1383 1085
f 2812 2852 2864
f 1008 23 22
f 437 2763 1056
f 2812 2864 2853
f 1797 1186 2245
f 1506 2065 2725
f 2800 2853 2831
f 2771 2807 1062
f 807 2231 808
f 1616 1212 1211
f 188 1578 2312
f 1143 2524 1646
f 2863 1407 2294
f 377 376 1509
f 745 1102 2416
f 608 2550 2771
f 1773 1818 588
f 2386 1932 2178
f 840 2360 1402
f 2622 2558 1729
f 793 2007 1778
f 704 2111 2207
f 2679 1406 2863
f 77 76 1209
f 1160 2386 582
f 758 33 243
f 390 1026 1013
f 1522 2626 237
f 2486 2624 2051
f 806 1028 672
f 1569 2310 2128
f 721 2865 456
f 1308 1535 1118
f 2842 386 385
f 2174 1480 2186
f 312 1993 313
f 831 351 669
f 2479 1596 39
f 277 216 1592
f 2717 619 1287
f 1170 1169 414
f 1741 819 2024
f 1209 1960 1956
f 2402 2717 1287
f 1241 1240 198
f 2866 2425 2842
f 890 892 2146
f 2252 1815 263
f 1169 2648 605
f 690 689 2011
f 507 509 2642
f 1435 1434 2027
f 1832 238 2483
f 2294 2796 510
f 355 357 1039
f 851 259 787
f 2596 1311 1639
f 2684 1322 2867
f 2684 2867 201
f 2756 812 814
f 2310 1989 562
f 201 203 2808
f 2808 203 2728
f 1984 1983 1840
f 2384 1831 832
f 1101 1311 2596
f 2707 1678 2765
f 108 615 2431
f 407 568 19
f 1865 1372 2332
f 2238 1916 2285
f 386 1198 1199
f 1608 2170 2439
f 2838 2535 1863
f 2633 2186 58
f 2809 1408 2729
f 2729 1408 1409
f 277 9 216
f 8 9 277
f 755 1720 778
f 2119 141 143
f 1116 1115 1420
f 1518 1174 1176
f 2523 1776 709
f 926 161 163
f 2341 1643 2065
f 2730 2448 2751
f 1943 2068 1605
f 1026 1027 1171
f 859 2123 1307
f 711 1293 2672
f 2751 2448 2731
f 2050 747 749
f 671 806 672
f 1373 2295 1902
f 2731 209 1736
f 2731 1736 2767
f 27 26 2142
f 1185 2397 1186
f 1778 757 756
f 2162 2095 1492
f 1718 1717 1262
f 160 1069 2400
f 2732 1797 2733
f 2780 2665 2160
f 1547 2070 1038
f 1794 2435 1795
f 1772 1771 622
f 144 145 156
f 1584 2291 2551
f 2799 604 1180
f 2549 2449 1180
f 229 228 936
f 2365 2671 2366
f 1165 1261 2648
f 553 2172 2319
f 520 2868 2819
f 2819 2868 2869
f 85 2377 1337
f 2819 2869 1723
f 2819 1723 2845
f 2297 2220 2219
f 2297 720 2220
f 1161 582 584
f 2848 2847 2870
f 2848 2870 2823
f 232 231 800
f 1181 2588 1182
f 1645 2126 1702
f 788 292 1942
f 2644 2515 305
f 2070 1457 355
f 508 393 392
f 287 35 34
f 867 1608 2439
f 333 2425 2866
f 2871 2215 2872
f 986 985 12
f 166 2172 1345
f 1133 2162 1492
f 1541 2325 2266
f 1876 2284 1117
f 893 701 700
f 895 897 177
f 969 968 2575
f 294 2523 2548
f 2548 2523 708
f 1168 190 1410
f 500 499 913
f 1283 2192 2587
f 671 673 44
f 2311 278 1082
f 2862 2873 2874
f 2862 2874 2852
f 862 665 1319
f 552 551 709
f 274 2690 275
f 1485 1133 1132
f 136 1441 137
f 2228 2617 2157
f 1637 481 711
f 1037 1657 1035
f 860 2201 179
f 922 324 1866
f 2864 2852 2875
f 2864 2875 2853
f 2853 2875 2703
f 1171 1481 1172
f 92 91 1561
f 2853 2703 2831
f 2831 2703 2876
f 165 1508 166
f 157 1968 1970
f 2831 2876 2854
f 1525 307 1526
f 71 2075 1583
f 2841 2854 10
f 858 1824 142
f 1078 1252 1254
f 57 1628 2708
f 2872 2215 2216
f 2294 1407 2796
f 2165 2312 1929
f 1601 303 1855
f 2806 1182 1272
f 1779 1174 1518
f 1281 1533 2618
f 1241 198 1051
f 2552 27 2487
f 1185 2316 2397
f 608 2549 2550
f 1104 590 2242
f 1859 264 1995
f 27 2142 903
f 972 1306 716
f 2114 2544 515
f 2863 1406 1407
f 752 639 638
f 1407 674 2796
f 2265 2361 538
f 1050 1266 2857
f 2513 1257 2237
f 1557 440 1849
f 1594 294 2548
f 2186 58 59
f 222 223 967
f 1872 2612 1658
f 2040 1752 1753
f 2325 670 78
f 2398 1810 1809
f 134 1872 1658
f 2639 267 1259
f 836 2227 2384
f 2443 2531 115
f 1741 2115 819
f 1062 2665 2780
f 2036 742 743
f 697 584 533
f 25 27 194
f 1912 2505 2198
f 1520 2877 2836
f 1656 1156 1155
f 1646 1647 2795
f 864 865 12
f 1868 805 1869
f 1112 143 1113
f 1338 389 390
f 1213 1760 1438
f 1523 238 2493
f 2728 203 2306
f 1061 1063 1485
f 2728 2306 1678
f 2728 1678 2707
f 2332 1372 342
f 1187 2130 1725
f 1678 1679 2765
f 2656 2270 2657
f 2746 1097 1808
f 964 1092 1599
f 2066 1143 1646
f 1753 1127 1152
f 18 17 1757
f 1679 1235 2765
f 1205 905 161
f 1527 1528 2540
f 2765 1235 2809
f 1115 30 1565
f 511 146 1709
f 1748 588 282
f 567 80 568
f 1690 837 2878
f 289 40 290
f 2067 1646 2795
f 1778 996 757
f 2729 1409 2730
f 2730 1409 1675
f 1897 1148 1843
f 2730 1675 2448
f 187 188 2312
f 2393 2457 2437
f 2448 209 2731
f 378 380 57
f 1658 1085 1788
f 1680 1900 372
f 1736 1738 2732
f 2537 1405 1628
f 1190 416 418
f 2732 1738 1797
f 2440 1084 2636
f 500 913 596
f 2733 1797 2244
f 1847 1302 813
f 2733 2244 2770
f 2183 2029 57
f 2473 2443 1896
f 1278 2386 2143
f 2879 105 873
f 520 518 2868
f 2177 2406 1732
f 483 1396 1293
f 2037 2038 2351
f 442 1132 443
f 2845 1723 2846
f 1161 584 2880
f 1148 1149 1124
f 251 252 241
f 1676 1098 210
f 2455 1978 1950
f 592 591 2241
f 2032 2031 2114
f 665 666 879
f 2823 2870 2881
f 2823 2881 2849
f 2849 2881 2882
f 2849 2882 2859
f 681 680 944
f 1688 379 378
f 1709 1708 148
f 2574 1593 818
f 2358 2357 1705
f 1287 619 898
f 1497 544 2637
f 281 283 747
f 2356 2027 2183
f 2857 1266 1367
f 2839 1654 1781
f 1342 678 507
f 482 1697 1396
f 2133 964 963
f 266 1820 992
f 705 1348 63
f 2014 1545 1745
f 2537 882 1405
f 778 206 779
f 976 2442 2443
f 1955 766 2037
f 2051 2535 2838
f 1420 1421 2337
f 6 1994 911
f 1401 1595 2234
f 617 84 618
f 1624 1780 1779
f 1324 1325 861
f 2852 2872 2875
f 335 129 336
f 1092 799 1202
f 1957 1359 2562
f 2308 1394 1393
f 1554 2638 2
f 632 696 2359
f 1669 1670 1517
f 103 1838 941
f 223 603 967
f 1229 2295 1230
f 2841 10 12
f 1923 1610 1612
f 1400 1401 1070
f 1939 1432 2102
f 2539 1527 2540
f 705 2207 1349
f 247 841 2530
f 1679 2433 1236
f 2377 2345 320
f 727 36 1435
f 1530 2074 1177
f 2202 2287 2612
f 320 2526 2378
f 2030 2113 1002
f 1985 2102 1986
f 1367 1266 1267
f 1985 1939 2102
f 1298 764 765
f 968 2365 124
f 63 1349 2606
f 902 1183 2704
f 605 1191 606
f 2080 2693 801
f 2711 1473 2782
f 71 1686 2075
f 2406 1967 2883
f 2479 1887 2371
f 736 2655 737
f 1019 2189 2191
f 496 2117 569
f 2024 28 1116
f 1120 164 1121
f 971 1488 1306
f 1559 94 93
f 1840 1911 1910
f 1504 949 948
f 2445 2324 301
f 94 2104 95
f 1533 1808 2618
f 908 909 356
f 249 2018 426
f 2766 1882 2354
f 103 1007 1838
f 989 991 1478
f 828 2403 2163
f 1559 2104 94
f 1340 1971 1983
f 1782 1590 1591
f 537 1598 1335
f 1578 1577 1955
f 117 116 472
f 80 1624 20
f 396 2421 2458
f 1019 2191 2884
f 1257 1122 2237
f 1158 1067 1068
f 2809 1235 1408
f 752 1816 1817
f 760 2646 761
f 585 723 586
f 1597 2470 83
f 2380 1137 1477
f 1285 525 1134
f 824 2513 825
f 2349 1740 57
f 1535 1718 1262
f 2246 2630 2338
f 2402 2762 2717
f 11 1536 12
f 2390 424 2136
f 421 114 133
f 1671 861 863
f 1239 1238 136
f 2289 2410 1966
f 548 1556 1587
f 422 424 332
f 1309 1118 1119
f 379 1472 1627
f 773 281 2049
f 2221 245 2442
f 593 1279 2025
f 1827 144 157
f 701 360 702
f 251 299 1576
f 1039 1803 2364
f 1818 132 1621
f 444 2499 975
f 2585 45 1488
f 2391 2081 333
f 262 264 1859
f 1737 2315 1185
f 1124 1149 986
f 2229 1215 1214
f 518 520 2868
f 1317 83 2010
f 1298 765 2580
f 1201 2771 1062
f 2580 1686 2120
f 1723 167 2846
f 2092 921 579
f 1684 2088 1829
f 2858 2846 2380
f 2858 2380 2847
f 1284 2233 1559
f 1256 1120 1257
f 2870 2039 2881
f 2829 214 2155
f 2300 1789 1824
f 1294 686 2692
f 1311 2404 1981
f 2106 995 1728
f 2829 2155 1274
f 1485 1063 1133
f 1808 1710 2209
f 1086 1383 1786
f 2435 503 1795
f 1374 803 663
f 2657 2270 388
f 475 2229 1414
f 2274 2099 2098
f 1366 1267 1656
f 1584 230 2291
f 2048 622 559
f 1990 1884 2276
f 2336 2337 158
f 90 2041 91
f 194 1455 643
f 977 1354 324
f 1012 1858 1857
f 1622 1711 113
f 2129 1328 2192
f 206 208 779
f 509 193 192
f 681 341 1661
f 2704 2417 1374
f 2873 2885 2871
f 2873 2871 2874
f 1047 2591 2482
f 1426 2385 481
f 2852 2871 2872
f 820 1210 87
f 299 251 241
f 763 816 883
f 1552 1554 2
f 25 2153 26
f 2228 731 2617
f 1380 1767 2084
f 222 603 223
f 1119 547 393
f 1935 184 1936
f 2491 2492 1994
f 1995 1425 1427
f 2876 1300 2854
f 967 603 2449
f 844 2238 845
f 284 2231 285
f 925 471 470
f 1005 1894 1006
f 2109 2108 1753
f 712 1649 590
f 851 787 852
f 1648 313 406
f 1911 1842 1921
f 749 748 1037
f 1409 715 717
f 2283 623 622
f 715 1236 1898
f 427 522 14
f 2233 1314 1559
f 2031 2030 1002
f 1946 1107 1947
f 1335 2133 1336
f 1117 1510 952
f 2488 2704 1374
f 8 2422 9
f 1245 2154 956
f 42 1205 161
f 2290 2406 2177
f 2576 2546 2578
f 786 925 1327
f 2207 561 578
f 737 853 462
f 2216 1835 1299
f 1428 2266 567
f 74 2355 2356
f 445 1672 1674
f 1461 2681 1741
f 60 170 109
f 1180 1182 2806
f 2449 2799 1180
f 2148 2863 2294
f 2031 945 1030
f 1391 1054 1004
f 258 772 771
f 47 204 48
f 2693 1734 2179
f 1668 1283 1285
f 1781 2317 186
f 717 1676 1675
f 2694 2358 2734
f 2691 95 1873
f 2095 2676 2758
f 2867 1322 201
f 273 828 2163
f 2533 2367 189
f 2517 656 1632
f 351 1654 2839
f 1594 2547 1595
f 1559 2757 2104
f 2711 2782 755
f 182 2271 2001
f 2691 93 95
f 2676 837 832
f 656 1631 1632
f 1675 2448 2886
f 486 2064 2101
f 527 2345 2377
f 1791 1432 676
f 770 769 1940
f 824 886 724
f 1058 1315 1059
f 1194 879 1195
f 2125 1683 869
f 587 586 1384
f 1414 2229 1793
f 717 1098 1676
f 993 1395 50
f 694 1258 2582
f 448 368 449
f 2887 2888 2708
f 27 903 2487
f 2300 1445 1789
f 1212 2650 1213
f 2780 2160 2162
f 167 123 1501
f 1559 1314 2757
f 696 695 514
f 355 1039 1038
f 795 513 796
f 808 2231 284
f 2742 914 916
f 2312 1955 2278
f 823 1775 1774
f 1573 1731 677
f 2380 1501 1137
f 1556 438 440
f 1098 1099 1586
f 1318 2010 47
f 1274 2155 1607
f 591 718 2241
f 1102 574 576
f 1838 1837 2747
f 2770 2244 2338
f 2770 2338 2843
f 2843 2338 2816
f 2816 2338 2339
f 2816 2339 2517
f 2816 2517 2817
f 2163 2403 1768
f 2817 2517 2516
f 2817 2516 2844
f 2844 2516 518
f 2868 520 1721
f 2868 1721 2869
f 1592 216 215
f 2869 1721 1723
f 2846 167 2381
f 1243 39 38
f 203 202 2306
f 2846 2381 2380
f 2847 2380 2614
f 2847 2614 1462
f 2847 1462 2870
f 2870 1462 2039
f 375 795 376
f 1477 52 54
f 2209 1710 326
f 767 48 2038
f 220 1274 867
f 1920 289 291
f 2459 2590 381
f 289 1247 40
f 1533 2746 1808
f 310 457 2889
f 820 7 8
f 873 105 2879
f 2151 1015 206
f 1192 286 2553
f 1670 1417 1845
f 2526 321 739
f 290 161 732
f 2813 780 1945
f 1210 89 2126
f 1533 595 2746
f 2723 2610 1616
f 768 770 683
f 216 359 217
f 260 917 261
f 1044 2132 1579
f 1028 815 963
f 2408 2402 1287
f 1406 2198 1974
f 15 1726 1261
f 2126 2644 305
f 805 1335 815
f 455 1888 1889
f 833 2392 2090
f 2513 2237 1122
f 433 652 434
f 324 1353 1867
f 2874 2871 2852
f 1800 1335 805
f 668 1664 669
f 1891 2285 1992
f 170 877 109
f 1008 1707 1923
f 100 454 1514
f 2603 2795 1303
f 2875 2872 2703
f 168 1626 1136
f 2703 1300 2876
f 2377 320 2378
f 1416 332 331
f 1300 2811 2854
f 2854 2811 10
f 995 791 1728
f 2511 1046 1048
f 446 274 572
f 1184 1186 1797
f 60 109 111
f 37 39 2009
f 664 804 1714
f 196 1704 2445
f 1762 2437 990
f 1930 1844 1854
f 1690 1783 2069
f 1035 1657 1461
f 1152 1219 2222
f 1571 1129 1554
f 1890 2199 195
f 2051 625 2535
f 807 1526 2231
f 751 1619 315
f 571 99 1215
f 33 1742 243
f 2717 1287 1286
f 1658 1788 2115
f 1180 604 1502
f 2022 2459 381
f 420 16 18
f 530 529 2890
f 1731 1119 393
f 2203 2258 1520
f 1713 1871 114
f 2311 562 278
f 819 28 2024
f 1182 2588 1271
f 593 1280 1279
f 733 1863 734
f 47 2279 204
f 202 2500 2306
f 109 170 172
f 95 768 1339
f 245 2531 2443
f 1884 2742 1885
f 624 623 1765
f 193 1500 25
f 533 633 534
f 2431 1326 1699
f 2111 561 2207
f 226 1251 1776
f 1979 2643 57
f 1076 1581 1075
f 2327 2113 2328
f 496 2432 475
f 2338 2630 1631
f 529 1563 2890
f 2531 271 115
f 584 583 632
f 2534 2533 189
f 488 1553 1552
f 294 226 2523
f 2068 1103 256
f 2325 78 2266
f 680 1865 944
f 2880 584 697
f 383 382 1103
f 2321 1658 1657
f 205 1904 703
f 2094 1000 2260
f 99 111 100
f 1304 1331 1305
f 2465 1625 1626
f 1376 2559 2687
f 2008 2348 2456
f 2022 381 2023
f 2236 1845 2273
f 1793 153 1641
f 4 911 1914
f 318 778 2619
f 1675 2886 2448
f 1929 2278 1443
f 1091 964 797
f 1328 227 1323
f 2473 1896 1354
f 1326 615 786
f 811 2303 931
f 1215 99 101
f 991 1201 2329
f 657 106 108
f 2268 1444 1130
f 2690 1951 275
f 2315 406 2316
f 1878 2613 2451
f 149 2140 150
f 3 1259 1258
f 1354 1843 1355
f 2676 832 837
f 1984 1840 1027
f 1434 1926 2028
f 724 825 1356
f 1178 419 2446
f 2070 355 1038
f 2535 1368 1863
f 632 2359 633
f 520 1859 1721
f 1663 1584 2551
f 1663 2551 890
f 1283 2587 1284
f 1704 2490 2445
f 2039 2855 2881
f 557 1548 2379
f 1477 54 1463
f 2881 2855 2882
f 2882 2855 759
f 2395 2309 1965
f 1844 1123 1854
f 2517 2651 262
f 2354 1882 287
f 2588 729 731
f 2093 1524 807
f 2516 262 518
f 2459 2589 2590
f 2748 1374 663
f 2214 1403 1972
f 2266 80 567
f 1607 878 64
f 673 672 2249
f 1847 812 2318
f 2505 2197 2198
f 1165 2648 1169
f 2882 736 2891
f 107 615 2431
f 1255 1257 2513
f 1075 1581 1076
f 1787 2226 1460
f 1181 729 2588
f 2687 176 41
f 1047 1534 2591
f 2382 420 2299
f 151 1155 2019
f 1512 2325 1541
f 2408 1287 1286
f 5 2342 6
f 1700 235 634
f 1655 889 1766
f 1208 192 641
f 946 630 947
f 2885 738 2215
f 2885 2215 2871
f 1209 1961 1960
f 1115 1565 2502
f 979 1561 2773
f 730 1423 731
f 267 1584 1259
f 1295 2692 422
f 437 2379 2830
f 2186 1480 58
f 2725 2067 2795
f 2872 2216 2703
f 2457 967 608
f 1325 862 861
f 889 888 2097
f 2703 1299 1300
f 1797 2245 2244
f 1249 1334 1696
f 440 2208 1849
f 977 976 2473
f 2327 1216 2545
f 2545 1216 2042
f 2429 2213 37
f 2137 1650 1554
f 2042 2435 1794
f 2028 1927 2029
f 1520 2836 1727
f 1665 2 1
f 2581 2442 976
f 2151 206 1720
f 2212 2486 1775
f 2133 1270 981
f 2169 66 1698
f 97 869 2187
f 2222 1219 487
f 1848 2180 2202
f 2540 2440 2666
f 1876 1117 260
f 1052 1492 1053
f 1340 1982 390
f 388 390 129
f 1854 1123 12
f 1368 625 627
f 2258 2877 1520
f 1275 2155 1274
f 1891 1094 1093
f 1885 2742 1166
f 2085 587 1471
f 1885 1166 1379
f 1483 600 599
f 1780 1175 1174
f 1921 2197 2505
f 1956 2633 2235
f 1727 2836 1708
f 925 470 174
f 2329 1062 1061
f 550 1071 551
f 1455 1456 2532
f 30 1645 1702
f 2112 55 1084
f 1201 1062 2329
f 1681 2267 1096
f 778 780 2813
f 1200 2771 1201
f 1528 1782 2440
f 2666 2440 57
f 7 2025 1279
f 1100 182 181
f 1607 2170 2481
f 839 838 840
f 41 177 42
f 1403 773 775
f 70 2121 71
f 1780 1105 1946
f 1631 656 2517
f 2341 2065 2497
f 838 2114 2360
f 1405 297 2709
f 297 12 2709
f 2709 12 2888
f 2709 2892 2708
f 1628 1405 2709
f 57 2708 2888
f 2893 2888 2887
f 57 2888 709
f 12 709 2888
f 2893 2887 2892
f 2888 2893 2709
f 2708 2892 2887
f 2709 2893 2892
f 1889 457 310
f 2894 2373 2895
f 2373 1476 2895
f 601 1991 599
f 2098 246 2608
f 648 647 2896
f 2896 647 2897
f 2459 2022 2458
f 654 653 2898
f 253 2898 653
f 660 268 2899
f 854 853 2498
f 455 457 1889
f 468 612 1973
f 634 631 637
f 631 635 637
f 645 644 635
f 647 649 645
f 655 2897 647
f 253 959 254
f 959 660 662
f 2880 697 699
f 924 455 2900
f 2220 720 2609
f 396 2458 1906
f 1441 2290 2177
f 1021 345 997
f 1253 1290 2901
f 2298 1965 2640
f 2002 2902 891
f 1858 1466 2833
f 1466 1468 2833
f 2146 688 513
f 530 2903 2904
f 997 974 2905
f 2483 237 2697
f 2697 237 1321
f 1474 1476 2373
f 1360 1487 1361
f 1043 1276 1491
f 2052 1734 2369
f 1016 1719 1498
f 144 1827 2906
f 556 2562 2907
f 2907 2562 2908
f 1475 1474 2909
f 2910 600 2911
f 600 2373 2911
f 689 892 2902
f 892 891 2902
f 2750 2912 2913
f 1560 1653 1709
f 1827 1826 2906
f 2814 135 2649
f 2890 2914 2915
f 2916 856 855
f 1874 1876 1875
f 1370 1486 1360
f 1931 2917 1369
f 2462 1019 2884
f 2190 2298 2918
f 601 1884 1991
f 2909 1474 2919
f 2723 2072 1616
f 2814 2650 2610
f 2243 2920 2921
f 2243 2921 1630
f 759 2046 760
f 1563 2922 2914
f 1615 2072 2723
f 2143 2145 1278
f 1474 2064 2919
f 2919 2064 2923
f 530 2915 2903
f 2167 535 1399
f 2179 2003 802
f 1814 2089 2924
f 1615 1617 2925
f 2742 1884 2851
f 720 2273 2609
f 1369 1883 1370
f 1823 2264 2166
f 308 310 2282
f 2409 2926 2647
f 870 2927 2928
f 2498 2926 2409
f 2830 2379 2763
f 2105 1701 2929
f 1701 2803 2930
f 2166 2264 2931
f 1490 1276 2727
f 2554 1441 2932
f 2262 1369 2917
f 484 2414 485
f 1881 1246 2933
f 759 2855 2045
f 1630 2453 904
f 1469 2928 2934
f 2562 1361 2935
f 2263 2528 2931
f 2089 1244 2936
f 1734 2004 2369
f 2107 2747 2937
f 1931 2512 2938
f 2763 2379 2939
f 2940 2081 1057
f 2941 2382 2074
f 2850 600 2910
f 2308 2942 1394
f 2243 2107 2920
f 1024 2565 468
f 2877 2258 2943
f 1141 2794 2764
f 1616 2583 2610
f 1290 1253 1079
f 2242 2241 2599
f 2241 1141 2599
f 1146 2610 2583
f 2273 2274 2609
f 2944 2052 2369
f 1244 2087 2621
f 1246 956 2933
f 2199 310 2945
f 2631 2527 2522
f 2064 485 2946
f 2946 485 2947
f 533 2768 697
f 2837 2836 2948
f 956 957 2933
f 2631 2722 2949
f 2527 2631 2949
f 1041 2668 2514
f 1963 2298 2190
f 1617 1616 1211
f 2483 2071 1615
f 1469 2950 2951
f 721 1470 2865
f 2951 2952 1470
f 2557 1906 2558
f 1906 2953 2558
f 1749 2902 2002
f 2722 2721 2740
f 2646 760 2724
f 1278 2727 1276
f 2937 144 2954
f 904 2955 484
f 2956 2836 2957
f 2836 2877 2957
f 2647 2926 761
f 2702 556 2958
f 1078 1254 2942
f 2646 2764 2794
f 600 2850 601
f 1837 2937 2747
f 2955 904 2453
f 2826 2959 2776
f 2776 2959 2777
f 2778 2777 2797
f 2471 2803 1701
f 1161 2805 1160
f 2143 1160 2805
f 1290 2576 2960
f 1908 2554 2932
f 633 2359 2701
f 1468 1467 2833
f 2826 2825 2861
f 398 2961 2962
f 398 2962 2421
f 1467 1473 2833
f 1023 2564 1024
f 398 2096 2961
f 1967 1012 2883
f 533 535 2963
f 2096 1691 2961
f 1973 612 2258
f 601 2851 1884
f 1142 1141 2964
f 837 832 2878
f 1783 1690 2878
f 721 456 455
f 2622 2933 957
f 2452 1630 2965
f 2966 2258 2967
f 2379 369 371
f 2968 2514 2668
f 2308 1078 2942
f 2859 2882 2969
f 2860 2859 2969
f 2970 1043 1491
f 1041 1043 2667
f 1043 2971 2667
f 2413 484 2955
f 1997 1615 2925
f 1837 144 2937
f 2425 2081 2940
f 759 736 2882
f 1602 599 2560
f 781 1814 2972
f 1750 1749 2003
f 634 637 2471
f 635 2973 636
f 254 959 662
f 2188 2928 1469
f 832 834 2878
f 1441 2177 2932
f 1530 1395 2974
f 310 2462 2945
f 144 2906 2975
f 2908 2562 2976
f 2750 2913 2855
f 1141 2219 2964
f 1141 2297 2219
f 2890 2915 530
f 1563 2914 2890
f 1617 1211 2925
f 1931 2938 2977
f 308 2282 2978
f 870 2928 2188
f 2929 1701 2930
f 2264 2263 2931
f 2674 2979 2750
f 2913 2980 2855
f 2927 308 2978
f 2842 2415 2866
f 2242 2599 2674
f 1630 2921 2981
f 2982 2107 2937
f 2081 1055 1057
f 2650 2814 2649
f 2258 2966 2943
f 1141 2764 2598
f 213 2983 328
f 1146 2583 2984
f 2099 2274 2752
f 2949 2722 2740
f 1469 2951 1470
f 2952 2865 1470
f 2912 2750 2979
f 144 2975 2985
f 144 2985 2954
f 1161 2880 2986
f 855 386 1057
f 2979 2674 2599
f 698 697 2769
f 455 1888 2900
f 237 2626 2904
f 2797 2777 2959
f 2499 2498 1142
f 2826 2861 2959
f 308 2927 870
f 530 2904 2626
f 2655 761 2926
f 125 2987 2988
f 2987 125 2968
f 125 2514 2968
f 2950 1469 2934
f 1846 333 2989
f 1833 1998 2990
f 1043 2970 2991
f 2281 310 2889
f 2560 599 1991
f 253 255 2992
f 2953 1906 2458
f 513 688 796
f 2562 2993 2976
f 974 1830 2905
f 2105 2994 2856
f 2064 2946 2923
f 2782 1473 1653
f 2980 2045 2855
f 1630 2981 2995
f 2191 1704 2884
f 1563 1146 2922
f 1146 2984 2922
f 2379 371 2939
f 633 2701 2284
f 1888 2134 2900
f 1320 237 2904
f 2504 856 371
f 2135 328 2134
f 2752 1846 2989
f 2989 333 2866
f 2274 2098 2608
f 253 2992 2996
f 2298 2640 2918
f 1012 1857 2883
f 2462 2884 2945
f 2965 1630 2995
f 2982 2920 2107
f 1290 2960 2901
f 2988 126 125
f 2258 612 2967
f 1473 2711 2997
f 2392 1833 2990
f 2091 2090 2392
f 2969 2882 2891
f 2898 253 2996
f 2373 2894 2911
f 2948 2836 2998
f 2958 556 2999
f 2899 268 270
f 1244 2621 3000
f 2685 533 2963
f 3001 3002 3003
f 3004 3005 3006
f 3007 3008 3009
f 3010 3011 2930
f 3010 3009 3011
f 3012 3013 3006
f 3014 3015 3006
f 3016 3017 3018
f 3019 3020 3003
f 3021 3022 3003
f 3023 3024 3006
f 3025 3026 3027
f 3024 3028 3006
f 344 1015 3029
f 344 3029 3030
f 3031 3032 3003
f 3033 3034 3003
f 3035 3036 3037
f 3038 3039 3040
f 3041 3042 3043
f 3044 3045 3003
f 3032 3046 3047
f 3030 3029 3048
f 3030 3048 3049
f 3050 3051 3003
f 3052 3008 3007
f 3053 3054 3006
f 3007 3009 3010
f 3049 3048 3055
f 3056 3057 3006
f 3049 3055 3058
f 3059 3004 3006
f 3060 3061 3003
f 3062 3063 3003
f 3064 3065 3003
f 3058 3055 3066
f 3058 3066 3067
f 3033 3068 3069
f 3067 3066 3070
f 3071 3072 3006
f 3067 3070 3073
f 3041 3074 3042
f 3075 3076 3006
f 3067 3073 3077
f 3078 3053 3006
f 3079 3078 3006
f 3077 3073 3080
f 3065 3062 3003
f 3081 3082 3003
f 3043 3042 3083
f 3077 3080 3084
f 3084 3080 3085
f 3084 3085 3086
f 3022 3087 3003
f 3086 3085 3006
f 3086 3006 3088
f 3089 3090 3003
f 3088 3006 3091
f 3092 3093 3003
f 3088 3091 3094
f 3095 3096 3006
f 3094 3091 3081
f 3081 3091 3097
f 3098 3099 3003
f 3100 3101 3003
f 3081 3097 3102
f 3081 3102 3082
f 3082 3102 3076
f 3103 3104 3006
f 3105 3106 3003
f 3082 3076 3107
f 3101 3108 3003
f 3107 3076 3075
f 3107 3075 3092
f 3109 3110 3006
f 3111 3112 3074
f 3092 3075 3093
f 3093 3075 3113
f 3114 3115 3006
f 3116 3103 3006
f 3093 3113 3117
f 3093 3117 3118
f 3093 3118 3003
f 3119 3060 3003
f 3118 3117 3064
f 3120 3121 3003
f 3113 3075 3006
f 3064 3117 3122
f 3064 3122 3065
f 3065 3122 3123
f 3124 3125 3003
f 3032 3126 3003
f 3065 3123 3096
f 3065 3096 3062
f 3062 3096 3095
f 3062 3095 3063
f 3127 3128 3003
f 3063 3095 3129
f 3063 3129 3003
f 3085 3080 3006
f 3130 3033 3003
f 3003 3129 3131
f 3131 3129 3132
f 3133 3012 3006
f 3054 3134 3006
f 3131 3132 3001
f 3001 3132 3110
f 3001 3110 3109
f 3001 3109 3002
f 3002 3109 3104
f 3002 3104 3135
f 3067 3077 3003
f 3104 3109 3006
f 3043 3083 3136
f 3135 3104 3103
f 3135 3103 3127
f 3127 3103 3116
f 3127 3116 3128
f 3029 1015 3006
f 3137 3138 3003
f 3139 3140 3003
f 3128 3116 3141
f 3141 3116 3142
f 3141 3142 3139
f 3139 3142 3140
f 3140 3142 3143
f 3121 3100 3003
f 3140 3143 3144
f 3140 3144 3105
f 3027 3026 3112
f 3145 3146 3147
f 3105 3144 3148
f 3105 3148 3149
f 3105 3149 3106
f 3106 3149 3150
f 3106 3150 3151
f 3152 3153 3154
f 3155 3124 3003
f 3151 3150 3156
f 3151 3156 3157
f 3158 3159 3017
f 3157 3156 3013
f 3157 3013 3160
f 3098 3154 3161
f 3141 3139 3003
f 3073 3070 3006
f 3076 3102 3006
f 3160 3013 3012
f 3160 3012 3162
f 3163 3164 3006
f 3165 3155 3003
f 3162 3012 3133
f 3162 3133 3166
f 3140 3105 3003
f 3166 3133 3028
f 3166 3028 3167
f 3061 3168 3003
f 3167 3028 3024
f 3167 3024 3089
f 3089 3024 3023
f 3089 3023 3090
f 3169 3170 3003
f 3118 3064 3003
f 3090 3023 3057
f 3090 3057 3171
f 3171 3057 3172
f 3172 3057 3056
f 3145 3040 3146
f 3172 3056 3173
f 3172 3173 3174
f 3099 3161 3175
f 3174 3173 3176
f 3174 3176 3177
f 3126 3047 3178
f 3142 3116 3006
f 3177 3176 3179
f 3177 3179 3180
f 3180 3179 3181
f 3180 3181 3019
f 3019 3181 3182
f 3019 3182 3020
f 3107 3092 3003
f 3082 3107 3003
f 3020 3182 3183
f 3020 3183 3021
f 3077 3084 3003
f 3021 3183 3184
f 3021 3184 3022
f 3130 3178 3068
f 3022 3184 3087
f 3087 3184 3115
f 3134 3014 3006
f 3072 3079 3006
f 3087 3115 3114
f 3087 3114 3120
f 3143 3142 3006
f 3120 3114 3185
f 3120 3185 3121
f 3121 3185 3186
f 3121 3186 3100
f 3144 3143 3006
f 3002 3135 3003
f 3100 3186 3187
f 3100 3187 3101
f 3131 3001 3003
f 3188 3189 3036
f 3101 3187 3164
f 3101 3164 3108
f 3182 3181 3006
f 3190 3031 3003
f 3108 3164 3163
f 3108 3163 3165
f 3191 3192 3193
f 3165 3163 3005
f 3165 3005 3155
f 3155 3005 3004
f 3155 3004 3124
f 3184 3183 3006
f 3031 3190 3003
f 3124 3004 3059
f 3124 3059 3125
f 3110 3132 3006
f 3125 3059 3015
f 3125 3015 3194
f 3025 3018 3026
f 3194 3015 3014
f 3194 3014 3044
f 3044 3014 3134
f 3044 3134 3045
f 3020 3021 3003
f 3045 3134 3054
f 3045 3054 3195
f 3195 3054 3053
f 3138 3031 3003
f 3195 3053 3196
f 3194 3044 3003
f 3197 3198 3199
f 3187 3186 3006
f 3180 3019 3003
f 3032 3047 3126
f 3173 3056 3006
f 3115 3184 3006
f 3196 3053 3078
f 3196 3078 3119
f 3200 3197 3003
f 3126 3178 3130
f 3034 3039 3038
f 3099 3050 3003
f 3176 3173 3006
f 3034 3069 3039
f 3195 3196 3003
f 3119 3078 3079
f 3119 3079 3060
f 3152 3098 3003
f 3201 3071 3006
f 3038 3040 3145
f 3097 3091 3006
f 3028 3133 3006
f 3060 3079 3072
f 3060 3072 3061
f 3174 3177 3003
f 3177 3180 3003
f 3048 3029 3006
f 3148 3144 3006
f 3061 3072 3071
f 3061 3071 3168
f 3102 3097 3006
f 3172 3174 3003
f 344 3030 3003
f 3202 3159 3158
f 3145 3147 3003
f 3122 3117 3006
f 3168 3071 3201
f 3168 3201 3169
f 3088 3094 3003
f 3128 3141 3003
f 3037 3203 3200
f 3169 3201 3170
f 3170 3201 3204
f 3090 3171 3003
f 3183 3182 3006
f 3086 3088 3003
f 3167 3089 3003
f 3170 3204 3205
f 3170 3205 3206
f 3185 3114 3006
f 3196 3119 3003
f 3096 3123 3006
f 3186 3185 3006
f 3147 3152 3003
f 3051 3175 3192
f 3087 3120 3003
f 3206 3205 3207
f 3206 3207 3137
f 3013 3156 3006
f 3099 3175 3050
f 3156 3150 3006
f 3117 3113 3006
f 3181 3179 3006
f 3166 3167 3003
f 3137 3207 3138
f 3202 3199 3159
f 3152 3154 3098
f 3197 3208 3198
f 3050 3175 3051
f 3138 3207 3209
f 3191 3193 3189
f 3045 3195 3003
f 3049 3058 3003
f 3200 3208 3197
f 3179 3176 3006
f 3094 3081 3003
f 3038 3145 3003
f 3037 3200 3003
f 3138 3209 3031
f 3150 3149 3006
f 3016 3018 3025
f 3052 3136 3008
f 3149 3148 3006
f 3051 3192 3191
f 3132 3129 3006
f 3035 3037 3003
f 3031 3209 3210
f 3031 3210 3190
f 3147 3153 3152
f 3080 3073 3006
f 3190 3210 3209
f 3188 3035 3003
f 3206 3137 3003
f 3190 3209 3031
f 3130 3068 3033
f 3200 3203 3208
f 3151 3157 3003
f 3123 3122 3006
f 3162 3166 3003
f 3098 3161 3099
f 3055 3048 3006
f 3108 3165 3003
f 3030 3049 3003
f 3135 3127 3003
f 3158 3017 3016
f 3191 3188 3003
f 3170 3206 3003
f 3147 3146 3153
f 3015 3059 3006
f 3126 3130 3003
f 3027 3112 3111
f 3084 3086 3003
f 3160 3162 3003
f 3034 3038 3003
f 3070 3066 3006
f 3043 3136 3052
f 3157 3160 3003
f 3037 3036 3203
f 3111 3074 3041
f 3058 3067 3003
f 3197 3199 3202
f 3005 3163 3006
f 3066 3055 3006
f 3057 3023 3006
f 3171 3172 3003
f 3191 3189 3188
f 3125 3194 3003
f 3033 3069 3034
f 3129 3095 3006
f 3106 3151 3003
f 3188 3036 3035
f 3164 3187 3006
f 344 3003 345
f 3010 2930 3211
f 3168 3169 3003
f 3051 3191 3003
f 3031 3209 3046
f 3031 3046 3032
f 3006 1015 3212
f 3213 3003 3214
f 3215 3047 3216
f 345 3217 998
f 3218 3003 3219
f 3219 3220 3221
f 3003 3197 3222
f 3197 3202 3222
f 3223 3224 3225
f 3226 3227 3212
f 3228 3229 3230
f 3231 3232 3233
f 3158 3222 3202
f 3232 3231 3234
f 3216 3006 3231
f 3232 3234 3235
f 3204 3201 3216
f 3201 3006 3216
f 3225 3236 3223
f 3237 3238 3239
f 3159 3199 3240
f 3199 3006 3240
f 3241 3242 3217
f 3243 3244 3245
f 3231 3006 3246
f 3230 3247 3248
f 3249 3250 3251
f 3252 3159 3240
f 3204 3216 3205
f 3205 3216 3207
f 3047 3215 3178
f 3242 3243 3217
f 3046 3216 3047
f 3253 3254 3255
f 3209 3216 3046
f 3178 3215 3068
f 3244 3256 3257
f 3220 3257 3258
f 3246 3203 3215
f 3210 3216 3209
f 3208 3246 3198
f 3259 3229 3260
f 3006 3261 3262
f 3263 3264 3265
f 3266 3267 3237
f 3268 3229 3269
f 3209 3216 3210
f 3270 3271 3240
f 3207 3216 3209
f 3006 3199 3246
f 3198 3246 3199
f 3272 3273 3274
f 3259 3275 3276
f 3225 3224 3277
f 3230 3229 3278
f 3279 3280 3281
f 3217 3003 3241
f 3025 3222 3016
f 3282 3283 3284
f 3006 3285 3286
f 3003 3222 3214
f 3250 3249 3287
f 3016 3222 3158
f 3220 3258 3213
f 3288 3258 3289
f 3290 3291 3292
f 3293 3294 3291
f 3293 3291 3290
f 3263 3295 3248
f 3280 3239 3296
f 3297 3298 3257
f 3299 3300 3268
f 3301 3302 3303
f 3300 3269 3304
f 3250 3220 3213
f 3235 3215 3305
f 3306 3265 3227
f 3027 3222 3025
f 3017 3159 3252
f 3069 3215 3039
f 3295 3307 3308
f 3297 3309 3298
f 3295 3263 3239
f 3189 3215 3036
f 3036 3215 3203
f 3193 3215 3189
f 3153 3215 3154
f 3146 3215 3153
f 3203 3246 3208
f 3161 3215 3175
f 3233 3216 3310
f 3154 3215 3161
f 3286 3271 3006
f 3112 3311 3074
f 3312 3313 3280
f 3068 3215 3069
f 3314 3315 3264
f 3264 3315 3316
f 3303 3289 3301
f 3039 3215 3040
f 3301 3289 3317
f 3192 3215 3193
f 3213 3220 3003
f 3175 3215 3192
f 3006 3227 3285
f 3040 3215 3146
f 3280 3296 3266
f 3238 3252 3318
f 3243 3319 3297
f 3111 3257 3027
f 3276 3297 3320
f 3305 3222 3321
f 3226 3265 3306
f 3322 3258 3288
f 3258 3257 3213
f 3260 3293 3259
f 3319 3228 3323
f 3324 3322 3256
f 3325 3265 3326
f 3291 3327 3255
f 3256 3243 3297
f 2958 3328 2702
f 3320 3259 3329
f 3274 3221 3330
f 3294 3229 3298
f 3291 3298 3327
f 3331 3273 3332
f 3235 3246 3215
f 3333 3242 3334
f 3228 3319 3229
f 3275 3259 3335
f 3304 3336 3337
f 3243 3213 3319
f 3043 3317 3041
f 3268 3300 3299
f 3250 3222 3257
f 3222 3027 3257
f 3338 3257 3339
f 3222 3287 3321
f 3340 3322 3288
f 3337 3336 3341
f 3216 3305 3231
f 3248 3247 3230
f 2930 3011 3326
f 3220 3213 3243
f 3342 2929 2930
f 3003 3220 3219
f 3343 3309 3259
f 3010 3289 3007
f 3010 3211 3340
f 3332 3273 3333
f 3312 3314 3313
f 3280 3318 3312
f 3329 3259 3320
f 3233 3232 3216
f 2948 3212 2837
f 3289 3309 3343
f 3294 3298 3291
f 3213 3214 3310
f 3344 3345 3346
f 3043 3052 3302
f 3266 3239 3237
f 3307 3239 3280
f 3237 3238 3347
f 3320 3297 3278
f 3003 3218 3274
f 3275 3309 3297
f 3304 3269 3336
f 3212 2948 3226
f 3322 3244 3258
f 3341 3257 3300
f 3341 3300 3348
f 3284 645 3282
f 3278 3349 3350
f 3301 3351 3302
f 3083 3318 3136
f 3285 3227 3271
f 3260 3229 3293
f 3264 3313 3314
f 3324 3352 645
f 3302 3052 3303
f 3237 3239 3238
f 3269 3257 3336
f 3255 3254 3253
f 3042 3074 3346
f 3330 3262 3261
f 3280 3266 3347
f 3244 3243 3256
f 3274 3273 3003
f 3343 3291 3255
f 3350 3297 3323
f 3310 3321 3251
f 3341 3336 3257
f 3010 3340 3353
f 3354 3239 3307
f 3221 3218 3219
f 3006 3271 3261
f 3314 3254 3315
f 3355 3356 3357
f 3241 3334 3242
f 3355 3357 3358
f 3237 3325 3252
f 3348 3337 3341
f 3352 636 2973
f 3243 3242 3273
f 3216 3232 3305
f 3312 3318 3253
f 3007 3289 3052
f 3358 3359 3360
f 3358 3357 3359
f 3355 3358 3360
f 3351 3043 3302
f 3261 3221 3274
f 3009 3326 3011
f 3283 3243 3245
f 3320 3278 3259
f 3008 3136 3361
f 3017 3252 3018
f 3293 3229 3294
f 3264 3316 3362
f 3247 3350 3323
f 3326 3318 3311
f 3324 3256 3352
f 3258 3244 3257
f 3277 3265 3363
f 3220 3250 3257
f 3343 3292 3291
f 3263 3281 3280
f 3324 3245 3364
f 662 3365 254
f 3234 3246 3235
f 3366 3311 3367
f 3340 3211 3322
f 3257 3338 3339
f 3263 3237 3239
f 3368 3366 3367
f 3214 3305 3310
f 3298 3309 3289
f 3350 3349 3323
f 3221 3369 3330
f 3264 3240 3265
f 3295 3354 3307
f 3268 3300 3298
f 3305 3321 3310
f 3267 3266 3237
f 3239 3266 3296
f 3346 3074 3370
f 3136 3318 3361
f 3362 3371 3355
f 3362 3252 3264
f 3006 3262 3330
f 3009 3008 3372
f 3373 3318 3326
f 3320 3259 3276
f 3373 3326 3325
f 3326 3311 3252
f 3268 3269 3300
f 3339 3111 3374
f 3226 2948 3265
f 3265 2998 3375
f 3317 3258 3257
f 3111 3041 3374
f 3289 3353 3288
f 3315 3254 3371
f 3376 3254 3355
f 3361 3373 3325
f 3264 3252 3240
f 3295 3239 3354
f 3310 3251 3250
f 3230 3323 3228
f 2899 3365 660
f 270 3243 2899
f 3377 3338 3374
f 3083 3042 3344
f 3345 3042 3346
f 3253 3318 3254
f 3378 3379 3282
f 2911 3380 2910
f 3263 3313 3264
f 3381 3254 3252
f 3225 3277 1023
f 3265 3240 3227
f 3261 3271 3221
f 3321 3249 3251
f 3369 3270 3330
f 3364 3245 3322
f 3256 3297 3257
f 3372 3326 3009
f 3230 3278 3247
f 3318 3347 3238
f 3382 3225 3236
f 3347 3318 3280
f 3214 3222 3305
f 3335 3259 3275
f 3213 3257 3229
f 3257 3111 3339
f 3375 2994 3236
f 3213 3229 3319
f 3245 3244 3322
f 3247 3278 3350
f 3248 3308 3279
f 3227 3226 3306
f 3365 3383 3378
f 3381 3357 3384
f 3365 644 646
f 3275 3297 3276
f 3265 3224 3385
f 3344 3346 3370
f 3370 3318 3344
f 3323 3349 3386
f 3310 3216 3231
f 3327 3298 3289
f 3384 3254 3381
f 3252 3311 3366
f 3381 3252 3360
f 3018 3252 3368
f 3362 3316 3371
f 3327 3289 3343
f 3360 3252 3355
f 3216 3305 3215
f 3216 3231 3305
f 3006 3330 3270
f 3325 3326 3372
f 3348 3300 3304
f 3375 3236 1023
f 3364 3322 3324
f 3363 3265 3375
f 3317 3257 3338
f 3041 3317 3374
f 3317 3338 3374
f 3213 3310 3250
f 3310 3231 3234
f 3231 3310 3234
f 3371 3376 3355
f 3371 3254 3376
f 3238 3237 3252
f 2930 3223 3342
f 3279 3308 3307
f 3387 3374 3338
f 3247 3323 3230
f 3248 3295 3308
f 3277 3224 3265
f 3279 3281 3263
f 3374 3338 3339
f 3290 3292 3259
f 3285 3271 3286
f 3321 3287 3249
f 3239 3296 3386
f 3344 3318 3083
f 3318 3370 3311
f 3319 3323 3297
f 3052 3289 3303
f 3265 3385 3326
f 3298 3229 3268
f 3231 3233 3310
f 3253 3254 3314
f 3074 3311 3370
f 3355 3252 3362
f 3270 3240 3006
f 3387 3377 3374
f 3379 3283 3282
f 3224 3223 3385
f 3229 3257 3269
f 3311 3112 3367
f 3221 3271 3369
f 3340 3288 3353
f 3227 3006 3212
f 3357 3356 3384
f 3289 3258 3317
f 3263 3280 3313
f 3278 3297 3349
f 645 3245 3324
f 3003 3273 3331
f 3042 3345 3344
f 3312 3253 3314
f 3227 3240 3271
f 3018 3368 3367
f 3255 3327 3343
f 3347 3266 3237
f 3301 3043 3351
f 3378 3383 3379
f 3229 3259 3278
f 3372 3008 3361
f 3248 3279 3263
f 3385 2930 3326
f 3274 3330 3261
f 3222 3250 3287
f 3383 3365 3379
f 3365 2992 255
f 3371 3316 3315
f 3236 3225 3382
f 3026 3018 3367
f 3252 3366 3368
f 3317 3043 3301
f 3112 3026 3367
f 3273 3274 3221
f 3241 3003 3334
f 3223 2105 3342
f 3272 3274 3273
f 3259 3292 3343
f 3319 3243 3283
f 3263 3265 3237
f 3386 3349 3323
f 3361 3318 3373
f 3375 3277 3363
f 3355 3384 3356
f 3355 3254 3384
f 3381 3359 3357
f 3271 3270 3369
f 3365 2996 2992
f 3257 3339 3338
f 3307 3280 3279
f 2930 3385 3223
f 3003 3332 3333
f 3003 3333 3334
f 3293 3290 3259
f 3365 3243 3319
f 3379 3365 3283
f 3237 3265 3325
f 3259 3309 3275
f 3318 3252 3254
f 3375 1023 3277
f 3234 3231 3246
f 3274 3218 3221
f 3243 3221 3220
f 3360 3359 3381
f 3236 2105 3223
f 3243 3273 3221
f 3236 3225 1023
f 3325 3326 3252
f 3353 3289 3010
f 3296 3239 3386
f 3332 3003 3331
f 3283 3245 3284
f 3225 3277 3382
f 3348 3304 3337
f 3319 3283 3365
f 3382 3277 3225
f 3387 3338 3377
f 3284 3245 645
f 3333 3273 3242
f 3257 3298 3300
f 3350 3323 3349
f 3352 2973 635
f 3349 3297 3350
f 3361 3325 3372
f 3232 3235 3305
f 3388 3389 1830
f 1021 3388 1677
f 997 3389 1830
f 997 3389 3388
f 997 1830 3389
f 997 1830 3389
f 3388 1830 1677
f 1021 1677 1496
f 1021 997 3388
f 997 2905 1830
f 3390 3391 2528
f 2166 3391 2528
f 2166 3391 3390
f 2166 2528 3391
f 3390 2528 2476
f 2173 3390 2476
f 2333 2173 2476
f 2173 2166 3390
f 2166 2528 3391
f 2931 2528 2166
f 2740 2527 2949
f 2740 3392 2527
f 2669 2739 2741
f 2669 3392 2740
f 2669 2634 3392
f 2634 2579 2527
f 2669 3392 2740
f 2669 2740 3392
f 2634 2527 3392
f 2669 2740 2739
f 2797 2861 2827
f 2797 2959 2861
f 2969 2891 2860
f 2891 3393 2860
f 2885 2873 2891
f 2873 2860 3393
f 2873 2862 2860
f 2873 3393 2891
f 738 2891 736
f 2885 2891 738
f 853 2655 2926
f 853 737 2655
f 853 2655 2926
f 853 2926 2655
f 2508 3394 2219
f 1142 3394 2508
f 2499 1142 2508
f 2964 2219 1142
f 1142 2219 3394
f 2689 2609 246
f 2689 2221 2609
f 2221 2220 2609
f 246 2609 2608
f 842 2866 2415
f 842 2752 2989
f 842 2099 2752
f 842 2752 2989
f 842 2989 2752
f 842 2989 2866
f 1057 2425 2940
f 1057 3395 2425
f 386 2842 3396
f 386 3396 1057
f 1057 3396 3395
f 3396 2425 3395
f 3396 2842 2425
f 2939 371 2763
f 371 2939 2763
f 371 3397 2763
f 371 2763 2939
f 856 2916 371
f 371 2916 3397
f 2916 855 3397
f 855 2763 3397
f 3398 3399 377
f 3398 377 3399
f 3398 2284 3399
f 3398 1117 2284
f 3398 3399 377
f 3398 377 1510
f 2284 377 3399
f 2284 2701 377
f 1886 796 690
f 1886 796 3400
f 1886 1509 796
f 1509 376 796
f 690 796 688
f 1886 3400 796
f 2902 3401 689
f 3401 3402 689
f 2902 1749 3401
f 2632 2011 3403
f 3403 2011 3404
f 2632 1749 1751
f 2632 3403 1749
f 3403 3402 3401
f 3403 3404 3402
f 2011 689 3404
f 3404 689 3402
f 2632 3403 1751
f 3403 3401 1749
f 3403 2632 1751
f 566 2003 3405
f 566 1750 2003
f 566 2003 564
f 566 3405 2003
f 1273 2944 3406
f 1273 3407 214
f 1273 3406 2944
f 1273 565 2052
f 1273 2052 2944
f 3407 3406 212
f 1273 2944 3406
f 1273 3406 3407
f 2829 1273 214
f 3407 212 214
f 2369 212 2944
f 2944 212 3406
f 2944 212 3406
f 2944 3406 212
f 3408 3409 2134
f 2134 924 2900
f 2134 3409 924
f 328 2983 3408
f 2983 213 3408
f 3408 213 3409
f 213 924 3409
f 3408 2134 328
f 1704 2191 2884
f 1703 195 2945
f 195 2199 2945
f 1704 2945 2884
f 1703 2945 1704
f 1704 2884 2191
f 2568 2190 1681
f 1681 2190 2918
f 1681 2918 2640
f 1681 2640 2267
f 3410 3411 1254
f 3410 1254 3411
f 3410 1394 3411
f 3410 1395 1394
f 3410 3411 1254
f 3410 1254 1530
f 1394 2942 3411
f 2942 1254 3411
f 2901 2960 1253
f 2960 3412 1253
f 2382 2941 3413
f 2941 2074 3413
f 2382 3413 2960
f 3413 3412 2960
f 3413 1253 3412
f 3413 2074 1253
f 2382 2960 2578
f 2578 2960 2576
f 1991 3414 2560
f 3414 3415 2560
f 1990 2546 3416
f 3416 2546 3417
f 1990 3416 1991
f 3416 3417 3414
f 3417 2546 3415
f 3414 3417 3415
f 2546 2560 3415
f 3416 3414 1991
f 1687 3418 1729
f 3419 3418 1687
f 2933 3418 3420
f 2933 3420 1881
f 3418 2933 2622
f 1687 1882 3419
f 3419 1882 2354
f 1882 1881 2354
f 3419 2354 3418
f 2354 3420 3418
f 2354 1881 3420
f 1729 3418 2622
f 2558 2953 2458
f 2458 3421 2558
f 2387 2558 3421
f 2387 1730 2558
f 2387 2458 2022
f 2387 3421 2458
f 2962 2961 3422
f 2589 2962 3422
f 3423 1691 2069
f 2589 3423 2069
f 2589 3422 2962
f 3422 2962 1691
f 2589 2459 2421
f 3422 1691 2962
f 2589 2421 2962
f 3423 3422 1691
f 2589 2962 3422
f 2589 3422 3423
f 2589 2069 2427
f 2961 1691 3422
f 2463 2304 833
f 2304 1783 2878
f 2304 2878 3424
f 2304 3424 833
f 2677 2091 2392
f 2091 2392 3425
f 2677 2392 3426
f 2091 3425 2392
f 2677 3426 2408
f 2408 3426 1998
f 2392 2990 3426
f 2990 1998 3426
f 2762 2925 1758
f 2762 1997 2925
f 2762 2402 1997
f 1758 2925 1211
f 1760 137 2056
f 1760 2650 2649
f 1760 1213 2650
f 1760 2650 2649
f 1760 2649 2650
f 1760 2649 137
f 1908 2932 2177
f 1908 2177 1424
f 574 1857 575
f 574 1732 2406
f 574 2406 2883
f 574 2883 1857
f 2147 1297 2833
f 1297 1858 2833
f 2711 2833 2997
f 2147 2833 2711
f 2832 1473 2833
f 2833 1473 2997
f 1719 1653 1498
f 1719 2782 1653
f 1719 1653 1498
f 1719 1498 1653
f 3427 3428 3429
f 3428 3427 2913
f 3430 2764 3429
f 3429 2045 3427
f 3428 3430 3429
f 3431 3432 3433
f 3432 2922 2984
f 3431 2904 3432
f 3434 2583 3433
f 3433 2697 3431
f 3432 3434 3433
f 2950 3435 3436
f 3435 2978 2282
f 2950 2951 3435
f 3436 2865 2950
f 3435 2889 3436
f 3437 3438 3439
f 3440 3441 3442
f 3443 3444 3445
f 3446 3447 3448
f 3449 3450 3451
f 3452 3448 3450
f 3453 3454 3442
f 3455 3456 3442
f 3457 3458 3439
f 3459 3460 3439
f 3461 3462 3442
f 3462 3463 3442
f 1876 2296 3464
f 1876 3464 3465
f 3466 3467 3439
f 3468 3469 3439
f 3470 3471 3472
f 3473 3474 3475
f 3476 3477 3443
f 3478 3479 3439
f 3467 3480 3481
f 3465 3464 3482
f 3465 3482 3483
f 3484 3485 3439
f 3486 3447 3446
f 3487 3488 3442
f 3446 3448 3452
f 3483 3482 3489
f 3490 3491 3442
f 3483 3489 3484
f 3492 3493 3442
f 3494 3440 3442
f 3495 3496 3439
f 3497 3498 3439
f 3484 3489 3499
f 3468 3500 3501
f 3484 3499 3485
f 3485 3499 3502
f 3503 3504 3442
f 3485 3502 3505
f 3476 3506 3477
f 3507 3508 3442
f 3485 3505 3509
f 3510 3487 3442
f 3511 3510 3442
f 3512 3513 3439
f 3514 3515 3439
f 3509 3505 3516
f 3443 3477 3444
f 3509 3516 3517
f 3509 3517 3518
f 3518 3517 3519
f 3518 3519 3520
f 3520 3519 3521
f 3460 3522 3439
f 3520 3521 3442
f 3520 3442 3523
f 3524 3525 3439
f 3526 3527 3439
f 3523 3442 3528
f 3523 3528 3529
f 3529 3528 3514
f 3514 3528 3530
f 3531 3532 3439
f 3533 3534 3439
f 3514 3530 3508
f 3514 3508 3515
f 3535 3536 3442
f 3537 3538 3439
f 3534 3539 3439
f 3515 3508 3507
f 3515 3507 3540
f 3541 3542 3442
f 3540 3507 3543
f 3540 3543 3526
f 3544 3545 3506
f 3526 3543 3527
f 3527 3543 3546
f 3547 3548 3442
f 3493 3535 3442
f 3486 3549 3550
f 3527 3546 3551
f 3527 3551 3497
f 3527 3497 3439
f 3552 3495 3439
f 3497 3551 3553
f 3554 3555 3439
f 3546 3543 3442
f 3497 3553 3556
f 3497 3556 3498
f 3498 3556 3512
f 3512 3556 3557
f 3558 3559 3439
f 3467 3560 3439
f 3512 3557 3561
f 3512 3561 3513
f 3521 3519 3442
f 3562 3563 3439
f 3513 3561 3564
f 3513 3564 3439
f 3519 3517 3442
f 3565 3468 3439
f 3439 3564 3566
f 3439 3566 3542
f 3567 3453 3442
f 3488 3568 3442
f 3439 3542 3437
f 3498 3512 3439
f 3437 3542 3541
f 3437 3541 3438
f 3438 3541 3536
f 3438 3536 3569
f 3485 3509 3439
f 3569 3536 3570
f 3536 3541 3442
f 3445 3444 3549
f 3570 3536 3535
f 3570 3535 3562
f 3562 3535 3493
f 3562 3493 3563
f 3571 3572 3439
f 3464 2296 3442
f 3573 3574 3439
f 3563 3493 3492
f 3563 3492 3575
f 3563 3575 3573
f 3573 3575 3574
f 3574 3575 3576
f 3555 3533 3439
f 3574 3576 3577
f 3574 3577 3578
f 3579 3580 3545
f 3581 3582 3583
f 3578 3577 3537
f 3537 3577 3584
f 3537 3584 3538
f 3538 3584 3585
f 3538 3585 3586
f 3587 3588 3589
f 3590 3558 3439
f 3586 3585 3591
f 3586 3591 3592
f 3553 3551 3442
f 3593 3594 3595
f 3592 3591 3454
f 3592 3454 3596
f 3531 3589 3597
f 3563 3573 3439
f 3505 3502 3442
f 3596 3454 3453
f 3596 3453 3598
f 3599 3600 3442
f 3601 3590 3439
f 3598 3453 3567
f 3598 3567 3602
f 3574 3578 3439
f 3571 3603 3572
f 3602 3567 3463
f 3602 3463 3604
f 3496 3605 3439
f 3604 3463 3462
f 3604 3462 3524
f 3524 3462 3461
f 3524 3461 3525
f 3606 3607 3439
f 3608 3609 3610
f 3525 3461 3491
f 3525 3491 3611
f 3540 3526 3439
f 3611 3491 3612
f 3612 3491 3490
f 3578 3537 3439
f 3581 3475 3582
f 3612 3490 3613
f 3612 3613 3614
f 3532 3597 3603
f 3614 3613 3615
f 3614 3615 3616
f 3560 3481 3617
f 3575 3492 3442
f 3616 3615 3618
f 3616 3618 3619
f 3619 3618 3620
f 3619 3620 3457
f 3457 3620 3621
f 3457 3621 3458
f 3515 3540 3439
f 3458 3621 3622
f 3458 3622 3459
f 3509 3518 3439
f 3459 3622 3623
f 3459 3623 3460
f 3565 3617 3500
f 3460 3623 3522
f 3522 3623 3548
f 3624 3625 3439
f 3568 3455 3442
f 3504 3511 3442
f 3522 3548 3547
f 3522 3547 3554
f 3576 3575 3442
f 3554 3547 3626
f 3554 3626 3555
f 3555 3626 3627
f 3555 3627 3533
f 3577 3576 3442
f 3438 3569 3439
f 3533 3627 3628
f 3533 3628 3534
f 3534 3628 3600
f 3534 3600 3539
f 3621 3620 3442
f 3629 3466 3439
f 3517 3516 3442
f 3539 3600 3599
f 3539 3599 3601
f 3601 3599 3441
f 3601 3441 3590
f 3590 3441 3440
f 3590 3440 3558
f 3623 3622 3442
f 3630 3629 3439
f 3558 3440 3494
f 3558 3494 3559
f 3559 3494 3456
f 3559 3456 3631
f 3579 3595 3580
f 3470 3632 3471
f 3631 3456 3455
f 3631 3455 3478
f 3566 3564 3442
f 3478 3455 3568
f 3478 3568 3479
f 3458 3459 3439
f 3479 3568 3488
f 3479 3488 3633
f 3633 3488 3487
f 3608 3610 3439
f 3633 3487 3634
f 3631 3478 3439
f 3610 3609 3635
f 3516 3505 3442
f 3628 3627 3442
f 3619 3457 3439
f 3467 3481 3560
f 3613 3490 3442
f 3548 3623 3442
f 3634 3487 3510
f 3634 3510 3552
f 3560 3617 3565
f 3469 3474 3473
f 3532 3571 3439
f 3615 3613 3442
f 3469 3501 3474
f 3633 3634 3439
f 3552 3510 3511
f 3552 3511 3495
f 3587 3531 3439
f 3636 3503 3442
f 3473 3475 3581
f 3530 3528 3442
f 3463 3567 3442
f 3495 3511 3504
f 3495 3504 3496
f 3614 3616 3439
f 3616 3619 3439
f 3624 3637 3625
f 3482 3464 3442
f 3496 3504 3503
f 3496 3503 3605
f 3508 3530 3442
f 3612 3614 3439
f 1876 3465 3439
f 3638 3594 3593
f 3581 3583 3439
f 3556 3553 3442
f 3605 3503 3636
f 3605 3636 3606
f 3523 3529 3439
f 3472 3609 3608
f 3606 3636 3607
f 3607 3636 3639
f 3569 3570 3439
f 3525 3611 3439
f 3622 3621 3442
f 3520 3523 3439
f 3604 3524 3439
f 3607 3639 3640
f 3607 3640 3641
f 3626 3547 3442
f 3634 3552 3439
f 3641 3640 3642
f 3561 3557 3442
f 3627 3626 3442
f 3583 3587 3439
f 3572 3603 3643
f 3522 3554 3439
f 3641 3642 3644
f 3641 3644 3630
f 3454 3591 3442
f 3532 3603 3571
f 3591 3585 3442
f 3551 3546 3442
f 3620 3618 3442
f 3543 3507 3442
f 3602 3604 3439
f 3630 3644 3645
f 3638 3635 3594
f 3587 3589 3531
f 3625 3637 3632
f 3479 3633 3439
f 3483 3484 3439
f 3618 3615 3442
f 3529 3514 3439
f 3473 3581 3439
f 3472 3608 3439
f 3585 3584 3442
f 3646 3595 3579
f 3486 3550 3447
f 3584 3577 3442
f 3572 3643 3624
f 3542 3566 3442
f 3470 3472 3439
f 3630 3645 3647
f 3630 3647 3629
f 3583 3588 3587
f 3629 3647 3645
f 3641 3630 3439
f 3629 3645 3466
f 3565 3500 3468
f 3586 3592 3439
f 3557 3556 3442
f 3598 3602 3439
f 3531 3597 3532
f 3489 3482 3442
f 3539 3601 3439
f 3465 3483 3439
f 3570 3562 3439
f 3593 3595 3646
f 3625 3470 3439
f 3466 3645 3648
f 3607 3641 3439
f 3583 3582 3588
f 3456 3494 3442
f 3560 3565 3439
f 3579 3545 3544
f 3518 3520 3439
f 3596 3598 3439
f 3469 3473 3439
f 3502 3499 3442
f 3445 3549 3486
f 3624 3643 3637
f 3452 3450 3449
f 3592 3596 3439
f 3472 3471 3609
f 3544 3506 3476
f 3610 3635 3638
f 3441 3599 3442
f 3499 3489 3442
f 3491 3461 3442
f 3611 3612 3439
f 3625 3632 3470
f 3559 3631 3439
f 3468 3501 3469
f 3564 3561 3442
f 3538 3586 3439
f 3600 3628 3442
f 3449 3451 2667
f 3605 3606 3439
f 3572 3624 3439
f 3466 3648 3480
f 3466 3480 3467
f 3442 2296 3328
f 3649 3439 3650
f 3651 3652 3653
f 3654 3481 3655
f 1876 3656 2167
f 3657 3439 3658
f 3439 3610 3659
f 3610 3638 3659
f 3660 3661 3662
f 3663 3664 3665
f 3593 3659 3638
f 3664 3663 3666
f 3655 3442 3667
f 3664 3666 3654
f 3639 3636 3655
f 3636 3442 3655
f 3668 3669 3670
f 3671 3672 3661
f 3594 3635 3673
f 3635 3442 3673
f 3674 3675 3676
f 3667 3442 3677
f 3678 3679 3680
f 3681 3594 3673
f 3639 3655 3640
f 3642 3655 3644
f 3481 3654 3617
f 3439 3682 3656
f 3683 3684 3674
f 3685 3674 3686
f 3480 3655 3481
f 3644 3655 3645
f 3648 3655 3480
f 3617 3654 3500
f 3687 3688 3689
f 3677 3609 3654
f 3647 3655 3645
f 3640 3655 3642
f 3690 3691 3671
f 3692 3693 3694
f 3695 3696 3697
f 3645 3655 3647
f 3645 3655 3648
f 3442 3635 3677
f 3609 3677 3635
f 3698 3699 3700
f 3658 3701 3702
f 3703 3661 3704
f 3328 2958 3705
f 3706 3707 3668
f 3708 3709 3710
f 3711 3693 3712
f 3713 3714 3715
f 3683 3674 3685
f 3707 3716 3668
f 3579 3659 3646
f 3439 3659 3650
f 3679 3678 3717
f 3646 3659 3593
f 3718 3719 3649
f 3720 3719 3721
f 3670 3669 3722
f 3649 3689 3693
f 3723 3724 3725
f 3682 3684 3683
f 3672 3671 3673
f 3688 3721 3689
f 3726 3651 3727
f 3442 3728 3729
f 3698 3700 3730
f 3731 3732 3733
f 3651 3734 3735
f 3679 3718 3649
f 3736 3672 3737
f 3738 3673 3739
f 3595 3594 3681
f 3501 3654 3474
f 3694 3692 3698
f 3728 3442 3740
f 3695 3741 3703
f 3471 3654 3609
f 3637 3654 3632
f 3588 3654 3589
f 3582 3654 3588
f 3597 3654 3603
f 3643 3654 3637
f 3742 3731 3667
f 3589 3654 3597
f 3743 3738 3442
f 3545 3669 3506
f 3744 3745 3746
f 3747 3745 3744
f 3632 3654 3471
f 3500 3654 3501
f 3745 3748 3691
f 3668 3716 3689
f 3694 3693 3692
f 3474 3654 3475
f 3749 3721 3750
f 3727 3694 3734
f 3649 3718 3439
f 3603 3654 3643
f 3442 3737 3751
f 3475 3654 3582
f 3746 3752 3753
f 3754 3755 3756
f 3674 3757 3688
f 3544 3719 3579
f 3730 3758 3759
f 3705 3672 3736
f 3675 3719 3720
f 3741 3695 3697
f 3760 3675 3761
f 3762 3721 3763
f 2667 3764 3765
f 3703 3662 3766
f 3751 3738 3743
f 3767 3710 3768
f 3212 2738 2837
f 3692 3694 3721
f 3769 3721 3770
f 3771 3772 3773
f 3445 3750 3443
f 3774 3755 3668
f 3752 3775 3753
f 3731 3654 3655
f 3776 3777 3778
f 3674 3693 3757
f 3443 3750 3476
f 3757 3711 3688
f 3727 3651 3726
f 3679 3659 3719
f 3659 3579 3719
f 3668 3689 3779
f 3659 3717 3732
f 3778 3777 3780
f 3781 3729 3740
f 3452 3449 3764
f 3740 3738 3781
f 3451 3450 3782
f 3718 3649 3674
f 3783 2987 2968
f 3688 3758 3761
f 3755 3754 3681
f 3710 3709 3784
f 3785 3786 3787
f 3439 3718 3658
f 3784 3768 3710
f 3788 3721 3698
f 3452 3721 3446
f 3449 2667 3765
f 3764 3449 3765
f 3746 3756 3744
f 3549 3786 3550
f 3742 3664 3731
f 3789 3769 3788
f 3649 3650 3790
f 3720 3765 3764
f 3692 3721 3769
f 3445 3486 3791
f 3775 3792 3754
f 3792 3703 3754
f 3696 3752 3746
f 3759 3758 3712
f 3506 3784 3709
f 3758 3721 3761
f 3776 3734 3777
f 3734 3651 3727
f 3680 3733 3679
f 3793 3544 3706
f 3665 3742 3663
f 3680 3731 3733
f 3741 3690 3754
f 3794 3711 3712
f 3780 3689 3651
f 3780 3651 3795
f 3697 3746 3741
f 3695 3703 3792
f 3662 3766 1931
f 3725 3723 3796
f 3671 3782 3797
f 3444 3786 3549
f 3442 3751 3743
f 3751 3737 3738
f 2977 126 2988
f 3731 3659 3732
f 3798 3691 3748
f 3799 3800 3773
f 3791 3486 3749
f 3683 3685 3686
f 3757 3796 3801
f 3734 3689 3777
f 3792 3775 3752
f 3477 3506 3709
f 3746 3753 3802
f 3746 3803 3802
f 3687 3674 3688
f 3702 3701 3439
f 3779 3544 3793
f 3788 3769 3763
f 3785 3787 3763
f 3649 3731 3680
f 3733 3732 3680
f 3719 3675 3689
f 3780 3777 3689
f 3763 3804 3805
f 3702 3439 3657
f 3442 3738 3740
f 3745 3804 3748
f 3806 3807 3771
f 3688 3797 3681
f 3653 3778 3780
f 3698 3693 3694
f 3674 3684 3701
f 3738 3739 3673
f 3693 3689 3694
f 3744 3756 3785
f 3747 3744 3785
f 3708 3710 3767
f 3666 3677 3654
f 3786 3756 3804
f 3708 3767 3768
f 3446 3721 3486
f 3771 3807 3808
f 3773 3800 3806
f 3773 3772 3808
f 3448 3782 3450
f 3809 3674 3676
f 3722 3810 3774
f 3757 3693 3711
f 3759 3712 3698
f 3447 3550 3811
f 3691 3798 3799
f 3754 3756 3802
f 3812 3809 3813
f 3797 3786 3669
f 3723 2908 3724
f 3769 3770 3762
f 3704 3672 3723
f 3718 3679 3719
f 3695 3792 3752
f 3783 2988 2987
f 3763 3787 3804
f 3662 1931 3660
f 2769 3801 698
f 3801 2991 2970
f 3764 2667 3720
f 3656 3683 3686
f 3741 3754 3703
f 3688 3761 3721
f 3790 3731 3649
f 3771 3808 3772
f 3690 3741 3746
f 3763 3769 3762
f 3691 3673 3671
f 3727 3651 3721
f 3784 3506 3768
f 3759 3698 3814
f 3705 3736 3737
f 3550 3786 3811
f 3799 3755 3691
f 3448 3447 3811
f 3688 3714 3758
f 3815 3786 3782
f 3814 3698 3730
f 3658 3781 3657
f 3803 3746 3802
f 3797 3669 3755
f 3797 3782 3786
f 3735 3734 3776
f 3705 2958 3672
f 3672 2999 3723
f 3750 3716 3707
f 3544 3476 3706
f 3761 3816 1490
f 3721 3764 3720
f 3813 3760 1490
f 3666 3667 3677
f 3748 3804 3800
f 3754 3671 3688
f 3691 3681 3673
f 3733 3680 3679
f 3763 3805 3785
f 2686 3801 533
f 2963 3674 2685
f 3444 3477 3708
f 3785 3756 3786
f 3729 3728 3740
f 3690 3745 3691
f 3802 3775 3754
f 3808 3804 3755
f 3672 3673 3737
f 3804 3787 3786
f 3755 3595 3681
f 3732 3678 3680
f 3760 3761 1490
f 3760 3676 3675
f 3811 3782 3448
f 3794 3712 3713
f 3802 3756 3746
f 3790 3659 3731
f 3719 3544 3779
f 3724 2938 3766
f 3692 3789 3698
f 3713 3712 3817
f 3818 3819 3660
f 3781 3658 3702
f 3741 3695 3690
f 3690 3695 3741
f 3801 3809 3813
f 3801 3674 3757
f 3801 2970 1491
f 3671 3661 3819
f 3595 3755 3774
f 3781 3738 3673
f 3652 3735 3778
f 3808 3755 3773
f 3766 3704 2917
f 3442 3729 3673
f 3651 3735 3652
f 3815 3782 3811
f 3665 3664 3742
f 3719 3689 3649
f 3724 3766 2917
f 3704 3723 2917
f 3723 3724 2917
f 3713 3715 3794
f 3750 3719 3716
f 3476 3750 3706
f 3750 3707 3706
f 3649 3680 3679
f 3663 3667 3666
f 3779 3793 3670
f 3800 3804 3806
f 3652 3778 3653
f 3451 3660 3783
f 3715 3714 3711
f 3704 3661 3672
f 3670 3668 3779
f 3789 3788 3698
f 3732 3717 3678
f 3708 3786 3444
f 3786 3708 3669
f 3730 3700 3699
f 3713 3817 3714
f 3813 3809 3812
f 3673 3729 3781
f 3711 3714 3688
f 3797 3755 3681
f 3486 3721 3749
f 3671 3819 3782
f 3721 3694 3727
f 3657 3781 3702
f 3663 3742 3667
f 3805 3804 3745
f 3506 3669 3768
f 3773 3755 3799
f 3661 3660 3819
f 3649 3693 3674
f 3694 3689 3734
f 3695 3752 3696
f 3669 3545 3810
f 3705 3737 3328
f 3765 3720 3764
f 3737 3442 3328
f 3725 3724 3723
f 3793 3706 3670
f 3721 3719 3750
f 3690 3746 3745
f 3712 3758 3817
f 2667 3675 3720
f 3439 3701 3820
f 3747 3785 3805
f 3477 3709 3708
f 3747 3805 3745
f 3768 3669 3708
f 3737 3673 3738
f 3789 3692 3769
f 3806 3771 3773
f 3653 3795 3651
f 3763 3721 3788
f 3762 3770 3721
f 3802 3753 3775
f 3749 3445 3791
f 3668 3755 3669
f 3799 3798 3800
f 1931 2977 3660
f 3706 3668 3670
f 3693 3698 3712
f 3819 3451 3782
f 3659 3679 3717
f 3660 2977 3783
f 699 3801 2880
f 3580 3595 3774
f 3675 3674 3687
f 3750 3445 3749
f 3699 3698 3758
f 3817 3758 3714
f 3716 3719 3689
f 3731 3655 3667
f 3790 3650 3659
f 3545 3580 3810
f 3580 3774 3810
f 3682 3439 3684
f 3675 3687 3689
f 1931 126 2977
f 3796 3757 3801
f 3794 3715 3711
f 3757 3674 3809
f 3800 3798 3748
f 3814 3730 3759
f 3690 3671 3754
f 3811 3786 3815
f 3806 3808 3807
f 3806 3804 3808
f 3660 3819 3818
f 3813 1043 2991
f 3801 2986 2880
f 3662 3661 3703
f 3776 3778 3735
f 3796 3723 3725
f 3719 3779 3689
f 3696 3746 3697
f 3451 3819 3660
f 3439 3820 3684
f 3774 3668 3670
f 3730 3699 3758
f 3722 3774 3670
f 3688 3671 3797
f 3698 3721 3758
f 3756 3755 3804
f 3674 3658 3718
f 3662 3703 3766
f 3766 126 1931
f 3674 3701 3658
f 3682 3683 3656
f 3764 3721 3452
f 3757 3809 3801
f 3754 3688 3681
f 3755 3681 3691
f 3820 3684 3821
f 3809 3676 3813
f 3662 3704 3766
f 3703 3704 3662
f 3780 3795 3653
f 3722 3669 3810
f 3684 3820 3821
f 3813 3676 3760
f 3820 3701 3684
f 3689 3721 3651
f 3816 2971 1043
f 3664 3654 3731
f 3822 3823 3824
f 3825 3826 3827
f 3828 3829 3830
f 3831 3832 3833
f 3834 3835 2937
f 3836 3833 3835
f 3837 3838 3827
f 3839 3840 3827
f 3841 3842 3843
f 3844 3845 3824
f 3846 3847 3824
f 3848 3849 3827
f 3838 3850 3827
f 3849 3851 3827
f 914 2742 3852
f 914 3852 3853
f 3854 3855 3824
f 3856 3857 3824
f 3858 3859 3860
f 3861 3862 3828
f 3863 3864 3824
f 3855 3865 3866
f 3853 3852 3867
f 3853 3867 3868
f 3869 3870 3824
f 3871 3832 3831
f 3872 3873 3827
f 3831 3833 3836
f 3868 3867 3874
f 3875 3876 3827
f 3868 3874 3869
f 3877 3825 3827
f 3878 3879 3824
f 3880 3881 3824
f 3882 3883 3824
f 3856 3884 3885
f 3869 3874 3870
f 3870 3874 3886
f 3887 3888 3827
f 3870 3886 3889
f 3861 3890 3862
f 3891 3892 3827
f 3870 3889 3893
f 3894 3872 3827
f 3895 3894 3827
f 3893 3889 3896
f 3893 3896 3897
f 3883 3880 3824
f 3898 3899 3824
f 3828 3862 3829
f 3897 3896 3900
f 3897 3900 3901
f 3847 3902 3824
f 3901 3900 3827
f 3901 3827 3903
f 3904 3905 3824
f 3906 3907 3824
f 3908 3909 3827
f 3903 3827 3898
f 3898 3827 3910
f 3911 3912 3824
f 3913 3914 3824
f 3898 3910 3892
f 3898 3892 3899
f 3915 3916 3827
f 3917 3918 3824
f 3914 3919 3824
f 3899 3892 3891
f 3899 3891 3920
f 3921 3922 3827
f 3920 3891 3923
f 3920 3923 3906
f 3924 3925 3890
f 3906 3923 3907
f 3907 3923 3926
f 3907 3926 3927
f 3907 3927 3928
f 3929 3930 3827
f 3931 3915 3827
f 3830 3829 3932
f 3928 3927 3933
f 3928 3933 3882
f 3928 3882 3824
f 3934 3878 3824
f 3935 3936 3824
f 3926 3923 3827
f 3882 3933 3937
f 3882 3937 3883
f 3938 3939 3824
f 3940 3822 3824
f 3855 3941 3824
f 3883 3937 3909
f 3883 3909 3880
f 3880 3909 3908
f 3880 3908 3881
f 3942 3943 3824
f 3881 3908 3944
f 3881 3944 3824
f 3900 3896 3827
f 3945 3856 3824
f 3824 3944 3946
f 3947 3837 3827
f 3873 3948 3827
f 3824 3946 3940
f 3940 3946 3822
f 3822 3946 3922
f 3949 3824 3950
f 3822 3922 3921
f 3822 3921 3823
f 3823 3921 3916
f 3823 3916 3951
f 3870 3893 3824
f 3916 3921 3827
f 3951 3916 3915
f 3951 3915 3942
f 3942 3915 3931
f 3942 3931 3943
f 3852 2742 3827
f 3952 3953 3824
f 3943 3931 3954
f 3943 3954 3952
f 3952 3954 3953
f 3953 3954 3955
f 3936 3913 3824
f 3953 3955 3956
f 3953 3956 3917
f 3957 3843 3925
f 3958 3959 3960
f 3917 3956 3961
f 3917 3961 3918
f 3918 3961 3962
f 3918 3962 3963
f 3964 3965 3966
f 3967 3938 3824
f 3963 3962 3968
f 3963 3968 3969
f 3970 3971 3842
f 3969 3968 3850
f 3969 3850 3972
f 3972 3850 3838
f 3972 3838 3973
f 3911 3966 3974
f 3943 3952 3824
f 3889 3886 3827
f 3973 3838 3837
f 3973 3837 3975
f 3976 3977 3827
f 3978 3967 3824
f 3975 3837 3947
f 3975 3947 3979
f 3953 3917 3824
f 3979 3947 3851
f 3979 3851 3980
f 3879 3981 3824
f 3980 3851 3849
f 3980 3849 3904
f 3904 3849 3848
f 3904 3848 3905
f 3982 3983 3824
f 3905 3848 3876
f 3905 3876 3984
f 3920 3906 3824
f 3984 3876 3985
f 3985 3876 3875
f 3958 3860 3959
f 3985 3875 3986
f 3985 3986 3987
f 3912 3974 3988
f 3987 3986 3989
f 3987 3989 3990
f 3941 3866 3991
f 3954 3931 3827
f 3990 3989 3992
f 3990 3992 3993
f 3993 3992 3994
f 3993 3994 3844
f 3844 3994 3995
f 3844 3995 3845
f 3899 3920 3824
f 3845 3995 3996
f 3845 3996 3846
f 3846 3996 3997
f 3846 3997 3847
f 3945 3991 3884
f 3847 3997 3902
f 3902 3997 3930
f 3948 3839 3827
f 3888 3895 3827
f 3902 3930 3929
f 3902 3929 3935
f 3955 3954 3827
f 3935 3929 3998
f 3935 3998 3936
f 3936 3998 3999
f 3936 3999 3913
f 3956 3955 3827
f 3823 3951 3824
f 3913 3999 4000
f 3913 4000 3914
f 4001 4002 4003
f 3914 4000 3977
f 3914 3977 3919
f 3995 3994 3827
f 4004 3854 3824
f 3919 3977 3976
f 3919 3976 3978
f 3978 3976 3826
f 3978 3826 3967
f 3967 3826 3825
f 3967 3825 3938
f 3997 3996 3827
f 4005 4004 3824
f 3938 3825 3877
f 3938 3877 3939
f 3972 3973 3824
f 3922 3946 3827
f 3939 3877 3840
f 3939 3840 4006
f 4006 3840 3839
f 4006 3839 3863
f 3863 3839 3948
f 3863 3948 3864
f 3845 3846 3824
f 3864 3948 3873
f 3864 3873 4007
f 4007 3873 3872
f 4007 3872 4008
f 4006 3863 3824
f 4009 4010 3971
f 4000 3999 3827
f 3993 3844 3824
f 3855 3866 3941
f 3986 3875 3827
f 3930 3997 3827
f 4008 3872 3894
f 4008 3894 3934
f 3941 3991 3945
f 3857 3859 3858
f 3912 4011 3824
f 3989 3986 3827
f 3857 3885 3859
f 4007 4008 3824
f 3934 3894 3895
f 3934 3895 3878
f 3964 3911 3824
f 4012 3887 3827
f 3858 3860 3958
f 3851 3947 3827
f 4013 4009 3824
f 3878 3895 3888
f 3878 3888 3879
f 3987 3990 3824
f 3990 3993 3824
f 3867 3852 3827
f 3879 3888 3887
f 3879 3887 3981
f 3892 3910 3827
f 3985 3987 3824
f 914 3853 3824
f 3958 3960 3824
f 3937 3933 3827
f 3981 3887 4012
f 3981 4012 3982
f 4014 4015 4013
f 3982 4012 3983
f 3983 4012 4016
f 3905 3984 3824
f 3996 3995 3827
f 3901 3903 3824
f 3980 3904 3824
f 3983 4016 4017
f 3983 4017 4018
f 3998 3929 3827
f 4008 3934 3824
f 4018 4017 4019
f 3909 3937 3827
f 4018 4019 4020
f 3927 3926 3827
f 3999 3998 3827
f 3960 3964 3824
f 4011 3988 4021
f 3902 3935 3824
f 4020 4019 4022
f 4020 4022 4005
f 3850 3968 3827
f 3912 3988 4011
f 3968 3962 3827
f 3933 3927 3827
f 3994 3992 3827
f 3830 3932 3871
f 3923 3891 3827
f 3979 3980 3824
f 3964 3966 3911
f 4023 4021 4002
f 3864 4007 3824
f 3868 3869 3824
f 3907 3928 3824
f 3992 3989 3827
f 4001 4003 4014
f 3903 3898 3824
f 3858 3958 3824
f 4014 4013 3824
f 3962 3961 3827
f 3841 3843 3957
f 3871 3932 3832
f 3961 3956 3827
f 4011 4021 4023
f 3946 3944 3827
f 4005 4022 4024
f 4005 4024 4004
f 3960 3965 3964
f 3896 3889 3827
f 4004 4024 4025
f 4020 4005 3824
f 4004 4025 3854
f 4001 4014 3824
f 3945 3884 3856
f 4013 4015 4010
f 4013 4010 4009
f 3963 3969 3824
f 4018 4020 3824
f 3975 3979 3824
f 3911 3974 3912
f 3874 3867 3827
f 3919 3978 3824
f 3853 3868 3824
f 3951 3942 3824
f 3970 3842 3841
f 4023 4001 3824
f 3983 4018 3824
f 3960 3959 3965
f 3840 3877 3827
f 3941 3945 3824
f 3957 3925 3924
f 3897 3901 3824
f 3973 3975 3824
f 3857 3858 3824
f 3886 3874 3827
f 3836 3835 3834
f 3969 3972 3824
f 4014 4003 4015
f 3924 3890 3861
f 3893 3897 3824
f 4009 3971 3970
f 3826 3976 3827
f 3876 3848 3827
f 3984 3985 3824
f 4023 4002 4001
f 3939 4006 3824
f 3856 3885 3857
f 3944 3908 3827
f 3918 3963 3824
f 3977 4000 3827
f 3834 2937 2954
f 3981 3982 3824
f 4011 4023 3824
f 3854 4025 3865
f 3854 3865 3855
f 3827 2851 3380
f 4026 3824 4027
f 4028 3866 4029
f 3950 3824 4030
f 3824 4009 4031
f 4009 3970 4031
f 4032 4033 4034
f 4035 4036 4037
f 4038 4039 4040
f 4039 4038 4041
f 4029 3827 4038
f 4042 4041 4028
f 4043 4044 4045
f 3827 4046 4047
f 4016 4012 4029
f 4012 3827 4029
f 3971 3827 4048
f 4049 4050 4051
f 4038 3827 4052
f 4053 4054 4026
f 4055 3971 4048
f 4016 4029 4017
f 4019 4029 4022
f 3827 4056 4057
f 3866 4028 3991
f 4058 4049 4059
f 3865 4029 3866
f 4025 4029 3865
f 3991 4028 3884
f 4050 4060 4061
f 4052 4015 4028
f 4024 4029 4025
f 4062 4057 4063
f 4017 4029 4019
f 4064 4065 4066
f 4022 4029 4024
f 3827 3971 4052
f 4010 4052 3971
f 4067 4068 4069
f 4070 4071 3949
f 4037 4036 4072
f 4073 4074 4075
f 4076 4077 4078
f 3957 4031 3841
f 3824 4031 4027
f 4054 4053 4079
f 3841 4031 3970
f 4030 4061 4036
f 4080 4061 4081
f 4082 4083 4084
f 4064 4085 4086
f 4087 4088 4089
f 4044 4081 4090
f 4091 4075 4092
f 4075 4093 4073
f 4094 4030 4026
f 3842 3971 4055
f 3885 4028 3859
f 4095 4096 4097
f 4044 4098 4081
f 4085 4064 4034
f 4002 4028 4003
f 4003 4028 4015
f 4021 4028 4002
f 3965 4028 3966
f 3959 4028 3965
f 4015 4052 4010
f 3974 4028 3988
f 4040 4099 4038
f 3966 4028 3974
f 4063 4100 3827
f 3925 4101 3890
f 4044 4069 4068
f 4037 4102 4035
f 4063 3827 4062
f 4103 4104 4105
f 3884 4028 3885
f 4104 4106 4065
f 4107 4036 4082
f 3859 4028 3860
f 4092 4036 4093
f 4108 4081 4109
f 4110 4077 4076
f 4026 4030 3824
f 3988 4028 4021
f 3827 4057 4062
f 3860 4028 3959
f 4105 4111 4076
f 4078 4112 4113
f 4049 4035 4044
f 3924 4061 3957
f 4114 4044 4115
f 3380 4066 4057
f 4050 4061 4080
f 4087 4112 4088
f 4116 4050 4060
f 4083 4081 4084
f 4034 4033 4117
f 4060 4049 4044
f 4059 2621 2620
f 4082 4036 4081
f 4083 4081 4118
f 4105 4110 4111
f 4119 4120 4121
f 3830 4109 3828
f 4122 4076 4078
f 4123 4112 4101
f 4124 4054 4079
f 4099 4028 4029
f 4049 4036 4035
f 3828 4109 3861
f 4093 4075 4125
f 4094 4031 4061
f 4031 3957 4061
f 2995 2982 4126
f 4031 4124 4127
f 4073 4125 4074
f 4048 4047 4046
f 3836 3834 4128
f 4046 4100 4048
f 2937 3835 4129
f 4030 4036 4049
f 4130 4131 4132
f 4126 2982 2937
f 4112 4078 4055
f 4084 4098 4067
f 3836 4081 3831
f 3834 2954 4128
f 2965 2995 4126
f 4103 4133 4134
f 4105 4113 4103
f 3829 4113 3932
f 4040 4042 4099
f 4081 4098 4084
f 4094 4026 4054
f 4108 4135 4136
f 3830 3871 4136
f 4082 4081 4083
f 4077 4110 4078
f 4110 4034 4078
f 4137 4110 4105
f 4138 4058 4059
f 4115 4044 4072
f 4068 4098 4044
f 4073 4093 4125
f 4074 4090 4075
f 4137 4034 4110
f 4063 4057 4100
f 4139 4116 4140
f 4061 4090 4036
f 4050 2985 4060
f 4135 3830 4108
f 4093 4090 4125
f 3862 3890 4132
f 4114 4115 4069
f 4111 4110 4076
f 4140 4116 1827
f 4105 4076 4122
f 4050 4049 4060
f 3949 4071 3824
f 4074 4125 4090
f 4133 4087 4089
f 4141 4102 4037
f 3827 4100 4046
f 4104 4088 4106
f 4142 4143 4119
f 4126 4129 4055
f 4067 4036 4107
f 4049 4058 4071
f 4103 4113 4133
f 3831 4081 3871
f 4120 4143 4144
f 4121 4145 4142
f 4119 4143 4120
f 4121 4120 4144
f 3830 4136 4108
f 3871 4108 4136
f 3833 4129 3835
f 4086 4085 4137
f 4115 4072 4067
f 3832 3932 4095
f 3842 4055 3843
f 4065 4106 4145
f 4140 4146 4139
f 4129 4113 4101
f 4109 4090 4147
f 4117 4066 4148
f 4058 4138 4149
f 4030 4094 4061
f 4033 4066 4117
f 3827 3380 4150
f 4064 4086 4105
f 4060 2985 1828
f 4151 2089 2936
f 2641 2906 1826
f 4041 4052 4028
f 4128 2954 4080
f 4064 4078 4034
f 4141 4139 4102
f 4131 4113 4130
f 4134 4133 4089
f 4027 4127 4026
f 4065 4048 4066
f 4092 4075 4081
f 4132 3890 4131
f 3932 4113 4095
f 4145 4112 4065
f 3833 3832 4097
f 4096 4113 4129
f 4152 4067 4069
f 4129 4101 4112
f 3380 2911 4066
f 4066 2895 4148
f 3924 3861 4153
f 4081 4154 4080
f 4155 4080 4154
f 4106 4088 4145
f 4078 4066 4126
f 4065 4055 4048
f 4083 4118 4081
f 3000 4151 1244
f 4049 3000 2621
f 4151 2924 2089
f 4108 4136 4135
f 4045 4044 4139
f 4147 4090 4156
f 4150 4057 4056
f 3829 3862 4130
f 4133 4113 4087
f 3656 2963 535
f 4064 4104 4065
f 4144 4088 4112
f 4142 4119 4121
f 4066 4048 4057
f 4112 3843 4055
f 4127 4053 4026
f 4146 4051 4139
f 4116 4051 4050
f 4060 4044 4061
f 4125 4075 4091
f 4157 4144 4143
f 4061 4044 4090
f 4097 4129 3833
f 4037 4072 4141
f 4113 4122 4078
f 4122 4113 4105
f 4027 4031 4127
f 4061 3924 4156
f 4156 3924 4153
f 4158 2921 4159
f 4044 4114 4069
f 4148 2923 4158
f 4141 4072 4045
f 4059 3824 4138
f 2641 4146 4140
f 4151 4146 2641
f 2641 1826 1828
f 4066 4033 4160
f 4134 4104 4103
f 4130 3862 4131
f 4039 4041 4042
f 3843 4112 4123
f 4144 4112 4121
f 4146 4049 4051
f 3827 4047 4048
f 4096 4129 4097
f 4158 4159 4117
f 4148 4158 4117
f 4109 4061 4090
f 3861 4109 4153
f 4109 4147 4153
f 4116 4060 1827
f 4145 4088 4142
f 2937 4032 4126
f 4102 4139 4035
f 4082 4084 4107
f 4127 4124 4053
f 4115 4067 4152
f 4130 4113 3829
f 4113 4131 4101
f 4093 4125 4091
f 4130 4132 4131
f 4035 4139 4044
f 4129 4112 4055
f 3871 4081 4108
f 4066 4160 4129
f 4081 4036 4092
f 4089 4088 4104
f 3890 4101 4131
f 4097 3832 4095
f 4121 4112 4145
f 2965 4126 4032
f 4153 4147 4156
f 4033 4032 4160
f 4036 4090 4093
f 4101 3925 4161
f 4056 3827 4150
f 4081 4061 4109
f 4064 4105 4104
f 4072 4044 4043
f 4072 4043 4045
f 2954 4050 4080
f 3824 4071 4162
f 3862 4132 4131
f 4134 4089 4104
f 4057 4048 4100
f 4094 4054 4031
f 4108 3830 4135
f 4036 4067 4072
f 4163 4113 4096
f 4157 4088 4144
f 3380 4057 4150
f 4160 2937 4129
f 4031 4054 4124
f 2924 2641 1814
f 4039 4042 4040
f 4109 3830 4108
f 4030 4070 3949
f 4099 4029 4038
f 3925 3843 4161
f 4138 3824 4149
f 2965 2920 2995
f 4151 4049 4146
f 4064 4066 4078
f 4095 4113 4163
f 4093 4091 4092
f 4142 4157 4143
f 4142 4088 4157
f 4085 4034 4137
f 2641 2972 1814
f 4067 4107 4084
f 4152 4069 4115
f 4061 4156 4090
f 4137 4105 4086
f 4095 4163 4096
f 2937 4160 4032
f 3824 4162 4149
f 4159 2965 4032
f 4123 4101 4161
f 4060 1828 1827
f 4126 4066 4129
f 3843 4123 4161
f 4067 4098 4068
f 4113 4112 4087
f 4041 4038 4052
f 3949 3950 4030
f 4049 4070 4030
f 4159 2920 2965
f 4080 4155 4154
f 4149 4162 4058
f 4049 4071 4070
f 4154 4081 3836
f 3836 4128 4154
f 4078 4126 4055
f 4112 4055 4065
f 4124 4079 4053
f 4058 4162 4164
f 4034 4117 4159
f 4159 4032 4034
f 4162 4058 4164
f 4139 4051 4116
f 4162 4071 4058
f 4128 4080 4154
f 4090 4081 4075
f 4045 4139 4141
f 1828 2985 2975
f 4042 4028 4099
f 3211 2930 2803
f 345 3003 3217
f 635 645 3352
f 636 3256 3322
f 636 3322 3211
f 3211 637 636
f 636 3352 3256
f 644 3365 3378
f 2899 3243 3365
f 660 3365 661
f 270 3217 3243
f 3365 255 254
f 3375 2967 612
f 2996 3365 2898
f 3282 635 3378
f 635 3282 645
f 853 2926 2498
f 2507 2508 2219
f 1510 1117 3398
f 3410 2974 1395
f 3424 2878 834
f 3424 834 833
f 2598 3430 3428
f 3428 2599 2598
f 3430 2598 2764
f 2913 3427 2980
f 2984 3434 3432
f 3434 2984 2583
f 3431 1321 1320
f 2282 2889 3435
f 2951 2950 2952
f 2667 3451 2968
f 1876 3439 3656
f 1043 1490 3816
f 3783 2968 3451
f 2988 3783 2977
f 2971 3761 3675
f 2971 3675 2667
f 2963 3656 3686
f 2991 3801 3813
f 2686 3674 3801
f 533 3801 2768
f 2963 3686 3674
f 3674 2686 2685
f 3801 699 698
f 2971 3816 3761
f 2986 3801 1161
f 1043 3813 1490
f 914 3824 2766
f 2766 3824 4059
f 2766 4059 1880
f 2975 1827 1828
f 2954 2985 4050
f 2906 2641 4140
f 3000 4049 4151
f 2621 4059 4049
f 2924 4151 2641
f 4158 2947 485
f 2975 4140 1827
f 998 3217 268
f 2929 3342 2105
f 3375 2957 2877
f 2998 3265 2948
f 3375 2998 2836
f 661 3365 662
f 2105 3236 2994
f 3375 2943 2966
f 2994 3375 2856
f 2967 3375 2966
f 644 3378 635
f 2974 3410 1530
f 2980 3427 2045
f 2904 3431 1320
f 1321 3431 2697
f 2889 2282 2281
f 3436 2889 457
f 2952 2950 2865
f 2167 3656 2168
f 2908 3723 2907
f 2976 3724 2908
f 2999 3672 2958
f 3723 2999 556
f 3801 2769 2768
f 3724 2976 2993
f 2512 3766 2938
f 3724 2993 2562
f 2938 3724 2977
f 2935 3724 2562
f 3724 2935 1361
f 126 3766 2512
f 2851 3827 2742
f 2982 2995 2920
f 2923 4148 2919
f 4066 2911 2894
f 4148 2895 1476
f 4151 2936 1244
f 2921 4158 2981
f 2920 4159 2921
f 4158 2923 2946
f 2981 4158 2995
f 2947 4158 2946
f 4158 485 2414
f 2906 4140 2975
f 2972 2641 781
f 2943 3375 2877
f 3375 2836 2956
f 3375 612 611
f 2898 3365 654
f 2087 4059 2620
f 3435 2951 2950
f 3328 2296 1549
f 2168 3656 535
f 3724 1361 1487
f 3380 2851 2850
f 1880 4059 2087
f 4148 2909 2919
f 2895 4066 2894
f 4148 1476 1475
f 4158 2414 2413
f 781 2641 782
f 1015 344 2754
f 3212 1015 1014
f 2957 3375 2956
f 3375 611 468
f 654 3365 655
f 2045 3429 2046
f 2922 3432 2914
f 2697 3433 2071
f 3724 1487 1486
f 1161 3801 2804
f 2909 4148 1475
f 4158 2413 2955
f 782 2641 783
f 3375 468 2565
f 655 3365 2897
f 3429 2764 2724
f 2978 3435 2927
f 2865 3436 456
f 2296 1876 1875
f 3328 1549 2616
f 2907 3723 556
f 3724 1486 1883
f 2804 3801 2805
f 783 2641 848
f 3212 1014 2738
f 3375 2565 2564
f 2897 3365 2896
f 3428 2913 2912
f 3724 1883 2262
f 2805 3801 2143
f 3380 2850 2910
f 4158 2955 2453
f 848 2641 849
f 3375 2564 2835
f 2896 3365 648
f 3433 2583 2072
f 3436 457 456
f 2296 1875 1874
f 3724 2262 2917
f 4158 2453 2452
f 3375 2835 1023
f 648 3365 649
f 3435 2950 2934
f 3724 2917 1931
f 2143 3801 2144
f 4158 2452 2965
f 3375 1023 2856
f 649 3365 645
f 3429 2724 2046
f 2071 3433 2072
f 2927 3435 2928
f 2144 3801 2145
f 2995 4158 2965
f 268 3217 269
f 3365 646 645
f 2599 3428 2979
f 2977 3724 1931
f 2145 3801 2727
f 2444 2641 1827
f 3211 2803 637
f 3432 2904 2903
f 3435 2934 2928
f 2727 3801 1490
f 2641 1828 1827
f 2914 3432 2915
f 3801 1491 1490
f 2668 2667 2968
f 3328 2616 2702
f 3428 2912 2979
f 3217 270 269
f 3432 2903 2915
