# rocket_middle — converted + decimated for MAMABEAVER
o rocket_middle
v 92.96799 80.37393 115.24623
v 93.45174 80.20751 115.24623
v 93.65279 80.81606 121.43239
v 110.88889 116.31091 125.80789
v 109.25784 115.46194 125.80789
v 110.00536 114.98859 125.80789
v 114.97888 89.98495 125.80789
v 115.45224 90.73248 125.80789
v 111.95255 92.00708 131.13422
v 106.24220 122.59142 56.46728
v 105.68588 122.73805 56.46728
v 105.68357 122.72884 59.92980
v 100.54453 77.42332 25.03815
v 101.09149 77.58475 22.87794
v 101.09843 77.44371 25.03815
v 88.16216 82.29793 10.14023
v 88.60014 82.01299 10.14023
v 88.38291 81.66994 13.96325
v 122.11330 105.54153 85.70277
v 121.97064 106.08279 85.70277
v 121.81270 106.03908 89.37952
v 77.86653 93.87753 81.96471
v 78.02345 93.33643 81.96471
v 78.00996 93.91722 85.70277
v 81.59129 100.90388 0.67171
v 81.19991 100.00001 0.47166
v 81.22253 100.92200 0.47166
v 118.13352 88.51093 108.26495
v 118.23132 89.06676 110.72946
v 117.95751 88.62239 110.72946
v 85.29370 83.78481 102.77635
v 85.82886 83.58295 105.62372
v 85.43022 83.93543 105.62372
v 120.81250 110.48102 43.51292
v 120.54901 110.98886 43.51292
v 120.59802 111.01505 46.60173
v 117.39076 88.37338 3.95926
v 117.67085 88.80392 3.95926
v 117.62659 88.83195 4.09200
v 112.81708 83.56401 6.51867
v 113.21658 83.88374 6.51867
v 113.34950 83.72176 8.16897
v 76.96748 96.00517 46.60173
v 77.07245 95.44135 46.60173
v 77.03255 95.43343 49.79552
v 105.59991 122.39478 78.20023
v 105.04861 122.52570 78.20023
v 105.56799 122.26736 81.96471
v 118.83730 91.08604 6.51867
v 119.05037 91.55125 6.51867
v 119.24194 91.46634 8.16897
v 117.00928 92.95052 0.67171
v 117.33467 93.79408 0.67171
v 117.68230 93.66971 0.47166
v 99.99030 118.02661 125.80789
v 99.99030 114.38686 131.13422
v 100.69624 114.36954 131.13422
v 105.20831 79.16859 108.26495
v 105.66239 79.50372 110.72946
v 105.15768 79.37068 110.72946
v 80.15547 91.20782 13.96325
v 80.37721 90.72371 13.96325
v 79.74448 91.02564 18.93339
v 93.72254 88.27386 4.45090
v 93.36877 85.99995 2.75223
v 92.68980 86.34171 2.75223
v 109.36411 81.37744 6.51867
v 109.81831 81.61310 6.51867
v 109.91708 81.42830 8.16897
v 99.00060 120.14581 0.01952
v 98.00687 120.13808 0.04507
v 98.99439 120.27223 0.08257
v 78.13235 101.07381 102.77635
v 78.31583 100.53208 105.62372
v 78.33542 101.06384 105.62372
v 110.68430 118.87753 13.96325
v 110.02638 118.77620 10.14023
v 110.21780 119.13429 13.96325
v 120.73448 102.04312 115.24623
v 120.04202 102.47314 121.43239
v 120.09667 101.98030 121.43239
v 106.06329 116.97285 125.80789
v 105.22315 117.25040 125.80789
v 104.16658 113.76737 131.13422
v 115.70367 114.96037 13.96325
v 115.64968 115.65939 18.93339
v 116.02927 115.27036 18.93339
v 107.72485 78.38338 32.25702
v 108.25302 78.57970 32.25702
v 107.76051 78.28374 34.90120
v 78.59400 91.13737 37.66021
v 78.81795 90.61494 37.66021
v 78.74248 90.58148 40.53161
v 112.02417 120.07730 49.79552
v 111.52782 120.36658 49.79552
v 112.03696 120.09863 53.08661
v 114.91048 82.70337 29.73015
v 115.33047 83.07472 29.73015
v 114.98631 82.61548 32.25702
v 97.71221 76.87018 40.53161
v 98.27541 76.75189 43.51292
v 97.70539 76.80097 43.51292
v 116.91557 115.34017 29.73015
v 116.53401 115.75092 29.73015
v 116.61807 115.83096 32.25702
v 115.39262 114.66422 110.72946
v 115.02809 115.03780 110.72946
v 114.72962 114.73933 115.24623
v 106.82588 88.59552 4.45090
v 107.37724 88.94467 4.45090
v 108.59441 87.12306 2.75223
v 114.74123 82.89958 25.03815
v 115.24628 83.16763 27.32304
v 114.82860 82.79829 27.32304
v 100.87482 81.99510 125.80789
v 100.69624 85.63046 131.13422
v 99.99030 85.61314 131.13422
v 105.93246 121.47218 96.40968
v 105.40372 121.61154 96.40968
v 105.35641 121.42267 99.69339
v 110.47260 118.50385 110.72946
v 110.01534 118.75552 110.72946
v 109.81635 118.38326 115.24623
v 116.51315 83.47714 46.60173
v 116.91367 83.88762 46.60173
v 116.94313 83.85957 49.79552
v 119.90717 89.35422 25.03815
v 120.28191 89.78606 27.32304
v 120.02513 89.29117 27.32304
v 77.39491 103.35172 29.73015
v 77.31946 102.79619 29.73015
v 77.20427 102.81039 32.25702
v 112.42955 90.77442 2.75223
v 112.86724 91.39590 2.75223
v 113.67700 90.85484 2.01394
v 77.17519 98.87917 29.73015
v 77.20956 98.31960 29.73015
v 77.09380 98.31105 32.25702
v 113.18248 117.78760 18.93339
v 112.48312 117.73845 13.96325
v 112.74198 118.10600 18.93339
v 112.47440 117.72607 105.62372
v 112.03562 118.02710 105.62372
v 112.35577 117.55763 108.26495
v 112.59146 117.89229 102.77635
v 100.56532 76.57603 59.92980
v 101.14001 76.59719 59.92980
v 101.13863 76.62524 63.46646
v 107.79864 120.24236 13.96325
v 107.45097 120.85115 18.93339
v 107.96043 120.66179 18.93339
v 117.24069 105.23286 125.80789
v 116.96315 106.07298 125.80789
v 113.75768 104.17629 131.13422
v 83.38991 86.37642 108.26495
v 83.72926 85.97312 108.26495
v 83.88701 86.10921 110.72946
v 119.77348 90.64326 102.77635
v 119.81128 91.21397 105.62372
v 119.58969 90.73018 105.62372
v 88.44119 79.61296 59.92980
v 88.94051 79.32729 56.46728
v 88.94499 79.33568 59.92980
v 119.55208 88.27513 85.70277
v 119.69133 88.83951 89.37952
v 119.41150 88.35938 89.37952
v 118.71410 86.11349 43.51292
v 119.09467 86.54518 46.60173
v 118.75873 86.08040 46.60173
v 118.04626 112.71645 99.69339
v 117.88515 113.27173 96.40968
v 117.72874 113.15573 99.69339
v 105.12408 77.13829 59.92980
v 105.67676 77.29839 63.46646
v 105.11793 77.16569 63.46646
v 86.23602 83.24036 105.62372
v 104.46964 87.48110 4.45090
v 105.91690 85.69191 2.75223
v 105.20770 85.41834 2.75223
v 76.93134 103.42047 43.51292
v 76.85434 102.85355 43.51292
v 76.79918 102.86035 46.60173
v 111.83820 81.29012 18.93339
v 112.04404 81.96031 13.96325
v 112.29379 81.58652 18.93339
v 81.64292 86.39266 29.73015
v 81.98239 85.94650 29.73015
v 81.89089 85.87508 32.25702
v 117.45496 115.06512 34.90120
v 117.15013 115.55276 37.66021
v 117.52664 115.12695 37.66021
v 117.58916 115.18089 40.53161
v 88.44051 79.61179 53.08661
v 88.43651 79.60469 56.46728
v 121.31018 93.53268 96.40968
v 121.46249 94.05785 96.40968
v 121.27483 94.10979 99.69339
v 97.97540 79.54228 4.36418
v 98.47806 79.49901 4.36418
v 98.45657 79.20780 6.51867
v 99.99030 81.97339 125.80789
v 111.14430 117.61409 6.51867
v 110.70867 117.88252 6.51867
v 110.81641 118.06226 8.16897
v 102.71751 77.88834 96.40968
v 103.25935 77.96192 96.40968
v 102.69369 78.08159 99.69339
v 98.99401 120.27991 124.66771
v 98.48083 120.46339 123.18382
v 112.59830 115.36291 0.01552
v 111.92107 116.08678 0.00002
v 113.33694 114.72575 0.01552
v 111.96188 109.82484 2.75223
v 112.71471 110.44266 2.01394
v 113.21178 109.80573 2.01394
v 116.25136 85.97312 108.26495
v 116.59070 86.37642 108.26495
v 116.42964 86.50858 110.72946
v 122.39548 98.34730 92.96011
v 122.24268 98.90681 96.40968
v 122.20915 98.36105 96.40968
v 90.73466 81.61221 122.62129
v 91.18871 81.39061 122.62129
v 91.21730 81.45107 123.18382
v 121.86801 100.53707 102.77635
v 121.64520 101.06384 105.62372
v 121.66477 100.53208 105.62372
v 99.23039 115.46832 2.75223
v 98.47231 115.41239 2.75223
v 98.37685 116.38159 2.01394
v 107.80553 78.15790 74.44415
v 108.29907 78.46031 78.20023
v 107.76797 78.26289 78.20023
v 121.11568 108.14896 89.37952
v 120.74622 108.59738 92.96011
v 120.95097 108.08543 92.96011
v 85.74203 81.74255 37.66021
v 86.14522 81.33205 40.53161
v 85.69125 81.67745 40.53161
v 111.54008 120.38823 53.08661
v 78.30592 91.63541 40.53161
v 105.71796 79.30293 108.26495
v 79.12587 91.35767 25.03815
v 79.22196 90.79404 27.32304
v 79.00230 91.30649 27.32304
v 95.66989 78.27982 18.93339
v 96.20423 78.18034 18.93339
v 95.61203 77.98895 22.87794
v 112.51328 80.22408 49.79552
v 112.97222 80.57118 46.60173
v 112.99483 80.53735 49.79552
v 110.20423 79.70840 27.32304
v 110.63609 80.08313 25.03815
v 110.69914 79.96517 27.32304
v 78.72585 98.95535 10.14023
v 78.35294 98.40393 13.96325
v 78.32030 98.93542 13.96325
v 122.14838 105.55032 29.73015
v 122.11734 106.12338 32.25702
v 122.26096 105.57851 32.25702
v 103.38847 122.90852 37.66021
v 102.82523 122.98502 37.66021
v 102.83534 123.06696 40.53161
v 122.36362 105.60423 34.90120
v 122.31058 106.17686 37.66021
v 122.45544 105.62723 37.66021
v 117.96970 114.03127 85.70277
v 117.49326 114.36432 89.37952
v 117.84052 113.93044 89.37952
v 93.63763 79.05803 102.77635
v 94.15347 78.90843 102.77635
v 94.20770 79.10437 105.62372
v 110.21066 119.12094 105.62372
v 86.10379 81.27621 43.51292
v 83.04077 83.86272 63.46646
v 83.47553 83.48524 67.06956
v 83.07521 83.89551 67.06956
v 103.42854 123.17878 53.08661
v 102.85867 123.25617 53.08661
v 102.85967 123.26425 56.46728
v 120.27315 88.50992 43.51292
v 120.48769 89.04391 40.53161
v 120.54901 89.01115 43.51292
v 105.11893 77.16123 49.79552
v 105.67786 77.29398 49.79552
v 105.68391 77.26984 53.08661
v 112.67281 82.89963 10.14023
v 113.08865 83.21603 10.14023
v 90.29994 81.87061 4.36418
v 90.61649 81.37744 6.51867
v 90.16229 81.61310 6.51867
v 77.43066 103.34641 85.70277
v 77.35535 102.79176 85.70277
v 77.59277 103.32236 89.37952
v 97.99030 120.30634 0.19769
v 100.54106 77.56448 22.87794
v 119.24646 112.86655 37.66021
v 118.92490 113.33525 37.66021
v 119.31511 112.91242 40.53161
v 113.01317 119.49010 56.46728
v 112.53094 119.80383 56.46728
v 112.52585 119.79579 59.92980
v 104.98518 119.94064 4.36418
v 104.55827 120.34212 6.51867
v 105.05612 120.22388 6.51867
v 77.93240 98.91637 99.69339
v 77.96564 98.37537 99.69339
v 78.16530 98.39009 102.77635
v 102.78648 77.32915 29.73015
v 103.34201 77.40460 29.73015
v 102.80070 77.21397 32.25702
v 83.55431 87.17323 6.51867
v 83.87405 86.77374 6.51867
v 83.71207 86.64081 8.16897
v 112.32977 80.51385 34.90120
v 112.80426 80.82254 34.90120
v 112.85685 80.74384 37.66021
v 82.42655 86.29312 96.40968
v 82.76823 85.86621 96.40968
v 82.91875 85.98973 99.69339
v 88.34969 80.57880 89.37952
v 88.91682 80.45258 92.96011
v 88.44044 80.73023 92.96011
v 90.11948 79.12991 78.20023
v 90.63464 78.89395 78.20023
v 90.17564 79.24866 81.96471
v 97.94106 120.80640 2.81853
v 98.45229 120.85043 2.81853
v 118.76256 105.69450 125.80789
v 117.62238 110.56827 4.36418
v 117.60439 111.15401 6.51867
v 117.87283 110.71838 6.51867
v 83.99567 84.77184 99.69339
v 123.14252 100.56835 37.66021
v 123.12160 101.13638 37.66021
v 123.20406 101.14043 40.53161
v 97.75488 77.30334 85.70277
v 98.31255 77.25533 85.70277
v 98.32462 77.41875 89.37952
v 89.46602 79.09184 49.79552
v 89.97166 78.81738 53.08661
v 89.45483 79.06963 53.08661
v 105.05612 79.77612 6.51867
v 105.55091 79.90653 6.51867
v 105.60680 79.70458 8.16897
v 86.04646 81.19891 49.79552
v 86.03165 81.17892 53.08661
v 78.66100 91.16512 78.20023
v 78.88425 90.64433 78.20023
v 79.00435 90.69756 81.96471
v 121.43942 101.05373 108.26495
v 121.45882 100.52702 108.26495
v 77.69321 102.75008 92.96011
v 77.76741 103.29646 92.96011
v 107.55089 78.86961 22.87794
v 108.06716 79.06152 22.87794
v 107.59846 78.73665 25.03815
v 97.94678 120.74831 6.51867
v 98.45657 120.79221 6.51867
v 112.27432 94.91180 4.45090
v 114.29839 94.07339 2.75223
v 81.16763 88.08067 96.40968
v 81.62770 87.73051 99.69339
v 97.92623 120.95683 8.16897
v 98.44116 121.00118 8.16897
v 117.24069 94.76715 125.80789
v 113.94601 96.50429 131.13422
v 113.75768 95.82372 131.13422
v 98.42410 121.23242 10.14023
v 97.90350 121.18759 10.14023
v 79.19810 98.46628 6.51867
v 79.03346 97.93594 8.16897
v 78.98912 98.45087 8.16897
v 123.22504 100.57038 40.53161
v 123.27351 101.14384 43.51292
v 97.86370 121.59167 13.96325
v 98.39423 121.63736 13.96325
v 97.81964 122.03908 18.93339
v 107.29951 120.42789 13.96325
v 98.36116 122.08571 18.93339
v 115.17970 103.02136 2.75223
v 115.01315 103.76302 2.75223
v 115.95784 103.99966 2.01394
v 97.79057 122.33423 22.87794
v 98.33934 122.38147 22.87794
v 97.77673 122.47475 25.03815
v 98.32896 122.52231 25.03815
v 97.76363 122.60786 27.32304
v 98.31911 122.65570 27.32304
v 97.75134 122.73264 29.73015
v 118.19058 85.79636 78.20023
v 118.42818 86.32555 81.96471
v 118.08702 85.87717 81.96471
v 98.30989 122.78075 29.73015
v 117.84052 86.06956 89.37952
v 118.03520 86.61700 92.96011
v 98.30135 122.89650 32.25702
v 97.73995 122.84815 32.25702
v 97.72958 122.95348 34.90120
v 107.38663 87.65997 131.13422
v 107.98322 88.03777 131.13422
v 98.29357 123.00203 34.90120
v 97.72031 123.04768 37.66021
v 98.28661 123.09644 37.66021
v 97.71221 123.12984 40.53161
v 98.28053 123.17877 40.53161
v 97.70539 123.19902 43.51292
v 98.27541 123.24812 43.51292
v 97.69995 123.25433 46.60173
v 98.27133 123.30354 46.60173
v 105.56882 122.27066 32.25702
v 105.04378 122.50411 34.90120
v 105.59452 122.37331 34.90120
v 98.26833 123.34410 49.79552
v 97.69596 123.29482 49.79552
v 90.72047 80.40060 105.62372
v 91.28774 80.36736 108.26495
v 90.80856 80.58685 108.26495
v 97.69353 123.31956 53.08661
v 98.26650 123.36890 53.08661
v 97.69273 123.32767 56.46728
v 98.26591 123.37703 56.46728
v 97.69366 123.31821 59.92980
v 98.26660 123.36755 59.92980
v 120.14082 111.41512 37.66021
v 97.69641 123.29028 63.46646
v 120.03587 92.82758 10.14023
v 120.20586 93.32169 10.14023
v 120.59140 93.19431 13.96325
v 98.26868 123.33955 63.46646
v 97.70107 123.24295 67.06956
v 98.27217 123.29214 67.06956
v 97.70773 123.17532 70.73135
v 98.27718 123.22435 70.73135
v 97.71648 123.08647 74.44415
v 98.28374 123.13532 74.44415
v 98.29195 123.02412 78.20023
v 97.72742 122.97549 78.20023
v 97.74030 122.84476 81.96471
v 78.11258 100.53707 102.77635
v 98.30161 122.89310 81.96471
v 98.31255 122.74468 85.70277
v 97.75488 122.69666 85.70277
v 97.77094 122.53357 89.37952
v 120.14003 94.42383 2.81853
v 119.99712 93.93101 2.81853
v 98.32462 122.58125 89.37952
v 98.33759 122.40517 92.96011
v 97.78825 122.35788 92.96011
v 97.80656 122.17194 96.40968
v 98.35134 122.21886 96.40968
v 97.82565 121.97817 99.69339
v 98.36566 122.02467 99.69339
v 98.38039 121.82501 102.77635
v 97.84526 121.77893 102.77635
v 120.35092 89.11703 78.20023
v 120.23506 89.17896 81.96471
v 119.04924 86.57719 43.51292
v 97.86520 121.57661 105.62372
v 98.39534 121.62227 105.62372
v 97.88538 121.37158 108.26495
v 98.41051 121.41681 108.26495
v 98.42583 121.20903 110.72946
v 97.90581 121.16425 110.72946
v 97.94717 120.74419 115.24623
v 98.45689 120.78807 115.24623
v 100.55089 77.16425 29.73015
v 98.00999 120.10638 121.43239
v 98.50403 120.14893 121.43239
v 86.10704 83.08321 102.77635
v 115.08990 114.37602 6.51867
v 114.88072 114.89043 8.16897
v 115.24166 114.52052 8.16897
v 118.49414 110.48229 110.72946
v 117.86928 110.71625 115.24623
v 118.12688 110.27425 115.24623
v 93.29503 77.92863 34.90120
v 93.81345 77.67973 37.66021
v 93.26755 77.83804 37.66021
v 97.98283 120.38225 121.65628
v 103.31267 122.39754 89.37952
v 102.74039 122.29710 92.96011
v 103.28675 122.22289 92.96011
v 90.89764 80.77518 110.72946
v 91.37218 80.55782 110.72946
v 83.56178 85.82867 13.96325
v 83.91451 85.42976 13.96325
v 83.22138 85.53503 18.93339
v 86.25078 81.47440 34.90120
v 86.70956 81.14279 34.90120
v 86.65505 81.06541 37.66021
v 105.55091 120.09348 6.51867
v 105.10703 120.42715 8.16897
v 105.60680 120.29543 8.16897
v 120.14020 100.49465 125.32436
v 120.05832 100.98589 125.47449
v 120.07648 100.49310 125.47449
v 121.72742 107.77766 78.20023
v 121.53000 108.30878 78.20023
v 121.40742 108.26151 81.96471
v 95.49063 77.37865 34.90120
v 96.03096 77.18178 37.66021
v 98.00012 120.20660 124.66771
v 110.49115 120.86163 67.06956
v 109.97602 121.11304 67.06956
v 109.94698 121.05161 70.73135
v 109.99831 121.16016 49.79552
v 110.00894 121.18263 53.08661
v 88.40739 82.66495 6.51867
v 88.72420 82.20888 8.16897
v 88.29097 82.49072 8.16897
v 118.11401 107.50709 125.80789
v 117.72382 108.38734 125.80789
v 122.01497 98.37537 99.69339
v 121.81532 98.39009 102.77635
v 113.27042 100.65241 4.45090
v 115.40269 101.51800 2.75223
v 115.45862 100.75992 2.75223
v 94.20367 79.08978 13.96325
v 94.71857 78.95406 13.96325
v 97.71790 115.31934 2.75223
v 111.42626 86.06525 125.80789
v 109.11723 88.87881 131.13422
v 76.93271 100.56603 34.90120
v 76.95355 101.13172 34.90120
v 108.91944 90.14822 4.45090
v 110.39072 88.52492 2.75223
v 97.45349 117.10178 1.40889
v 93.81691 79.64909 110.72946
v 79.74254 89.17735 32.25702
v 80.01424 88.68370 32.25702
v 79.92215 88.63153 34.90120
v 112.34161 80.49516 78.20023
v 112.87852 80.71143 74.44415
v 112.81657 80.80415 78.20023
v 77.53102 100.55135 92.96011
v 77.71779 100.54677 96.40968
v 122.06816 100.54198 99.69339
v 121.84824 101.07381 102.77635
v 115.30965 97.72759 2.75223
v 116.37189 98.38655 2.01394
v 109.74513 80.62048 13.96325
v 109.94727 80.21893 18.93339
v 110.30650 119.30023 102.77635
v 81.21951 88.74922 102.77635
v 81.67302 88.40071 105.62372
v 81.39388 88.85374 105.62372
v 114.95068 84.28664 13.96325
v 115.33179 84.65852 13.96325
v 115.64968 84.34062 18.93339
v 107.79864 79.75765 13.96325
v 108.13767 80.33051 10.14023
v 114.48151 117.65759 29.73015
v 114.11523 118.09941 32.25702
v 114.55515 117.74732 32.25702
v 116.47386 83.51645 43.51292
v 116.87343 83.92593 43.51292
v 84.49905 83.72903 92.96011
v 85.02850 83.49219 96.40968
v 84.62788 83.86434 96.40968
v 120.75040 110.44975 40.53161
v 120.48769 110.95609 40.53161
v 87.11337 91.39590 2.75223
v 87.55106 90.77442 2.75223
v 86.30360 90.85484 2.01394
v 117.49326 85.63570 89.37952
v 117.70133 86.17818 92.96011
v 117.35680 85.74770 92.96011
v 95.43388 77.09336 67.06956
v 95.99741 76.98844 67.06956
v 96.00903 77.05540 70.73135
v 122.25765 105.57768 81.96471
v 122.11406 106.12247 81.96471
v 118.23132 110.93324 110.72946
v 117.60089 111.15179 115.24623
v 76.65160 98.85345 46.60173
v 76.64621 98.27803 49.79552
v 103.42423 123.14967 63.46646
v 102.84925 123.17976 67.06956
v 103.41725 123.10262 67.06956
v 102.86871 80.59538 125.80789
v 103.50713 82.31976 125.80789
v 120.96016 93.07249 99.69339
v 120.93227 93.64732 102.77635
v 120.77007 93.13529 102.77635
v 120.05846 88.63153 34.90120
v 120.33141 89.12746 34.90120
v 120.41489 89.08283 37.66021
v 78.36804 98.40505 105.62372
v 78.57349 98.42020 108.26495
v 80.03934 93.94794 6.51867
v 80.19389 93.46015 6.51867
v 79.99491 93.39442 8.16897
v 118.65825 86.15491 40.53161
v 84.02277 96.00034 2.01394
v 84.23824 95.22166 2.01394
v 83.21953 95.79915 1.40889
v 116.22215 83.76816 81.96471
v 116.61562 84.17139 81.96471
v 116.50783 84.27402 85.70277
v 110.12316 83.09435 0.05833
v 111.73141 84.16895 0.05833
v 111.03176 83.47528 0.01552
v 100.98660 120.27991 124.66771
v 101.09149 122.41525 22.87794
v 120.82858 100.51155 115.24623
v 120.18787 100.49583 121.43239
v 97.19412 122.67085 29.73015
v 103.28327 122.19939 22.87794
v 102.75476 122.41365 25.03815
v 109.99635 78.84398 63.46646
v 110.51254 79.09590 63.46646
v 109.97602 78.88696 67.06956
v 77.59047 93.80113 40.53161
v 77.68280 93.23309 43.51292
v 77.52345 93.78259 43.51292
v 83.53282 86.49371 10.14023
v 84.04482 86.24533 8.16897
v 83.86925 86.09389 10.14023
v 87.61263 81.47550 96.40968
v 88.07098 81.17732 96.40968
v 87.72080 81.63741 99.69339
v 86.06754 87.38114 0.47166
v 86.70348 86.71318 0.47166
v 86.18181 86.19151 0.12624
v 112.71391 96.14034 4.45090
v 86.75819 101.30325 4.45090
v 84.52200 100.75992 2.75223
v 84.57791 101.51800 2.75223
v 117.64180 115.22630 43.51292
v 117.26282 115.65491 43.51292
v 117.68388 115.26260 46.60173
v 79.45262 103.56362 115.24623
v 79.37135 103.05853 115.24623
v 80.00531 102.96449 121.43239
v 76.70711 98.85617 43.51292
v 76.74220 98.28511 43.51292
v 117.45496 84.93488 34.90120
v 117.81943 85.36803 34.90120
v 117.89259 85.30797 37.66021
v 78.85674 93.58920 99.69339
v 79.21053 93.13529 102.77635
v 79.04832 93.64732 102.77635
v 115.57108 112.78681 125.32436
v 115.25257 113.16534 125.32436
v 115.20432 113.12370 125.47449
v 116.10336 113.22365 115.24623
v 115.28870 113.19649 121.43239
v 115.60794 112.81708 121.43239
v 89.50800 81.49616 110.72946
v 90.16425 81.61674 115.24623
v 112.40985 83.25417 6.51867
v 112.63744 83.79420 4.36418
v 122.88138 102.82334 34.90120
v 122.80519 103.38428 34.90120
v 116.42471 83.56561 40.53161
v 103.28327 77.80063 22.87794
v 103.30399 77.66094 25.03815
v 91.20119 81.41696 4.36418
v 91.07633 81.15300 6.51867
v 79.44855 96.43568 6.51867
v 79.82860 95.98959 4.36418
v 111.92117 117.85580 108.26495
v 96.13063 87.27640 4.45090
v 95.49467 85.17990 2.75223
v 121.04997 103.12392 10.14023
v 120.73851 103.60015 8.16897
v 120.96696 103.63980 10.14023
v 97.34525 117.83150 125.80789
v 118.31835 90.77444 123.18382
v 118.53925 91.22701 123.18382
v 118.34523 91.31876 124.66771
v 102.58425 113.04066 5.21291
v 98.03935 113.15222 5.21291
v 98.68706 113.23212 5.21291
v 119.96637 88.68370 32.25702
v 83.50674 83.51645 43.51292
v 83.87791 83.07664 46.60173
v 83.46745 83.47714 46.60173
v 78.17063 103.78607 18.93339
v 78.08429 103.24945 18.93339
v 77.79092 103.29298 22.87794
v 77.09073 96.02655 40.53161
v 79.90289 88.62064 78.20023
v 80.14668 88.75874 85.70277
v 80.56909 88.35938 89.37952
v 80.28928 88.83951 89.37952
v 82.37970 88.84821 115.24623
v 82.65868 88.41939 115.24623
v 82.92117 89.19109 121.43239
v 110.72874 114.47911 125.80789
v 81.18726 91.10683 4.19268
v 81.41116 90.64806 4.19268
v 81.31418 91.16685 4.30360
v 120.50726 90.90546 22.87794
v 120.85474 91.35767 25.03815
v 120.63635 90.84824 25.03815
v 83.41534 83.42505 56.46728
v 83.83366 83.03014 59.92980
v 83.42207 83.43176 59.92980
v 77.28009 103.36874 32.25702
v 103.04945 120.62305 6.51867
v 88.15358 83.19315 4.36418
v 120.83272 100.51166 6.51867
v 120.81389 101.02300 6.51867
v 121.02318 101.03329 8.16897
v 91.01595 79.75418 18.93339
v 91.40202 79.26604 22.87794
v 90.89577 79.48305 22.87794
v 103.48892 117.58875 0.97105
v 102.62167 117.73923 0.97105
v 103.58411 118.06725 0.67171
v 85.64848 81.62264 43.51292
v 86.07069 81.23158 46.60173
v 81.10159 87.37897 27.32304
v 81.52638 86.99625 25.03815
v 81.41702 86.91922 27.32304
v 113.98866 115.44480 115.24623
v 113.55826 114.96992 121.43239
v 100.54164 77.54073 92.96011
v 101.09265 77.56101 92.96011
v 118.30757 88.40071 105.62372
v 118.41002 88.95966 108.26495
v 83.06693 83.88762 46.60173
v 119.12793 86.52177 49.79552
v 117.97733 88.60985 10.14023
v 118.59970 88.84595 13.96325
v 118.32037 88.39262 13.96325
v 105.77290 120.89563 105.62372
v 105.25835 121.03125 105.62372
v 105.20831 120.83141 108.26495
v 121.25471 95.77025 105.62372
v 121.35211 96.29337 105.62372
v 121.14913 96.32860 108.26495
v 83.18909 84.00391 74.44415
v 83.58672 83.59641 74.44415
v 83.66557 83.67526 78.20023
v 77.37296 96.07552 81.96471
v 80.93135 86.57719 43.51292
v 81.22188 86.08040 46.60173
v 80.88593 86.54518 46.60173
v 114.16164 83.57150 13.96325
v 114.45528 83.23109 18.93339
v 118.99240 86.61722 40.53161
v 113.48172 83.56065 110.72946
v 114.01718 83.73895 108.26495
v 113.88110 83.89671 110.72946
v 117.40465 87.08464 105.62372
v 106.40109 78.86644 99.69339
v 106.91782 79.03014 99.69339
v 106.85501 79.22023 102.77635
v 106.10318 120.15147 8.16897
v 113.72983 81.47440 34.90120
v 85.86539 81.90060 32.25702
v 85.80028 81.81717 34.90120
v 84.71994 83.96104 18.93339
v 85.11816 83.59111 18.93339
v 84.91898 83.37137 22.87794
v 106.23218 122.55521 63.46646
v 105.67676 122.70161 63.46646
v 105.66521 122.65549 67.06956
v 83.92677 83.93648 27.32304
v 84.32584 83.54710 27.32304
v 84.23938 83.45630 29.73015
v 118.93282 88.64629 99.69339
v 119.37517 89.01862 96.40968
v 119.20574 89.11459 99.69339
v 83.83812 83.84782 29.73015
v 112.46178 80.30538 43.51292
v 112.94135 80.61739 43.51292
v 113.20815 81.23210 81.96471
v 113.66476 81.56213 81.96471
v 113.12247 81.35378 85.70277
v 105.10751 77.21208 67.06956
v 105.66521 77.34453 67.06956
v 114.15234 85.83795 0.00002
v 114.71606 86.65337 0.01552
v 115.47227 87.29427 0.00002
v 121.02155 105.26805 105.62372
v 121.08188 105.83682 102.77635
v 120.88593 105.78261 105.62372
v 122.46262 102.77170 89.37952
v 122.21320 103.29646 92.96011
v 122.28739 102.75008 92.96011
v 116.96114 83.84241 53.08661
v 117.35256 84.26378 53.08661
v 116.96704 83.83681 56.46728
v 117.35860 84.25830 56.46728
v 106.02937 121.82240 89.37952
v 110.00894 78.81738 53.08661
v 110.52943 79.06235 56.46728
v 110.01242 78.81001 56.46728
v 120.49655 108.16744 14.88506
v 120.35086 107.74445 14.94232
v 120.18739 108.02066 14.37039
v 120.49757 110.32249 32.25702
v 120.33141 110.87254 34.90120
v 120.59210 110.37007 34.90120
v 78.98001 90.06287 40.53161
v 116.05383 83.93648 27.32304
v 116.14249 83.84782 29.73015
v 115.49435 117.10609 78.20023
v 115.06989 117.48142 78.20023
v 114.98407 117.38196 81.96471
v 93.31198 79.78445 10.14023
v 93.81011 79.62665 10.14023
v 97.72958 77.04653 34.90120
v 98.28661 76.90356 37.66021
v 114.88072 85.10959 8.16897
v 115.40961 85.31961 10.14023
v 115.04469 84.94563 10.14023
v 117.06186 85.98973 99.69339
v 117.24271 86.53609 102.77635
v 116.90710 86.11674 102.77635
v 97.87932 114.23116 131.13422
v 77.64249 93.81763 74.81255
v 77.82863 93.17616 74.73804
v 122.29781 93.23309 43.51292
v 122.51070 93.76776 46.60173
v 122.35098 93.21696 46.60173
v 109.45833 81.19028 8.16897
v 119.89064 110.01700 96.40968
v 120.13049 109.52560 96.40968
v 115.11726 82.46367 37.66021
v 115.17119 82.40115 40.53161
v 122.62608 100.55569 89.37952
v 122.44958 100.55135 92.96011
v 95.42461 81.77272 0.47166
v 96.32448 81.57066 0.47166
v 96.18054 80.84708 0.12624
v 119.62294 91.29745 108.26495
v 119.43248 91.38187 110.72946
v 111.14436 81.39059 13.96325
v 120.05846 111.36846 34.90120
v 112.81708 116.43600 6.51867
v 112.53468 116.91414 8.16897
v 112.94599 116.60118 8.16897
v 105.82713 78.90843 102.77635
v 115.19814 93.70071 2.01394
v 90.54361 78.68861 43.51292
v 91.06947 78.46320 43.51292
v 91.04819 78.41185 46.60173
v 117.32191 88.41939 115.24623
v 112.67108 112.68079 0.97105
v 112.56985 81.17337 89.37952
v 112.92644 81.63210 92.96011
v 112.47177 81.32016 92.96011
v 103.93724 122.74677 78.20023
v 103.91479 122.61734 81.96471
v 100.50185 79.16173 115.24623
v 101.01309 79.18056 115.24623
v 100.98164 79.82068 121.43239
v 117.55405 113.70689 96.40968
v 117.40054 113.58710 99.69339
v 120.12318 102.98643 0.13309
v 120.00282 103.98074 0.19769
v 120.09448 103.48841 0.19769
v 80.39752 88.25655 29.73015
v 80.11523 88.74091 29.73015
v 80.16931 91.21397 105.62372
v 80.39090 90.73018 105.62372
v 80.57715 90.81827 108.26495
v 102.66917 78.28027 102.77635
v 103.23077 78.15453 99.69339
v 103.20139 78.35256 102.77635
v 120.32149 88.48253 46.60173
v 120.59802 88.98495 46.60173
v 120.63390 88.96577 49.79552
v 81.26651 86.11349 43.51292
v 118.87901 112.62103 27.32304
v 118.56358 113.08078 27.32304
v 118.98325 112.69070 29.73015
v 113.20815 118.76791 81.96471
v 112.66090 118.96289 85.70277
v 113.12247 118.64623 85.70277
v 106.07308 121.98035 85.70277
v 78.71202 91.79207 85.70277
v 78.91986 91.27235 85.70277
v 79.07127 91.33505 89.37952
v 103.42834 123.17743 59.92980
v 102.85851 123.25482 59.92980
v 102.85507 123.22696 63.46646
v 114.95068 115.71338 13.96325
v 96.47589 120.25407 4.36418
v 116.99905 115.41583 81.96471
v 116.50783 115.72600 85.70277
v 116.88879 115.31590 85.70277
v 90.98674 80.96358 8.16897
v 90.52229 81.19028 8.16897
v 101.13413 76.71680 43.51292
v 101.13686 76.66130 46.60173
v 109.79602 86.77853 2.01394
v 110.43295 87.27560 2.01394
v 110.28929 86.11343 1.40889
v 113.92506 88.56403 125.80789
v 96.06525 122.62070 32.25702
v 118.92490 86.66476 37.66021
v 107.38663 112.34003 131.13422
v 107.98322 111.96224 131.13422
v 96.06583 122.61734 81.96471
v 112.74358 80.91338 81.96471
v 120.14082 88.58488 37.66021
v 115.47949 82.91032 34.90120
v 115.54306 82.84017 37.66021
v 88.17514 81.34183 99.69339
v 116.77428 86.90166 10.14023
v 117.09438 86.65184 13.96325
v 100.75021 115.46832 2.75223
v 88.18717 80.30766 32.25702
v 88.67400 80.02393 32.25702
v 115.46516 116.25377 22.87794
v 115.06162 116.62863 22.87794
v 115.15646 116.73326 25.03815
v 104.22005 78.73560 105.62372
v 104.17986 78.93764 108.26495
v 79.01363 96.36021 10.14023
v 79.33669 95.89175 8.16897
v 79.10928 95.84650 10.14023
v 83.55096 86.50858 110.72946
v 84.20662 86.38490 115.24623
v 117.96970 85.96873 85.70277
v 120.94386 103.63580 110.72946
v 121.02678 103.12047 110.72946
v 115.62920 117.25487 70.73135
v 115.20103 117.63347 70.73135
v 115.14272 117.56586 74.44415
v 117.58916 84.81912 40.53161
v 105.44486 82.01871 0.47166
v 106.56915 81.61339 0.12624
v 105.65903 81.31273 0.12624
v 122.89882 103.39816 37.66021
v 105.77290 79.10437 105.62372
v 105.02058 77.59915 32.25702
v 115.30103 117.74939 56.46728
v 114.85480 118.11243 59.92980
v 120.10382 89.24910 85.70277
v 102.81364 77.10892 34.90120
v 103.37457 77.18511 34.90120
v 103.38847 77.09148 37.66021
v 107.85702 81.00809 4.36418
v 108.32072 81.20686 4.36418
v 101.01309 120.81946 115.24623
v 100.98164 120.17932 121.43239
v 111.42464 120.18443 74.44415
v 110.92584 120.45898 74.44415
v 110.87328 120.36063 78.20023
v 86.07750 81.24077 67.06956
v 86.54206 80.90498 67.06956
v 86.58119 80.96053 70.73135
v 83.38976 88.30859 124.66771
v 83.50931 87.77686 123.18382
v 83.68169 87.90471 124.66771
v 84.90018 84.15035 102.77635
v 78.54118 101.05373 108.26495
v 78.74927 101.04350 110.72946
v 120.18018 108.94955 99.69339
v 119.95447 109.44234 99.69339
v 120.64391 95.89175 8.16897
v 120.73851 96.39984 8.16897
v 120.96696 96.36021 10.14023
v 104.98724 122.25233 85.70277
v 113.02809 81.48775 89.37952
v 81.14330 91.08604 6.51867
v 121.37959 107.65321 27.32304
v 121.18533 108.17583 27.32304
v 121.30231 108.22095 29.73015
v 112.99229 119.45885 63.46646
v 112.48540 119.73190 67.06956
v 112.96587 119.41931 67.06956
v 108.29111 78.48096 34.90120
v 108.32518 78.39265 37.66021
v 102.58425 86.95935 4.45090
v 120.16704 105.05402 4.19268
v 119.76038 105.99719 4.30360
v 120.03084 105.01990 4.30360
v 77.05925 98.87347 32.25702
v 76.98826 98.30328 34.90120
v 114.50748 107.75960 2.01394
v 115.23776 108.14993 1.40889
v 105.66864 120.51889 10.14023
v 105.16338 120.65208 10.14023
v 105.26203 121.04594 13.96325
v 119.07693 112.75328 81.96471
v 118.75821 113.21786 81.96471
v 112.02184 120.07339 63.46646
v 111.52558 120.36261 63.46646
v 117.99821 85.94650 29.73015
v 109.92744 78.98972 40.53161
v 109.95715 78.92686 43.51292
v 105.44910 78.20724 92.96011
v 106.02937 78.17761 89.37952
v 105.98228 78.34776 92.96011
v 117.68259 86.19280 22.87794
v 117.33842 85.76276 22.87794
v 95.75759 121.27927 13.96325
v 95.66989 121.72018 18.93339
v 103.08018 120.83031 8.16897
v 95.61203 122.01106 22.87794
v 112.53468 83.08586 8.16897
v 95.58449 122.14957 25.03815
v 95.55838 122.28075 27.32304
v 95.53392 122.40372 29.73015
v 95.51128 122.51756 32.25702
v 95.49063 122.62135 34.90120
v 95.47217 122.71420 37.66021
v 95.45606 122.79517 40.53161
v 95.44250 122.86337 43.51292
v 95.43166 122.91786 46.60173
v 85.96342 83.73895 108.26495
v 86.36671 83.39961 108.26495
v 95.42372 122.95776 49.79552
v 95.41886 122.98215 53.08661
v 95.41728 122.99014 56.46728
v 95.41914 122.98081 59.92980
v 102.64429 121.51796 105.62372
v 102.61907 121.31349 108.26495
v 95.42461 122.95329 63.46646
v 95.43388 122.90665 67.06956
v 95.44714 122.84000 70.73135
v 85.71806 81.71181 74.44415
v 86.17117 81.36705 74.44415
v 95.46456 122.75243 74.44415
v 95.48631 122.64307 78.20023
v 95.51195 122.51422 81.96471
v 117.73761 85.43515 32.25702
v 117.37483 85.00401 32.25702
v 95.54097 122.36826 85.70277
v 95.57295 122.20753 89.37952
v 95.60739 122.03438 92.96011
v 95.64384 121.85114 96.40968
v 95.68182 121.66016 99.69339
v 95.72089 121.46381 102.77635
v 95.76054 121.26442 105.62372
v 95.80074 121.06236 108.26495
v 120.23612 91.02564 18.93339
v 120.72427 91.41171 22.87794
v 88.17709 84.07172 125.73286
v 88.48871 83.66899 125.63621
v 88.97287 83.51126 125.73286
v 79.43159 89.01115 43.51292
v 79.76796 88.54418 40.53161
v 107.37724 111.05534 4.45090
v 107.95219 113.28362 2.75223
v 108.59441 112.87695 2.75223
v 79.40698 91.47411 96.40968
v 79.62242 90.97154 96.40968
v 79.58688 91.54862 99.69339
v 77.51892 103.33331 27.32304
v 100.51279 78.71632 10.14023
v 101.03496 78.73554 10.14023
v 100.52275 78.31039 13.96325
v 93.00172 78.84525 96.40968
v 93.52298 78.68011 96.40968
v 93.57951 78.86644 99.69339
v 90.74818 79.15009 85.70277
v 91.20570 78.79208 81.96471
v 91.26264 78.92957 85.70277
v 110.55856 117.63207 4.36418
v 120.00978 90.53149 18.93339
v 121.18242 93.57144 18.93339
v 121.01827 93.05331 18.93339
v 117.40054 86.41292 99.69339
v 82.31007 103.51682 125.80789
v 85.87988 102.80675 131.13422
v 86.03459 103.49573 131.13422
v 116.64472 93.10152 125.80789
v 120.36160 110.25405 85.70277
v 119.95929 110.67365 89.37952
v 106.45761 78.68011 96.40968
v 114.88687 117.26927 85.70277
v 114.77983 117.14517 89.37952
v 80.52669 91.37238 10.14023
v 80.95389 90.99644 8.16897
v 80.74428 90.89732 10.14023
v 96.75961 112.89767 5.21291
v 105.07305 77.36549 74.44415
v 105.64870 77.41045 70.73135
v 77.37497 98.88898 89.37952
v 77.58513 98.34730 92.96011
v 115.21660 82.34850 43.51292
v 83.59146 84.38702 89.37952
v 83.97957 83.98927 89.37952
v 84.10440 84.11411 92.96011
v 105.53580 84.50139 2.01394
v 95.51431 117.86914 0.67171
v 95.44714 77.16001 70.73135
v 95.46456 77.24757 74.44415
v 116.22456 83.76575 32.25702
v 116.53870 83.45161 63.46646
v 116.90538 83.89551 67.06956
v 116.50507 83.48524 67.06956
v 110.51958 117.56702 121.65628
v 110.08528 117.82013 121.65628
v 110.11661 117.87543 121.77902
v 117.52664 84.87305 37.66021
v 118.09630 87.24832 18.93339
v 112.68099 81.00704 29.73015
v 113.21011 81.22932 32.25702
v 112.74548 80.91055 32.25702
v 113.90311 81.24077 67.06956
v 114.35928 81.58785 67.06956
v 114.31748 81.64143 70.73135
v 123.16908 98.29024 40.53161
v 123.23842 98.28511 43.51292
v 92.86431 78.42934 27.32304
v 93.39584 78.26094 27.32304
v 93.35944 78.14096 29.73015
v 108.37135 78.27297 70.73135
v 105.09261 122.72163 70.73135
v 104.51604 122.75243 74.44415
v 105.07305 122.63451 74.44415
v 97.69366 76.68179 59.92980
v 97.69641 76.70973 63.46646
v 98.28053 76.82124 40.53161
v 114.83987 81.90575 49.79552
v 114.85565 81.88651 53.08661
v 95.41886 77.01785 53.08661
v 95.98425 76.91260 53.08661
v 95.98286 76.90456 56.46728
v 122.77104 98.31960 29.73015
v 122.92136 98.87347 32.25702
v 122.88680 98.31105 32.25702
v 107.22501 120.21965 108.26495
v 106.72662 120.39111 108.26495
v 106.66126 120.19330 110.72946
v 115.11726 117.53635 37.66021
v 115.59850 117.22101 40.53161
v 115.83994 115.09013 102.77635
v 115.46484 115.47455 102.77635
v 115.32108 115.33078 105.62372
v 112.81454 83.56728 115.24623
v 113.21394 83.88695 115.24623
v 112.80737 84.38236 121.43239
v 93.41750 78.33238 89.37952
v 92.88773 78.50021 89.37952
v 95.43298 120.29469 4.19268
v 101.11684 122.93105 32.25702
v 101.12202 123.03676 34.90120
v 121.15456 97.91550 110.72946
v 95.48631 120.05722 4.36418
v 95.42233 120.34212 6.51867
v 95.37641 120.54656 8.16897
v 115.06989 82.51857 78.20023
v 95.37641 79.45343 8.16897
v 95.88204 79.34639 8.16897
v 95.32561 120.77280 10.14023
v 90.96185 79.63213 96.40968
v 90.46471 79.85983 96.40968
v 103.42490 123.15417 49.79552
v 113.96667 117.90907 27.32304
v 114.04382 118.00792 29.73015
v 77.47275 95.52098 32.25702
v 77.36896 95.50034 34.90120
v 110.16335 110.17306 131.13422
v 110.65026 109.66164 131.13422
v 94.91609 122.59647 37.66021
v 94.89800 122.67702 40.53161
v 79.45837 101.00867 4.36418
v 79.43980 100.50449 4.36418
v 86.76665 83.88695 115.24623
v 86.90639 83.23451 110.72946
v 87.16608 83.56728 115.24623
v 122.61099 103.92506 32.25702
v 117.44878 86.37527 18.93339
v 118.01611 86.63116 22.87794
v 94.90755 122.63451 74.44415
v 122.38509 94.39040 78.20023
v 122.48146 94.36626 74.85374
v 122.52603 94.54173 74.73826
v 113.20239 116.92973 108.26495
v 112.65884 117.08154 110.72946
v 95.33076 120.74992 110.72946
v 115.08041 84.15035 102.77635
v 115.32108 84.66921 105.62372
v 95.42323 120.33809 115.24623
v 121.72935 93.40553 27.32304
v 121.88464 93.94102 27.32304
v 122.00549 93.90759 29.73015
v 78.42818 103.74139 102.77635
v 78.14482 103.24047 99.69339
v 100.98200 120.18659 125.13991
v 111.35876 120.06815 34.90120
v 110.86285 120.34110 34.90120
v 110.90746 120.42458 37.66021
v 95.56365 119.71275 121.43239
v 122.78992 100.55971 85.70277
v 122.60562 101.11102 89.37952
v 113.27391 107.96189 2.75223
v 112.86724 108.60410 2.75223
v 78.32030 101.06458 13.96325
v 77.85126 100.54349 18.93339
v 115.56253 83.64397 25.03815
v 104.96768 77.83473 27.32304
v 105.54061 77.84193 29.73015
v 122.49664 96.09479 29.73015
v 116.85617 83.94237 70.73135
v 115.60329 83.60117 89.37952
v 97.90581 78.83575 110.72946
v 98.42583 78.79097 110.72946
v 88.94995 81.58028 108.26495
v 122.61166 95.50034 34.90120
v 122.71526 96.05685 34.90120
v 122.70450 95.48186 37.66021
v 117.33467 106.20592 0.67171
v 117.68230 106.33029 0.47166
v 112.40739 83.25749 115.24623
v 112.42023 84.07253 121.43239
v 112.02560 83.77228 121.43239
v 93.90752 78.01967 85.70277
v 79.03674 96.36421 110.72946
v 79.54626 95.93343 115.24623
v 79.45262 96.43637 115.24623
v 103.11421 78.94034 10.14023
v 103.17378 78.53868 13.96325
v 112.44904 80.32552 70.73135
v 112.92812 80.63719 70.73135
v 112.40128 80.40094 74.44415
v 122.39014 106.19888 40.53161
v 122.53552 105.64729 40.53161
v 115.17970 96.97865 2.75223
v 121.94153 103.80891 96.40968
v 122.02838 103.26904 96.40968
v 95.61019 117.48639 125.80789
v 117.88258 112.60117 102.77635
v 117.40465 112.91537 105.62372
v 108.63264 79.13557 25.03815
v 108.11800 78.92976 25.03815
v 122.02467 95.61710 92.96011
v 122.29955 96.12898 89.37952
v 95.63286 117.39589 0.97105
v 77.06265 98.87364 81.96471
v 77.24561 98.32225 85.70277
v 111.81845 117.70209 10.14023
v 111.38046 117.98702 10.14023
v 80.01720 88.68538 81.96471
v 106.22253 122.52040 46.60173
v 105.67786 122.70604 49.79552
v 106.23338 122.55962 49.79552
v 119.76601 105.47267 123.18382
v 119.62575 105.95634 123.18382
v 88.38007 80.62949 25.03815
v 88.85895 80.35040 25.03815
v 88.31130 80.51476 27.32304
v 114.26256 81.71181 74.44415
v 82.31609 84.69254 57.95853
v 82.34204 84.69254 61.76007
v 82.33812 84.75362 60.51142
v 123.27351 98.85617 43.51292
v 110.44006 79.23991 40.53161
v 122.90816 95.44135 46.60173
v 123.05322 95.99821 49.79552
v 122.94806 95.43343 49.79552
v 80.39699 99.03745 125.80789
v 82.05049 98.23309 125.80789
v 81.98540 99.11548 125.80789
v 93.24303 81.14262 0.00002
v 95.16129 80.72150 0.01552
v 82.73788 86.53609 102.77635
v 83.07350 86.11674 102.77635
v 83.23065 86.24571 105.62372
v 115.35272 116.13567 96.40968
v 115.07758 116.64624 92.96011
v 114.95212 116.50781 96.40968
v 122.80542 98.87917 29.73015
v 112.99587 106.15118 131.13422
v 118.67542 110.58498 108.26495
v 120.23808 89.17735 32.25702
v 106.68569 118.71236 0.01552
v 108.55344 118.10524 0.00002
v 81.60368 93.42117 0.12624
v 81.12920 94.27856 0.05833
v 114.40198 117.56068 27.32304
v 86.51469 80.86610 63.46646
v 94.92448 120.22388 6.51867
v 93.19545 77.60040 49.79552
v 93.74722 77.44040 49.79552
v 93.18823 77.57661 53.08661
v 95.48631 77.35694 78.20023
v 96.06583 77.38266 81.96471
v 95.51195 77.48579 81.96471
v 94.32613 122.61267 43.51292
v 94.31262 122.66657 46.60173
v 81.56095 96.33418 0.47166
v 80.83737 96.19025 0.12624
v 101.05489 121.67001 13.96325
v 77.17207 96.04066 37.66021
v 77.27612 95.48186 37.66021
v 100.56464 76.60410 63.46646
v 100.56348 76.65163 67.06956
v 94.31541 122.65549 67.06956
v 94.33192 122.58957 70.73135
v 115.24166 85.47949 8.16897
v 109.89214 79.06435 37.66021
v 110.40293 79.31365 37.66021
v 94.92548 120.21988 115.24623
v 79.03674 103.63580 110.72946
v 76.85901 101.13638 37.66021
v 105.63758 122.54523 40.53161
v 105.08260 122.67702 40.53161
v 105.09783 122.74487 43.51292
v 103.50262 120.24196 121.77902
v 103.01067 120.36160 121.94107
v 103.50945 120.28134 121.94107
v 86.23563 84.05453 8.16897
v 102.69369 121.91843 99.69339
v 116.93982 83.86272 63.46646
v 114.81407 81.93719 46.60173
v 115.27946 82.27563 49.79552
v 101.03381 78.75896 110.72946
v 117.47173 115.07958 78.20023
v 105.06451 122.59647 37.66021
v 120.48660 94.32791 110.72946
v 120.21017 94.93518 115.24623
v 120.07979 94.44049 115.24623
v 99.99030 84.51303 2.75223
v 100.79800 83.55898 2.01394
v 99.99030 83.53915 2.01394
v 76.87637 103.42863 46.60173
v 101.03381 121.24104 110.72946
v 108.13927 78.87463 89.37952
v 108.65526 79.08098 89.37952
v 108.58768 79.24409 92.96011
v 117.21260 90.79449 0.12624
v 117.80774 91.57298 0.05833
v 121.36703 103.70921 13.96325
v 121.45162 103.18349 13.96325
v 110.67683 81.13564 105.62372
v 111.03065 81.58028 108.26495
v 110.57529 81.31490 108.26495
v 96.35050 79.02333 10.14023
v 96.86639 78.94034 10.14023
v 96.28108 78.62328 13.96325
v 85.95903 82.02059 85.70277
v 86.50212 81.81329 89.37952
v 86.05986 82.14980 89.37952
v 120.52898 90.89584 92.96011
v 120.74622 91.40262 92.96011
v 77.73929 96.13908 25.03815
v 77.70955 95.56808 27.32304
v 77.60751 96.11621 27.32304
v 100.52238 78.32552 105.62372
v 101.04404 78.55087 108.26495
v 100.51733 78.53149 108.26495
v 103.00659 79.66579 4.36418
v 103.04945 79.37697 6.51867
v 83.28589 84.09608 34.90120
v 87.06786 81.65154 22.87794
v 86.98654 81.53609 25.03815
v 115.71629 83.48248 85.70277
v 101.02358 78.96713 8.16897
v 101.53944 78.99883 8.16897
v 121.96947 102.71088 18.93339
v 122.18968 103.29298 22.87794
v 122.26381 102.74718 22.87794
v 117.32536 88.41710 6.51867
v 117.60439 88.84601 6.51867
v 119.53771 88.92653 92.96011
v 102.81635 77.08697 78.20023
v 103.37782 77.16322 78.20023
v 120.75223 93.70194 13.96325
v 121.75574 93.97669 25.03815
v 107.45097 79.14884 18.93339
v 91.39291 79.24409 92.96011
v 123.01314 96.00517 46.60173
v 97.75134 77.26736 29.73015
v 98.30135 77.10352 32.25702
v 83.73654 84.52513 22.87794
v 83.36166 84.92868 22.87794
v 114.86082 81.88023 56.46728
v 120.87132 95.84650 10.14023
v 121.36703 96.29079 13.96325
v 111.14209 117.61060 115.24623
v 110.70654 117.87897 115.24623
v 81.41859 90.07321 8.16897
v 81.46606 89.50614 10.14023
v 83.44190 83.45161 63.46646
v 119.18616 112.82626 78.20023
v 118.86560 113.29350 78.20023
v 100.55634 76.94242 34.90120
v 101.12667 76.86871 37.66021
v 93.32574 78.02989 32.25702
v 115.56924 117.18872 74.44415
v 120.35818 90.97154 96.40968
v 120.18018 91.05045 99.69339
v 117.71468 84.71085 49.79552
v 95.21196 84.24794 2.01394
v 95.99065 84.03246 2.01394
v 119.97353 95.51263 121.65628
v 120.07764 96.00439 121.65628
v 120.13997 95.99198 121.77902
v 112.94135 119.38263 43.51292
v 112.46178 119.69461 43.51292
v 112.97222 119.42883 46.60173
v 88.73952 81.22920 102.77635
v 83.42110 83.43079 53.08661
v 83.82710 83.02326 56.46728
v 112.80737 115.61765 121.43239
v 93.74722 122.55962 49.79552
v 93.74059 122.58359 53.08661
v 93.73842 122.59142 56.46728
v 93.74094 122.58228 59.92980
v 93.74844 122.55521 63.46646
v 100.50710 78.94811 8.16897
v 87.09264 96.76930 4.45090
v 85.17020 95.50437 2.75223
v 84.96747 96.23698 2.75223
v 78.67130 92.37195 89.37952
v 78.83752 92.43141 92.96011
v 78.95383 103.12047 110.72946
v 107.84364 78.05141 43.51292
v 108.35490 78.31563 40.53161
v 113.14252 98.04906 5.21291
v 112.71391 103.85966 5.21291
v 112.88796 103.23071 5.21291
v 78.49164 93.47845 92.96011
v 78.67041 93.53268 96.40968
v 87.56037 84.07253 121.43239
v 101.03496 121.26447 10.14023
v 98.44116 78.99883 8.16897
v 103.23975 121.90601 18.93339
v 102.70117 121.97916 18.93339
v 105.20770 114.58167 2.75223
v 105.53580 115.49863 2.01394
v 110.87572 119.21545 99.69339
v 115.29482 117.74219 59.92980
v 117.37225 114.99378 81.96471
v 118.86560 86.70651 78.20023
v 95.22377 119.02907 125.80789
v 116.55855 83.43176 59.92980
v 120.21852 92.19711 105.62372
v 120.20995 92.76530 108.26495
v 96.13064 112.72362 4.45090
v 95.49467 114.82011 2.75223
v 121.09415 91.25851 29.73015
v 122.53671 102.78084 27.32304
v 122.46167 103.33331 27.32304
v 122.58569 103.35172 29.73015
v 122.19783 95.58266 89.37952
v 103.81738 80.75999 125.80789
v 121.93890 107.85333 43.51292
v 121.79140 108.40961 46.60173
v 121.99121 107.87206 46.60173
v 122.08286 93.29829 78.20023
v 122.11406 93.87753 81.96471
v 78.33015 95.69153 99.69339
v 122.04822 101.08363 99.69339
v 105.02560 79.89794 1.45511
v 105.07030 79.71950 2.81853
v 81.54971 86.32352 32.25702
v 83.47900 87.75439 4.36418
v 83.78450 87.35287 4.36418
v 77.73792 101.09319 96.40968
v 91.15543 78.67070 78.20023
v 113.07423 116.76550 110.72946
v 102.78648 122.67085 29.73015
v 102.22927 122.73264 29.73015
v 78.71104 95.76730 13.96325
v 78.82132 95.24635 13.96325
v 78.38269 95.14786 18.93339
v 105.65448 122.61267 43.51292
v 105.11000 122.79909 46.60173
v 113.02676 117.57764 102.77635
v 112.90566 117.41435 105.62372
v 105.12615 77.12902 56.46728
v 105.68357 77.27117 59.92980
v 103.91537 122.62070 32.25702
v 103.35905 122.71021 32.25702
v 103.93346 122.72496 34.90120
v 119.78279 93.46144 115.24623
v 78.79527 91.82417 27.32304
v 78.88646 91.25851 29.73015
v 78.67829 91.77905 29.73015
v 78.62811 90.53079 46.60173
v 78.86693 90.00939 46.60173
v 78.83015 89.99200 49.79552
v 119.94125 93.94794 6.51867
v 93.87741 120.15147 8.16897
v 119.99715 91.13158 102.77635
v 93.35944 121.85904 29.73015
v 93.32574 121.97012 32.25702
v 113.35915 81.97420 22.87794
v 93.29503 122.07138 34.90120
v 93.26755 122.16196 37.66021
v 93.24358 122.24097 40.53161
v 93.22340 122.30750 43.51292
v 93.20726 122.36069 46.60173
v 93.19545 122.39960 49.79552
v 93.18823 122.42340 53.08661
v 93.18587 122.43120 56.46728
v 93.18864 122.42210 59.92980
v 93.19678 122.39525 63.46646
v 93.21059 122.34973 67.06956
v 93.23032 122.28471 70.73135
v 93.25623 122.19927 74.44415
v 93.28859 122.09256 78.20023
v 85.62077 99.29408 131.13422
v 93.32674 121.96686 81.96471
v 93.36993 121.82445 85.70277
v 112.49150 80.25845 46.60173
v 120.23808 110.82266 32.25702
v 97.84526 78.22108 102.77635
v 98.36566 77.97533 99.69339
v 98.38039 78.17500 102.77635
v 85.59206 81.55036 63.46646
v 86.03246 81.18002 59.92980
v 86.04917 81.20256 63.46646
v 121.82935 91.57575 49.79552
v 119.47554 88.32101 27.32304
v 119.86539 88.74091 29.73015
v 81.13291 93.25272 0.00002
v 82.32704 90.55879 0.00002
v 118.66609 113.15298 29.73015
v 106.24002 122.58359 53.08661
v 80.54813 91.38187 110.72946
v 81.14704 91.08781 115.24623
v 80.93401 91.55293 115.24623
v 78.83147 103.67140 108.26495
v 102.81635 122.91304 78.20023
v 113.28380 118.87531 78.20023
v 112.74358 119.08664 81.96471
v 116.45702 83.53329 70.73135
v 95.51097 112.51891 5.21291
v 85.57395 81.52716 53.08661
v 86.02679 81.17239 56.46728
v 115.27946 117.72438 49.79552
v 114.83987 118.09427 49.79552
v 114.85565 118.11348 53.08661
v 95.51097 112.51891 4.45090
v 113.92075 117.85021 89.37952
v 105.82713 121.09158 102.77635
v 80.44289 88.92653 92.96011
v 80.72054 88.45014 92.96011
v 81.02377 93.73431 125.63621
v 81.18324 93.27072 125.63621
v 81.31870 93.31920 125.73286
v 104.52454 122.79517 40.53161
v 101.08350 122.25238 96.40968
v 77.90460 98.37086 18.93339
v 102.84386 123.13596 43.51292
v 102.85065 123.19112 46.60173
v 79.83980 88.58488 37.66021
v 88.57518 79.84949 37.66021
v 119.63362 96.09270 0.00002
v 117.95641 114.74442 40.53161
v 114.10072 102.80675 131.13422
v 119.83392 88.75874 85.70277
v 83.52358 83.53329 70.73135
v 117.81943 114.63199 34.90120
v 122.00549 106.09242 29.73015
v 81.30519 89.41502 108.26495
v 81.48647 89.51770 110.72946
v 108.73180 78.89616 29.73015
v 109.24709 79.11704 29.73015
v 109.29411 79.01093 32.25702
v 116.90443 112.54439 8.16897
v 116.77428 113.09834 10.14023
v 117.09068 112.68250 10.14023
v 119.33250 113.18729 51.07898
v 119.51639 112.92200 51.02827
v 119.45995 113.00919 50.90844
v 112.52585 80.20422 59.92980
v 113.00788 80.51781 59.92980
v 112.99229 80.54115 63.46646
v 118.47933 88.29195 102.77635
v 115.88084 113.04103 4.36418
v 109.90881 79.02910 74.44415
v 93.31198 120.21555 10.14023
v 89.48431 79.12817 46.60173
v 89.98229 78.83986 49.79552
v 93.18462 120.60110 13.96325
v 93.04360 121.02797 18.93339
v 108.12869 80.35217 110.72946
v 107.96716 80.74214 115.24623
v 92.95056 121.30959 22.87794
v 92.90627 121.44366 25.03815
v 114.85480 81.88757 59.92980
v 114.83698 81.90926 63.46646
v 92.86431 121.57068 27.32304
v 92.88773 121.49979 89.37952
v 92.94312 121.33215 92.96011
v 93.00172 121.15475 96.40968
v 93.06279 120.96986 99.69339
v 93.12560 120.77976 102.77635
v 93.18936 120.58672 105.62372
v 93.25400 120.39111 108.26495
v 93.31934 120.19330 110.72946
v 122.77296 102.80997 81.96471
v 122.54993 103.34641 85.70277
v 122.62526 102.79176 85.70277
v 113.14327 81.32422 29.73015
v 90.61835 81.38114 115.24623
v 117.31956 110.38676 121.43239
v 88.47282 79.66882 46.60173
v 88.45277 79.63342 49.79552
v 83.54927 99.19231 2.01394
v 78.81632 108.48007 74.26214
v 78.61971 107.97135 74.26215
v 78.65836 108.63670 74.38554
v 100.55688 76.92030 78.20023
v 101.11666 77.07236 81.96471
v 115.26598 86.15494 0.82962
v 107.74989 114.51718 2.01394
v 108.45287 114.11894 2.01394
v 95.44250 77.13664 43.51292
v 95.99547 76.97717 46.60173
v 99.33789 86.71989 5.21291
v 91.06116 90.14822 5.21291
v 90.58852 90.59821 5.21291
v 107.79318 120.22823 105.62372
v 120.87326 90.74323 29.73015
v 121.20137 91.21408 32.25702
v 103.20139 121.64745 102.77635
v 86.76404 83.88374 6.51867
v 95.14352 113.54588 131.13422
v 83.43868 83.44839 49.79552
v 83.84987 83.04717 49.79552
v 123.32900 101.14656 46.60173
v 123.35011 100.57346 46.60173
v 102.84925 76.82024 67.06956
v 103.40729 76.96461 70.73135
v 102.84093 76.88769 70.73135
v 99.06831 81.23224 0.47166
v 122.60297 105.66418 43.51292
v 122.65688 105.67769 46.60173
v 105.64870 122.58957 70.73135
v 85.75916 97.88902 131.13422
v 88.43466 91.42976 131.13422
v 118.83356 91.08781 115.24623
v 85.72788 85.73759 0.01952
v 93.75806 77.47960 46.60173
v 87.52203 81.33992 22.87794
v 100.54781 77.28960 27.32304
v 101.10498 77.31011 27.32304
v 102.63535 117.83150 125.80789
v 100.48612 79.80242 121.43239
v 88.55596 79.81557 74.44415
v 78.22488 93.97669 25.03815
v 78.37924 93.44437 25.03815
v 100.99898 120.53194 4.36418
v 86.23759 81.45663 78.20023
v 86.69682 81.12470 78.20023
v 86.77245 81.23210 81.96471
v 81.34407 86.86784 85.70277
v 81.02740 87.32941 85.70277
v 107.49594 79.02313 96.40968
v 119.80359 110.59042 92.96011
v 120.05753 110.10100 92.96011
v 93.06496 119.35504 4.36418
v 92.96660 119.62997 6.51867
v 92.89600 119.82726 8.16897
v 107.29080 113.65829 2.75223
v 115.24628 116.83237 27.32304
v 96.21469 78.24063 99.69339
v 77.73993 93.84249 78.20023
v 116.37189 101.61344 2.01394
v 115.43816 85.99887 6.51867
v 122.31058 93.82315 37.66021
v 122.53552 94.35271 40.53161
v 122.39014 93.80113 40.53161
v 89.98425 78.84398 63.46646
v 89.46806 79.09590 63.46646
v 92.75559 120.21965 108.26495
v 80.39699 100.96256 125.80789
v 92.96799 119.62608 115.24623
v 93.18389 119.02264 121.43239
v 93.09181 83.34558 125.80789
v 93.91731 83.02715 125.80789
v 95.14352 86.45413 131.13422
v 117.81043 110.09499 121.65628
v 93.23032 77.71529 70.73135
v 112.45856 81.33992 22.87794
v 114.28453 83.42902 102.77635
v 114.55038 83.93543 105.62372
v 114.15174 83.58295 105.62372
v 80.75028 103.82709 125.80789
v 82.15880 102.64506 125.80789
v 88.98064 79.40237 67.06956
v 105.66864 79.48110 10.14023
v 77.77144 98.36105 96.40968
v 121.47232 105.38097 18.93339
v 121.61963 105.98564 22.87794
v 122.60764 103.92448 81.96471
v 82.50392 95.61990 125.80789
v 86.22293 95.82372 131.13422
v 90.41803 80.98316 10.14023
v 78.61357 103.70921 13.96325
v 113.57610 81.68166 85.70277
v 93.69100 115.20784 2.01394
v 119.50948 93.55174 4.36418
v 93.37412 115.97288 1.40889
v 108.00848 120.78635 96.40968
v 107.93840 120.60469 99.69339
v 77.78278 95.58266 89.37952
v 77.95593 95.61710 92.96011
v 121.65791 93.42720 89.37952
v 110.26836 91.56503 5.21291
v 109.84209 91.07086 5.21291
v 108.07572 120.96066 92.96011
v 85.98003 82.92844 99.69339
v 117.35680 114.25231 92.96011
v 114.87843 85.82533 4.36418
v 101.10133 122.61533 89.37952
v 117.95630 108.49728 0.01552
v 87.05417 81.63210 92.96011
v 83.93266 83.13413 70.73135
v 108.13927 121.12538 89.37952
v 107.55888 121.15277 92.96011
v 108.19824 121.27828 85.70277
v 108.16612 121.19504 27.32304
v 107.68575 121.50734 29.73015
v 108.21126 121.31201 29.73015
v 86.09950 83.89671 110.72946
v 105.54981 79.91052 115.24623
v 102.83534 76.93304 40.53161
v 103.40057 77.00981 40.53161
v 103.41077 76.94103 43.51292
v 108.25180 121.41713 81.96471
v 117.55405 86.29312 96.40968
v 79.25633 91.41171 22.87794
v 79.34425 90.84824 25.03815
v 122.11734 93.87663 32.25702
v 122.06168 93.30473 34.90120
v 108.29907 121.53970 78.20023
v 84.02136 84.03107 25.03815
v 84.41806 83.64397 25.03815
v 108.77943 81.41696 4.36418
v 97.72742 77.02451 78.20023
v 98.30161 77.10690 81.96471
v 110.00836 78.81860 59.92980
v 108.33922 121.64374 74.44415
v 117.79391 86.10593 25.03815
v 117.44759 85.67319 25.03815
v 107.80553 121.84212 74.44415
v 100.54781 122.71042 27.32304
v 101.10936 122.77901 85.70277
v 92.18196 120.24236 13.96325
v 96.11929 77.69075 89.37952
v 115.17119 117.59886 40.53161
v 114.73471 117.96611 40.53161
v 119.23634 90.89732 10.14023
v 119.82513 91.20782 13.96325
v 108.41292 121.83479 63.46646
v 108.42301 121.86098 59.92980
v 92.18742 120.22823 105.62372
v 78.36096 94.01437 22.87794
v 78.51437 93.48535 22.87794
v 108.42644 121.86986 56.46728
v 119.98505 111.98439 43.51292
v 103.54633 120.49385 4.19268
v 108.39992 121.80110 46.60173
v 108.37991 121.74925 43.51292
v 93.72254 88.27386 5.21291
v 93.15472 88.59552 5.21291
v 85.96779 85.97749 125.73286
v 108.35490 121.68439 40.53161
v 115.17542 115.18511 108.26495
v 77.57506 101.10120 22.87794
v 77.41361 100.55424 25.03815
v 77.43401 101.10812 25.03815
v 108.32518 121.60735 37.66021
v 90.03363 78.94839 70.73135
v 90.58945 78.79201 74.44415
v 120.21265 88.54418 40.53161
v 92.48322 118.12370 125.80789
v 102.80028 122.78267 81.96471
v 120.21523 89.81963 89.37952
v 120.69942 110.42410 74.89853
v 120.60921 110.59798 74.89853
v 120.18359 93.32904 110.72946
v 108.29111 121.51904 34.90120
v 92.51720 118.04167 0.12624
v 78.76184 94.68256 102.77635
v 79.09467 94.21741 105.62372
v 115.46516 83.74625 22.87794
v 95.22377 80.97095 125.80789
v 96.16322 80.75999 125.80789
v 120.67665 110.41264 37.66021
v 115.25289 117.69359 46.60173
v 112.81886 118.21516 96.40968
v 112.36797 118.52449 96.40968
v 110.39072 111.47508 2.75223
v 108.91944 109.85178 4.45090
v 78.86031 102.60613 10.14023
v 78.80271 102.08679 10.14023
v 108.25302 121.42030 32.25702
v 83.88580 83.08492 67.06956
v 110.52577 79.06963 53.08661
v 107.64352 121.38930 27.32304
v 77.72231 93.91641 53.61114
v 77.89188 93.38909 51.51169
v 77.87227 93.38133 53.61051
v 104.98724 77.74767 85.70277
v 105.53182 77.87701 85.70277
v 105.49200 78.03597 89.37952
v 108.11800 121.07024 25.03815
v 113.37331 118.04491 92.96011
v 78.72589 95.77025 105.62372
v 95.23997 78.84580 105.62372
v 95.80074 78.93764 108.26495
v 95.28510 79.04681 108.26495
v 117.88515 86.72829 96.40968
v 76.93146 98.86720 78.20023
v 76.96619 98.30164 78.20023
v 108.06716 120.93849 22.87794
v 107.55089 121.13040 22.87794
v 78.74774 96.84897 108.26495
v 78.83147 96.32860 108.26495
v 78.68146 91.17358 34.90120
v 76.85901 98.86363 37.66021
v 76.77655 98.85959 40.53161
v 93.20838 87.31192 131.13422
v 116.78903 88.77545 121.43239
v 116.50850 88.36658 121.43239
v 115.17542 84.81490 108.26495
v 115.39262 85.33578 110.72946
v 114.70708 117.93243 74.44415
v 107.88397 122.06136 59.92980
v 91.61554 120.21846 102.77635
v 79.44855 103.56433 6.51867
v 79.16000 103.08988 8.16897
v 79.24210 103.60015 8.16897
v 77.00011 103.41028 40.53161
v 76.92334 102.84505 40.53161
v 95.60739 77.96564 92.96011
v 117.71636 112.48410 105.62372
v 117.54793 112.36548 108.26495
v 105.63758 77.45479 40.53161
v 93.30949 81.32839 125.73286
v 106.04929 78.10565 27.32304
v 120.43839 95.93262 6.51867
v 120.53206 96.43568 6.51867
v 112.83324 83.54330 4.09200
v 80.35765 91.29745 108.26495
v 80.76547 90.90733 110.72946
v 107.79240 121.80540 37.66021
v 113.83540 81.33205 40.53161
v 121.82935 108.42426 49.79552
v 77.40906 98.33431 89.37952
v 93.09181 116.65443 125.80789
v 109.98091 78.87663 46.60173
v 93.36877 114.00005 2.75223
v 120.21419 105.06583 6.51867
v 120.08377 105.56062 6.51867
v 122.10219 96.16322 22.87794
v 122.00137 95.62173 22.87794
v 82.63745 84.93549 70.19997
v 82.57707 84.83907 70.85986
v 105.05511 120.21988 115.24623
v 104.55737 120.33809 115.24623
v 78.62849 103.70663 105.62372
v 88.14240 81.29012 18.93339
v 88.60513 81.00500 18.93339
v 79.73624 103.51441 4.36418
v 79.36726 103.05914 6.51867
v 93.86693 77.87296 32.25702
v 92.23071 85.48283 2.01394
v 90.81458 79.29993 89.37952
v 91.32536 79.08098 89.37952
v 77.51798 102.77170 89.37952
v 119.99715 108.86842 102.77635
v 96.02429 77.14336 74.44415
v 96.47348 82.31976 125.80789
v 97.18356 85.88957 131.13422
v 106.59905 118.47022 125.80789
v 115.21660 117.65150 43.51292
v 98.27718 76.77564 70.73135
v 103.42974 123.18684 56.46728
v 107.59846 121.26335 25.03815
v 102.64614 78.46703 13.96325
v 120.82172 105.21800 108.26495
v 120.68739 105.72765 108.26495
v 120.03271 112.01296 46.60173
v 102.85564 123.23149 49.79552
v 82.62804 84.26378 53.08661
v 111.44611 120.22234 40.53161
v 111.48038 120.28284 43.51292
v 88.61351 86.13734 0.97105
v 82.88622 86.65184 13.96325
v 82.53181 86.37527 18.93339
v 106.16368 120.35092 110.72946
v 106.04115 119.94701 115.24623
v 112.81886 81.78485 96.40968
v 112.36797 81.47550 96.40968
v 91.01595 120.24583 18.93339
v 90.89577 120.51695 22.87794
v 90.83853 120.64606 25.03815
v 90.78433 120.76833 27.32304
v 90.73352 120.88297 29.73015
v 90.68649 120.98907 32.25702
v 90.64360 121.08582 34.90120
v 90.60524 121.17236 37.66021
v 90.57178 121.24783 40.53161
v 117.83220 91.01915 125.63621
v 90.54361 121.31139 43.51292
v 90.52110 121.36221 46.60173
v 90.50461 121.39938 49.79552
v 90.49452 121.42213 53.08661
v 115.48155 83.72903 92.96011
v 90.49123 121.42957 56.46728
v 90.49509 121.42088 59.92980
v 90.50645 121.39522 63.46646
v 117.37483 114.99600 32.25702
v 117.07999 115.48920 34.90120
v 90.52573 121.35175 67.06956
v 90.55327 121.28963 70.73135
v 90.58945 121.20801 74.44415
v 90.63464 121.10606 78.20023
v 90.68787 120.98596 81.96471
v 90.74818 120.84990 85.70277
v 90.81458 120.70009 89.37952
v 90.88613 120.53868 92.96011
v 121.04219 100.51679 8.16897
v 121.27399 100.52248 10.14023
v 91.04074 120.18987 99.69339
v 122.32936 103.31370 25.03815
v 110.11354 118.93925 108.26495
v 107.16273 120.04558 10.14023
v 113.35915 118.02582 22.87794
v 113.44328 118.13924 25.03815
v 120.52797 103.56362 115.24623
v 112.48540 80.26810 67.06956
v 102.78205 77.36504 85.70277
v 102.76199 77.52769 89.37952
v 119.51704 88.93825 22.87794
v 115.60640 115.61611 99.69339
v 115.21846 115.99464 99.69339
v 83.26985 84.08082 78.20023
v 83.75845 83.76816 81.96471
v 121.33380 105.90655 18.93339
v 76.75882 102.86533 49.79552
v 76.83614 103.43460 49.79552
v 92.42973 78.86961 22.87794
v 92.38216 78.73665 25.03815
v 83.15753 83.97388 40.53161
v 101.10498 122.68990 27.32304
v 92.95238 114.88043 2.01394
v 108.00848 79.21365 96.40968
v 98.28374 76.86469 74.44415
v 117.62575 110.57028 0.58655
v 117.67351 110.59891 0.82962
v 96.15353 77.88812 22.87794
v 79.64920 89.12746 34.90120
v 77.30042 98.88532 27.32304
v 91.34798 79.13557 25.03815
v 93.18587 77.56880 56.46728
v 93.73842 77.40858 56.46728
v 93.18864 77.57790 59.92980
v 115.04469 115.05438 10.14023
v 114.67069 115.41930 10.14023
v 81.55244 86.32555 81.96471
v 81.89357 85.87717 81.96471
v 82.01089 85.96873 85.70277
v 115.88835 108.49770 125.80789
v 112.67838 106.78192 131.13422
v 120.32451 103.01630 4.36418
v 103.22100 87.10233 5.21291
v 102.58425 86.95935 5.21291
v 90.88760 119.24603 10.14023
v 102.85967 76.73576 56.46728
v 90.71400 119.61308 13.96325
v 111.54411 120.39531 56.46728
v 111.53941 120.38704 59.92980
v 90.52179 120.01949 18.93339
v 119.12857 115.20944 21.02590
v 119.06155 115.44228 21.92819
v 119.47916 115.29610 21.92842
v 110.11354 81.06075 108.26495
v 110.47260 81.49616 110.72946
v 112.56985 118.82663 89.37952
v 112.47177 118.67984 92.96011
v 105.68391 122.73016 53.08661
v 90.46471 120.14018 96.40968
v 90.54796 119.96416 99.69339
v 90.63355 119.78319 102.77635
v 90.72047 119.59940 105.62372
v 90.80856 119.41316 108.26495
v 118.12953 86.54704 25.03815
v 90.89764 119.22484 110.72946
v 122.60764 96.07552 81.96471
v 122.54993 96.65359 85.70277
v 122.46101 96.10097 85.70277
v 78.23093 103.77561 99.69339
v 110.07543 83.17398 125.80789
v 110.88889 83.68910 125.80789
v 110.00536 85.01143 125.80789
v 122.90334 102.82606 78.20023
v 122.82709 103.38753 78.20023
v 78.77922 91.21408 32.25702
v 116.26128 115.49126 92.96011
v 107.11172 91.26582 131.13422
v 113.01317 80.50992 56.46728
v 80.97466 91.57095 4.19268
v 120.54082 100.50449 4.36418
v 105.15768 120.62933 110.72946
v 114.68233 117.90230 37.66021
v 109.65051 116.11707 0.47166
v 122.38991 106.79485 49.79552
v 122.54991 106.24309 49.79552
v 120.63390 111.03423 49.79552
v 90.48218 117.78845 0.01952
v 90.45134 117.84615 0.04507
v 83.38911 87.04431 8.16897
v 108.16612 78.80498 27.32304
v 96.28368 78.63820 105.62372
v 93.06279 79.03014 99.69339
v 90.59024 118.67471 2.81853
v 121.81474 93.37964 85.70277
v 95.98850 76.93710 49.79552
v 105.37128 78.51797 18.93339
v 90.61649 118.62257 6.51867
v 77.30042 101.11469 27.32304
v 90.52229 118.80974 8.16897
v 122.21935 106.15160 34.90120
v 122.63336 95.49602 78.20023
v 103.11076 78.96352 110.72946
v 89.89999 120.04599 22.87794
v 89.83650 120.17213 25.03815
v 86.63347 87.89407 125.80789
v 88.86910 90.87308 131.13422
v 89.80994 120.22492 89.37952
v 89.88931 120.06722 92.96011
v 122.35857 95.55068 85.70277
v 110.31126 79.49577 81.96471
v 110.74120 79.88648 85.70277
v 90.61835 118.61887 115.24623
v 90.90650 118.04640 121.43239
v 83.61429 83.62399 37.66021
v 83.55591 83.56561 40.53161
v 102.70117 78.02084 18.93339
v 117.55097 114.41167 27.32304
v 122.38783 103.32236 89.37952
v 90.86124 118.13635 124.66771
v 78.67890 90.55331 43.51292
v 81.38089 88.84595 13.96325
v 80.99529 88.61484 18.93339
v 90.64211 117.48924 125.73286
v 122.46167 96.66669 27.32304
v 122.53671 97.21916 27.32304
v 121.67992 100.53246 13.96325
v 122.24132 96.13908 25.03815
v 78.73006 100.52191 110.72946
v 79.15202 100.51155 115.24623
v 78.80271 97.91321 10.14023
v 87.23862 81.89401 18.93339
v 112.80426 119.17746 34.90120
v 120.14177 106.11288 8.16897
v 117.89937 86.02364 27.32304
v 77.58723 105.42062 60.09046
v 77.71547 105.96098 56.81152
v 77.57867 105.42397 56.81174
v 117.72954 102.63138 0.97105
v 108.25909 81.34593 0.19769
v 103.30399 122.33907 25.03815
v 114.97888 110.01505 125.80789
v 112.53703 118.77750 25.03815
v 122.73708 96.05306 78.20023
v 101.12859 76.82977 74.44415
v 105.61752 77.53487 37.66021
v 89.28146 120.03484 27.32304
v 89.22237 120.14540 29.73015
v 89.16765 120.24777 32.25702
v 100.53706 77.72749 96.40968
v 89.16925 120.24477 81.96471
v 89.23940 120.11353 85.70277
v 90.46636 117.81805 121.43239
v 87.93601 83.74667 0.04507
v 88.78439 83.22917 0.01952
v 90.73352 79.11704 29.73015
v 122.12933 100.54349 18.93339
v 122.42583 100.55077 22.87794
v 116.26853 86.64081 8.16897
v 77.15352 103.38753 78.20023
v 77.07726 102.82606 78.20023
v 77.20764 102.80997 81.96471
v 81.36774 90.62619 6.51867
v 121.81979 107.81071 74.89594
v 93.20838 112.68809 131.13422
v 122.23126 93.25328 40.53161
v 122.45715 93.78259 43.51292
v 79.44002 93.76614 108.26495
v 121.80997 96.21394 18.93339
v 86.40450 81.68166 85.70277
v 86.85815 81.35378 85.70277
v 97.97910 79.57983 123.18382
v 98.49663 79.75066 124.66771
v 122.60297 94.33582 43.51292
v 121.74967 103.77561 99.69339
v 102.92905 80.18863 0.00002
v 106.06329 83.02715 125.80789
v 104.16658 86.23264 131.13422
v 111.40543 120.15051 37.66021
v 110.94638 120.49739 40.53161
v 88.24684 80.40723 29.73015
v 110.24435 79.62871 85.70277
v 92.94312 78.66785 92.96011
v 88.62183 120.06815 34.90120
v 88.57518 120.15051 37.66021
v 88.53448 120.22234 40.53161
v 88.50021 120.28284 43.51292
v 88.47282 120.33119 46.60173
v 88.45277 120.36658 49.79552
v 88.44051 120.38823 53.08661
v 88.43651 120.39531 56.46728
v 88.44119 120.38704 59.92980
v 88.45502 120.36261 63.46646
v 88.47846 120.32124 67.06956
v 88.51196 120.26212 70.73135
v 102.66917 121.71973 102.77635
v 88.55596 120.18443 74.44415
v 88.61092 120.08740 78.20023
v 108.28726 79.96936 105.62372
v 77.58658 95.54362 29.73015
v 81.72640 91.36182 121.43239
v 105.12437 77.13696 53.08661
v 80.75028 96.17293 125.80789
v 86.90952 81.42673 27.32304
v 118.13048 110.27628 6.51867
v 118.05255 110.82610 8.16897
v 118.31279 110.37956 8.16897
v 97.71790 84.68066 2.75223
v 93.06496 80.64497 4.36418
v 93.45044 80.20358 6.51867
v 113.00864 80.51669 53.08661
v 113.35481 110.96797 1.40889
v 93.89789 77.98483 29.73015
v 105.57189 120.16928 3.95926
v 86.31383 81.55940 32.25702
v 112.00327 120.04242 46.60173
v 111.50777 120.33119 46.60173
v 93.15472 111.40447 5.21291
v 93.15472 111.40447 4.45090
v 78.51813 94.05785 96.40968
v 90.77072 115.38194 0.97105
v 120.34122 106.17339 110.72946
v 119.93729 106.05086 115.24623
v 110.30650 80.69977 102.77635
v 110.77703 80.95876 102.77635
v 117.21237 85.86621 96.40968
v 96.12939 77.74899 25.03815
v 95.58449 77.85045 25.03815
v 117.70133 113.82182 92.96011
v 88.26415 93.73225 4.45090
v 88.58582 93.16443 4.45090
v 118.01016 114.78853 43.51292
v 100.56476 76.59953 49.79552
v 101.13885 76.62067 49.79552
v 101.14008 76.59583 53.08661
v 110.26836 91.56503 4.45090
v 90.52110 78.63780 46.60173
v 120.13570 110.76794 29.73015
v 110.36037 79.39821 34.90120
v 90.54796 80.03584 99.69339
v 89.42204 117.63207 4.36418
v 101.05414 78.34512 105.62372
v 88.45267 119.24939 22.87794
v 88.38007 119.37051 25.03815
v 88.31130 119.48524 27.32304
v 88.24684 119.59279 29.73015
v 88.18717 119.69234 32.25702
v 88.13277 119.78311 34.90120
v 88.08411 119.86430 37.66021
v 88.04166 119.93512 40.53161
v 88.00591 119.99475 43.51292
v 87.97734 120.04242 46.60173
v 87.95644 120.07730 49.79552
v 87.94364 120.09863 53.08661
v 87.93945 120.10562 56.46728
v 87.94434 120.09747 59.92980
v 110.26454 81.86343 115.24623
v 87.95877 120.07339 63.46646
v 87.98322 120.03261 67.06956
v 91.20426 80.17902 105.62372
v 115.56253 116.35603 25.03815
v 88.06406 119.89774 74.44415
v 88.12138 119.80209 78.20023
v 88.18893 119.68941 81.96471
v 88.26543 119.56178 85.70277
v 88.34969 119.42120 89.37952
v 88.44044 119.26978 92.96011
v 108.44167 120.40343 99.69339
v 122.51260 101.66135 25.03815
v 122.54659 101.10812 25.03815
v 105.51015 122.03645 27.32304
v 104.99516 122.28761 29.73015
v 110.66985 107.92050 4.45090
v 84.54244 85.99887 6.51867
v 89.00144 79.44129 43.51292
v 115.07066 86.33197 121.52693
v 114.76370 118.00145 70.73135
v 86.71018 100.65241 5.21291
v 87.47141 95.52068 5.21291
v 87.26669 96.14034 5.21291
v 117.73761 114.56486 32.25702
v 110.40086 80.52321 99.69339
v 112.71391 96.14034 5.21291
v 112.50919 95.52068 5.21291
v 80.80635 93.66248 121.43239
v 80.96767 93.19360 121.43239
v 115.43510 86.00166 115.24623
v 81.80360 86.51183 89.37952
v 82.27927 86.17818 92.96011
v 81.94540 86.61700 92.96011
v 103.35854 122.70685 81.96471
v 107.96875 119.26169 6.51867
v 81.04778 88.64629 99.69339
v 112.74548 119.08946 32.25702
v 97.73995 77.15186 32.25702
v 91.29678 79.01199 27.32304
v 107.26151 118.84988 121.43239
v 76.57829 100.13973 51.08860
v 76.59602 100.92279 51.08860
v 76.58115 100.57466 50.94586
v 98.27133 76.69647 46.60173
v 115.56924 82.81129 74.44415
v 115.49435 82.89391 78.20023
v 91.49261 84.10194 125.80789
v 90.72278 84.53806 125.80789
v 79.62373 88.46248 49.79552
v 113.03133 115.89055 4.36418
v 88.83630 117.61409 6.51867
v 88.72420 117.79112 8.16897
v 88.38291 118.33006 13.96325
v 110.37032 79.37843 78.20023
v 88.14240 118.70987 18.93339
v 88.07098 118.82269 96.40968
v 88.17514 118.65817 99.69339
v 88.28226 118.48904 102.77635
v 88.39101 118.31728 105.62372
v 88.50124 118.14323 108.26495
v 88.83852 117.61060 115.24623
v 93.04360 78.97203 18.93339
v 83.69444 92.29263 125.80789
v 112.73705 87.25327 125.80789
v 113.86159 86.12872 125.80789
v 111.39478 93.16443 5.21291
v 120.54059 93.76614 108.26495
v 121.25055 100.52191 110.72946
v 118.95319 112.67061 85.70277
v 122.80853 96.04066 37.66021
v 81.18920 86.05615 49.79552
v 81.53706 85.59895 49.79552
v 108.04894 119.45528 8.16897
v 103.63010 79.02333 10.14023
v 118.76256 94.30550 125.80789
v 81.02985 87.99344 22.87794
v 81.33022 87.53174 22.87794
v 81.21281 87.45329 25.03815
v 119.58308 88.25655 29.73015
v 80.08408 103.45406 121.43239
v 85.81563 85.11188 4.36418
v 86.18526 84.76849 4.36418
v 115.60329 116.39883 89.37952
v 88.40739 117.33505 6.51867
v 88.29097 117.50928 8.16897
v 79.80042 91.05045 99.69339
v 88.16216 117.70209 10.14023
v 110.65026 90.33838 131.13422
v 93.12560 79.22023 102.77635
v 88.17519 117.68259 110.72946
v 88.40968 117.33162 115.24623
v 78.03909 103.80891 96.40968
v 90.49123 78.57043 56.46728
v 90.49509 78.57912 59.92980
v 109.39117 78.79201 74.44415
v 77.57506 98.89881 22.87794
v 77.60883 98.34904 22.87794
v 117.87642 110.13236 4.36418
v 115.74678 88.31419 125.80789
v 95.41914 77.01920 59.92980
v 95.42461 77.04672 63.46646
v 89.97525 114.98859 125.80789
v 90.60524 78.82764 37.66021
v 91.09607 78.52742 40.53161
v 90.76472 112.43925 2.75223
v 117.47173 84.92043 78.20023
v 103.22100 112.89767 4.45090
v 103.01167 115.18939 2.75223
v 117.78143 88.73389 8.16897
v 102.99702 120.26968 0.37028
v 103.00717 120.33810 0.58655
v 120.10382 110.75090 85.70277
v 98.26591 76.62299 56.46728
v 112.70674 81.94405 99.69339
v 115.05542 117.46466 34.90120
v 103.01167 84.81062 2.75223
v 103.98997 84.03246 2.01394
v 88.15358 116.80685 4.36418
v 87.49748 117.73845 13.96325
v 111.36967 120.08740 78.20023
v 87.50620 117.72607 105.62372
v 87.62482 117.55763 108.26495
v 88.35687 116.51820 121.43239
v 115.21846 84.00536 99.69339
v 88.29888 116.60054 124.66771
v 79.93308 95.49600 4.36418
v 89.52000 79.19908 70.73135
v 88.53448 79.77766 40.53161
v 85.81897 83.57150 13.96325
v 102.78205 122.63496 85.70277
v 88.35739 115.68517 0.12624
v 85.99025 93.37847 2.75223
v 85.47312 92.24042 2.01394
v 105.10703 79.57285 8.16897
v 102.83000 123.02371 74.44415
v 115.24233 86.17636 121.94107
v 89.02233 86.63550 1.40889
v 77.59070 93.20515 49.79552
v 113.34715 112.10593 125.80789
v 112.73705 112.74674 125.80789
v 97.78825 77.64214 92.96011
v 90.59024 81.32530 2.81853
v 120.17918 95.98418 121.94107
v 78.84169 90.49442 74.69643
v 78.61511 91.02966 74.64670
v 81.53786 114.91287 23.77615
v 81.48761 115.04494 24.95449
v 81.17567 114.89113 24.13563
v 86.79813 117.78760 18.93339
v 86.07069 118.76842 46.60173
v 86.04646 118.80110 49.79552
v 86.03165 118.82108 53.08661
v 86.02679 118.82761 56.46728
v 86.03246 118.81998 59.92980
v 86.04917 118.79744 63.46646
v 119.99434 99.01727 0.00002
v 120.16042 100.00001 0.01952
v 86.07750 118.75925 67.06956
v 86.83457 117.73845 99.69339
v 86.95383 117.57764 102.77635
v 119.07977 112.75517 32.25702
v 107.72372 78.38657 81.96471
v 108.25180 78.58287 81.96471
v 122.66115 102.79619 29.73015
v 88.79301 80.23402 27.32304
v 91.19812 80.16518 13.96325
v 90.71400 80.38692 13.96325
v 89.03937 89.04906 2.75223
v 83.86369 83.87338 85.70277
v 112.45856 118.66008 22.87794
v 120.36366 106.18019 10.14023
v 123.04788 100.56603 34.90120
v 116.43132 100.80769 2.01394
v 77.03207 98.83382 66.85091
v 76.98682 98.82846 63.43864
v 77.01962 98.27655 63.43919
v 89.54765 112.72441 2.01394
v 85.58611 89.31712 0.97105
v 87.60176 115.09547 0.12624
v 109.99831 78.83986 49.79552
v 105.89684 78.65650 18.93339
v 115.29811 86.12582 4.30360
v 122.36362 94.39577 34.90120
v 106.14149 113.00558 131.13422
v 83.06725 88.69238 0.13309
v 101.13297 123.25940 70.73135
v 122.56699 100.55424 25.03815
v 86.18311 117.69229 22.87794
v 86.09622 117.80362 25.03815
v 86.01393 117.90907 27.32304
v 85.93680 118.00792 29.73015
v 85.86539 118.09941 32.25702
v 85.80028 118.18285 34.90120
v 85.74203 118.25746 37.66021
v 85.69125 118.32256 40.53161
v 85.64848 118.37737 43.51292
v 95.92293 79.55191 6.51867
v 85.66312 118.35858 70.73135
v 85.71806 118.28821 74.44415
v 85.78667 118.20029 78.20023
v 85.86747 118.09673 81.96471
v 85.95903 117.97940 85.70277
v 86.05986 117.85021 89.37952
v 86.16849 117.71104 92.96011
v 86.28342 117.56374 96.40968
v 82.18668 86.10593 25.03815
v 89.58989 88.52492 2.75223
v 111.39478 93.16443 4.45090
v 91.55533 110.27805 5.21291
v 91.55533 110.27805 4.45090
v 108.21848 118.56245 124.66771
v 120.02631 107.72874 108.26495
v 119.83193 107.65376 110.72946
v 93.12752 83.43176 0.97105
v 116.92004 113.21210 108.26495
v 98.26650 76.63110 53.08661
v 79.13229 95.85108 110.72946
v 98.36116 77.91431 18.93339
v 78.59091 90.51431 49.79552
v 85.94122 117.11887 18.93339
v 85.75307 117.34813 22.87794
v 85.66348 117.45728 25.03815
v 85.57863 117.56068 27.32304
v 85.49909 117.65759 29.73015
v 85.42545 117.74732 32.25702
v 85.35831 117.82912 34.90120
v 83.53739 84.33553 27.32304
v 85.42761 117.74468 81.96471
v 85.52203 117.62965 85.70277
v 85.62599 117.50296 89.37952
v 85.73799 117.36649 92.96011
v 85.85651 117.22208 96.40968
v 85.98003 117.07156 99.69339
v 83.76257 87.96469 121.43239
v 90.12894 79.14992 34.90120
v 90.64360 78.91418 34.90120
v 114.87074 92.96208 2.01394
v 93.21059 77.65027 67.06956
v 117.07184 112.66853 110.72946
v 121.38660 91.13737 37.66021
v 87.54544 115.16412 125.80789
v 90.86337 111.12120 131.13422
v 118.20545 112.82857 96.40968
v 88.37978 112.81024 1.40889
v 78.79736 90.78349 56.81197
v 78.80344 90.78915 53.61114
v 79.02655 90.28506 53.61060
v 111.46864 120.26212 70.73135
v 93.25623 77.80074 74.44415
v 79.53034 91.52521 18.93339
v 103.55392 79.46233 115.24623
v 86.08418 116.12106 10.14023
v 85.81897 116.42851 13.96325
v 120.35689 88.46248 49.79552
v 84.86336 117.53635 37.66021
v 114.82135 83.63647 99.69339
v 84.80943 117.59886 40.53161
v 84.76402 117.65150 43.51292
v 84.72771 117.69359 46.60173
v 77.17542 103.38428 34.90120
v 114.35983 100.70593 131.13422
v 84.70114 117.72438 49.79552
v 84.68491 117.74321 53.08661
v 84.67958 117.74939 56.46728
v 84.68579 117.74219 59.92980
v 84.70412 117.72093 63.46646
v 84.73518 117.68492 67.06956
v 84.77957 117.63347 70.73135
v 84.83788 117.56586 74.44415
v 84.91072 117.48142 78.20023
v 85.69606 116.57100 102.77635
v 85.82885 116.41705 105.62372
v 85.96342 116.26105 108.26495
v 120.07979 105.55952 115.24623
v 86.79382 115.29839 121.43239
v 86.38297 81.65263 29.73015
v 90.57178 78.75217 40.53161
v 122.77634 102.81039 32.25702
v 96.18140 78.04878 96.40968
v 85.82825 114.16205 0.00002
v 79.88393 98.01969 121.43239
v 79.84138 98.51373 121.43239
v 108.96465 120.24583 18.93339
v 80.46356 88.93825 22.87794
v 108.93985 120.18987 99.69339
v 96.31889 78.84117 108.26495
v 95.84138 79.14198 110.72946
v 92.60336 88.94467 4.45090
v 85.97153 115.46732 4.09200
v 86.02182 115.41184 4.19268
v 86.11611 115.30782 4.30360
v 85.98917 115.44786 6.51867
v 85.84845 115.60313 8.16897
v 108.44167 79.59657 99.69339
v 85.70850 115.75755 110.72946
v 85.99196 115.44480 115.24623
v 77.34425 95.52879 56.81143
v 77.24591 96.07523 56.81174
v 112.71391 103.85966 4.45090
v 81.25008 86.39738 74.55402
v 81.06127 86.62389 74.64670
v 121.19823 91.21539 81.96471
v 97.76363 77.39214 27.32304
v 121.21877 105.31745 102.77635
v 90.52573 78.64826 67.06956
v 108.30544 81.24136 123.18382
v 108.76329 81.45107 123.18382
v 123.14447 103.43460 49.79552
v 123.22179 102.86533 49.79552
v 85.61429 115.09960 6.51867
v 116.10655 113.22627 6.51867
v 85.46980 115.25137 8.16897
v 100.64272 86.71989 4.45090
v 104.83710 86.45413 131.13422
v 85.32608 115.40231 110.72946
v 85.61713 115.09662 115.24623
v 105.68588 77.26196 56.46728
v 86.05907 114.63245 121.43239
v 121.46249 105.94215 96.40968
v 117.35155 84.26469 59.92980
v 87.24356 112.74674 125.80789
v 89.81725 110.17306 131.13422
v 90.58852 109.40179 5.21291
v 121.27483 105.89023 99.69339
v 90.58852 109.40179 4.45090
v 119.76624 112.52297 49.79552
v 86.31584 81.56213 81.96471
v 115.24542 117.68492 67.06956
v 83.21732 84.03081 37.66021
v 77.28346 103.36825 81.96471
v 105.40573 119.56886 124.66771
v 84.93593 115.05438 10.14023
v 84.64881 115.34149 13.96325
v 122.70071 100.55752 27.32304
v 108.32072 118.79314 4.36418
v 83.61429 116.37602 37.66021
v 83.55591 116.43440 40.53161
v 83.50674 116.48357 43.51292
v 83.46745 116.52286 46.60173
v 83.43868 116.55162 49.79552
v 83.42110 116.56921 53.08661
v 83.41534 116.57497 56.46728
v 83.42207 116.56824 59.92980
v 83.44190 116.54839 63.46646
v 83.47553 116.51477 67.06956
v 83.52358 116.46672 70.73135
v 83.58672 116.40359 74.44415
v 84.65952 115.33078 105.62372
v 84.80519 115.18511 108.26495
v 105.46297 80.22430 123.18382
v 105.94664 80.36456 123.18382
v 105.88435 80.56993 124.66771
v 119.94125 106.05206 6.51867
v 120.12199 100.98901 125.32436
v 117.60089 88.84821 115.24623
v 77.19069 100.55971 85.70277
v 120.35092 110.88298 78.20023
v 120.15202 95.98959 4.36418
v 121.41016 91.12760 74.89853
v 121.43794 91.18691 74.73826
v 86.06754 112.61887 0.47166
v 107.91080 110.67955 5.21291
v 108.42529 110.27805 5.21291
v 114.16499 114.88814 4.36418
v 115.29570 117.74321 53.08661
v 108.19824 78.72173 85.70277
v 83.95134 115.27036 18.93339
v 83.53739 115.66447 27.32304
v 83.44659 115.75092 29.73015
v 83.36253 115.83096 32.25702
v 83.28589 115.90393 34.90120
v 83.26985 115.91920 78.20023
v 83.36499 115.82861 81.96471
v 83.47278 115.72600 85.70277
v 83.59146 115.61299 89.37952
v 83.85464 115.36243 96.40968
v 83.99567 115.22816 99.69339
v 84.14066 115.09013 102.77635
v 88.51521 110.40041 2.75223
v 117.67055 96.48318 125.80789
v 79.01363 103.63980 10.14023
v 123.39078 100.57446 49.79552
v 88.17531 83.22400 123.18382
v 83.62926 114.80010 18.00951
v 83.15793 115.25597 27.32304
v 83.63306 115.57339 25.06681
v 83.06503 115.34017 29.73015
v 83.09181 115.31590 85.70277
v 83.21324 115.20584 89.37952
v 83.34406 115.08727 92.96011
v 83.48248 114.96181 96.40968
v 83.62676 114.83105 99.69339
v 111.69836 81.51096 102.77635
v 111.58958 81.68272 105.62372
v 112.86639 115.68955 0.08257
v 105.66798 77.33344 46.60173
v 105.11000 77.20093 46.60173
v 85.45511 113.17394 125.80789
v 78.18920 91.59039 46.60173
v 83.56178 114.17133 13.96325
v 82.60577 114.99600 32.25702
v 82.52563 115.06512 34.90120
v 82.45396 115.12695 37.66021
v 82.39144 115.18089 40.53161
v 82.33879 115.22630 43.51292
v 82.29672 115.26260 46.60173
v 82.26592 115.28916 49.79552
v 78.59389 108.57423 60.09045
v 78.58647 108.58026 56.81206
v 82.50887 115.07958 78.20023
v 82.60835 114.99378 81.96471
v 83.41931 114.29424 102.77635
v 83.57326 114.16145 105.62372
v 82.35329 115.36298 61.28904
v 82.44454 115.50032 62.12855
v 109.51589 120.14018 96.40968
v 111.90964 81.17732 96.40968
v 86.05554 111.43597 125.80789
v 87.26589 110.44266 2.01394
v 116.79151 84.00391 74.44415
v 82.68970 90.75263 125.80789
v 84.52835 90.73248 125.80789
v 83.53282 113.50630 10.14023
v 82.55286 115.28679 71.78403
v 82.43600 115.24644 67.35416
v 82.51686 115.16753 69.90530
v 83.38991 113.62360 108.26495
v 83.55096 113.49142 110.72946
v 84.37267 112.81708 121.43239
v 95.45606 77.20483 40.53161
v 120.20876 108.37476 102.77635
v 120.02094 108.29697 105.62372
v 120.23506 110.82105 81.96471
v 86.75819 98.69675 4.45090
v 83.46915 112.89324 3.35850
v 83.63844 113.04952 2.98318
v 83.78450 112.64713 4.36418
v 83.55431 112.82677 6.51867
v 83.38911 112.95570 8.16897
v 83.55757 112.82423 115.24623
v 89.71225 91.56503 5.21291
v 89.31075 107.92050 5.21291
v 89.31075 107.92050 4.45090
v 113.27042 100.65241 5.21291
v 110.72218 117.90505 4.09200
v 97.94717 79.25583 115.24623
v 120.15588 95.98882 0.58655
v 120.21048 95.97795 0.82962
v 82.88992 112.68250 10.14023
v 118.50069 90.68266 1.45511
v 81.22188 113.91962 46.60173
v 81.18920 113.94385 49.79552
v 82.57596 112.91537 105.62372
v 82.74142 112.79265 108.26495
v 82.90877 112.66853 110.72946
v 119.98569 106.60558 8.16897
v 105.07851 112.28403 5.21291
v 88.43466 108.57024 131.13422
v 95.48631 79.94279 4.36418
v 110.96793 120.53770 70.73135
v 77.08177 103.39816 37.66021
v 81.21961 113.21982 32.25702
v 81.13309 113.28075 34.90120
v 81.05570 113.33525 37.66021
v 80.98820 113.38280 40.53161
v 80.93135 113.42282 43.51292
v 81.11499 113.29350 78.20023
v 81.22240 113.21786 81.96471
v 81.62241 112.93613 92.96011
v 81.77515 112.82857 96.40968
v 81.93434 112.71645 99.69339
v 82.09802 112.60117 102.77635
v 83.47209 111.63344 121.43239
v 103.35854 77.29317 81.96471
v 83.38976 111.69142 124.66771
v 78.72110 108.52090 70.31778
v 78.66109 108.54662 66.85058
v 78.52318 108.00871 70.31802
v 77.74287 93.92072 51.51169
v 85.00172 110.01505 125.80789
v 85.07928 109.96323 0.97105
v 79.80679 108.05701 14.38004
v 79.50345 108.20103 14.88506
v 79.79898 108.43044 14.13609
v 81.17027 112.57514 25.91288
v 81.10159 112.62103 27.32304
v 80.99734 112.69070 29.73015
v 80.90085 112.75517 32.25702
v 80.81284 112.81397 34.90120
v 80.73415 112.86655 37.66021
v 80.66550 112.91242 40.53161
v 80.60768 112.95106 43.51292
v 80.56149 112.98193 46.60173
v 80.79444 112.82626 78.20023
v 80.90367 112.75328 81.96471
v 81.02740 112.67061 85.70277
v 81.16367 112.57955 89.37952
v 118.92955 110.12325 108.26495
v 120.16963 103.50146 121.65628
v 88.02806 107.99291 131.13422
v 83.24045 110.03948 0.12624
v 83.60220 110.95019 0.05833
v 119.45393 108.62763 10.14023
v 122.52605 113.32491 23.84873
v 122.51476 113.65289 24.75807
v 122.67830 113.41228 24.75657
v 80.21437 112.52297 49.79552
v 81.00978 112.01929 92.96011
v 81.16763 111.91933 96.40968
v 117.54595 115.14362 74.89853
v 77.65125 103.31370 25.03815
v 120.52797 96.43637 115.24623
v 107.37724 88.94467 5.21291
v 106.82588 88.59552 5.21291
v 86.70668 107.96189 2.75223
v 103.51491 120.31279 0.82962
v 117.69238 111.82816 10.14023
v 110.17068 120.22492 89.37952
v 110.09129 120.06722 92.96011
v 91.03438 78.37849 63.46646
v 81.04778 111.35371 99.69339
v 81.21951 111.25079 102.77635
v 82.66104 110.38676 121.43239
v 83.16428 110.08514 125.80789
v 88.26415 106.26775 5.21291
v 110.08060 120.04599 22.87794
v 110.14410 120.17213 25.03815
v 82.10419 110.13236 4.36418
v 81.85013 110.27628 6.51867
v 81.66780 110.37956 8.16897
v 81.46606 110.49385 10.14023
v 84.54550 86.00166 115.24623
v 81.12595 110.68654 105.62372
v 81.48647 110.48229 110.72946
v 81.85372 110.27425 115.24623
v 85.47312 107.75960 2.01394
v 112.71471 89.55734 2.01394
v 115.27648 117.72093 63.46646
v 117.71069 110.62119 4.30360
v 76.99278 98.27560 60.09076
v 76.95087 98.82816 56.81122
v 81.21410 110.03609 10.14023
v 80.34178 110.50236 96.40968
v 80.51350 110.41057 99.69339
v 80.69006 110.31619 102.77635
v 80.86936 110.22035 105.62372
v 81.05106 110.12325 108.26495
v 86.05907 85.36757 121.43239
v 81.56095 103.66582 0.47166
v 80.83737 103.80975 0.12624
v 83.00398 108.03394 0.47166
v 81.18057 109.46803 8.16897
v 79.69870 110.21394 27.32304
v 79.58670 110.27030 29.73015
v 79.48303 110.32249 32.25702
v 79.38850 110.37007 34.90120
v 79.30396 110.41264 37.66021
v 79.23020 110.44975 40.53161
v 79.16811 110.48102 43.51292
v 79.11848 110.50600 46.60173
v 79.08214 110.52429 49.79552
v 79.36874 110.38002 78.20023
v 79.48608 110.32097 81.96471
v 79.61900 110.25405 85.70277
v 79.76538 110.18037 89.37952
v 79.92308 110.10100 92.96011
v 80.99442 109.56174 110.72946
v 122.57155 98.33431 89.37952
v 120.03587 107.17242 10.14023
v 112.68099 118.99295 29.73015
v 83.69444 107.70737 125.80789
v 87.97073 105.68484 5.21291
v 87.97073 105.68484 4.45090
v 85.99025 106.62154 2.75223
v 122.93868 100.56335 81.96471
v 92.86887 91.26582 131.13422
v 99.99030 111.49619 131.13422
v 81.09053 108.93893 2.81853
v 81.14330 108.91396 6.51867
v 81.14704 108.91219 115.24623
v 123.04916 98.86720 78.20023
v 83.70761 102.41531 2.01394
v 81.04504 108.39787 1.45511
v 112.61134 118.88870 27.32304
v 78.74248 109.41852 40.53161
v 78.67890 109.44669 43.51292
v 78.62811 109.46922 46.60173
v 78.59091 109.48569 49.79552
v 82.39951 115.36299 64.75851
v 81.23164 108.31515 123.18382
v 117.66177 110.59187 122.13902
v 77.14439 96.03587 74.81126
v 81.06447 106.77177 0.00487
v 80.90325 107.90611 4.30360
v 80.72862 107.97845 6.51867
v 80.53503 108.05865 8.16897
v 78.77922 108.78591 32.25702
v 78.68146 108.82642 34.90120
v 78.59400 108.86264 37.66021
v 117.60858 115.43463 54.15057
v 78.66100 108.83488 78.20023
v 78.78237 108.78461 81.96471
v 80.73244 107.97687 115.24623
v 81.32455 107.73161 121.43239
v 81.18687 107.78864 121.52693
v 81.23151 107.77014 124.66771
v 81.31783 107.73440 125.13991
v 86.69858 105.50562 131.13422
v 120.10391 98.01898 125.13991
v 80.12679 107.66220 10.14023
v 78.79527 108.17583 27.32304
v 78.67829 108.22095 29.73015
v 78.71202 108.20795 85.70277
v 79.02965 108.08543 92.96011
v 79.20396 108.01819 96.40968
v 79.38561 107.94810 99.69339
v 79.57240 107.87605 102.77635
v 79.76208 107.80289 105.62372
v 79.95429 107.72874 108.26495
v 80.14867 107.65376 110.72946
v 85.40865 105.21741 2.75223
v 84.49168 105.54549 2.01394
v 122.51601 105.05831 78.20023
v 78.60101 107.65321 27.32304
v 78.48296 107.69546 29.73015
v 78.37367 107.73456 32.25702
v 78.27403 107.77022 34.90120
v 78.18491 107.80209 37.66021
v 78.10718 107.82992 40.53161
v 78.04170 107.85333 43.51292
v 77.98938 107.87206 46.60173
v 77.95108 107.88577 49.79552
v 78.25320 107.77766 78.20023
v 78.37688 107.73341 81.96471
v 78.51700 107.68327 85.70277
v 78.67130 107.62807 89.37952
v 79.18501 107.05960 17.01128
v 79.33357 107.28600 16.27237
v 78.65816 107.04720 92.96011
v 116.10847 115.45753 21.42613
v 116.15298 115.31723 20.56338
v 110.66985 107.92050 5.21291
v 78.79819 106.42857 18.93339
v 78.74857 106.46986 19.72851
v 112.81198 115.62326 125.13991
v 78.67041 106.46732 96.40968
v 87.09264 103.23071 5.21291
v 79.28055 110.07677 51.51170
v 79.50790 110.57729 53.61105
v 79.52687 110.56805 51.51170
v 78.70578 105.89023 99.69339
v 78.94437 105.27174 13.96325
v 78.36096 105.98564 22.87794
v 120.20100 108.39684 14.13609
v 120.01794 108.31188 13.85010
v 78.95905 105.26805 105.62372
v 96.13063 87.27640 5.21291
v 115.44083 113.32773 0.19769
v 117.66361 116.09673 24.75708
v 116.72443 115.16693 25.05813
v 106.75652 91.51427 5.21291
v 99.99030 110.60631 5.21291
v 121.77853 105.94519 25.07461
v 81.07936 110.58115 12.20737
v 93.22409 91.51427 5.21291
v 106.75652 91.51427 0.00000
v 99.99030 110.60631 4.45090
v 106.75652 91.51427 4.45090
v 83.90254 115.48895 21.42850
v 83.50095 114.51644 16.99468
v 117.36083 112.91104 13.46773
v 122.20010 112.80052 21.45792
v 122.21033 113.14736 22.21905
v 122.37038 112.89883 22.24683
v 82.64688 112.94675 13.46813
v 120.20889 115.53185 24.60567
v 83.54552 115.22832 19.70827
v 83.79776 115.19299 19.72952
v 117.83443 112.06384 12.49864
v 93.22409 91.51427 0.00000
v 99.99030 110.60631 0.00000
v 78.21304 105.98663 25.07382
v 122.03799 113.04900 21.42575
v 93.22409 91.51427 4.45090
v 116.62857 114.24646 16.27262
v 118.27649 115.44376 21.06964
v 121.44760 106.18765 21.42861
v 81.12585 114.98163 24.93464
v 78.82320 90.79653 51.51170
v 78.66794 90.70090 51.39288
v 122.21378 108.35638 24.96308
v 122.08167 108.29893 24.06831
v 76.37682 110.36623 24.80742
v 76.39050 110.65627 24.79803
v 81.03841 112.79224 14.57915
v 81.03728 113.16292 15.21235
v 79.43782 112.97186 17.43718
v 79.66975 113.19507 17.38805
v 78.77612 112.62975 18.32972
v 78.77194 112.99016 18.95994
v 78.36377 112.86669 19.80168
v 78.56760 113.10614 19.70298
v 79.00371 113.56152 19.56554
v 83.45017 115.56474 21.36427
v 77.62962 112.93242 22.24683
v 77.78967 113.18095 22.21905
v 80.93845 115.47587 21.92819
v 81.36548 115.59328 21.95012
v 78.78432 114.96214 24.58702
v 79.52567 115.43218 24.59986
v 78.69920 110.49526 16.38916
v 78.65772 110.89952 16.70687
v 78.40681 110.31793 17.05630
v 77.59740 110.50053 19.51183
v 76.94232 110.55541 22.00074
v 123.62318 110.33266 24.80742
v 122.50319 111.33637 24.84041
v 122.55988 111.04040 24.84738
v 120.32550 110.99028 14.63129
v 120.27419 110.59547 14.29070
v 121.64018 110.68970 17.35668
v 121.59317 110.28435 17.05630
v 122.40260 110.46696 19.51183
v 122.62154 110.58917 20.32021
v 122.65660 110.27789 20.33947
v 122.52740 108.08096 21.06964
v 122.62929 112.36572 22.19870
v 123.05766 110.52184 22.00074
v 122.66745 107.91857 21.99380
v 123.17035 108.01028 24.68534
v 120.05347 111.92487 15.02503
v 117.81921 113.14432 14.15058
v 118.96272 113.12933 15.21235
v 120.09579 113.02492 16.70687
v 120.33023 113.16148 17.38805
v 119.71756 113.53300 17.05630
v 77.16995 103.24995 60.09001
v 77.16081 103.25024 56.81174
v 118.94576 113.34994 74.89853
v 122.48018 105.63342 74.89853
v 117.50233 84.45148 61.28752
v 120.87759 110.58443 51.02827
v 121.28581 109.72780 51.07898
v 82.31751 115.28674 58.34583
v 82.33179 115.36298 57.88994
v 82.31926 115.28674 54.29620
v 99.99030 111.49619 125.45787
v 107.11172 91.26582 125.45787
v 117.52045 84.45000 54.08580
v 123.11353 98.30025 74.86459
v 119.66936 87.31326 51.02827
v 120.16669 88.12593 51.07898
v 123.00063 102.83806 74.89853
v 77.25377 96.07552 53.61105
v 82.65036 115.20483 74.43755
v 82.37019 115.43463 54.16019
v 82.22955 85.19069 53.61052
v 118.94611 86.64983 74.88386
v 77.04985 103.38014 74.74788
v 77.09708 98.83450 70.31804
v 77.06487 98.28111 66.85059
v 119.95192 110.66972 25.90621
v 122.63806 104.96253 74.84617
v 79.48335 88.69817 51.02885
v 81.10930 112.79092 74.26210
v 81.00069 112.99323 74.38551
v 78.69298 109.72780 51.08860
v 118.49643 113.03349 25.92080
v 81.33573 86.57556 70.31808
v 76.83382 101.13760 74.90815
v 76.95995 98.82864 60.08970
v 77.28130 103.79115 63.43896
v 123.17615 103.27023 51.02827
v 77.79362 105.93748 66.85059
v 77.74953 105.94897 63.43919
v 82.54202 115.43465 69.68594
v 117.90018 85.27737 74.89853
v 79.26184 110.08652 53.61030
v 120.16385 88.57182 74.86520
v 77.09698 101.03603 70.31804
v 76.83077 98.86224 74.80537
v 78.41383 108.05354 51.51170
v 78.59270 108.57475 53.61105
v 81.22533 86.48891 53.61136
v 92.86887 91.26582 125.45787
v 78.39375 108.05991 53.61051
v 78.72070 91.35284 70.31754
v 78.93071 90.84586 70.31778
v 80.02945 88.32639 56.81174
v 79.75978 88.80516 56.81174
v 76.81001 103.31248 51.04562
v 76.63936 98.25046 51.01181
v 122.98862 104.39971 51.02958
v 77.19612 103.24329 63.43864
v 79.07713 108.66252 25.93954
v 78.39588 108.06188 60.09000
v 81.24216 113.37090 51.51171
v 81.22534 113.38381 53.61031
v 77.37947 95.53604 63.43864
v 117.47081 115.57027 62.44744
v 78.83020 90.79855 63.43918
v 78.59389 91.29848 60.09000
v 78.80463 90.78970 60.09054
v 122.99841 95.65411 51.00177
v 123.12132 98.42339 74.85741
v 77.12958 98.28713 70.31756
v 77.42357 95.54779 66.85036
v 78.58647 91.29247 56.81143
v 77.58649 105.42307 53.61060
v 81.11469 113.85551 51.03789
v 119.26766 112.88072 74.89853
v 77.16835 103.24799 53.61104
v 122.53146 106.32513 51.07898
v 77.03215 101.04042 66.85114
v 80.15498 88.40424 70.31776
v 80.09870 88.37061 66.85033
v 118.69072 85.91328 51.02827
v 81.28533 86.53302 66.85022
v 77.72395 93.91531 60.09023
v 122.46523 93.43208 51.00468
v 76.93890 100.48933 53.61104
v 79.76695 88.81113 60.09054
v 80.03725 88.33121 60.09022
v 81.24793 86.50626 63.43893
v 77.32626 103.78419 66.85036
v 78.61965 108.56605 63.43927
v 81.24216 86.50182 51.51171
v 81.41312 112.92792 25.91918
v 78.81632 91.39265 74.26214
v 123.34128 98.43398 51.12796
v 123.29648 97.86739 51.12796
v 79.25421 110.08878 56.81143
v 79.50224 110.58343 56.81206
v 117.45635 84.59589 69.68390
v 120.48985 88.70477 51.12796
v 117.52113 110.31599 12.53256
v 117.33978 109.78990 12.07843
v 117.35451 110.78429 17.50056
v 117.70274 110.03658 17.32587
v 117.17126 110.45084 16.82756
v 117.52362 114.07758 24.00408
v 115.14366 103.75410 12.10435
v 115.19070 104.25498 12.18040
v 115.47726 103.94669 12.32521
v 117.71947 105.95344 13.15987
v 117.26248 105.74729 12.60263
v 112.90794 105.61697 8.66469
v 112.72309 106.00461 8.53918
v 111.72607 105.05673 8.10828
v 117.49693 107.90894 15.34367
v 117.83514 107.87744 15.78836
v 90.12701 102.97804 7.46929
v 99.98856 100.45918 7.47517
v 99.98856 101.04701 7.19283
v 119.20538 110.51965 21.50206
v 118.72534 111.19637 21.22095
v 119.19698 111.08565 22.52668
v 107.72304 106.75311 7.30292
v 107.93214 106.45676 7.17388
v 110.06946 107.87135 8.21334
v 117.46297 107.79939 11.83329
v 117.50166 112.95786 21.10896
v 112.84288 110.32923 10.22921
v 113.20343 110.64478 10.57184
v 112.77213 110.60503 10.49158
v 115.59732 110.64172 14.90300
v 112.93996 110.16624 12.56137
v 112.66593 110.34741 12.49742
v 112.77683 110.63738 12.70489
v 108.64085 105.35085 6.93536
v 114.99725 108.05712 12.97969
v 115.16978 106.13124 10.01817
v 114.64104 105.99638 9.66317
v 110.57269 106.94467 10.65062
v 108.33453 106.94057 9.93882
v 119.95073 110.48515 24.51392
v 118.04175 111.02930 19.20490
v 117.96132 108.25269 16.22695
v 112.75913 103.03333 9.77702
v 110.34470 101.47949 8.73986
v 112.87038 110.95467 12.93079
v 111.07564 108.68874 8.81868
v 110.26244 108.50700 8.62854
v 110.63232 103.53007 10.07275
v 110.30875 104.09933 10.05305
v 115.15768 112.91295 16.50788
v 119.91130 108.09461 20.22449
v 119.61810 108.07719 19.42347
v 115.12479 113.55183 16.51498
v 111.71259 110.17343 11.97328
v 117.83107 105.30567 14.63477
v 118.06699 105.57678 14.56908
v 99.98856 103.48238 6.84926
v 108.36404 105.80187 6.99111
v 110.25797 110.66222 11.13770
v 106.26856 108.37297 9.06655
v 110.39374 101.01173 9.49061
v 114.72121 108.14859 9.69065
v 119.91362 110.39072 23.90714
v 109.19205 109.68823 9.94254
v 106.88529 108.83830 9.88868
v 109.69451 103.34354 7.29285
v 109.95609 102.95097 9.72814
v 113.01035 103.10152 10.97821
v 115.44728 105.69881 10.41247
v 99.98856 106.70100 8.45561
v 81.40962 108.26534 13.20097
v 81.27242 108.11810 13.42879
v 114.98230 113.65050 17.20340
v 88.59999 105.13570 7.93393
v 88.25452 105.05673 8.10828
v 90.41647 103.62579 7.18224
v 78.89098 107.96239 24.58263
v 81.75263 108.10425 16.55241
v 81.57308 108.32127 17.03372
v 81.90591 108.62086 16.68960
v 99.98856 105.48810 7.46313
v 89.59705 110.23145 11.52555
v 89.96268 110.78430 11.63351
v 91.48654 109.90450 10.79759
v 92.52148 106.09460 9.49061
v 91.20754 103.81880 9.49061
v 85.92664 112.27570 14.67370
v 86.23439 112.67441 14.73456
v 86.22634 112.10268 14.28632
v 82.04228 112.69090 21.79217
v 78.95518 107.84241 19.83267
v 91.59436 107.98953 10.19115
v 93.41946 107.64996 9.49061
v 93.70734 108.14859 9.49061
v 89.21225 107.58849 10.85543
v 83.57951 112.84274 18.43077
v 83.93385 112.82613 17.76459
v 85.83241 105.74879 11.80960
v 86.53474 105.75917 11.48333
v 86.16124 105.40787 11.59869
v 82.91161 105.98901 12.08189
v 82.95603 105.62949 12.34597
v 83.18236 105.61943 12.01382
v 89.99699 109.59676 9.61415
v 83.79715 105.41219 11.36917
v 86.56409 106.21780 8.88127
v 85.74854 106.50357 9.31547
v 79.04037 108.14154 23.95126
v 79.01192 107.77132 23.40417
v 91.46994 105.56615 6.95536
v 91.61656 105.80187 6.99111
v 89.67185 104.09933 10.05305
v 83.98077 108.63596 14.07444
v 85.80984 107.39025 12.19757
v 86.18195 108.04825 12.18882
v 81.43138 112.88605 16.70547
v 79.66605 108.37460 21.81168
v 83.68041 110.31998 11.54478
v 81.01646 110.61143 20.93148
v 79.57262 108.14458 17.09080
v 88.61800 111.56066 12.47735
v 83.68022 113.71822 16.98646
v 80.78362 111.08565 22.52668
v 89.91116 107.87135 8.21334
v 88.28894 110.23181 10.10649
v 87.99452 108.64484 8.92758
v 84.18813 109.92039 14.60710
v 84.72266 110.55939 14.50215
v 83.70399 110.59236 11.72175
v 87.22147 103.03333 9.77702
v 88.70805 102.39536 10.13029
v 87.91242 110.34113 12.19689
v 82.14952 105.30567 14.63477
v 88.40981 110.55756 10.49396
v 85.57082 108.68156 9.68910
v 85.97295 105.37640 9.39867
v 83.71967 105.53773 13.17519
v 81.39263 112.42168 23.35455
v 122.91390 98.28111 66.84097
v 122.88170 98.83450 70.30843
v 122.84921 98.28713 70.30795
v 122.81796 103.25024 56.80212
v 122.73286 103.79750 56.80265
v 122.72409 103.79482 60.08084
v 121.10789 90.81961 66.84071
v 121.31770 91.32610 66.84096
v 121.25809 91.35284 70.30791
v 119.00774 112.88979 66.84061
v 118.64153 113.29930 70.30788
v 118.95290 112.85359 70.30846
v 119.94138 88.32832 53.60121
v 122.48883 94.99618 63.42934
v 122.62611 95.53320 60.08039
v 122.59931 95.53604 63.42902
v 122.67320 103.22803 70.30874
v 122.65251 103.78419 66.84074
v 122.58870 103.77161 70.30762
v 119.06703 112.93489 53.60174
v 118.75345 113.38381 53.60069
v 119.07401 112.93862 56.80235
v 118.75151 113.38425 60.08092
v 119.06535 112.93501 60.08037
v 120.71693 110.08652 53.60068
v 120.47089 110.57729 53.60143
v 120.47655 110.58343 56.80244
v 120.72456 110.08878 56.80181
v 120.46922 110.57764 60.08060
v 120.71512 110.08730 60.08092
v 122.39156 105.42062 60.08084
v 122.25482 105.95743 60.08060
v 122.22926 105.94897 63.42957
v 119.91853 88.34550 63.42932
v 120.18723 88.82253 63.42955
v 119.94154 88.33121 60.08060
v 122.10652 93.38133 53.60089
v 122.25648 93.91641 53.60152
v 122.26331 93.91174 56.80235
v 122.36526 105.41493 63.42934
v 122.18515 105.93748 66.84097
v 122.32117 105.40350 66.84097
v 117.72891 85.21088 63.42931
v 122.98601 98.27560 60.08114
v 123.01884 98.82864 60.08009
v 122.95917 98.27655 63.42957
v 119.88008 88.37061 66.84071
v 122.18515 93.93526 66.84097
v 122.12294 93.95465 70.30851
v 118.42764 86.04806 60.08083
v 118.75969 86.48412 56.80212
v 121.38490 91.29848 60.08038
v 121.35913 91.30669 63.42901
v 122.99506 98.27490 56.80265
v 123.02008 98.82748 53.60098
v 123.02792 98.82816 56.80160
v 122.11440 93.38046 56.80212
v 122.25484 93.91531 60.08060
v 120.21184 88.81113 60.08092
v 120.09221 88.88075 70.30791
v 120.00200 88.93237 74.25249
v 122.55522 95.54781 66.84074
v 122.59979 104.33411 63.42957
v 122.40010 105.42397 56.80212
v 117.64530 114.58723 70.30812
v 122.49585 94.99454 51.50207
v 121.18143 90.78349 56.80235
v 122.96628 100.48856 66.84097
v 123.01883 101.04410 60.08060
v 122.99197 101.04425 63.42966
v 119.04404 112.91814 63.42878
v 118.69498 113.33756 66.84116
v 121.17535 90.78915 53.60152
v 122.63454 95.52879 56.80181
v 122.62718 95.53188 53.60068
v 122.72502 96.07552 53.60143
v 118.37131 86.09494 66.84093
v 118.31918 86.13507 70.30779
v 118.64305 86.57556 70.30846
v 117.64906 115.20567 59.19107
v 117.61292 115.08402 56.31607
v 117.66298 115.24641 56.69382
v 122.38087 104.85258 70.30794
v 120.69228 110.07246 63.42956
v 120.44627 110.56319 63.42900
v 122.12228 105.92059 70.30794
v 122.48714 96.11935 74.25255
v 117.42348 114.93735 66.84721
v 118.43546 86.04314 56.80212
v 118.73084 113.36646 63.42985
v 122.26331 105.96098 56.80190
v 123.02013 101.04417 53.60120
v 122.94662 101.04042 66.84151
v 118.42998 86.04897 53.60099
v 123.01176 100.48818 63.42902
v 117.50970 114.93730 51.50210
v 122.72546 103.79462 53.60152
v 120.40547 110.54237 66.84095
v 120.14819 111.02605 66.84095
v 120.09116 110.99388 70.30791
v 117.57095 115.08403 62.96216
v 117.48431 114.93732 63.44528
v 117.64384 115.36298 54.22129
v 122.39230 105.42307 53.60098
v 122.25636 105.95673 53.60143
v 120.34749 110.51203 70.30849
v 122.50301 105.54221 51.41719
v 117.43677 115.43465 69.67633
v 122.23590 105.95200 51.50208
v 117.42593 115.28679 71.77443
v 79.05244 109.57622 63.43895
v 79.02818 109.58808 60.09023
v 78.66109 91.32610 66.85058
v 78.87090 90.81961 66.85033
v 81.02589 112.85359 70.31808
v 80.97105 112.88979 66.85023
v 77.39008 103.77161 70.31724
v 80.91342 112.93501 60.08999
v 81.22727 113.38425 60.09054
v 80.06026 88.34550 63.43894
v 77.85584 93.95465 70.31813
v 78.61965 91.30669 63.43863
v 80.93475 112.91814 63.43840
v 81.21819 113.38737 56.81143
v 79.57330 110.54237 66.85056
v 78.93114 109.02788 70.31754
v 112.88472 83.84109 1.17113
v 95.34581 120.27322 2.02011
v 95.93767 120.48917 123.86989
v 95.77322 120.42068 123.74889
v 95.68631 120.33553 123.85631
v 86.08894 115.46996 123.85849
v 86.04962 115.41632 123.73906
v 83.64140 112.99949 123.40997
v 107.94730 81.19312 123.90417
v 112.84729 83.78075 122.91827
v 112.81230 83.80626 124.31439
v 115.29788 86.22345 124.30180
v 120.13558 95.98160 124.51512
v 120.11905 103.43323 124.69229
v 117.86945 110.82028 123.87207
v 110.43851 117.85568 122.72352
v 110.44248 117.85918 124.43964
v 103.19405 120.63884 123.86989
v 86.05025 116.08862 2.34604
v 83.58981 113.60661 2.32129
v 78.79875 100.56407 2.48064
v 78.76569 100.52866 2.35558
v 89.63979 81.38557 2.34386
v 96.39609 78.97475 2.32129
v 96.40289 78.98393 2.43542
v 100.65881 78.93427 1.68301
v 100.74232 78.93784 1.80239
v 100.68661 78.87332 2.49717
v 99.18913 78.94884 2.50302
v 103.27071 78.98416 2.00769
v 103.57771 78.98393 2.43542
v 120.10816 93.37663 2.37432
v 120.10535 93.13921 2.45811
v 120.10700 106.95059 2.34386
v 120.10535 106.83583 2.45811
v 110.46599 117.90327 1.07635
f 1 2 3
f 4 5 6
f 7 8 9
f 10 11 12
f 13 14 15
f 16 17 18
f 19 20 21
f 22 23 24
f 25 26 27
f 28 29 30
f 31 32 33
f 34 35 36
f 37 38 39
f 40 41 42
f 43 44 45
f 46 47 48
f 49 50 51
f 52 53 54
f 55 56 57
f 58 59 60
f 61 62 63
f 64 65 66
f 67 68 69
f 70 71 72
f 73 74 75
f 76 77 78
f 79 80 81
f 82 83 84
f 85 86 87
f 88 89 90
f 91 92 93
f 94 95 96
f 97 98 99
f 100 101 102
f 103 104 105
f 106 107 108
f 109 110 111
f 112 113 114
f 115 116 117
f 118 119 120
f 121 122 123
f 124 125 126
f 127 128 129
f 130 131 132
f 133 134 135
f 136 137 138
f 139 140 141
f 142 143 144
f 145 143 142
f 146 147 148
f 149 150 151
f 152 153 154
f 155 156 157
f 158 159 160
f 161 162 163
f 164 165 166
f 167 168 169
f 170 171 172
f 173 174 175
f 31 176 32
f 177 178 179
f 180 181 182
f 183 184 185
f 186 187 188
f 189 190 191
f 191 190 192
f 193 162 194
f 195 196 197
f 198 199 200
f 201 115 117
f 202 203 204
f 205 206 207
f 208 209 55
f 210 211 212
f 213 214 215
f 216 217 218
f 219 220 221
f 222 223 224
f 225 226 227
f 228 229 230
f 231 232 233
f 234 235 236
f 237 238 239
f 96 95 240
f 241 91 93
f 58 242 59
f 243 244 245
f 246 247 248
f 249 250 251
f 252 253 254
f 255 256 257
f 258 259 260
f 261 262 263
f 264 265 266
f 267 268 269
f 270 271 272
f 145 273 143
f 239 238 274
f 275 276 277
f 278 279 280
f 281 282 283
f 284 285 286
f 287 42 288
f 289 290 291
f 292 293 294
f 72 71 295
f 296 14 13
f 297 298 299
f 300 301 302
f 303 304 305
f 306 307 308
f 309 310 311
f 312 313 314
f 315 316 317
f 318 319 320
f 321 322 323
f 324 325 326
f 72 295 327
f 72 327 328
f 329 153 152
f 330 331 332
f 319 333 320
f 334 335 336
f 337 338 339
f 340 341 342
f 343 344 345
f 346 193 347
f 348 349 350
f 227 351 352
f 294 353 354
f 355 356 357
f 328 327 358
f 328 358 359
f 134 360 361
f 362 318 363
f 359 358 364
f 359 364 365
f 366 367 368
f 365 364 369
f 369 364 370
f 371 372 373
f 374 336 375
f 369 370 376
f 369 376 377
f 377 376 378
f 149 379 150
f 377 378 380
f 381 382 383
f 380 378 384
f 380 384 385
f 385 384 386
f 385 386 387
f 387 386 388
f 387 388 389
f 389 388 390
f 391 392 393
f 389 390 394
f 395 166 396
f 394 390 397
f 397 390 398
f 397 398 399
f 400 401 116
f 397 399 402
f 402 399 403
f 402 403 404
f 404 403 405
f 404 405 406
f 406 405 407
f 406 407 408
f 408 407 409
f 408 409 410
f 411 412 413
f 410 409 414
f 414 409 415
f 416 417 418
f 414 415 419
f 414 419 420
f 420 419 421
f 420 421 422
f 422 421 423
f 422 423 424
f 425 297 299
f 424 423 426
f 427 428 429
f 424 426 430
f 430 426 431
f 430 431 432
f 432 431 433
f 432 433 434
f 434 433 435
f 434 435 436
f 436 435 437
f 437 435 438
f 437 438 439
f 73 306 440
f 437 439 441
f 441 439 442
f 442 439 443
f 442 443 444
f 54 445 446
f 442 444 447
f 447 444 448
f 448 444 449
f 448 449 450
f 448 450 451
f 451 450 452
f 451 452 453
f 453 452 454
f 454 452 455
f 392 456 457
f 167 458 168
f 454 455 459
f 454 459 460
f 460 459 461
f 460 461 462
f 462 461 463
f 463 461 464
f 463 464 465
f 463 465 466
f 467 309 311
f 466 465 468
f 466 468 469
f 31 470 176
f 471 472 473
f 474 475 476
f 477 478 479
f 469 468 209
f 209 468 480
f 481 482 483
f 484 485 1
f 486 487 488
f 489 490 491
f 492 493 494
f 495 496 497
f 498 499 500
f 501 502 478
f 209 480 503
f 209 503 55
f 504 505 506
f 95 507 508
f 509 510 511
f 512 513 153
f 514 225 515
f 516 517 518
f 519 520 246
f 55 503 56
f 229 521 230
f 401 522 523
f 132 524 525
f 526 133 527
f 230 528 70
f 417 529 485
f 70 528 71
f 530 531 532
f 533 534 535
f 353 536 537
f 538 539 225
f 540 518 541
f 542 183 543
f 145 544 273
f 225 539 226
f 545 546 547
f 197 514 515
f 548 549 550
f 551 552 542
f 553 554 555
f 556 557 125
f 558 559 560
f 561 562 34
f 563 564 565
f 566 567 568
f 569 570 571
f 572 498 573
f 574 575 475
f 576 43 577
f 578 579 580
f 581 582 115
f 583 584 585
f 586 587 588
f 74 589 590
f 591 592 593
f 594 458 167
f 595 596 597
f 598 599 600
f 601 602 603
f 604 208 55
f 605 385 387
f 606 81 607
f 388 608 390
f 390 608 398
f 609 605 610
f 611 612 613
f 614 615 616
f 617 618 619
f 620 621 622
f 623 624 625
f 360 626 361
f 627 628 629
f 630 631 632
f 633 634 635
f 636 637 43
f 638 639 640
f 641 642 643
f 644 645 646
f 647 648 649
f 650 484 651
f 509 291 510
f 652 653 40
f 654 655 335
f 514 538 225
f 656 557 556
f 14 657 658
f 289 659 660
f 661 662 591
f 144 143 663
f 64 664 665
f 666 667 668
f 503 669 56
f 670 671 672
f 673 674 675
f 676 587 586
f 677 678 679
f 230 521 528
f 680 681 682
f 683 616 637
f 349 684 350
f 685 686 687
f 688 689 690
f 4 6 691
f 692 693 694
f 695 696 697
f 698 699 700
f 130 132 701
f 304 702 493
f 703 289 509
f 704 705 706
f 637 44 43
f 227 226 351
f 707 708 709
f 710 711 712
f 147 175 148
f 713 714 678
f 715 716 717
f 108 718 719
f 720 721 205
f 722 723 28
f 724 677 679
f 169 168 725
f 726 727 728
f 729 730 731
f 732 733 734
f 735 736 737
f 738 22 24
f 739 740 741
f 742 548 743
f 440 589 74
f 594 744 458
f 745 746 747
f 748 722 217
f 749 750 751
f 492 494 752
f 316 753 317
f 754 489 755
f 756 757 758
f 759 760 761
f 636 43 576
f 762 763 764
f 765 766 767
f 557 169 125
f 559 620 622
f 762 764 768
f 769 770 250
f 771 772 773
f 774 174 775
f 776 777 778
f 779 780 781
f 782 783 784
f 785 786 787
f 787 786 788
f 789 481 483
f 790 791 792
f 793 794 795
f 796 797 798
f 92 799 93
f 113 800 801
f 802 803 804
f 805 806 519
f 807 808 502
f 809 810 811
f 812 813 814
f 669 815 56
f 56 815 57
f 348 816 817
f 818 819 820
f 821 69 552
f 235 822 823
f 824 656 825
f 826 784 827
f 828 829 830
f 723 831 832
f 833 184 183
f 834 297 425
f 835 836 837
f 838 749 751
f 361 53 839
f 840 841 842
f 218 30 843
f 844 210 212
f 845 846 847
f 539 779 226
f 47 848 849
f 850 851 852
f 171 853 854
f 855 856 857
f 244 858 859
f 860 861 862
f 863 864 865
f 866 867 868
f 739 869 740
f 870 871 872
f 873 874 875
f 876 481 789
f 877 878 879
f 880 881 882
f 883 139 86
f 327 884 358
f 885 886 887
f 290 888 889
f 101 890 891
f 892 893 894
f 895 7 9
f 608 896 398
f 398 896 399
f 639 897 640
f 6 898 899
f 438 900 439
f 439 900 443
f 533 535 901
f 586 902 897
f 753 903 904
f 603 602 601
f 622 621 905
f 549 906 907
f 259 796 798
f 711 908 230
f 909 910 490
f 911 912 913
f 914 58 915
f 916 917 918
f 535 772 771
f 919 157 920
f 393 164 921
f 520 247 246
f 351 922 923
f 924 925 926
f 927 594 557
f 928 929 930
f 335 655 931
f 914 932 242
f 310 88 933
f 934 300 935
f 323 621 620
f 392 457 936
f 23 350 878
f 937 938 939
f 940 941 67
f 942 469 943
f 944 945 946
f 48 47 849
f 921 164 166
f 947 948 949
f 950 951 952
f 953 31 33
f 954 590 955
f 956 823 957
f 958 959 960
f 48 961 876
f 845 962 846
f 694 693 963
f 964 965 966
f 967 968 969
f 90 970 971
f 306 308 440
f 972 177 179
f 973 974 975
f 976 977 524
f 978 215 979
f 980 981 982
f 983 984 267
f 985 986 504
f 800 987 801
f 988 769 989
f 990 991 992
f 550 993 994
f 370 995 376
f 376 995 996
f 376 996 378
f 493 702 997
f 378 996 998
f 378 998 384
f 999 42 287
f 384 998 1000
f 384 1000 386
f 386 1000 388
f 388 1000 1001
f 388 1001 1002
f 388 1002 608
f 608 1002 1003
f 37 38 39
f 608 1003 896
f 896 1003 399
f 399 1003 1004
f 399 1004 403
f 403 1004 1005
f 639 586 897
f 403 1005 1006
f 184 742 743
f 403 1006 405
f 405 1006 1007
f 405 1007 407
f 407 1007 1008
f 407 1008 409
f 1009 176 1010
f 409 1008 1011
f 409 1011 415
f 415 1011 1012
f 415 1012 419
f 419 1012 1013
f 419 1013 421
f 421 1013 1014
f 421 1014 423
f 730 1015 1016
f 423 1014 1017
f 423 1017 426
f 426 1017 1018
f 426 1018 431
f 431 1018 1019
f 1020 949 1021
f 431 1019 433
f 433 1019 1022
f 433 1022 435
f 435 1022 1023
f 435 1023 438
f 438 1023 1024
f 438 1024 900
f 801 1025 1026
f 900 1024 443
f 443 1024 1027
f 443 1027 1028
f 39 38 37
f 443 1028 444
f 444 1028 1029
f 444 1029 449
f 449 1029 1030
f 449 1030 450
f 450 1030 1031
f 450 1031 452
f 452 1031 455
f 455 1031 1032
f 455 1032 1033
f 267 887 268
f 455 1033 459
f 459 1033 1034
f 459 1034 461
f 461 1034 464
f 196 514 197
f 1035 1036 695
f 1037 1038 1039
f 1040 1041 739
f 1042 1043 1044
f 1045 1046 1047
f 1048 131 130
f 1049 1050 1051
f 1052 1053 1054
f 1055 1056 1057
f 202 1058 203
f 1059 1035 695
f 429 1060 1061
f 812 1062 813
f 1063 1064 1065
f 1066 672 366
f 1067 1068 234
f 1069 750 749
f 886 1070 1071
f 1072 1073 1074
f 237 491 238
f 673 1075 674
f 1076 1077 231
f 1078 1079 536
f 825 556 1080
f 603 776 602
f 1081 1082 1083
f 179 178 1084
f 528 1085 71
f 1086 571 1087
f 1088 1026 903
f 1089 1090 1091
f 1092 1093 1094
f 76 78 141
f 1095 640 594
f 907 728 1096
f 1097 1098 1099
f 1100 1101 1102
f 1103 374 1104
f 1105 1106 1107
f 775 1108 1077
f 1109 1110 1111
f 1112 146 1113
f 100 1114 101
f 1115 785 1116
f 1117 1118 1119
f 1120 1121 1122
f 1123 1124 1125
f 190 1126 1127
f 290 660 888
f 1128 1129 1130
f 1131 1132 1133
f 765 767 158
f 1057 1134 1135
f 327 1136 884
f 894 603 601
f 1137 402 1138
f 734 352 1139
f 884 1140 358
f 358 1140 1141
f 358 1141 1142
f 358 1142 364
f 1143 598 772
f 1144 1145 806
f 364 1142 1146
f 364 1146 370
f 322 1147 1148
f 370 1146 995
f 1149 279 278
f 553 1150 1151
f 977 1152 1153
f 1154 899 1155
f 1004 1156 1005
f 1005 1156 1157
f 1005 1157 1006
f 1158 1159 371
f 1006 1157 1007
f 1160 1161 1162
f 1163 260 655
f 1164 1096 1165
f 1022 1019 1166
f 1022 1166 1023
f 1167 1168 1169
f 1170 144 1171
f 464 1034 1172
f 1173 814 1174
f 464 1172 1175
f 464 1175 465
f 1176 1177 1178
f 1179 1180 73
f 604 55 1181
f 1182 1183 1184
f 465 1175 468
f 468 1175 1185
f 1186 1187 826
f 1188 1189 215
f 1190 257 1191
f 112 1192 113
f 1193 1194 310
f 1195 1120 1122
f 1091 1090 1196
f 1197 600 566
f 1198 1199 850
f 176 416 1200
f 1201 1202 1203
f 383 1204 1205
f 1206 1207 1208
f 1056 1209 1057
f 1210 1211 1212
f 1050 1213 1214
f 1215 1216 1217
f 266 1218 1219
f 110 526 111
f 777 778 776
f 23 878 877
f 1220 540 541
f 783 1221 1222
f 475 575 649
f 503 1223 669
f 1224 1128 1225
f 669 1223 815
f 548 550 743
f 1100 1102 1216
f 356 1226 1227
f 1228 1229 219
f 109 894 1084
f 528 1230 1085
f 1231 738 1232
f 1233 1234 76
f 350 1235 685
f 1236 1237 1238
f 784 783 1222
f 1239 1240 512
f 1241 1242 1243
f 1216 1244 534
f 1245 1246 1247
f 219 826 827
f 1104 374 1248
f 988 1249 769
f 1250 1251 1252
f 1253 1254 1255
f 1256 1257 830
f 1258 1259 1260
f 1261 1262 1263
f 253 114 254
f 1120 1264 1121
f 153 1265 154
f 814 748 1174
f 1266 574 474
f 676 1267 587
f 1268 712 1269
f 597 1270 1271
f 1272 1150 553
f 947 1273 948
f 783 21 236
f 265 561 1218
f 1136 1140 884
f 569 1113 570
f 702 365 997
f 1140 1274 1141
f 1141 1274 1142
f 907 1096 1164
f 1275 1276 1277
f 1278 1279 1280
f 1007 1157 1281
f 1007 1281 1282
f 1283 597 1284
f 1285 369 377
f 1007 1282 1008
f 1008 1282 1011
f 1286 1287 614
f 1288 148 1289
f 1017 1290 1018
f 1018 1290 1019
f 1019 1290 1291
f 1019 1291 1166
f 809 1292 810
f 1293 1294 1249
f 1172 1295 1175
f 1296 634 633
f 525 524 1297
f 1175 1295 1185
f 1298 1299 1300
f 1301 1302 1303
f 618 1304 619
f 119 1305 120
f 1089 1306 1090
f 1307 124 1308
f 1199 1309 851
f 1310 802 885
f 413 412 1311
f 1312 1313 1314
f 1056 1280 1209
f 1315 1316 1317
f 180 182 1318
f 1319 463 466
f 1320 1321 1322
f 1323 52 1324
f 666 1325 1326
f 1327 1328 1329
f 1330 1331 1332
f 342 341 162
f 1333 1334 1335
f 1336 1337 195
f 521 1230 528
f 1338 1339 1340
f 416 418 1200
f 1341 1342 1343
f 551 542 543
f 1344 343 1345
f 188 755 1346
f 1347 1241 1348
f 1349 600 1197
f 1350 1351 1050
f 1114 890 101
f 1352 1353 1354
f 1355 39 1356
f 166 165 1357
f 1358 1076 1359
f 428 1360 429
f 696 1361 1176
f 1362 356 355
f 325 1056 326
f 322 1363 1147
f 1250 1364 1251
f 566 395 567
f 1365 467 1366
f 488 1367 1368
f 1116 787 1369
f 1370 960 1371
f 1372 1373 1092
f 1085 1140 1136
f 1374 1375 1074
f 275 1376 276
f 1377 1378 984
f 1379 1380 808
f 1381 501 477
f 1382 926 803
f 1383 583 1384
f 125 1385 126
f 1386 1387 828
f 531 1346 532
f 1388 1389 1390
f 99 98 1088
f 1391 1392 1393
f 470 1394 416
f 776 778 777
f 470 416 176
f 1395 1396 698
f 718 1397 719
f 1302 604 1181
f 520 1332 247
f 1011 1282 1398
f 1011 1398 1012
f 1012 1398 1399
f 1012 1399 1013
f 1013 1399 1400
f 1013 1400 1401
f 1013 1401 1014
f 1014 1401 1402
f 1014 1402 1017
f 1017 1402 1290
f 721 206 205
f 1403 1350 1050
f 1404 1405 1406
f 1407 879 1408
f 1296 1409 634
f 919 689 688
f 1410 1411 989
f 1412 1413 1414
f 1415 1045 1416
f 1160 1162 1417
f 334 336 374
f 1418 365 369
f 200 1403 1419
f 1420 1421 605
f 1422 710 1423
f 239 274 713
f 1424 544 145
f 1425 935 967
f 1310 885 1426
f 391 1427 392
f 503 1428 1223
f 1429 1306 1089
f 1430 1431 831
f 521 1432 1433
f 128 1176 1434
f 521 1433 1230
f 1435 1436 1437
f 1438 1229 1228
f 581 1439 582
f 1337 1228 196
f 1440 1441 1442
f 1443 1167 1444
f 307 1445 308
f 220 1446 538
f 1447 940 1448
f 828 830 1257
f 186 1449 531
f 1450 1451 312
f 903 638 1095
f 1452 537 1180
f 111 526 527
f 325 1453 1056
f 1454 1171 1372
f 488 756 1367
f 997 365 1418
f 1455 1456 1137
f 1457 1458 1459
f 1460 1300 1461
f 1462 142 1463
f 1464 1465 173
f 1068 267 269
f 1466 1467 1468
f 531 1449 1346
f 1469 1314 1388
f 1470 1471 1472
f 1344 1448 343
f 1473 1474 1475
f 761 580 1109
f 802 804 885
f 1237 1461 1149
f 50 1476 958
f 1274 1477 1142
f 1142 1477 1146
f 1384 585 1478
f 1002 1001 1479
f 1002 1479 1003
f 1003 1479 1480
f 185 743 1481
f 1003 1480 1004
f 1004 1480 1482
f 1004 1482 1483
f 1004 1483 1156
f 1156 1483 1484
f 1156 1484 1157
f 1157 1484 1485
f 1157 1485 1281
f 1281 1485 1486
f 1281 1486 1282
f 1282 1486 1487
f 1282 1487 1398
f 1398 1487 1488
f 1398 1488 1399
f 1399 1488 1489
f 1399 1489 1400
f 1400 1489 1490
f 1400 1490 1401
f 1401 1490 1402
f 1402 1490 1491
f 1402 1491 1492
f 1402 1492 1290
f 1290 1492 1493
f 1290 1493 1291
f 1291 1493 1494
f 1291 1494 1166
f 1166 1494 1495
f 1166 1495 1023
f 1255 1254 1496
f 1023 1495 1497
f 1023 1497 1024
f 1024 1497 1498
f 1024 1498 1027
f 485 529 2
f 769 250 1499
f 1027 1498 1028
f 796 1500 797
f 1501 1502 1503
f 1113 146 1288
f 1504 1505 1506
f 755 489 491
f 868 820 1507
f 880 882 578
f 1508 129 1509
f 1510 1270 1511
f 872 871 1512
f 600 393 921
f 1513 11 10
f 1514 1515 1516
f 759 12 760
f 1517 75 954
f 1110 1518 848
f 602 893 777
f 1519 1520 873
f 1091 1196 1521
f 673 1522 1075
f 1523 1524 1396
f 1396 1524 1505
f 1525 1526 1527
f 1432 1528 1433
f 1070 1529 1071
f 916 1457 256
f 729 731 1124
f 1530 730 729
f 311 933 938
f 1531 1532 1046
f 1533 1534 1535
f 1311 1536 1299
f 1537 451 453
f 1191 256 1538
f 1300 1539 1540
f 92 532 1541
f 491 1542 238
f 1324 54 1543
f 298 192 1544
f 329 154 1545
f 392 1546 164
f 458 281 168
f 803 1519 804
f 283 818 820
f 1547 1020 736
f 1548 191 298
f 1436 964 1549
f 862 1550 1551
f 1552 1553 1554
f 1555 1556 1557
f 1526 96 1527
f 1558 1559 1560
f 1561 1562 1563
f 1564 160 722
f 330 1565 331
f 1283 595 597
f 603 776 602
f 1108 1217 1566
f 1477 1567 1146
f 1568 1569 340
f 1146 1567 1570
f 1146 1570 995
f 1426 885 887
f 1384 583 585
f 14 658 15
f 995 1570 1571
f 995 1571 996
f 59 1572 1573
f 996 1571 1574
f 996 1574 998
f 998 1574 1575
f 998 1575 1000
f 1576 1089 1577
f 1000 1575 1578
f 1000 1578 1001
f 1001 1578 1479
f 1498 1579 1028
f 1028 1579 1580
f 1028 1580 1029
f 1029 1580 1581
f 1029 1581 1030
f 1030 1581 1582
f 1030 1582 1031
f 1031 1582 1032
f 1032 1582 1583
f 1032 1583 1584
f 1032 1584 1033
f 1033 1584 1585
f 1033 1585 1034
f 1034 1585 1586
f 1034 1586 1172
f 1172 1586 1295
f 1587 1588 1589
f 114 97 1590
f 651 484 1591
f 475 649 1592
f 1593 1568 1594
f 1369 787 1429
f 628 1283 1595
f 263 404 406
f 1596 1597 1598
f 1308 126 785
f 314 618 617
f 1599 1358 1600
f 776 778 1601
f 1043 1602 1603
f 1604 102 1605
f 1176 1178 1434
f 494 981 980
f 1606 1607 1608
f 1548 189 191
f 1530 729 1609
f 1610 1611 1267
f 1612 1015 730
f 1613 509 511
f 1223 1614 815
f 815 1614 57
f 1615 1616 1395
f 1523 347 1524
f 1248 1617 1618
f 1619 1620 1621
f 829 1317 1622
f 917 1072 918
f 917 593 1072
f 1623 1442 1624
f 401 523 9
f 761 1109 1625
f 1496 1626 1627
f 1628 1469 671
f 1530 1612 730
f 623 625 1629
f 1336 195 1383
f 910 1381 477
f 841 1630 842
f 1347 1631 1241
f 1632 1633 309
f 83 1634 57
f 1062 765 813
f 1307 1308 1115
f 806 1145 1330
f 850 852 1635
f 135 52 1323
f 1021 1636 324
f 1637 1638 1339
f 1639 359 702
f 1640 1641 1642
f 80 1239 81
f 1245 698 700
f 1564 158 160
f 1235 1643 1644
f 1069 1645 750
f 234 1646 1647
f 1140 1648 1649
f 1140 1649 1274
f 1161 650 651
f 1274 1649 1650
f 1274 1650 1477
f 1477 1650 1567
f 1043 1042 1651
f 1652 913 1272
f 1053 1653 1054
f 1654 23 22
f 518 517 1655
f 1656 1355 1292
f 814 813 748
f 1657 1658 1659
f 163 1660 1661
f 1584 1662 1585
f 1585 1662 1586
f 1663 1253 1255
f 1586 1664 1295
f 507 1513 508
f 1295 1664 1185
f 1185 1664 1665
f 1666 1667 1668
f 1669 1592 649
f 1670 1086 1087
f 1671 1481 253
f 1672 1673 1674
f 1675 1676 1063
f 978 979 1204
f 1273 1661 1677
f 885 1070 886
f 1214 1678 551
f 1423 710 712
f 878 687 879
f 1383 1384 767
f 536 1079 1679
f 1594 1568 340
f 1680 1681 1353
f 90 89 970
f 731 1016 1319
f 683 614 616
f 1609 729 1123
f 1682 572 19
f 1683 1684 1626
f 510 889 1685
f 1686 1190 681
f 958 960 1370
f 799 1541 1041
f 773 772 1687
f 1433 1688 1230
f 1689 1476 50
f 1230 1688 1690
f 545 547 861
f 1691 118 1692
f 1623 1440 1442
f 1079 1693 1694
f 1230 1690 1085
f 1695 1438 1228
f 136 1340 137
f 1412 1696 1697
f 1698 118 1691
f 559 622 1699
f 269 268 1700
f 1701 1656 41
f 1702 447 448
f 1703 979 1205
f 1704 321 323
f 276 1705 1547
f 1706 1707 1698
f 1708 789 1706
f 1709 1710 1711
f 1009 1010 1712
f 60 59 1713
f 1714 1715 1716
f 38 1689 49
f 1717 876 1708
f 1718 765 1062
f 1719 1720 243
f 1611 1721 1722
f 1021 324 1641
f 1723 48 1717
f 877 879 1407
f 1724 1725 763
f 940 941 1726
f 1727 1599 1728
f 1595 1283 26
f 202 204 836
f 1729 1561 612
f 1730 46 1723
f 994 1731 1732
f 298 191 192
f 1730 1625 1733
f 610 387 1734
f 1735 442 1702
f 506 1625 1730
f 1567 1736 1570
f 154 1155 1545
f 1570 1736 1571
f 1209 1737 1134
f 505 1625 506
f 1738 1739 1391
f 1740 427 1741
f 1742 761 505
f 760 580 761
f 1743 759 1742
f 1584 1583 1744
f 1584 1744 1662
f 1138 404 262
f 1745 1459 1746
f 552 287 833
f 1747 10 1743
f 507 1238 1513
f 508 10 1747
f 1619 774 1620
f 562 1748 35
f 1526 94 96
f 1206 1131 1207
f 1692 1612 1530
f 878 685 687
f 1749 1639 303
f 1750 1238 507
f 1163 258 260
f 1751 1236 1750
f 981 1285 982
f 1606 1752 1753
f 952 1754 1037
f 1755 1460 1751
f 1756 1170 107
f 1757 1758 1759
f 1760 1298 1755
f 1761 1762 1636
f 1554 1097 1099
f 592 963 1073
f 879 1531 1408
f 897 1763 744
f 1428 1764 1223
f 260 264 655
f 848 1518 1765
f 632 1525 1560
f 936 1766 165
f 499 1767 1768
f 832 1769 1469
f 1113 1288 1289
f 542 833 183
f 1040 741 1474
f 1770 413 1760
f 1690 1771 1085
f 1772 643 1773
f 743 1774 1481
f 1775 1776 1667
f 1777 562 561
f 1299 1536 1300
f 1698 1707 118
f 1778 1393 1526
f 1779 1780 1424
f 1781 1782 1044
f 1783 1784 1190
f 1785 413 1770
f 276 1786 1705
f 1706 789 1707
f 1708 876 789
f 790 1787 791
f 1711 411 1785
f 1709 1788 1710
f 1789 1790 1791
f 1046 1532 362
f 329 512 153
f 1792 1793 1794
f 1795 1788 1709
f 935 985 967
f 1262 1529 1796
f 308 1772 1797
f 1717 48 876
f 1798 1799 1800
f 1718 1801 765
f 354 353 1452
f 1802 1803 738
f 260 259 264
f 1804 1805 1795
f 1043 1651 1602
f 1806 589 1807
f 1639 328 359
f 1808 92 91
f 1809 683 1810
f 1723 46 48
f 1811 1666 1668
f 151 1805 1804
f 1730 1733 46
f 843 1812 1813
f 893 135 777
f 1814 1815 747
f 467 311 1366
f 217 30 218
f 1418 369 1285
f 600 395 566
f 335 931 1219
f 584 515 733
f 505 761 1625
f 926 1816 1519
f 1742 759 761
f 393 392 164
f 1743 1817 759
f 1582 1818 1583
f 1583 1818 1744
f 1743 10 1817
f 1819 1820 1821
f 1822 1297 1823
f 508 1513 10
f 1134 1737 1824
f 1825 1225 1826
f 939 1827 1715
f 1828 1775 1667
f 658 357 1829
f 1830 1831 959
f 1832 1701 653
f 864 838 865
f 1750 1236 1238
f 1751 1460 1236
f 263 406 408
f 1613 703 509
f 382 978 383
f 114 113 98
f 1755 1298 1460
f 1725 1348 763
f 1833 1834 1514
f 1760 1835 1298
f 1836 1080 770
f 1777 425 562
f 1442 1441 1837
f 483 1537 119
f 1078 1838 1079
f 199 1345 200
f 192 190 1127
f 1764 1839 1223
f 980 982 379
f 1223 1839 1614
f 1840 1499 249
f 1528 1841 1433
f 1842 1843 667
f 1433 1841 1688
f 1060 1844 1845
f 1760 413 1835
f 735 1846 1847
f 1533 1535 1683
f 1848 1849 1301
f 1040 739 741
f 1740 51 427
f 743 550 1774
f 1850 75 1517
f 1851 1852 1631
f 192 1127 630
f 29 1469 1628
f 1853 1158 1854
f 1381 1855 501
f 657 355 357
f 66 65 1856
f 1190 1191 681
f 1785 411 413
f 1857 1858 1363
f 294 1859 353
f 956 957 1860
f 1087 1861 1727
f 1667 1862 1863
f 924 926 1382
f 1711 1710 411
f 1864 83 82
f 631 1865 1778
f 571 1866 1861
f 278 280 1867
f 121 1373 1372
f 1795 1868 1788
f 824 904 656
f 1050 1214 1869
f 1080 556 124
f 769 1836 770
f 1795 1805 1868
f 1870 1871 922
f 35 1748 1872
f 1461 1873 1149
f 1874 1395 1245
f 1809 1286 683
f 562 299 1748
f 1392 1875 1876
f 253 1481 112
f 961 1702 481
f 624 1877 625
f 1878 488 1879
f 1125 1880 1881
f 847 1882 1883
f 1736 1884 1571
f 642 861 860
f 1571 1884 1885
f 1571 1885 1574
f 1574 1885 1575
f 1575 1885 1886
f 1575 1886 1887
f 1575 1887 1578
f 1578 1887 1479
f 1479 1887 1888
f 1479 1888 1889
f 185 1481 1671
f 1479 1889 1480
f 1480 1889 1890
f 1480 1890 1482
f 1482 1890 1483
f 1483 1890 1891
f 1483 1891 1892
f 1483 1892 1484
f 1893 672 8
f 1484 1892 1894
f 1484 1894 1485
f 1485 1894 1895
f 1485 1895 1486
f 1486 1895 1896
f 1486 1896 1487
f 1487 1896 1897
f 1197 568 1898
f 1487 1897 1488
f 1488 1897 1899
f 1488 1899 1489
f 1489 1899 1900
f 1489 1900 1490
f 1490 1900 1491
f 1491 1900 1901
f 1902 1903 189
f 1491 1901 1492
f 1492 1901 1904
f 1492 1904 1493
f 1493 1904 1905
f 1493 1905 1906
f 1493 1906 1494
f 1494 1906 1907
f 1494 1907 1495
f 1657 1203 1658
f 1495 1907 1908
f 1495 1908 1497
f 1497 1908 1909
f 111 892 894
f 1497 1909 1498
f 1498 1909 1910
f 1498 1910 1579
f 1579 1910 1911
f 1912 666 1913
f 1579 1911 1580
f 1580 1911 1581
f 1581 1914 1582
f 1582 1914 1818
f 1435 1915 1436
f 143 1916 663
f 149 1917 379
f 1653 1502 1501
f 912 1918 1919
f 1881 1848 1301
f 262 404 263
f 1738 1391 1865
f 923 1920 79
f 1921 1216 1215
f 1922 1794 1923
f 904 1095 927
f 1469 1388 671
f 1054 1653 1501
f 170 1128 1224
f 1096 1059 1924
f 1925 1926 1462
f 1016 462 463
f 1927 737 1928
f 1261 1263 1926
f 1680 1929 1681
f 1318 1930 1931
f 1766 1695 1337
f 708 1932 1933
f 1934 677 869
f 1836 825 1080
f 1326 1680 1352
f 1647 1646 822
f 610 1734 1935
f 1689 446 1476
f 1841 1936 1688
f 1688 1936 1690
f 1645 1937 750
f 1861 1866 1938
f 1703 1939 1940
f 248 247 1941
f 530 532 1942
f 1943 1340 136
f 1242 708 1944
f 302 986 985
f 758 1347 1725
f 606 79 81
f 1945 1946 1947
f 1948 1949 85
f 1950 1951 1952
f 135 1323 778
f 247 296 1941
f 153 1953 1954
f 1955 973 1842
f 138 1152 977
f 1199 1342 1309
f 1510 1270 692
f 1192 800 113
f 1641 326 1642
f 1556 1948 85
f 1396 1505 699
f 914 242 58
f 1606 1956 1957
f 553 1151 554
f 697 696 1176
f 1726 653 68
f 1878 486 488
f 1650 1958 1567
f 1959 173 147
f 847 846 1882
f 1567 1958 1960
f 1567 1960 1736
f 302 1961 1962
f 1736 1960 1963
f 1736 1963 1884
f 1884 1963 1885
f 1091 1521 1102
f 1964 1965 1966
f 1967 1968 1572
f 1529 1969 1970
f 1515 688 690
f 1237 278 1971
f 1911 1972 1581
f 1581 1972 1973
f 1581 1973 1914
f 1914 1973 1818
f 1818 1973 1974
f 722 160 723
f 1818 1974 1975
f 1818 1975 1744
f 1744 1975 1976
f 993 1165 1977
f 1744 1976 1662
f 1662 1976 1978
f 1662 1978 1586
f 1586 1978 1664
f 425 299 562
f 374 375 1248
f 913 1919 1150
f 1979 1980 1981
f 1982 1180 1179
f 923 922 1920
f 658 1829 1193
f 1983 1984 1985
f 1986 1987 1682
f 1471 530 1988
f 735 1547 736
f 1700 1989 853
f 700 1504 1376
f 1922 1792 1794
f 336 1219 375
f 161 163 1661
f 1280 337 1209
f 116 9 1990
f 1561 1991 1562
f 1992 692 694
f 196 221 514
f 1277 1276 1117
f 721 1794 990
f 509 289 291
f 973 974 975
f 395 396 567
f 707 1932 708
f 446 1830 1476
f 1326 1325 1680
f 1145 1049 1331
f 766 1383 767
f 1993 1955 704
f 1124 731 1994
f 277 1547 1847
f 484 417 485
f 1126 1995 1739
f 1369 1429 1576
f 1603 1996 211
f 1796 1970 1780
f 1925 1261 1926
f 357 356 1227
f 1626 1684 1627
f 471 837 472
f 1442 1997 1998
f 836 204 1234
f 1441 36 1999
f 517 381 1655
f 1771 2000 2001
f 318 320 363
f 2002 314 617
f 220 1222 1446
f 1227 1226 2003
f 1815 218 843
f 1055 1057 1858
f 1812 1628 670
f 1170 1171 1454
f 1798 2004 1799
f 75 590 954
f 830 829 1622
f 1052 1054 2005
f 1771 2001 2006
f 1771 2006 1648
f 136 138 976
f 2007 1438 1695
f 1630 1605 2008
f 1594 342 193
f 2009 355 657
f 1950 1952 1643
f 1648 2006 2010
f 1648 2010 1649
f 96 1961 301
f 1759 1943 2011
f 1649 2010 1650
f 1650 2010 2012
f 264 2013 265
f 1650 2012 1958
f 392 936 1546
f 2014 1979 1444
f 1144 806 805
f 1342 2015 1309
f 242 1967 59
f 1963 2016 1885
f 1885 2016 2017
f 1885 2017 1886
f 1886 2017 1887
f 952 2018 2019
f 194 162 161
f 1967 1329 1968
f 1298 1300 1460
f 1909 2020 1910
f 1910 2020 2021
f 1910 2021 1911
f 1772 1773 1797
f 1911 2021 1972
f 2022 1981 1229
f 2023 901 2024
f 320 333 953
f 184 743 185
f 804 873 875
f 1313 1389 1388
f 1978 2025 1664
f 1664 2025 1665
f 1665 2025 2026
f 1057 1135 1858
f 612 1100 1921
f 2027 237 2028
f 2029 1214 2009
f 1514 1834 1515
f 871 2030 1512
f 1471 859 530
f 912 1919 913
f 252 254 1097
f 782 2031 783
f 1098 753 316
f 613 612 1921
f 1665 2026 1764
f 1764 2026 2032
f 885 804 1070
f 2033 1474 1473
f 63 2034 2035
f 172 854 1128
f 1148 1147 2005
f 643 642 860
f 124 126 1308
f 1764 1839 2036
f 187 768 754
f 1764 2036 1839
f 2037 2038 1120
f 2039 1326 1352
f 1145 200 1419
f 1361 1844 2040
f 64 665 65
f 1867 280 881
f 487 756 488
f 955 2041 2042
f 1740 1741 727
f 372 916 2043
f 2044 1631 1347
f 127 697 128
f 1180 306 73
f 1690 2000 1771
f 2045 1182 1995
f 1324 1543 54
f 1843 2046 667
f 181 636 576
f 1732 2047 800
f 1375 617 1878
f 2048 2049 2050
f 1655 383 2051
f 1715 1827 1410
f 235 234 1647
f 757 2044 758
f 2007 2022 1438
f 930 601 2052
f 807 1379 808
f 2053 610 1935
f 157 1712 1160
f 513 1953 153
f 1654 348 23
f 2054 1155 1954
f 666 668 1325
f 1036 1845 1361
f 1918 2055 1919
f 2014 2056 1979
f 745 747 1132
f 1938 2057 1358
f 938 2058 939
f 2017 2059 1887
f 1887 2059 2060
f 1887 2060 1888
f 1888 2060 2061
f 1888 2061 1889
f 1889 2061 1890
f 2062 205 1502
f 556 125 124
f 1026 1025 638
f 1908 1907 2063
f 1908 2063 2064
f 1908 2064 1909
f 1909 2064 2020
f 217 722 28
f 1233 76 140
f 932 1967 242
f 2025 2065 2026
f 2066 625 2067
f 11 880 12
f 154 1265 1155
f 1981 1980 1229
f 819 1250 1252
f 2068 1107 1381
f 1587 1682 1588
f 2069 1352 2070
f 299 298 1544
f 1292 1355 2071
f 1035 1061 1036
f 1704 323 620
f 2072 2073 2074
f 963 2075 1073
f 323 1148 621
f 691 6 899
f 62 2034 63
f 1107 1855 1381
f 1061 1060 1036
f 2032 2036 1764
f 1764 2036 1839
f 2005 1054 270
f 498 2076 1767
f 702 359 365
f 767 1384 158
f 617 619 486
f 1839 2077 1614
f 1614 2077 57
f 2078 1659 2079
f 1773 1833 2080
f 1602 1422 1423
f 1060 1371 2081
f 1410 989 1840
f 2082 2083 1334
f 26 1283 1284
f 684 1927 1950
f 478 502 100
f 2084 1635 2085
f 2079 2086 1250
f 375 1624 1617
f 718 1092 1397
f 129 1610 1509
f 1222 2087 1446
f 54 541 1543
f 836 1234 1233
f 989 769 1499
f 241 2033 615
f 2088 930 1447
f 524 977 1286
f 1129 1463 1130
f 582 2089 2090
f 2091 1184 2092
f 583 197 584
f 1219 1218 1440
f 990 992 1069
f 2040 2038 2037
f 53 541 54
f 1668 1667 1863
f 1913 666 1326
f 2093 2068 910
f 51 958 428
f 1 3 223
f 2094 2024 845
f 626 1220 361
f 1692 120 1612
f 372 917 916
f 1237 1149 278
f 1135 1824 2095
f 2061 2096 1890
f 1890 2096 2097
f 1890 2097 1891
f 1891 2097 2098
f 1916 1123 122
f 1891 2098 1892
f 1892 2098 1894
f 1894 2098 2099
f 1894 2099 1895
f 1895 2099 2100
f 1895 2100 2101
f 1895 2101 1896
f 1896 2101 2102
f 1896 2102 1897
f 1897 2102 2103
f 1897 2103 1899
f 1899 2103 2104
f 1899 2104 1900
f 1314 1313 1388
f 1900 2104 1901
f 1901 2104 2105
f 1901 2105 2106
f 1901 2106 1904
f 1904 2106 2107
f 1904 2107 1905
f 120 2108 1612
f 1115 1308 785
f 1905 2107 2109
f 1905 2109 1906
f 1906 2109 2110
f 1906 2110 1907
f 1907 2110 2063
f 614 241 615
f 932 2111 1967
f 1419 1403 1049
f 1340 1339 2112
f 48 849 961
f 682 1757 1759
f 612 1563 1100
f 1516 1515 2113
f 1456 397 1137
f 2114 286 1464
f 2115 1683 1254
f 2116 1241 1243
f 2117 2118 2119
f 347 193 194
f 1409 955 634
f 664 1315 2120
f 2121 2122 660
f 249 251 2123
f 952 1037 2018
f 1348 1241 2116
f 1621 1620 1076
f 214 844 2124
f 1059 695 1924
f 1107 2125 1855
f 291 889 510
f 186 188 1449
f 714 1593 1594
f 1130 1463 1170
f 1416 1045 641
f 2126 1749 303
f 1782 1042 1044
f 1373 123 1092
f 1689 50 49
f 1541 1934 1041
f 287 742 184
f 764 2127 754
f 2128 2129 95
f 673 2130 1522
f 844 1603 210
f 1528 2131 1841
f 1260 33 156
f 1233 140 883
f 207 206 864
f 1694 1416 2132
f 1694 1415 1416
f 1936 2133 1690
f 2133 2000 1690
f 412 1468 261
f 1434 1178 1721
f 1536 1539 1300
f 1113 1289 570
f 2088 928 1447
f 922 2134 2135
f 2136 2137 1327
f 915 58 60
f 2138 1062 812
f 248 2139 2140
f 2141 1700 853
f 1330 1332 520
f 2142 2143 563
f 1072 1074 62
f 2111 1327 1329
f 1544 630 2144
f 2145 2146 2147
f 1092 123 1093
f 526 2148 133
f 2149 1275 1569
f 966 2150 1500
f 1293 2151 1294
f 2152 2005 1394
f 629 1595 25
f 755 237 2027
f 1377 984 983
f 2006 2153 2010
f 663 121 1171
f 549 907 1164
f 663 122 121
f 1503 863 2154
f 166 1357 396
f 511 510 17
f 1963 2155 2016
f 168 281 866
f 2016 2155 2156
f 2016 2156 2017
f 2017 2156 2157
f 2017 2157 2059
f 1808 530 1942
f 2059 2157 2060
f 2060 2157 2158
f 2060 2158 2159
f 2060 2159 2061
f 2061 2159 2160
f 2061 2160 2096
f 2096 2160 2161
f 122 1881 123
f 2096 2161 2097
f 2097 2161 2162
f 2097 2162 2098
f 2098 2162 2163
f 2098 2163 2099
f 2099 2163 2164
f 2099 2164 2100
f 1699 622 470
f 2100 2164 2165
f 2100 2165 2101
f 2101 2165 2166
f 2101 2166 2102
f 273 1123 1916
f 2102 2166 2167
f 1668 1863 116
f 2102 2167 2103
f 2103 2167 2104
f 2104 2167 2168
f 1572 1968 2169
f 2104 2168 2170
f 2104 2170 2105
f 2105 2170 2106
f 2106 2170 2171
f 416 2172 417
f 2106 2171 2107
f 911 913 2173
f 2109 2107 2174
f 544 1609 273
f 2109 2174 2110
f 2110 2174 2175
f 2110 2175 2176
f 2110 2176 2063
f 2063 2176 2064
f 2064 2176 2177
f 2064 2177 2178
f 2064 2178 2020
f 2020 2178 2179
f 2020 2179 2021
f 2021 2179 1972
f 2180 1530 544
f 599 393 600
f 1880 1994 1848
f 1380 1715 1714
f 1691 1692 2180
f 1354 2181 2182
f 1766 1337 1336
f 551 543 1362
f 52 54 1324
f 272 1798 1800
f 2183 2184 1710
f 2117 332 2118
f 2185 1782 213
f 1239 512 329
f 313 2186 618
f 605 387 610
f 125 169 1385
f 249 2123 1787
f 994 993 1731
f 1338 1637 1339
f 274 2187 1568
f 310 1194 88
f 98 801 1088
f 638 640 1095
f 2188 1813 1133
f 1361 2037 1177
f 1839 2036 2077
f 925 2189 1816
f 1505 194 161
f 1841 2131 1936
f 86 139 912
f 2190 2191 2192
f 1132 2188 1133
f 2185 1189 1188
f 2193 189 1548
f 1636 325 324
f 2194 2137 2136
f 1568 2149 1569
f 2126 303 492
f 1412 2195 2196
f 2197 1516 2198
f 1815 2199 1132
f 474 574 475
f 2200 2201 2202
f 2200 1081 2201
f 1352 1680 1353
f 1199 851 850
f 1539 408 410
f 1935 1734 394
f 1301 942 943
f 848 2203 849
f 1248 375 1617
f 1161 651 1162
f 2126 492 2204
f 2205 363 1258
f 1404 2142 1405
f 1666 1828 1667
f 554 2206 2045
f 1307 1080 124
f 1393 94 1526
f 2207 1379 807
f 2208 1105 1107
f 269 2141 1646
f 472 1949 1948
f 1363 2095 1147
f 123 1881 2209
f 2210 2211 2212
f 102 101 2213
f 1244 2214 2215
f 1039 2216 2217
f 834 298 297
f 1311 412 261
f 1474 741 2218
f 2219 1058 835
f 2153 2220 2010
f 312 314 2002
f 2010 2220 2221
f 2010 2221 2012
f 642 545 861
f 663 1916 122
f 2012 2221 1958
f 1958 2222 1960
f 2223 533 901
f 1960 2222 2224
f 1960 2224 1963
f 1963 2224 2155
f 899 898 1155
f 931 264 266
f 103 1902 2193
f 356 253 1226
f 32 176 1009
f 122 1125 1881
f 122 1123 1125
f 536 1679 537
f 273 1609 1123
f 69 287 552
f 550 1164 993
f 544 1530 1609
f 1972 2179 2225
f 1972 2225 2226
f 1972 2226 1973
f 1973 2226 2227
f 1973 2227 1974
f 2180 1692 1530
f 1974 2227 2228
f 1974 2228 1975
f 1975 2228 1976
f 1976 2228 2229
f 173 1465 174
f 1976 2229 1978
f 1978 2230 2025
f 2231 246 248
f 2025 2230 2065
f 1535 2232 1684
f 357 2003 1829
f 215 2124 979
f 1735 441 442
f 78 149 151
f 243 1720 244
f 77 149 78
f 1935 394 1456
f 1174 217 216
f 583 195 197
f 2233 2234 895
f 744 1763 281
f 305 304 493
f 1412 2196 2235
f 1431 732 2236
f 1499 250 249
f 2237 79 606
f 983 267 2238
f 352 351 2237
f 1108 1215 1217
f 592 1073 593
f 1203 1202 2239
f 2240 724 2241
f 1936 2131 2133
f 2242 752 1917
f 2242 1917 77
f 1213 2243 1214
f 1132 2199 2188
f 1305 454 2108
f 552 833 542
f 2204 752 2242
f 747 1815 1132
f 1245 1395 698
f 672 2244 366
f 1249 1836 769
f 564 624 565
f 276 1504 1786
f 317 824 825
f 1676 1496 1064
f 165 1766 1357
f 1367 1725 1724
f 2245 2246 2247
f 1508 1509 2248
f 198 1622 199
f 1119 146 1112
f 633 635 2249
f 1748 632 1872
f 2250 2251 2186
f 2030 1652 104
f 1532 318 362
f 886 1071 2252
f 2213 891 2146
f 1021 1641 1640
f 537 1679 306
f 748 1564 722
f 1431 1312 1769
f 2153 2253 2220
f 2220 2253 2221
f 2221 2253 2254
f 1234 77 76
f 2255 545 642
f 2221 2254 2256
f 2221 2256 1958
f 1127 1738 1865
f 706 667 666
f 1958 2256 2222
f 523 895 2257
f 2184 1467 1466
f 1393 2128 94
f 1226 253 252
f 356 1671 253
f 890 1716 891
f 1898 568 2138
f 2005 270 2258
f 1798 1501 2004
f 1232 1693 1838
f 792 1561 1729
f 1978 2229 2259
f 1978 2259 2260
f 1978 2260 2230
f 2261 1452 1180
f 1959 1464 173
f 1810 637 636
f 2230 2260 2065
f 2262 1945 2263
f 1108 1566 2264
f 653 1701 41
f 1925 1462 1129
f 641 1047 642
f 660 1144 888
f 2108 460 1015
f 2019 1811 116
f 1124 1880 1125
f 2265 2266 1338
f 1135 1134 1824
f 984 1426 887
f 609 610 2053
f 502 808 1114
f 211 1996 1269
f 1741 427 429
f 2267 332 2117
f 1710 2184 1466
f 2238 267 1068
f 258 1549 259
f 895 2268 7
f 860 862 1833
f 77 1917 149
f 779 781 1870
f 472 837 1949
f 1510 1511 1270
f 1333 2082 1334
f 2237 923 79
f 2269 1113 2270
f 2036 2271 2077
f 2272 479 2273
f 1260 953 33
f 2131 2274 2133
f 137 2112 138
f 1985 401 400
f 2275 391 393
f 1705 949 1020
f 1532 686 2202
f 2276 2277 1422
f 2204 492 752
f 2193 1902 189
f 1355 2278 2071
f 1566 1217 2223
f 1159 662 661
f 712 2279 2280
f 1037 2217 2018
f 1279 1728 338
f 801 987 1025
f 1339 1472 2112
f 1367 758 1725
f 1682 1987 572
f 1129 1462 1463
f 1067 2281 1068
f 1501 1503 2004
f 1119 2282 146
f 1305 453 454
f 1186 1589 1187
f 872 1512 2193
f 1883 1882 2283
f 1179 73 75
f 1903 2284 1126
f 1590 99 1098
f 146 148 1288
f 745 1132 1131
f 41 809 42
f 139 141 1918
f 2285 179 2286
f 616 615 44
f 2153 2287 2253
f 1219 1440 1623
f 1179 75 1850
f 2256 2288 2222
f 2222 2288 2224
f 204 2242 1234
f 721 990 206
f 161 1661 1273
f 1757 2265 1758
f 2073 1802 1231
f 2289 946 1520
f 550 994 1774
f 193 342 162
f 792 791 1561
f 2083 326 1055
f 2227 2290 2228
f 2228 2290 2291
f 2228 2291 2229
f 2229 2291 2259
f 354 1452 2261
f 730 1016 731
f 589 2080 1807
f 2260 2292 2065
f 2236 1139 1312
f 232 2223 2023
f 935 302 985
f 2293 814 1173
f 1733 47 46
f 1138 402 404
f 2065 2292 2294
f 1060 2081 1844
f 2065 2294 2036
f 662 2295 591
f 1677 1761 2296
f 250 1307 1115
f 1784 257 1190
f 238 1542 2297
f 697 1176 128
f 1564 765 158
f 1806 1807 1210
f 1643 1081 2200
f 2298 18 757
f 1098 99 753
f 1394 2172 416
f 2203 2299 961
f 2207 1366 1379
f 1537 448 451
f 838 751 932
f 2000 2133 2300
f 150 609 1805
f 1025 676 639
f 1178 1195 1721
f 2301 563 2302
f 1682 19 1588
f 1355 1356 2278
f 1097 1590 1098
f 2303 1678 2243
f 1110 2304 1518
f 11 278 1867
f 768 764 754
f 1727 1728 1279
f 1549 796 259
f 1133 1813 2305
f 2306 1877 624
f 1339 1470 1472
f 1472 1471 1988
f 44 2307 45
f 1025 2248 676
f 269 1700 2141
f 1331 1051 1332
f 2308 2309 1154
f 1737 720 2310
f 2311 1256 2121
f 2172 1800 417
f 2070 1354 2182
f 1388 1390 2312
f 2313 817 2314
f 1135 2095 1363
f 524 1286 1809
f 2008 2145 1118
f 2057 1076 1358
f 1 223 224
f 2315 2316 2317
f 1186 1587 1589
f 2288 2318 2224
f 2224 2318 2155
f 2164 2163 2319
f 2164 2319 2165
f 2165 2319 2320
f 2165 2320 2166
f 2166 2320 2321
f 2166 2321 2167
f 2167 2321 2322
f 2167 2322 2323
f 2167 2323 2168
f 2168 2323 2170
f 2170 2323 2324
f 2325 2051 2326
f 2170 2324 2171
f 2171 2324 2327
f 2171 2327 2107
f 970 2151 1293
f 2225 2328 2226
f 2258 272 2172
f 2226 2328 2329
f 2226 2329 2227
f 2227 2329 2290
f 1636 1762 325
f 256 1457 1459
f 1644 1643 2200
f 2236 734 1139
f 2044 1851 1631
f 1816 944 2289
f 2330 1548 834
f 826 1187 784
f 2331 2332 1793
f 1047 2255 642
f 222 1666 1039
f 417 1800 529
f 2333 1437 1163
f 1434 1721 1611
f 1243 1242 2334
f 1685 2335 2336
f 87 86 911
f 2337 2306 624
f 2338 1333 1335
f 811 548 742
f 863 865 914
f 99 903 753
f 1651 1422 1602
f 1918 141 2339
f 2285 2286 1316
f 668 2340 795
f 1741 1061 1035
f 2276 1422 1651
f 2198 2113 1535
f 2341 335 334
f 1641 324 326
f 2237 351 923
f 233 2332 2331
f 518 1655 2342
f 2343 2344 2345
f 33 1009 156
f 2036 2294 2271
f 2047 1508 2248
f 628 1406 1283
f 1983 1985 2089
f 1317 1316 2088
f 1394 2258 2172
f 2133 2274 2346
f 2347 624 623
f 758 2044 1347
f 861 547 1550
f 2133 2348 2300
f 92 1541 799
f 2349 249 1787
f 1655 2051 2325
f 952 2019 1627
f 36 1872 1999
f 284 286 2114
f 2303 345 1678
f 1448 344 343
f 2347 623 1511
f 1214 551 2350
f 2123 1115 1116
f 1562 1576 1577
f 1695 1228 1337
f 2351 37 1701
f 2352 1203 1657
f 188 754 755
f 2353 82 84
f 1331 1049 1051
f 1628 671 670
f 1932 2140 1933
f 1953 2054 1954
f 2123 1116 1369
f 806 1330 520
f 1512 103 2193
f 1511 623 2354
f 549 1164 550
f 753 904 824
f 1460 1461 1236
f 2355 432 434
f 2356 2182 1435
f 837 1233 1949
f 1577 1089 1091
f 772 598 1687
f 644 646 2308
f 1444 1981 2022
f 964 966 1549
f 584 733 732
f 2011 136 131
f 34 36 1441
f 876 961 481
f 2318 2357 2155
f 2155 2357 2358
f 2155 2358 2156
f 2156 2358 2359
f 2156 2359 2157
f 2157 2359 2360
f 2157 2360 2158
f 2158 2360 2361
f 2158 2361 2159
f 1838 1693 1079
f 2159 2361 2362
f 2159 2362 2160
f 2160 2362 2363
f 2160 2363 2161
f 1365 1366 2207
f 2161 2363 2364
f 2161 2364 2162
f 2162 2364 2163
f 2163 2364 2365
f 2122 2366 1145
f 2163 2365 2319
f 971 1293 988
f 2183 1455 2184
f 2326 2051 855
f 2107 2327 2367
f 2107 2367 2368
f 2107 2368 2174
f 2174 2368 2175
f 2175 2368 2369
f 189 1903 190
f 2175 2369 2176
f 2176 2369 2370
f 2176 2370 2371
f 2176 2371 2177
f 2177 2371 2178
f 2178 2371 2372
f 2178 2372 2373
f 2178 2373 2179
f 2179 2373 2374
f 2179 2374 2225
f 2225 2374 2328
f 2246 2375 716
f 1351 2303 2243
f 12 880 578
f 2054 2308 1155
f 659 2121 660
f 1096 1924 1165
f 1827 1411 1410
f 878 350 685
f 156 1009 1712
f 196 219 221
f 1540 410 414
f 1173 1174 1673
f 2337 2376 2306
f 1737 339 720
f 1217 534 533
f 1102 2214 1244
f 2377 360 134
f 2053 1935 2183
f 643 860 1773
f 41 1292 809
f 1563 1577 1101
f 673 2378 2130
f 2131 2379 2274
f 332 331 2118
f 1656 37 1355
f 811 549 548
f 1447 930 2088
f 897 902 1763
f 1205 979 1703
f 1094 1864 2380
f 233 232 2332
f 43 45 577
f 682 681 1757
f 1267 1611 1722
f 501 807 502
f 1225 1128 1130
f 737 1021 1640
f 274 1568 1593
f 1881 1301 2209
f 1205 1204 979
f 1871 2381 2382
f 1977 129 1508
f 1856 828 2383
f 2353 84 1155
f 5 1864 82
f 1605 2145 2008
f 1225 1130 2384
f 1118 2145 2385
f 2335 246 2231
f 1932 248 2140
f 1205 979 1703
f 600 921 395
f 590 1806 2041
f 319 560 333
f 1220 516 518
f 1807 2080 2386
f 15 658 1193
f 1244 2215 1143
f 1505 1273 1506
f 1674 1673 1814
f 1616 346 347
f 1217 533 2223
f 1332 1051 2387
f 382 1188 978
f 2263 1947 1660
f 1473 1475 2388
f 1020 1021 737
f 1436 1549 258
f 263 408 1539
f 1041 1934 869
f 2288 2389 2318
f 1781 1044 844
f 2318 2389 2390
f 2318 2390 2357
f 2357 2390 2358
f 2358 2390 2391
f 2358 2391 2392
f 2358 2392 2359
f 2359 2392 2393
f 2359 2393 2360
f 2360 2393 2394
f 2360 2394 2361
f 1986 1682 1587
f 2361 2394 2395
f 2361 2395 2362
f 2362 2395 2363
f 2396 762 768
f 1952 2338 1082
f 2369 2397 2370
f 2370 2397 2371
f 2371 2397 2398
f 2371 2398 2399
f 2371 2399 2372
f 2372 2399 2400
f 2372 2400 2373
f 2373 2400 2401
f 2373 2401 2374
f 2374 2401 2402
f 2374 2402 2328
f 2328 2402 2329
f 854 1925 1128
f 1046 362 2255
f 1454 1372 718
f 339 721 720
f 951 689 2403
f 2067 1256 2311
f 2136 1327 2111
f 1218 34 1440
f 471 835 837
f 1944 1933 1105
f 718 1372 1092
f 1037 1039 2217
f 1270 1511 693
f 2404 910 2405
f 977 1287 1286
f 2134 2382 2135
f 992 1322 1937
f 381 383 1655
f 1822 181 180
f 1612 2108 1015
f 2406 839 52
f 2407 2270 569
f 1994 1319 942
f 2408 106 575
f 567 1801 1718
f 1393 1392 2128
f 587 2409 588
f 1551 155 919
f 2294 2410 2271
f 2271 2411 2077
f 1304 511 16
f 1094 123 2209
f 2412 171 170
f 2346 2413 2133
f 2071 726 906
f 285 790 286
f 1420 605 609
f 2414 2415 2416
f 1903 1126 190
f 699 1505 1504
f 985 504 968
f 1015 462 1016
f 1468 1138 261
f 1216 1102 1244
f 2417 945 944
f 1670 1087 2418
f 709 708 1242
f 1663 1255 1676
f 1902 105 1903
f 1375 2034 62
f 1605 2213 2145
f 61 63 2419
f 1368 1367 2375
f 602 776 603
f 1083 558 560
f 621 2152 905
f 1676 1255 1496
f 163 2263 1660
f 126 786 785
f 1505 161 1273
f 891 284 2146
f 805 519 2335
f 851 60 2420
f 1431 2236 1312
f 156 1712 157
f 2254 2421 2256
f 2256 2421 2422
f 2256 2422 2288
f 2288 2422 2389
f 1456 394 397
f 168 2423 725
f 2395 2424 2363
f 2425 2293 1173
f 2363 2424 2426
f 2363 2426 2364
f 2364 2426 2427
f 1644 2200 686
f 2364 2427 2365
f 2365 2427 2319
f 2319 2427 2428
f 2429 525 1297
f 2430 496 1545
f 2319 2428 2431
f 2319 2431 2320
f 2320 2431 2432
f 2320 2432 2321
f 2321 2432 2433
f 2321 2433 2322
f 2322 2433 2434
f 2322 2434 2323
f 2323 2434 2435
f 2323 2435 2324
f 2282 2147 1959
f 864 1069 749
f 2324 2435 2327
f 2327 2435 2436
f 2286 1084 929
f 615 2033 1473
f 2327 2436 2437
f 2327 2437 2367
f 1547 1705 1020
f 2367 2437 2368
f 2368 2437 2438
f 2368 2438 2439
f 2368 2439 2369
f 2369 2439 2397
f 2402 2440 2329
f 750 2136 751
f 2329 2440 2290
f 2290 2440 2441
f 2290 2441 2442
f 2290 2442 2291
f 2291 2442 2259
f 922 2443 1920
f 84 57 1155
f 1720 715 244
f 589 1797 2080
f 2260 2444 2292
f 857 856 973
f 840 842 2149
f 333 1699 31
f 2073 1231 2074
f 1766 2007 1695
f 338 1923 339
f 559 1704 620
f 2349 1787 790
f 311 938 937
f 764 2445 2127
f 2111 1329 1967
f 1542 2446 2297
f 967 985 968
f 829 1315 1317
f 411 1466 412
f 177 109 178
f 483 482 1537
f 1821 1820 1783
f 1517 1409 1296
f 2413 2348 2133
f 2075 2002 1374
f 1921 1100 1216
f 1594 340 342
f 2333 1163 2447
f 1824 2310 2448
f 1273 1677 948
f 2300 2348 2449
f 2300 2449 2348
f 573 1067 20
f 775 613 1108
f 2042 2450 2451
f 78 151 2452
f 63 2035 2453
f 170 172 1128
f 1630 2008 1276
f 2454 2180 544
f 1761 2407 1670
f 1474 2218 1475
f 1799 2455 2456
f 257 256 1191
f 1691 2180 2454
f 1787 2123 1991
f 18 1852 1851
f 1517 954 1409
f 2376 2457 66
f 238 2297 274
f 2287 2458 2459
f 1238 1237 1971
f 2287 2459 2460
f 1873 414 420
f 2287 2460 2461
f 2287 2461 2253
f 1568 840 2149
f 1383 195 583
f 2253 2461 2462
f 2253 2462 2254
f 1379 937 1380
f 2254 2462 2421
f 889 888 1685
f 1834 688 1515
f 750 2463 2136
f 264 259 2013
f 2442 2464 2259
f 2259 2464 2465
f 2259 2465 2260
f 2086 1103 1104
f 1539 410 1540
f 2260 2465 2444
f 948 2296 949
f 1857 1363 322
f 1840 249 2349
f 181 1810 636
f 281 283 867
f 932 2136 2111
f 1128 1925 1129
f 545 1258 546
f 1765 441 1735
f 2466 2467 1789
f 640 744 594
f 1284 597 1271
f 1542 2272 2446
f 1562 1577 1563
f 320 953 1259
f 381 2468 382
f 1659 2086 2079
f 1825 1826 1266
f 1161 1010 650
f 534 1244 1143
f 2271 2410 2411
f 905 2152 1394
f 2386 1514 1516
f 1761 2418 1762
f 1266 2408 574
f 751 2136 932
f 1510 692 1992
f 2452 151 1804
f 2469 735 2470
f 1805 2053 1868
f 203 2242 204
f 493 997 981
f 67 69 821
f 991 1322 992
f 1465 611 174
f 457 2471 2007
f 863 914 2154
f 1214 2350 2009
f 1406 596 595
f 59 1967 1572
f 268 2252 1989
f 2051 383 856
f 755 491 237
f 613 1921 1215
f 2139 1632 2472
f 2473 780 779
f 2474 2407 1761
f 2085 581 115
f 1659 1658 2086
f 596 1270 597
f 2022 1229 1438
f 2042 1212 2450
f 2475 2476 1983
f 2223 901 2023
f 300 302 935
f 89 1554 970
f 1617 2477 2478
f 1277 1946 1945
f 1532 2202 318
f 164 1546 165
f 1624 1442 1998
f 2093 910 909
f 2460 2459 2479
f 2460 2479 2461
f 353 537 1452
f 331 2480 473
f 2461 2479 2481
f 1793 1320 991
f 2461 2481 2462
f 1177 1195 1178
f 2462 2481 2421
f 1375 1878 2034
f 2482 972 2285
f 1194 89 88
f 2090 2089 2483
f 1693 1415 1694
f 2385 2147 2282
f 1554 315 2151
f 2464 2442 2484
f 1827 971 1411
f 2464 2484 2485
f 2464 2485 2465
f 1464 286 2486
f 2465 2485 2487
f 2465 2487 2444
f 789 483 1707
f 280 420 422
f 2086 1364 1250
f 1573 2169 2476
f 1289 1619 1621
f 783 2488 1221
f 787 2489 1429
f 281 867 866
f 2039 1352 2069
f 602 777 776
f 1051 1869 2387
f 1220 518 540
f 2003 1226 252
f 1335 1334 1704
f 1276 2008 1118
f 1378 1310 984
f 303 1639 702
f 1875 2092 1876
f 1079 2132 1679
f 2410 2490 2491
f 2410 2491 2411
f 2411 2491 2077
f 673 2492 2378
f 1221 2493 2087
f 2379 2494 2274
f 2033 1040 1474
f 293 1078 1859
f 2274 2413 2346
f 1872 1560 2495
f 2443 2135 1240
f 1316 928 2088
f 1814 216 1815
f 1521 1196 2214
f 2184 1137 1467
f 1720 2247 715
f 1928 1640 2496
f 1464 2486 1465
f 1989 1261 853
f 991 1320 1322
f 555 2045 2284
f 1197 566 568
f 1187 782 784
f 1797 1773 2080
f 1803 1654 22
f 2075 1374 1073
f 1549 966 796
f 2497 969 2189
f 67 1726 68
f 132 976 524
f 252 1097 1553
f 966 1500 796
f 1058 202 835
f 1406 1405 596
f 1992 694 963
f 2125 2207 1855
f 2070 1352 1354
f 2332 2023 2094
f 2139 13 1632
f 1800 1799 2456
f 1099 1098 316
f 1332 2387 247
f 1346 2027 2498
f 1111 1110 47
f 1996 1268 1269
f 487 619 2298
f 2072 2074 2499
f 2209 1301 2500
f 948 1677 2296
f 1152 1988 1153
f 1287 241 614
f 875 1969 1529
f 2087 780 2473
f 532 2498 1541
f 2024 962 845
f 1971 278 11
f 1679 2132 1445
f 1610 1434 1611
f 1441 1999 1837
f 2481 2501 2421
f 1176 1361 1177
f 231 2264 232
f 2421 2501 2502
f 2421 2502 2422
f 2503 1435 2333
f 2422 2502 2389
f 2504 2126 2204
f 2214 2275 2215
f 800 2047 987
f 1182 1184 2091
f 2482 2285 1315
f 337 339 1737
f 224 223 1666
f 2395 2505 2424
f 2424 2505 2506
f 2424 2506 2426
f 2426 2506 2507
f 2426 2507 2427
f 2427 2507 2428
f 2428 2507 2508
f 2428 2508 2509
f 2428 2509 2431
f 2431 2509 2510
f 2431 2510 2432
f 1705 947 949
f 2432 2510 2511
f 2432 2511 2433
f 1194 1552 89
f 2433 2511 2512
f 2433 2512 2434
f 2434 2512 2513
f 2434 2513 2435
f 1194 2003 1552
f 1552 1554 89
f 2435 2513 2514
f 2435 2514 2436
f 2436 2514 2515
f 2436 2515 2437
f 2437 2515 2516
f 2437 2516 2438
f 2438 2516 2439
f 1467 1137 1138
f 1865 1391 1393
f 2441 2440 2517
f 2441 2517 2518
f 2441 2518 2442
f 2442 2518 2484
f 2519 2520 2521
f 1392 2129 2128
f 308 1445 1772
f 936 2007 1766
f 1719 2453 1720
f 1301 943 1302
f 1934 2028 677
f 1171 121 1372
f 557 167 169
f 975 974 2522
f 1236 1461 1237
f 495 2523 496
f 783 236 2488
f 2366 200 1145
f 2041 1210 2042
f 1406 595 1283
f 2297 2187 274
f 843 2524 1812
f 1259 953 1260
f 1703 979 1939
f 293 2525 1078
f 499 2526 500
f 2108 454 460
f 1617 1624 2477
f 2310 2062 2448
f 1949 1233 883
f 887 2252 268
f 2034 1879 2035
f 446 445 2527
f 1443 2528 2529
f 131 976 132
f 2035 1879 2245
f 777 1323 778
f 187 754 188
f 864 749 838
f 2348 2413 2530
f 1933 2140 1105
f 1152 1472 1988
f 1412 2531 2532
f 1999 1872 2495
f 992 1645 1069
f 12 578 760
f 2533 835 471
f 311 310 933
f 2534 1527 300
f 2083 1857 321
f 1502 207 863
f 2451 2450 1253
f 2125 1365 2207
f 60 1713 2420
f 1856 665 1386
f 922 2135 2443
f 252 1553 1552
f 2471 2022 2007
f 222 224 223
f 1853 1854 1819
f 2342 1655 2325
f 695 1036 696
f 1758 1340 1943
f 532 1346 2498
f 375 1623 1624
f 1830 959 958
f 285 1840 2349
f 2030 104 103
f 261 1138 262
f 2203 1765 2299
f 2384 1756 107
f 1793 2535 1320
f 993 1977 1731
f 2310 720 2062
f 1077 1108 231
f 231 1108 2264
f 2502 2536 2389
f 2380 1864 5
f 49 51 2278
f 2391 2537 2392
f 2392 2537 2393
f 2393 2537 2538
f 2393 2538 2539
f 2393 2539 2394
f 2394 2539 2540
f 685 1644 686
f 2394 2540 2395
f 2395 2540 2505
f 925 1816 926
f 2516 2541 2439
f 2439 2541 2542
f 2439 2542 2397
f 557 594 167
f 2397 2542 2543
f 2397 2543 2398
f 2398 2543 2399
f 2399 2543 2544
f 2399 2544 2400
f 894 893 602
f 2401 2400 2545
f 1996 1423 1268
f 2401 2545 2546
f 2401 2546 2402
f 2402 2546 2547
f 2402 2547 2440
f 2440 2547 2517
f 211 1269 1996
f 206 1069 864
f 852 2420 2519
f 1087 571 1861
f 798 797 425
f 1357 1336 1383
f 1991 1576 1562
f 2031 21 783
f 1211 2197 2450
f 574 2408 575
f 1254 1626 1496
f 678 714 346
f 2150 872 2330
f 1232 24 1693
f 271 1798 272
f 1518 437 1765
f 379 1420 150
f 331 1555 2118
f 256 1459 1538
f 2274 2494 2548
f 1710 1466 411
f 2274 2548 2413
f 1058 2204 203
f 2019 116 1627
f 1687 1349 962
f 2348 2530 2449
f 2029 657 14
f 1802 738 1231
f 684 1950 1235
f 895 9 2257
f 737 1640 1928
f 41 1656 1292
f 490 1542 491
f 490 2404 1542
f 2244 2549 366
f 1403 1050 1049
f 2406 361 839
f 226 1870 351
f 1500 2330 834
f 2074 1231 293
f 1387 829 828
f 1869 1214 2029
f 1810 683 637
f 808 1714 1114
f 629 628 1595
f 2269 1112 1113
f 140 76 141
f 1821 1783 2550
f 2187 2297 840
f 1618 2478 2551
f 2552 222 1039
f 1431 1769 832
f 1693 877 1407
f 1309 2015 851
f 1055 1858 1857
f 2183 1935 1455
f 2070 2182 2356
f 858 186 531
f 943 209 1302
f 2502 2553 2536
f 232 1566 2223
f 2554 2555 2316
f 2537 2554 2556
f 2537 2556 2538
f 2538 2556 2539
f 704 1955 705
f 2356 1435 2503
f 115 582 116
f 148 175 774
f 568 567 2138
f 2542 2557 2543
f 2543 2557 2558
f 2543 2558 2544
f 2544 2558 2559
f 2544 2559 2400
f 2400 2559 2560
f 2400 2560 2545
f 2545 2560 2561
f 2545 2561 2546
f 2546 2561 2547
f 569 571 1086
f 888 1144 805
f 1260 156 155
f 348 350 23
f 1937 2463 750
f 159 585 1430
f 2089 1985 400
f 1225 2384 1826
f 652 42 999
f 575 647 649
f 2137 2562 2563
f 15 1193 1633
f 1765 437 441
f 1164 1165 993
f 715 717 858
f 19 21 2031
f 2336 707 1852
f 1992 963 592
f 2132 641 1445
f 212 211 2564
f 271 1501 1798
f 2084 2085 1776
f 1716 2565 2566
f 2405 477 2272
f 613 1215 1108
f 2410 2567 2490
f 543 183 356
f 673 2190 2492
f 576 577 2212
f 522 2233 523
f 555 554 2045
f 329 152 154
f 1646 2141 171
f 2268 8 7
f 615 1473 2568
f 591 593 917
f 1720 2245 2247
f 2091 2092 1875
f 1550 155 1551
f 1554 1099 315
f 490 910 2404
f 1629 625 623
f 2189 2417 944
f 2011 1943 136
f 1643 1952 1081
f 1540 414 1873
f 44 615 2568
f 2552 1039 1038
f 1410 1840 2565
f 808 1380 1714
f 813 1564 748
f 79 1920 1239
f 989 1499 1840
f 2095 1052 1147
f 903 1026 638
f 2083 1055 1857
f 1842 975 1843
f 2497 967 969
f 2146 284 2114
f 1276 1118 1117
f 1879 1368 2246
f 1848 1994 1849
f 1356 49 2278
f 383 1205 856
f 2501 2569 2502
f 2013 1777 265
f 1731 1977 1508
f 2146 2114 2147
f 2539 2556 2570
f 2539 2570 2571
f 2539 2571 2540
f 2540 2571 2572
f 2540 2572 2505
f 2505 2572 2573
f 2505 2573 2506
f 2506 2573 2574
f 2506 2574 2507
f 955 2042 634
f 2507 2574 2508
f 2508 2574 2575
f 2508 2575 2576
f 2508 2576 2509
f 2261 1180 1982
f 1576 1429 1089
f 2577 2578 2049
f 2541 2579 2580
f 2541 2580 2542
f 2355 434 436
f 2542 2580 2557
f 726 1740 727
f 1451 2250 2186
f 2547 2561 2581
f 2547 2581 2582
f 2547 2582 2517
f 2517 2582 2518
f 2463 2194 2136
f 810 906 549
f 687 686 1532
f 289 2121 659
f 2087 2493 780
f 1824 2448 1053
f 2243 1678 1214
f 2286 928 1316
f 2583 2584 2511
f 456 1443 2471
f 1867 881 880
f 1698 1691 2585
f 2213 2146 2145
f 2586 1883 2283
f 2336 2335 707
f 283 820 867
f 498 500 573
f 1423 712 1268
f 765 1564 813
f 2246 1368 2375
f 2138 567 1718
f 820 1252 1507
f 2567 2587 2490
f 2490 2587 2491
f 2350 1362 355
f 2548 2588 2413
f 918 1072 1458
f 1084 894 929
f 1481 1774 1192
f 118 120 1692
f 2214 1196 2589
f 1201 1122 1202
f 1826 2384 106
f 59 1573 1713
f 763 2445 764
f 2135 1669 1240
f 1293 1249 988
f 921 166 395
f 2080 1833 1514
f 162 2262 2263
f 1395 1523 1396
f 198 200 2366
f 38 1324 1689
f 44 2568 2307
f 2590 2591 2232
f 2034 1878 1879
f 841 1604 1630
f 2003 252 1552
f 1808 1942 92
f 1995 1182 2091
f 1304 16 619
f 2524 29 1628
f 2501 2481 2592
f 2501 2592 2569
f 1360 1371 1060
f 2383 1257 1256
f 338 1922 1923
f 1265 153 1954
f 818 2079 819
f 908 228 230
f 2120 829 1387
f 1265 1954 1155
f 2593 2594 2595
f 2052 601 941
f 1102 1521 2214
f 798 425 1777
f 2518 2582 2596
f 2518 2596 2597
f 2518 2597 2484
f 2296 1761 1636
f 2484 2597 2485
f 2487 2485 2598
f 1457 918 1458
f 1370 1371 1360
f 2526 1377 983
f 440 308 589
f 1126 1739 1738
f 2585 1691 2454
f 2599 102 1604
f 1328 746 745
f 474 476 2135
f 1917 980 379
f 83 57 84
f 1674 1814 746
f 347 194 1524
f 2496 1642 2083
f 2600 1860 2601
f 956 1860 2600
f 746 1814 747
f 1774 994 1192
f 294 293 1859
f 1826 106 2408
f 1847 1547 735
f 572 20 19
f 147 173 175
f 728 727 1096
f 1994 942 1849
f 2135 476 1669
f 2202 2201 318
f 1667 1776 1862
f 1686 681 680
f 171 854 172
f 1569 1275 1277
f 2184 1455 1137
f 2142 563 2301
f 2602 983 2238
f 1243 2334 2068
f 2563 1674 1328
f 2603 1404 1406
f 902 588 282
f 1625 1109 1111
f 2194 2283 2562
f 2604 2459 2605
f 937 939 1380
f 1513 1971 11
f 1937 2194 2463
f 903 1095 904
f 926 1519 803
f 226 779 1870
f 2283 2425 2562
f 1833 862 1834
f 2459 2604 2606
f 2459 2606 2607
f 2459 2607 2479
f 1193 1829 1194
f 2479 2607 2608
f 2479 2608 2481
f 2481 2608 2592
f 858 717 186
f 1686 1783 1190
f 1640 1642 2496
f 93 1040 2033
f 717 2396 186
f 2047 2248 987
f 1729 612 611
f 1510 1270 1271
f 1315 2285 1316
f 1448 940 344
f 1203 2239 1103
f 2231 248 1932
f 1212 1211 2450
f 2597 2609 2485
f 2485 2609 2598
f 681 2265 1757
f 1465 1729 611
f 418 417 484
f 308 1797 589
f 2599 100 102
f 2142 2301 1405
f 1873 420 279
f 710 2277 711
f 2562 1674 2563
f 158 1478 159
f 1799 2004 2455
f 560 1699 333
f 1447 930 940
f 1116 785 787
f 2258 270 272
f 1606 1608 2610
f 853 1925 854
f 1553 1097 1554
f 535 771 901
f 1114 1714 890
f 2190 2611 2492
f 1537 453 1305
f 50 958 51
f 2494 2612 2548
f 2042 1210 1212
f 2413 2588 2530
f 1271 1270 1510
f 954 955 1409
f 2591 952 1627
f 1739 2091 1875
f 1328 745 1968
f 1712 1010 1161
f 428 1370 1360
f 1859 1078 536
f 2201 1083 560
f 820 819 1252
f 1529 1970 1796
f 516 381 517
f 1071 1529 1262
f 1722 1721 2352
f 1412 1414 2613
f 754 2127 489
f 2614 2504 1058
f 961 2299 1702
f 1153 1808 1287
f 51 428 427
f 689 920 2403
f 2615 1635 2084
f 1162 2552 1417
f 105 555 2284
f 1262 1796 1779
f 54 2616 2617
f 979 2124 1939
f 865 932 914
f 665 2120 1386
f 990 1069 206
f 1311 261 1536
f 229 228 908
f 363 320 1259
f 2281 2238 1068
f 2606 2604 2607
f 261 263 1536
f 799 1041 1040
f 891 2566 284
f 2608 2618 2592
f 2272 477 479
f 2592 2618 2569
f 487 757 756
f 2335 2231 707
f 777 135 778
f 657 357 658
f 2619 1324 38
f 2575 2574 2620
f 2575 2620 2621
f 1604 1605 1630
f 2575 2621 2576
f 216 218 1815
f 2085 201 1862
f 1292 906 810
f 596 2302 1270
f 700 699 1504
f 2251 703 1613
f 2581 2622 2582
f 2582 2622 2623
f 2582 2623 2596
f 2596 2623 2597
f 2597 2623 2624
f 2597 2624 2609
f 1555 473 1556
f 2046 2625 2340
f 2051 856 855
f 1761 1670 2418
f 853 1261 1925
f 2448 1502 1653
f 279 420 280
f 1877 1856 2383
f 1762 1453 325
f 37 39 1355
f 2409 1657 2078
f 1527 301 300
f 1427 456 392
f 673 2626 2531
f 822 1646 2412
f 1625 1111 1733
f 96 240 1961
f 287 288 742
f 1544 192 630
f 1247 700 275
f 901 773 2024
f 2455 1343 1199
f 86 912 911
f 1536 263 1539
f 75 74 590
f 2587 2627 2491
f 2491 2627 2077
f 1621 1076 2057
f 1984 522 1985
f 2453 2245 1720
f 255 2043 256
f 1367 1724 2375
f 1254 1683 1626
f 477 501 478
f 667 2046 668
f 1968 745 1131
f 2562 2425 1672
f 804 875 1070
f 2524 1628 1812
f 401 9 116
f 1882 2425 2283
f 2190 2610 2191
f 2420 1713 2519
f 670 672 1893
f 2615 850 1635
f 1060 1845 1036
f 962 1197 1898
f 107 1454 108
f 869 724 740
f 2120 1315 829
f 2628 2366 2122
f 1256 830 1257
f 504 2629 2417
f 865 838 932
f 1287 1808 91
f 523 2257 9
f 882 432 579
f 846 1898 2138
f 2201 319 318
f 1882 2138 2293
f 2496 2083 2082
f 2630 1297 1822
f 106 647 575
f 2198 1516 2113
f 1759 1758 1943
f 104 553 555
f 822 2412 170
f 2570 2556 2631
f 2570 2631 2632
f 2570 2632 2571
f 2571 2632 2633
f 1672 1173 1673
f 2571 2633 2572
f 2572 2633 2634
f 2572 2634 2573
f 2573 2634 2574
f 2574 2634 2635
f 2574 2635 2620
f 1935 1456 1455
f 429 1360 1060
f 2579 2636 2580
f 2580 2636 2637
f 1221 2488 2493
f 2580 2637 2557
f 2558 2638 2559
f 2559 2638 2639
f 2559 2639 2560
f 2560 2639 2640
f 2560 2640 2561
f 2561 2640 2641
f 2561 2641 2581
f 2581 2641 2622
f 1394 2005 2258
f 1673 1174 1814
f 2609 2642 2598
f 651 1591 222
f 175 174 774
f 974 2117 2522
f 1210 2386 1211
f 186 2396 187
f 1600 2643 1792
f 1439 2521 2089
f 1860 170 1224
f 1996 1269 211
f 883 140 139
f 1527 96 301
f 2199 843 2188
f 2642 2644 2587
f 2141 853 171
f 1217 1216 534
f 898 2353 1155
f 2067 2383 1256
f 2645 2646 2647
f 774 775 1077
f 646 2309 2308
f 286 790 792
f 727 1035 1059
f 5 2353 898
f 2566 285 284
f 1191 1538 2266
f 791 1991 1561
f 1790 1789 2648
f 1459 2419 1746
f 375 1219 1623
f 1337 196 195
f 2587 2649 2627
f 1769 1312 1314
f 582 2090 116
f 2588 2650 2530
f 711 70 2279
f 1661 2474 1677
f 500 2281 1067
f 1412 2235 1696
f 1325 1929 1680
f 2498 2028 1934
f 1519 2289 1520
f 17 2336 18
f 1191 2266 2265
f 2522 2119 2625
f 1264 2333 2447
f 2446 841 840
f 2255 2205 545
f 835 202 836
f 1794 991 990
f 1476 1830 958
f 162 341 2262
f 1937 2586 2194
f 2628 198 2366
f 1375 1374 617
f 102 2213 1605
f 1872 632 1560
f 2217 2216 1811
f 2498 2027 2028
f 1926 145 1462
f 1366 937 1379
f 2247 716 715
f 1082 558 1083
f 2651 2652 2653
f 1860 1224 1825
f 984 1310 1426
f 1463 144 1170
f 2521 1983 2089
f 2554 2316 2654
f 2554 2655 2656
f 1127 1865 631
f 2554 2656 2556
f 2556 2656 2657
f 2556 2657 2631
f 2631 2657 2658
f 2631 2658 2632
f 99 1088 903
f 2632 2658 2633
f 2633 2658 2659
f 2425 1173 1672
f 2633 2659 2660
f 2633 2660 2634
f 2568 1473 2307
f 2634 2660 2661
f 2634 2661 2635
f 1926 1779 1424
f 2635 2661 2620
f 2620 2661 2662
f 2620 2662 2621
f 940 1726 941
f 1321 845 847
f 1765 1735 2299
f 2636 2663 2664
f 2636 2664 2637
f 2637 2664 2557
f 2557 2664 2665
f 2557 2665 2666
f 2557 2666 2558
f 2667 1266 474
f 2558 2666 2638
f 2550 1783 1686
f 81 1239 2668
f 1042 2276 1651
f 2309 691 1154
f 1099 316 315
f 972 179 2285
f 870 872 2150
f 1989 1262 1261
f 155 157 919
f 2275 393 599
f 708 1933 1944
f 1923 1794 721
f 1184 1755 2092
f 981 1418 1285
f 280 422 424
f 1154 691 899
f 1741 429 1061
f 5 82 2353
f 928 930 1447
f 2566 2565 285
f 2472 467 1365
f 1366 311 937
f 1243 2068 2093
f 243 245 1470
f 2649 2669 2627
f 2627 2669 2077
f 1357 1766 1336
f 2548 2650 2588
f 217 28 30
f 1865 1393 1778
f 1877 2067 625
f 2468 1188 382
f 1702 442 447
f 2302 565 2347
f 18 1851 2044
f 479 478 2599
f 2530 2670 2671
f 210 1603 211
f 143 273 1916
f 588 2409 282
f 2671 2670 2530
f 2625 2119 2672
f 2530 2670 2671
f 1631 709 1242
f 265 1777 561
f 1072 62 61
f 1701 37 1656
f 2503 2333 1264
f 1745 1638 1637
f 1443 1444 2471
f 2522 2117 2119
f 2004 1343 2455
f 387 389 1734
f 2446 2273 841
f 350 684 1235
f 234 1068 1646
f 1732 1731 2047
f 1405 2301 2302
f 357 1227 2003
f 335 1219 336
f 2387 1869 2029
f 241 93 2033
f 941 1726 67
f 247 2387 296
f 2307 1473 2388
f 1463 142 144
f 2330 2193 1548
f 428 958 1370
f 2150 2330 1500
f 1340 2112 137
f 1734 389 394
f 727 1741 1035
f 2673 2674 2675
f 2090 2483 116
f 2662 2676 2621
f 2299 1735 1702
f 1685 805 2335
f 1500 834 797
f 2666 2677 2638
f 2182 2181 1435
f 2638 2677 2678
f 2638 2678 2639
f 2639 2678 2640
f 1512 2030 103
f 579 432 2355
f 1600 1792 1922
f 1658 1103 2086
f 802 2679 1382
f 473 472 1948
f 1719 243 1638
f 1758 1338 1340
f 974 2267 2117
f 54 2617 445
f 682 1759 2680
f 1551 919 688
f 1184 1760 1755
f 797 834 425
f 1374 2002 617
f 1321 847 1322
f 1054 271 270
f 1407 1408 1415
f 973 975 974
f 331 1565 2480
f 753 824 317
f 1313 1139 2681
f 1739 1875 1391
f 1412 2682 2683
f 940 67 344
f 2612 2684 2548
f 2643 2331 1793
f 2419 63 2453
f 2548 2684 2650
f 1613 511 1304
f 1942 532 92
f 1796 1780 1779
f 361 1220 541
f 2650 2670 2530
f 712 2280 2685
f 2118 1555 2686
f 500 2602 2281
f 299 1544 1748
f 1145 1331 1330
f 635 2042 2451
f 2519 2521 1439
f 1745 1746 1638
f 1376 1504 276
f 1946 1112 2269
f 2282 147 146
f 1101 1091 1102
f 546 1260 155
f 1995 2091 1739
f 1050 1351 1213
f 2687 1706 2688
f 1708 1706 2687
f 529 2456 2615
f 2273 2599 1604
f 2119 2118 2672
f 1763 282 281
f 1435 1437 2333
f 1421 377 380
f 2128 95 94
f 1110 848 47
f 727 1059 1096
f 720 205 2062
f 1515 690 2113
f 17 1685 2336
f 11 1867 880
f 2586 2283 2194
f 2535 2094 1321
f 2629 1730 945
f 2391 2316 2555
f 1266 1826 2408
f 1787 1991 791
f 1868 2053 2183
f 1660 1947 2689
f 1879 488 1368
f 2468 2185 1188
f 504 506 2629
f 367 1545 9
f 653 41 40
f 986 505 504
f 207 864 863
f 2 2615 2084
f 1962 1742 986
f 2640 2678 2690
f 2640 2690 2641
f 2641 2690 2691
f 2641 2691 2622
f 2172 272 1800
f 1947 1946 2269
f 1961 1743 1962
f 2266 1637 1338
f 2609 2692 2642
f 240 1747 1961
f 2284 2045 1995
f 95 508 240
f 345 821 552
f 736 1020 737
f 2483 400 116
f 13 1633 1632
f 2129 507 95
f 1442 1837 1997
f 1876 1751 2129
f 2092 1751 1876
f 1184 1770 1760
f 8 1066 9
f 939 2058 1827
f 287 184 833
f 573 500 1067
f 2233 895 523
f 85 883 86
f 1395 1616 1523
f 302 1962 986
f 1109 2355 2304
f 1294 317 1836
f 2565 1840 285
f 1437 258 1163
f 2689 2269 2270
f 2286 929 928
f 1200 418 650
f 361 541 53
f 1245 700 1247
f 2127 2093 909
f 2644 2693 2587
f 2188 843 1813
f 2587 2693 2649
f 2190 2694 2611
f 1504 947 1786
f 1430 732 1431
f 2680 1759 2011
f 2080 1514 2386
f 763 2116 2445
f 1773 860 1833
f 982 1285 1421
f 317 825 1836
f 1858 1135 1363
f 1481 1192 112
f 1693 1407 1415
f 1722 2352 2409
f 2695 1795 2696
f 2447 655 654
f 492 303 305
f 2452 1804 2695
f 1242 2208 2334
f 2252 1071 1262
f 1946 1119 1112
f 484 1 1591
f 2688 1698 2585
f 2519 1713 2520
f 2688 1706 1698
f 371 661 372
f 363 1259 1258
f 705 1842 667
f 2113 690 2590
f 1800 2456 529
f 2215 599 598
f 223 1828 1666
f 2590 952 2591
f 215 214 2124
f 1205 1703 2267
f 2116 2093 2445
f 2019 2217 1811
f 2604 2697 2607
f 2607 2697 2698
f 1412 673 2531
f 2607 2698 2608
f 2608 2698 2699
f 2608 2699 2700
f 2608 2700 2618
f 945 1730 1723
f 2629 506 1730
f 1334 2083 321
f 1063 1676 1064
f 157 2701 920
f 2332 2094 2535
f 828 1257 2383
f 1968 1206 2169
f 1748 2144 632
f 986 1742 505
f 396 1357 766
f 1962 1743 1742
f 2622 2691 2702
f 2622 2702 2623
f 2623 2703 2624
f 1076 231 1359
f 2624 2703 2704
f 2624 2704 2609
f 701 132 525
f 2266 1745 1637
f 1961 1747 1743
f 2609 2704 2692
f 240 508 1747
f 891 1716 2566
f 622 905 470
f 21 234 236
f 598 600 1349
f 951 950 2590
f 647 719 648
f 373 2043 255
f 644 2054 1953
f 157 1160 2701
f 1174 748 217
f 333 31 953
f 1269 712 1268
f 2129 1750 507
f 2124 212 1939
f 901 771 773
f 1819 1854 1820
f 2129 1751 1750
f 2092 1755 1751
f 30 29 2524
f 907 906 728
f 661 917 372
f 268 1989 1700
f 1143 2215 598
f 323 322 1148
f 1057 1209 1134
f 723 832 29
f 113 801 98
f 2386 1516 1211
f 2173 913 1652
f 1504 1506 947
f 1412 1697 2682
f 2684 2705 2650
f 248 1941 2139
f 18 2336 1852
f 2143 2337 564
f 1859 536 353
f 729 1124 1123
f 303 702 304
f 744 281 458
f 1300 1540 1461
f 1408 1046 1045
f 1279 338 337
f 2706 133 135
f 250 1115 251
f 578 882 579
f 2696 1795 1709
f 2695 1804 1795
f 679 678 1615
f 213 1781 844
f 1242 1944 2208
f 2113 2590 1535
f 1776 2085 1862
f 2707 967 2497
f 105 2284 1903
f 711 230 70
f 1286 614 683
f 2267 2708 330
f 253 112 114
f 585 732 1430
f 235 1647 822
f 920 2701 2403
f 289 660 290
f 2189 944 1816
f 178 109 1084
f 2418 1278 1453
f 716 2396 717
f 1053 2448 1653
f 134 361 2406
f 2497 2189 925
f 1362 543 356
f 1165 1924 127
f 1054 1501 271
f 2709 2710 2467
f 1121 2447 2341
f 2699 2711 2700
f 1937 847 2586
f 1342 915 2015
f 1439 2089 582
f 341 1277 2262
f 182 2212 1930
f 963 693 2075
f 2417 2629 945
f 1322 847 1937
f 641 1045 1047
f 919 920 689
f 2497 925 924
f 245 244 1471
f 2677 2712 2678
f 2678 2712 2713
f 2678 2713 2690
f 2690 2713 2714
f 2690 2714 2691
f 2691 2714 2715
f 2691 2715 2702
f 2702 2715 2716
f 2702 2716 2623
f 2623 2716 2703
f 244 715 858
f 1382 803 802
f 1278 1727 1279
f 73 440 74
f 2701 1417 2717
f 344 67 821
f 1449 188 1346
f 1979 1186 1980
f 1660 2407 2474
f 698 1396 699
f 2718 27 2719
f 1550 546 155
f 1991 1369 1576
f 856 974 973
f 738 24 1232
f 787 788 2489
f 1924 695 697
f 1158 371 1854
f 2522 2625 2046
f 42 809 288
f 181 576 182
f 1147 1052 2005
f 872 2193 2330
f 251 1115 2123
f 693 312 2075
f 774 1077 1620
f 1106 2125 1107
f 2670 2650 2720
f 1334 321 1704
f 1313 2681 1389
f 705 667 706
f 563 565 2302
f 539 2473 779
f 2455 1198 2456
f 740 724 2240
f 111 527 893
f 2123 1369 1991
f 1189 213 215
f 2302 2347 1270
f 1728 1600 1922
f 2138 1718 1062
f 830 1622 198
f 1044 1043 1603
f 684 2470 735
f 1731 1508 2047
f 621 1148 2152
f 1231 1232 2525
f 565 624 2347
f 1335 1704 558
f 2525 1838 1078
f 539 2087 2473
f 250 1080 1307
f 2486 792 1729
f 366 2549 367
f 2242 77 1234
f 2455 1199 1198
f 1124 1994 1880
f 2698 2721 2699
f 1955 1842 705
f 2699 2721 2711
f 446 2527 1830
f 18 2044 757
f 2383 1256 2067
f 1087 1727 1278
f 1345 2303 1351
f 733 227 352
f 2655 2722 2656
f 2656 2722 2723
f 1862 201 117
f 2656 2723 2724
f 2656 2724 2657
f 2657 2724 2725
f 2657 2725 2658
f 2658 2725 2726
f 2124 844 212
f 2658 2726 2659
f 2659 2726 2727
f 2659 2727 2660
f 2660 2727 2661
f 2661 2727 2728
f 714 1594 346
f 515 227 733
f 2661 2728 2729
f 2661 2729 2662
f 2662 2729 2730
f 2662 2730 2676
f 2335 519 246
f 1151 2206 554
f 2663 2731 2732
f 2663 2732 2664
f 2664 2732 2733
f 2664 2733 2665
f 2263 1945 1947
f 2665 2733 2734
f 2665 2734 2666
f 221 220 514
f 2666 2734 2677
f 2677 2734 2735
f 2677 2735 2712
f 1721 1201 2352
f 1561 1563 612
f 2716 2736 2703
f 2703 2736 2704
f 1615 678 1616
f 457 2007 936
f 1263 1779 1926
f 2737 826 219
f 976 138 977
f 929 601 930
f 1980 1186 2737
f 713 274 714
f 1870 781 1871
f 1436 258 1437
f 1358 1359 2643
f 1778 1526 1525
f 1349 1197 962
f 1509 1610 676
f 68 653 652
f 547 546 1550
f 1446 2087 539
f 1947 2269 2689
f 887 886 2252
f 169 725 1385
f 66 1856 2306
f 846 2138 1882
f 79 1239 80
f 2340 2738 795
f 1151 2739 2206
f 861 1550 862
f 174 613 775
f 2693 2740 2649
f 1877 2383 2067
f 2625 2738 2340
f 2190 2741 2694
f 1871 2134 922
f 2684 2742 2743
f 2744 1986 1587
f 938 90 2058
f 2684 2743 2705
f 1769 1314 1469
f 13 15 1633
f 1882 2293 2425
f 1707 119 118
f 39 49 1356
f 1748 1544 2144
f 2705 2720 2650
f 2024 773 962
f 2058 971 1827
f 1181 55 57
f 2500 1181 1634
f 101 891 2213
f 1251 1618 2551
f 992 1937 1645
f 862 1551 1834
f 1563 1101 1100
f 1364 1618 1251
f 1104 1618 1364
f 1627 2745 2746
f 254 1590 1097
f 1642 326 2083
f 2404 2405 2272
f 151 150 1805
f 677 239 713
f 2239 374 1103
f 1202 334 2239
f 570 1289 571
f 1359 231 233
f 2670 2747 2697
f 605 380 385
f 1786 947 1705
f 839 53 52
f 1159 661 371
f 1868 2183 1788
f 34 562 35
f 827 1222 220
f 133 2706 893
f 2038 2503 1120
f 2040 2503 2038
f 331 473 1555
f 2201 560 319
f 2525 1232 1838
f 1209 337 1737
f 1714 1716 890
f 1041 869 739
f 2697 2748 2698
f 291 290 889
f 2603 1406 628
f 2698 2748 2721
f 2602 2238 2281
f 2081 2070 1844
f 752 494 980
f 2248 1509 676
f 1345 343 2303
f 266 265 1218
f 1977 127 129
f 1358 2643 1600
f 1866 2057 1938
f 515 225 227
f 882 430 432
f 2147 1464 1959
f 1371 2069 2081
f 502 1114 100
f 514 220 538
f 479 2599 2273
f 2736 2749 2704
f 219 827 220
f 1675 1663 1676
f 2704 2749 2692
f 619 18 2298
f 1392 1876 2129
f 168 866 2423
f 2015 60 851
f 893 2706 135
f 2737 1186 826
f 1843 2522 2046
f 873 1520 874
f 2377 134 133
f 1979 2744 1186
f 2056 2750 1979
f 1979 2750 2744
f 623 625 1629
f 2308 1154 1155
f 1928 2496 2082
f 1762 2418 1453
f 69 652 999
f 2186 1304 618
f 678 346 1616
f 93 799 1040
f 538 1446 539
f 834 1548 298
f 2419 2453 1719
f 1478 585 159
f 2115 1533 1683
f 2649 2740 2669
f 1534 2198 1535
f 1319 466 942
f 2209 2500 1864
f 2418 1087 1278
f 35 1872 36
f 1573 2476 2520
f 2247 2246 716
f 1429 2489 1306
f 373 372 2043
f 344 821 345
f 915 60 2015
f 1015 460 462
f 2751 25 2718
f 968 504 2417
f 2375 762 2396
f 640 897 744
f 2375 1724 762
f 1852 707 709
f 1926 1424 145
f 881 430 882
f 1224 1225 1825
f 1104 1248 1618
f 726 2278 1740
f 1180 537 306
f 1064 1496 1627
f 2750 1986 2744
f 676 1610 1267
f 756 758 1367
f 487 2298 757
f 529 2615 2
f 129 128 1610
f 1297 1810 1823
f 2239 334 374
f 837 836 1233
f 957 170 1860
f 1202 2341 334
f 1122 2341 1202
f 1924 697 127
f 2670 2752 2747
f 1820 373 255
f 676 586 639
f 1120 2503 1264
f 1546 936 165
f 2252 1262 1989
f 160 831 723
f 1554 2151 970
f 222 224 1666
f 693 1450 312
f 1167 2014 1444
f 910 477 2405
f 2040 2356 2503
f 1844 2356 2040
f 2181 1915 1435
f 2697 2747 2748
f 1150 2753 2739
f 933 88 90
f 2701 1160 1417
f 2081 2069 2070
f 2127 490 489
f 31 1699 470
f 486 619 487
f 2726 2754 2727
f 2727 2754 2728
f 2728 2754 2755
f 2309 646 691
f 2137 2563 1327
f 2728 2755 2756
f 2728 2756 2729
f 2729 2756 2757
f 2729 2757 2730
f 2143 564 563
f 2147 2114 1464
f 1270 2347 1511
f 827 784 1222
f 1371 2039 2069
f 2758 2584 2583
f 1535 2590 2232
f 277 276 1547
f 1371 1913 2039
f 668 2046 2340
f 1805 609 2053
f 2068 2208 1107
f 619 16 18
f 949 2296 1636
f 2396 768 187
f 944 946 2289
f 847 1883 2586
f 2406 52 135
f 962 1898 846
f 2137 2194 2562
f 2692 2759 2693
f 1624 1998 2477
f 707 2231 1932
f 2066 289 703
f 1471 244 859
f 120 1305 2108
f 2265 1338 1758
f 1985 522 401
f 1174 216 1814
f 2520 2476 2475
f 1669 2760 649
f 24 23 877
f 2068 1381 910
f 2078 1657 1659
f 647 108 719
f 1803 2761 816
f 1458 1072 61
f 822 170 957
f 368 367 9
f 2086 1104 1364
f 1603 1602 1423
f 197 515 584
f 2429 1297 2630
f 580 579 2355
f 1724 763 762
f 2407 569 1086
f 2304 437 1518
f 2720 2762 2670
f 2670 2762 2720
f 1348 2116 763
f 2670 2720 2762
f 856 1205 974
f 2670 2762 2752
f 1327 2563 1328
f 482 448 1537
f 955 590 2041
f 1119 2385 2282
f 1122 1121 2341
f 777 778 1323
f 1162 651 222
f 2095 1053 1052
f 199 1344 1345
f 2752 2762 2747
f 2311 2121 289
f 2534 300 934
f 2590 950 952
f 567 396 1801
f 664 2482 1315
f 2404 2272 1542
f 274 1593 714
f 1920 2443 1239
f 2747 2763 2697
f 2697 2763 2747
f 1844 2070 2356
f 158 1384 1478
f 2747 2763 2748
f 2748 2763 2764
f 2748 2764 2765
f 2748 2765 2721
f 128 1434 1610
f 2601 1825 1266
f 2721 2765 2711
f 1297 1809 1810
f 418 484 650
f 314 313 618
f 2456 1198 2615
f 1616 347 1523
f 2476 1206 1208
f 2723 2766 2724
f 2724 2766 2725
f 2725 2766 2767
f 2725 2767 2768
f 1852 709 1631
f 2725 2768 2726
f 2726 2768 2754
f 970 1293 971
f 2342 2325 1543
f 2769 1525 2534
f 656 927 557
f 2731 2770 2771
f 2731 2771 2732
f 2732 2771 2733
f 2071 2278 726
f 2337 2457 2376
f 518 2342 541
f 1677 2474 1761
f 2736 2772 2749
f 2749 2772 2773
f 2749 2773 2692
f 2334 2208 2068
f 2692 2773 2774
f 2266 1459 1745
f 811 810 549
f 1678 552 551
f 2692 2774 2759
f 150 1420 609
f 1622 1317 2088
f 1589 782 1187
f 1861 1599 1727
f 971 988 1411
f 108 1454 718
f 1849 942 1301
f 1470 245 1471
f 586 588 902
f 2282 1959 147
f 2759 2775 2693
f 668 795 1325
f 2549 497 2430
f 2018 2217 2019
f 1541 2498 1934
f 2693 2775 2776
f 1820 255 1784
f 2206 1182 2045
f 629 25 2751
f 1679 1445 307
f 934 935 1425
f 849 2203 961
f 2306 1856 1877
f 2693 2776 2740
f 2740 2776 2777
f 2740 2777 2669
f 2669 2777 2077
f 965 870 2150
f 57 2077 1627
f 741 2240 2218
f 1325 795 1929
f 282 2078 283
f 500 2526 2602
f 535 1143 772
f 1638 243 1470
f 2272 2273 2446
f 1095 594 927
f 1589 2031 782
f 1618 1617 2478
f 2112 1472 1152
f 2384 107 106
f 2127 909 490
f 973 975 1842
f 1380 939 1715
f 1318 182 1930
f 1070 875 1529
f 1359 233 2331
f 2409 2078 282
f 664 2120 665
f 851 2420 852
f 293 1231 2525
f 2680 2011 1048
f 655 264 931
f 879 687 1531
f 1228 219 196
f 1451 313 312
f 2778 495 2549
f 677 713 678
f 1048 2011 131
f 2095 1824 1053
f 2029 2009 657
f 1354 1353 2181
f 2245 1879 2246
f 1411 988 989
f 2718 25 27
f 842 1276 1275
f 1834 1551 688
f 1524 194 1505
f 1970 2688 1780
f 1 485 2
f 1860 1825 2601
f 2199 1815 843
f 1988 530 1808
f 2601 1266 2667
f 975 2522 1843
f 2765 2779 2711
f 2711 2779 2651
f 1139 606 2681
f 1106 2139 2472
f 1951 1928 2338
f 2722 2780 2723
f 2723 2780 2781
f 2723 2781 2766
f 288 809 811
f 1297 524 1809
f 1830 2527 1831
f 1919 2753 1150
f 558 1704 559
f 1445 643 1772
f 280 424 881
f 2771 2782 2733
f 2733 2782 2734
f 2735 2734 2783
f 2735 2783 2784
f 2735 2784 2712
f 2712 2784 2713
f 2713 2784 2785
f 1345 1351 1350
f 2713 2785 2786
f 2713 2786 2714
f 2714 2786 2787
f 2714 2787 2715
f 2715 2787 2788
f 2715 2788 2716
f 2716 2788 2789
f 2716 2789 2736
f 2736 2789 2772
f 2772 2774 2773
f 580 2355 1109
f 37 39 38
f 379 982 1420
f 2009 2350 355
f 2255 362 2205
f 1462 145 142
f 496 329 1545
f 2140 2139 1106
f 1421 380 605
f 2447 1163 655
f 1150 2739 1151
f 20 234 21
f 1813 8 2268
f 2094 845 1321
f 1854 371 373
f 321 1857 322
f 123 1094 1093
f 481 1702 482
f 1021 949 1636
f 259 798 2013
f 519 806 520
f 760 578 580
f 2126 712 1749
f 2278 51 1740
f 969 968 2417
f 2295 592 591
f 1065 1064 1627
f 1386 828 1856
f 2241 1615 1395
f 2743 2742 2790
f 1079 1694 2132
f 2743 2790 2791
f 2743 2791 2705
f 1801 766 765
f 781 2381 1871
f 1829 2003 1194
f 1357 1383 766
f 2549 495 497
f 2154 915 1342
f 1784 255 257
f 2297 2446 840
f 1519 873 804
f 686 2200 2202
f 902 282 1763
f 478 100 2599
f 2753 1711 2739
f 1866 1621 2057
f 1074 1375 62
f 2279 72 2280
f 1652 553 104
f 1652 1272 553
f 1036 1361 696
f 2089 400 2483
f 2339 2695 2055
f 288 811 742
f 1109 2304 1110
f 30 2524 843
f 1780 2454 1424
f 476 1592 1669
f 700 1376 275
f 587 1722 2409
f 174 611 613
f 1969 2688 1970
f 1289 1621 1866
f 571 1289 1866
f 2681 607 1390
f 874 1708 1969
f 1589 1588 2031
f 1520 1708 874
f 946 1717 1520
f 1987 2792 572
f 1139 2237 606
f 2780 2793 2794
f 1390 495 2778
f 2780 2794 2781
f 2781 2794 2766
f 2766 2794 2795
f 2766 2795 2796
f 637 616 44
f 969 2417 2189
f 2766 2796 2767
f 2767 2796 2797
f 2277 908 711
f 2767 2797 2768
f 2768 2797 2798
f 733 352 734
f 2768 2798 2754
f 2754 2798 2799
f 2754 2799 2755
f 2755 2799 2800
f 2755 2800 2756
f 2756 2800 2801
f 2756 2801 2757
f 182 576 2212
f 1066 368 9
f 2770 2802 2803
f 2770 2803 2771
f 1444 1979 1981
f 2771 2803 2804
f 2771 2804 2782
f 1294 1836 1249
f 2782 2804 2805
f 2782 2805 2734
f 2734 2805 2783
f 638 1025 639
f 413 1311 1835
f 965 2150 966
f 1746 1719 1638
f 1620 1077 1076
f 39 38 49
f 1289 148 1619
f 732 734 2236
f 848 1765 2203
f 2338 1335 1082
f 933 90 938
f 1058 2504 2204
f 1918 2339 2055
f 2121 2628 2122
f 183 185 1671
f 2791 2718 2705
f 2705 2718 2720
f 1165 127 1977
f 1088 801 1026
f 1569 1277 341
f 916 918 1457
f 2720 2718 2762
f 632 1778 1525
f 1661 1660 2474
f 2232 1627 1684
f 1820 1784 1783
f 681 1191 2265
f 2206 1785 1183
f 1855 807 501
f 1280 1279 337
f 2739 1785 2206
f 931 266 1219
f 340 1569 341
f 2055 1709 2753
f 1170 1454 107
f 1073 1374 1074
f 1733 1111 47
f 1707 483 119
f 10 12 1817
f 2187 840 1568
f 141 2695 2339
f 585 584 732
f 2744 1587 1186
f 343 345 2303
f 1424 2454 544
f 984 887 267
f 2013 798 1777
f 2122 1145 1144
f 1780 2585 2454
f 1573 1572 2169
f 652 40 42
f 2169 1206 2476
f 1235 1950 1643
f 1969 2687 2688
f 1780 2688 2585
f 2681 606 607
f 1817 12 759
f 1969 1708 2687
f 1159 1284 662
f 2382 474 2135
f 1520 1717 1708
f 946 1723 1717
f 106 108 647
f 162 2263 163
f 534 1143 535
f 2651 2806 2807
f 476 475 1592
f 959 1913 960
f 959 1912 1913
f 1139 352 2237
f 1390 607 495
f 1831 1912 959
f 1913 1326 2039
f 2527 704 1831
f 1445 641 643
f 946 945 1723
f 214 213 844
f 2277 229 908
f 2805 2808 2783
f 1928 2082 1333
f 2783 2808 2784
f 1794 1793 991
f 1687 598 1349
f 1941 13 2139
f 866 868 2423
f 1188 215 978
f 456 2471 457
f 930 2052 941
f 339 1923 721
f 977 1153 1287
f 881 424 430
f 825 656 556
f 551 1362 2350
f 1262 1779 1263
f 87 2809 2810
f 232 2023 2332
f 511 17 16
f 85 1949 883
f 2500 1634 83
f 160 159 831
f 2381 2667 2382
f 781 2667 2381
f 510 1685 17
f 2776 1063 2777
f 1646 171 2412
f 2004 1341 1343
f 904 927 656
f 65 665 1856
f 1713 1573 2520
f 780 2601 781
f 203 2204 2242
f 660 2122 1144
f 356 183 1671
f 859 858 531
f 1258 1260 546
f 2493 956 780
f 735 737 1927
f 1192 1732 800
f 1461 1540 1873
f 1044 1603 844
f 1941 296 13
f 1632 309 467
f 2488 956 2493
f 236 823 2488
f 1183 1770 1184
f 1292 2071 906
f 1183 1785 1770
f 54 1543 2616
f 1039 1666 2216
f 1131 1133 1207
f 1855 2207 807
f 716 2375 2396
f 2739 1711 1785
f 2616 2326 2527
f 1106 2472 1365
f 2753 1709 1711
f 2055 2696 1709
f 200 1345 1350
f 109 111 894
f 1503 2154 1341
f 1051 1050 1869
f 1412 2532 2811
f 2279 70 72
f 2055 2695 2696
f 141 2452 2695
f 2499 293 292
f 1066 366 368
f 2234 2233 522
f 859 531 530
f 2293 812 814
f 2181 1353 1915
f 24 877 1693
f 2023 2024 2094
f 141 78 2452
f 1425 967 2707
f 345 552 1678
f 960 1913 1371
f 6 5 898
f 2812 2813 2806
f 1253 2115 1254
f 1831 704 1912
f 1634 1181 57
f 2471 1444 2022
f 2527 1993 704
f 1590 97 99
f 646 2814 4
f 2264 1566 232
f 646 4 691
f 2808 2815 2784
f 2784 2815 2785
f 1117 1119 1946
f 1543 2326 2616
f 1712 1161 1160
f 2325 2326 1543
f 1130 1170 1756
f 285 2349 790
f 1341 2154 1342
f 1343 1342 1199
f 2206 1183 1182
f 2304 436 437
f 1822 1823 181
f 1277 1117 1946
f 2284 1995 1126
f 2672 2118 2686
f 90 971 2058
f 1068 269 1646
f 2215 2275 599
f 131 136 976
f 1565 2533 2480
f 1927 1951 1950
f 1312 1139 1313
f 26 1284 1159
f 2037 1120 1195
f 1502 863 1503
f 2214 2589 2275
f 593 1073 1072
f 1415 1408 1045
f 2382 2667 474
f 781 2601 2667
f 2776 2775 1675
f 701 525 2429
f 2776 1675 1063
f 2407 1086 1670
f 25 1595 26
f 2190 2816 2741
f 1816 2289 1519
f 2742 627 2790
f 1267 1722 587
f 1137 397 402
f 1287 91 241
f 780 2600 2601
f 1674 746 1328
f 1339 1638 1470
f 1919 2055 2753
f 687 1532 1531
f 780 956 2600
f 2409 2352 1657
f 527 133 893
f 1588 19 2031
f 2718 2719 2762
f 724 1615 2241
f 724 679 1615
f 906 726 728
f 572 573 20
f 2448 2062 1502
f 560 559 1699
f 1952 1082 1081
f 1968 1131 1206
f 29 832 1469
f 236 235 823
f 2533 2219 835
f 2341 654 335
f 396 766 1801
f 2792 498 572
f 1824 1737 2310
f 2145 2147 2385
f 1145 1419 1049
f 2387 14 296
f 770 1080 250
f 2762 2719 1853
f 2762 1853 2763
f 1685 888 805
f 1148 2005 2152
f 254 114 1590
f 2232 2591 1627
f 1591 224 222
f 2499 2074 293
f 1871 2382 2134
f 1118 2385 1119
f 301 1961 302
f 997 1418 981
f 773 1687 962
f 2763 1853 2764
f 2764 1853 1819
f 1298 1311 1299
f 283 2078 818
f 326 1056 1055
f 2764 1819 1821
f 2764 1821 2765
f 2765 1821 2550
f 2765 2550 2779
f 2779 2550 2651
f 2352 1201 1203
f 2643 1793 1792
f 1285 377 1421
f 2549 2430 367
f 121 123 1373
f 2817 2818 2819
f 346 1594 193
f 2815 2820 2785
f 2785 2820 2786
f 2788 1296 2789
f 306 1679 307
f 2789 1296 633
f 2789 633 2772
f 1177 2037 1195
f 1359 2331 2643
f 2772 633 2249
f 2772 2249 2774
f 1346 755 2027
f 1105 2140 1106
f 752 980 1917
f 634 2042 635
f 2054 644 2308
f 159 1430 831
f 2562 1672 1674
f 2085 115 201
f 1721 1195 1122
f 1016 463 1319
f 1702 448 482
f 1453 1278 1056
f 2774 2249 2775
f 2775 2249 1675
f 2689 2270 2407
f 1835 1311 1298
f 1192 994 1732
f 2216 1666 1811
f 1807 2386 1210
f 2526 983 2602
f 689 951 690
f 842 1630 1276
f 1386 2120 1387
f 982 1421 1420
f 2295 1992 592
f 2453 2035 2245
f 473 1948 1556
f 627 2603 628
f 2376 66 2306
f 875 874 1969
f 2151 315 1294
f 1902 103 105
f 1466 1468 412
f 2488 823 956
f 2067 1256 2383
f 1715 1410 1716
f 1863 117 116
f 1728 1922 338
f 704 706 1912
f 2527 2326 1993
f 2270 1113 569
f 541 2342 1543
f 831 1431 832
f 20 1067 234
f 2701 2717 2403
f 2445 2093 2127
f 2387 2029 14
f 179 1084 2286
f 1268 712 2126
f 2 2084 3
f 1591 1 224
f 2251 1613 2186
f 1391 1875 1392
f 1862 117 1863
f 33 32 1009
f 987 2248 1025
f 1238 1971 1513
f 1633 310 309
f 2149 842 1275
f 1506 1273 947
f 2651 2550 2821
f 602 776 603
f 2651 2821 2812
f 2812 2821 680
f 367 2430 1545
f 2812 680 682
f 2812 682 2822
f 2822 682 2680
f 2823 795 2824
f 2793 1048 130
f 2793 130 2794
f 2794 130 701
f 2794 701 2795
f 1938 1358 1599
f 2795 701 2429
f 2795 2429 2796
f 2796 2429 2797
f 2797 2429 2630
f 2797 2630 1822
f 2797 1822 2798
f 2798 1822 180
f 2798 180 2799
f 1854 373 1820
f 2799 180 1318
f 2799 1318 2800
f 2800 1318 1931
f 2800 1931 2801
f 1878 617 486
f 2802 2072 2803
f 2803 2072 2499
f 2803 2499 292
f 2803 292 2804
f 2804 292 294
f 2804 294 2805
f 2805 294 354
f 2805 354 2808
f 2808 354 2261
f 2808 2261 2815
f 894 602 603
f 2815 2261 2820
f 2820 2261 1982
f 2820 1982 1179
f 2820 1179 2786
f 2786 1179 2825
f 2786 2825 2787
f 2787 2825 2788
f 2788 2825 1517
f 2788 1517 1296
f 213 1782 1781
f 731 1319 1994
f 1555 1557 2686
f 1525 1527 2534
f 1203 1103 1658
f 1451 2186 313
f 1788 2183 1710
f 905 1394 470
f 119 1537 1305
f 2116 1243 2093
f 2681 1390 1389
f 1951 2338 1952
f 134 2406 135
f 2028 237 239
f 2043 916 256
f 1927 1928 1951
f 2185 213 1189
f 148 774 1619
f 494 493 981
f 1010 1200 650
f 114 98 97
f 2384 1130 1756
f 2078 2079 818
f 1880 1848 1881
f 2777 1063 1065
f 2355 436 2304
f 2777 1065 1627
f 2777 1627 2077
f 315 317 1294
f 1458 2419 1459
f 1603 1423 1996
f 351 1870 922
f 1412 2683 1956
f 1361 2040 2037
f 1912 706 666
f 1606 1753 1607
f 2004 1503 1341
f 2075 312 2002
f 2533 471 2480
f 1631 1242 1241
f 362 363 2205
f 1606 2826 1752
f 1149 1873 279
f 661 591 917
f 2625 2672 2738
f 1162 222 2552
f 1980 2737 1229
f 1211 1516 2197
f 1264 2447 1121
f 2028 239 677
f 1716 1410 2565
f 2262 1277 1945
f 2267 330 332
f 823 822 957
f 1440 34 1441
f 1669 649 2760
f 1222 1221 2087
f 2186 1613 1304
f 1082 1335 558
f 1725 1347 1348
f 630 1127 631
f 2480 471 473
f 1845 1844 1361
f 1467 1138 1468
f 1320 2535 1321
f 1329 1328 1968
f 1153 1988 1808
f 867 820 868
f 2079 1250 819
f 1198 850 2615
f 1127 1126 1738
f 1633 1193 310
f 2148 2377 133
f 685 1235 1644
f 2205 1258 545
f 2154 914 915
f 1422 2277 710
f 68 652 69
f 1944 1105 2208
f 2144 630 632
f 492 305 493
f 943 469 209
f 589 1806 590
f 2041 1806 1210
f 144 663 1171
f 104 555 105
f 1047 1046 2255
f 1538 1459 2266
f 1928 1333 2338
f 1056 1278 1280
f 1811 1668 116
f 69 999 287
f 2132 1416 641
f 1458 61 2419
f 1218 561 34
f 28 723 29
f 1207 1133 1208
f 2273 1604 841
f 2341 2447 654
f 929 894 601
f 2472 1632 467
f 1939 212 2827
f 1660 2689 2407
f 627 629 2790
f 2790 629 2751
f 2790 2751 2791
f 603 602 776
f 138 2112 1152
f 2791 2751 2718
f 1253 2450 2115
f 1271 1270 1510
f 1803 22 738
f 1793 2332 2535
f 1351 2243 1213
f 8 672 1066
f 139 1918 912
f 2762 2719 27
f 2762 27 2719
f 913 1150 1272
f 1229 2737 219
f 1823 1810 181
f 1408 1531 1046
f 741 740 2240
f 2293 2138 812
f 1861 1938 1599
f 1081 1083 2201
f 1874 2241 1395
f 596 1405 2302
f 1599 1600 1728
f 1323 1324 2619
f 1106 1365 2125
f 869 677 724
f 176 1200 1010
f 712 711 2279
f 497 496 2430
f 383 978 1204
f 1721 1122 1201
f 1270 693 692
f 286 792 2486
f 2443 1240 1239
f 2486 1729 1465
f 2550 1686 2821
f 2821 1686 680
f 564 2337 624
f 200 1350 1403
f 2419 1719 1746
f 892 111 893
f 1864 2500 83
f 1502 205 207
f 1683 1535 1684
f 1412 2811 1413
f 1577 1091 1101
f 632 631 1778
f 2825 1179 1850
f 2825 1850 1517
f 942 466 469
f 911 2173 2828
f 1652 2030 2173
f 2030 2829 2173
f 1412 2830 2831
f 1436 2832 964
f 2700 2833 2618
f 1436 1915 2832
f 2830 1606 2834
f 1606 2610 2834
f 2610 2190 2834
f 2835 2836 2837
f 1353 2832 1915
f 2389 2536 2838
f 2316 2391 2555
f 2537 2555 2554
f 2502 2569 2839
f 1557 1556 2840
f 2841 2842 2843
f 2569 2618 2844
f 1412 1956 2830
f 1956 1606 2830
f 1965 2828 2845
f 2843 2842 2673
f 2842 2845 2674
f 2536 2846 2847
f 2672 2824 2738
f 2651 2653 2711
f 2806 2813 2812
f 1353 1681 2832
f 2651 2812 2806
f 2686 1557 2848
f 2849 2850 2835
f 1557 2840 2848
f 2812 2822 2813
f 2822 2680 2851
f 2680 1048 2851
f 2793 2851 1048
f 2841 2852 2842
f 2738 2824 795
f 2833 2700 2711
f 2853 2850 2849
f 1929 795 794
f 1412 2831 673
f 2840 1556 85
f 2853 2849 2837
f 2834 2190 2831
f 2854 85 87
f 2536 2847 2838
f 2390 2389 2838
f 2555 2537 2391
f 1965 911 2828
f 2852 1964 2842
f 2809 911 1965
f 2849 2835 2837
f 2842 1965 2845
f 1964 2855 1965
f 1681 1929 2856
f 2855 2809 1965
f 2842 1966 1965
f 2190 673 2831
f 2850 2853 2836
f 2502 2839 2553
f 2835 2850 2836
f 1964 2810 2855
f 87 911 2809
f 1964 1966 2842
f 2810 2809 2855
f 2673 2842 2674
f 2652 2651 2807
f 2711 2653 2833
f 2555 2857 2316
f 2858 1790 2859
f 1681 2860 2861
f 2862 2851 2863
f 2618 2833 2844
f 2833 2864 2844
f 2864 2865 2844
f 2844 2865 2839
f 2844 2839 2569
f 2864 2866 2867
f 2864 2867 2865
f 2865 2867 2839
f 2839 2867 2553
f 2868 2869 2866
f 2866 2869 2867
f 2868 2870 2871
f 2868 2871 2869
f 2869 2871 2867
f 2867 2871 2872
f 2846 2536 2553
f 2867 2872 2553
f 2553 2872 2846
f 2846 2873 2847
f 2847 2873 2838
f 2870 2874 2875
f 2870 2875 2871
f 2871 2875 2317
f 2871 2317 2872
f 2872 2317 2876
f 2872 2876 2846
f 2846 2876 2877
f 2846 2877 2873
f 2873 2877 2838
f 2838 2877 2390
f 2875 2878 2317
f 2317 2878 2857
f 2317 2857 2879
f 2317 2879 2876
f 2876 2879 2877
f 2877 2879 2555
f 2877 2555 2390
f 2390 2555 2391
f 2833 2652 2864
f 2833 2653 2652
f 2864 2880 2881
f 2864 2652 2880
f 2866 2864 2868
f 2864 2881 2868
f 2881 2880 2868
f 2880 2882 2868
f 2880 2652 2882
f 2652 2812 2882
f 2652 2807 2812
f 2807 2806 2812
f 2868 2883 2870
f 2868 2882 2883
f 2882 2812 2883
f 2812 2813 2883
f 2870 2884 2874
f 2870 2883 2884
f 2883 2813 2884
f 2813 2822 2884
f 2875 2863 2878
f 2875 2874 2863
f 2874 2884 2863
f 2884 2862 2863
f 2884 2822 2862
f 2822 2851 2862
f 2828 2173 2845
f 2845 2173 2674
f 2885 2886 2887
f 2173 2675 2674
f 2686 2848 2824
f 2824 2672 2686
f 2848 2888 2889
f 2848 2889 2824
f 2824 2889 2823
f 2889 2888 793
f 2889 793 2823
f 793 795 2823
f 2888 2890 793
f 793 2890 2891
f 793 2891 1929
f 793 1929 794
f 2890 2841 2892
f 2890 2892 2891
f 2841 2893 2892
f 2892 2893 2894
f 2892 2894 2891
f 2891 2894 2892
f 2891 2892 1929
f 1929 2892 2856
f 2892 2894 2895
f 2892 2895 2856
f 2841 2843 2896
f 2841 2896 2893
f 2893 2896 2897
f 2893 2897 2894
f 2894 2897 2895
f 2895 2897 2898
f 2895 2898 2856
f 2856 2898 1681
f 2843 2673 2896
f 2673 2675 2887
f 2673 2887 2896
f 2896 2887 2897
f 2897 2887 2885
f 2897 2885 2898
f 2898 2885 2899
f 2898 2899 1681
f 1681 2899 2832
f 2848 2900 2888
f 2848 2840 2901
f 2840 85 2901
f 2900 2848 2902
f 2848 2901 2902
f 2901 85 2902
f 85 2854 2902
f 2888 2900 2903
f 2900 2902 2903
f 2888 2904 2890
f 2888 2903 2904
f 2903 2902 2904
f 2902 2905 2904
f 2902 87 2905
f 2902 2854 87
f 2890 2852 2841
f 2890 2904 2852
f 2904 2905 2852
f 2905 1964 2852
f 2905 87 1964
f 87 2810 1964
f 2906 2048 2907
f 1377 2908 1378
f 2792 2909 498
f 2910 1306 2489
f 2911 2912 1837
f 2913 2914 2915
f 2746 2916 2917
f 498 2909 2076
f 684 735 1927
f 788 2489 2918
f 2750 2056 2919
f 275 1246 1247
f 2241 1874 2240
f 2920 725 2921
f 2307 2388 1790
f 1167 1169 2014
f 1986 2922 1987
f 2923 2648 1789
f 2593 2595 2924
f 2921 2423 868
f 2914 2925 2915
f 499 1768 2526
f 1310 1378 2679
f 2212 2211 1930
f 2926 1874 1245
f 1168 1167 2529
f 391 2927 1427
f 577 45 2648
f 116 1990 2745
f 2073 2072 2928
f 2929 2343 2930
f 498 1767 499
f 2931 870 2860
f 1987 2932 2792
f 2920 1385 725
f 2933 2858 1475
f 1246 275 277
f 2934 2935 2924
f 2750 2922 1986
f 2936 2817 2730
f 2861 2885 2887
f 2937 871 2931
f 1846 2938 277
f 2030 871 2937
f 2073 2939 1802
f 2344 2940 2345
f 802 1310 2679
f 456 2528 1443
f 1803 816 1654
f 45 2307 1790
f 2534 1558 1525
f 2941 2048 2906
f 1247 275 1246
f 2909 2792 2932
f 2014 1169 2056
f 2478 2477 2942
f 788 786 2918
f 2511 2510 2925
f 2513 2512 2584
f 2924 2541 2516
f 2541 2924 2579
f 2943 2944 2941
f 348 817 349
f 277 1246 275
f 2647 2646 2943
f 870 2931 871
f 2593 2515 2945
f 2946 391 2589
f 391 2275 2589
f 2851 2822 2862
f 2818 2817 2947
f 2314 817 2313
f 1427 2948 456
f 2939 2949 2929
f 1803 1802 2950
f 2935 2636 2924
f 2579 2924 2636
f 2927 391 2946
f 735 2469 2470
f 2554 2654 2655
f 2636 2934 2663
f 2843 2886 2674
f 2951 2952 2936
f 1247 1246 275
f 275 1246 277
f 1443 2529 1167
f 2953 1874 2926
f 2388 1475 2859
f 1990 2917 2954
f 2919 2056 1169
f 1377 2526 1768
f 2655 2654 2722
f 2730 2817 2676
f 2049 2578 2955
f 2663 2934 2731
f 2842 2674 2937
f 1155 57 2746
f 57 1627 2746
f 2313 2956 2957
f 349 817 2314
f 2958 2959 2953
f 2730 2757 2936
f 2914 2913 2583
f 2770 2731 1598
f 1931 1930 2960
f 577 2210 2212
f 2961 2210 577
f 1874 1245 2926
f 349 2314 2313
f 1597 2802 1598
f 2802 2770 1598
f 2942 2477 2962
f 870 965 2860
f 1245 1247 1246
f 2925 2509 2510
f 1654 816 348
f 349 2313 684
f 2963 2941 2906
f 1559 2495 1560
f 2072 2802 2928
f 1930 2211 2960
f 965 964 2832
f 2317 2316 2857
f 2961 2923 2210
f 2829 2030 2937
f 2952 2951 2955
f 2780 2722 2964
f 2793 2780 2851
f 2780 2964 2851
f 2416 2858 2953
f 2878 2862 2863
f 2851 2862 2863
f 2555 2879 2857
f 2965 2577 2049
f 2240 2933 2218
f 2915 2966 2967
f 2885 2887 2886
f 2930 2345 2968
f 2969 1425 2707
f 1155 2746 1545
f 2648 2961 577
f 2970 2971 2972
f 1251 2973 1252
f 2750 2919 2974
f 45 1790 2648
f 2761 2950 2975
f 1987 2922 2932
f 1545 2746 9
f 1802 2939 2950
f 2916 2746 2745
f 2975 2930 2976
f 2317 2878 2875
f 2977 1791 2414
f 2943 2646 2944
f 2758 2583 2594
f 1627 116 2745
f 2955 2960 2978
f 2979 2966 2621
f 1990 9 2746
f 2939 2073 2928
f 2908 1377 2980
f 2913 2915 2914
f 2211 2981 2960
f 2932 2076 2909
f 1475 2218 2933
f 2858 2859 1475
f 1998 2982 2477
f 2801 2951 2936
f 2750 2974 2922
f 277 1847 1846
f 735 1846 1847
f 2983 2963 2344
f 2984 2957 2985
f 2947 2817 2952
f 2934 2636 2935
f 934 2769 2534
f 1931 2960 2951
f 1427 2927 2948
f 2584 2512 2511
f 2863 2874 2878
f 1385 2920 2986
f 2938 2987 277
f 2722 2654 2964
f 2817 2819 2676
f 1596 2731 2934
f 2933 2240 1874
f 2578 2952 2955
f 2959 2414 2416
f 2930 2343 2345
f 2511 2914 2583
f 2819 2979 2621
f 1596 1598 2731
f 2971 2988 2977
f 2924 2515 2593
f 2884 2863 2862
f 817 2313 2314
f 2514 2758 2595
f 2746 2917 1990
f 2511 2925 2914
f 2761 1803 2950
f 1931 2951 2801
f 2802 1597 2928
f 456 2948 2528
f 1377 1768 2980
f 1252 2989 1507
f 2211 2210 2990
f 2843 2887 2886
f 2878 2317 2857
f 965 2832 2860
f 1245 1874 2926
f 2829 1966 2937
f 2878 2863 2862
f 2510 2509 2966
f 1246 275 1247
f 2860 1681 2832
f 2509 2925 2510
f 2675 2674 2887
f 2916 2954 2917
f 2675 2173 2937
f 2899 2885 2860
f 786 126 2986
f 788 2918 2489
f 1847 1846 277
f 2875 2878 2874
f 2937 2173 2829
f 2954 2745 1990
f 2970 2991 2992
f 2987 2985 2993
f 1382 2679 2908
f 2926 1247 1245
f 2945 2595 2593
f 2994 2941 2963
f 2990 2210 2923
f 2915 2966 2914
f 2995 2577 2965
f 2514 2584 2758
f 2989 868 1507
f 2513 2584 2514
f 2991 2959 2958
f 2646 2995 2944
f 2859 1790 2388
f 1791 2858 2415
f 2050 2049 2978
f 275 1246 277
f 2927 2528 2948
f 2925 2510 2915
f 2674 2675 2937
f 2950 2929 2975
f 1597 1596 2647
f 1378 2908 2679
f 1874 2953 2996
f 735 2470 2469
f 2832 2899 2860
f 2887 2674 2886
f 1846 1847 277
f 2514 2945 2515
f 2621 2966 2576
f 2583 2758 2594
f 2997 2654 2316
f 2989 1252 2973
f 1245 1247 2926
f 2495 2911 1999
f 2648 2923 2961
f 2912 1997 1837
f 2982 1998 1997
f 2313 2470 684
f 2998 2313 817
f 1246 275 1247
f 1847 1846 277
f 2757 2801 2936
f 2967 2966 2818
f 2999 1251 2551
f 2551 2942 2999
f 2593 2595 2594
f 1251 2999 3000
f 2942 2551 2478
f 1999 2911 1837
f 2676 2819 2621
f 2916 2745 2954
f 2944 2995 2965
f 2861 2887 2843
f 2940 2710 2709
f 275 2993 1247
f 277 1846 1847
f 2960 2955 2951
f 3001 3002 2947
f 2981 2211 2990
f 2467 2990 2923
f 3003 1196 1090
f 1560 1525 1558
f 1559 2911 2495
f 868 3004 2921
f 2966 2509 2576
f 2858 1791 1790
f 1306 2910 2489
f 2824 3005 3006
f 3007 3008 3009
f 2854 2902 2905
f 2892 2861 2843
f 1929 2891 794
f 3006 3005 2840
f 3010 2829 2937
f 3011 3012 3013
f 1681 2892 2861
f 3014 3015 3013
f 3016 3017 3018
f 3019 3009 3020
f 2842 2852 2841
f 3021 3022 3023
f 2900 2905 2902
f 3024 3025 3026
f 3027 3028 3029
f 3014 2672 3030
f 2810 3031 3025
f 3026 2860 2861
f 3006 2840 1557
f 3032 3033 3034
f 2840 3035 3009
f 3036 3037 3038
f 2672 3006 3030
f 3017 3029 3039
f 3040 3005 3015
f 3011 3041 3042
f 3043 3027 3044
f 2860 3026 3045
f 2854 2840 3035
f 1557 3006 2840
f 3007 3025 3046
f 3020 3009 3047
f 3016 3042 3017
f 3048 3018 3049
f 3050 3036 3038
f 3029 3051 3052
f 3053 3049 3054
f 3027 3051 3052
f 3048 3049 3011
f 1929 794 3020
f 3035 3055 87
f 3056 3057 3024
f 87 3058 2854
f 3037 3059 3038
f 3046 3025 3008
f 3059 3041 3043
f 3060 3013 3020
f 3060 3020 3061
f 3010 1966 2829
f 3062 3039 3063
f 2842 1964 2852
f 3035 87 3007
f 3034 3064 3065
f 3047 3020 793
f 1964 2810 87
f 1557 3033 3032
f 3066 3049 3048
f 2672 2824 3006
f 3032 3067 3042
f 3026 2861 3068
f 3039 3029 3017
f 3059 3034 3069
f 2674 2842 2843
f 3007 3009 3035
f 3055 3035 3058
f 3015 3013 3012
f 2891 3020 794
f 3069 3070 3065
f 3050 3055 2840
f 2900 2840 2848
f 3055 3035 2840
f 2900 2848 3047
f 3049 3018 3071
f 3006 3042 3041
f 3025 3031 2810
f 2810 1964 1966
f 1966 2931 3026
f 3036 3050 2840
f 2810 3010 1966
f 2900 3035 2840
f 2861 2892 2856
f 1557 2840 3033
f 3015 3019 3020
f 3024 3026 3068
f 3036 3040 3041
f 2824 3047 2848
f 3041 3011 3030
f 3046 2852 1964
f 2890 2888 793
f 2841 2890 2891
f 2856 3056 3057
f 3059 3069 3052
f 2854 3058 3050
f 3043 3011 3053
f 3057 3020 3008
f 3057 3056 2856
f 3062 3063 3028
f 2937 2931 1966
f 3005 2840 3009
f 3053 3048 3072
f 3051 3017 3067
f 3049 3053 3072
f 3030 3015 3014
f 3032 3059 3051
f 3042 3067 3017
f 3016 3018 3011
f 3049 3073 3048
f 3041 3040 3011
f 3061 3013 3060
f 3018 3016 3049
f 3017 3039 3018
f 3046 2900 2890
f 3009 3008 3047
f 3065 3034 3069
f 3036 3041 3032
f 2854 3050 2840
f 2843 2841 2892
f 3070 3069 3065
f 3024 3057 3008
f 2905 1964 87
f 2861 2856 1681
f 3015 3030 3013
f 3039 3017 3063
f 3055 3058 3035
f 3074 3030 3011
f 3031 3025 3007
f 3041 3011 3043
f 3057 2856 1929
f 3013 3011 3012
f 1966 1964 2842
f 3027 3029 3052
f 3034 3050 3038
f 3005 3009 3015
f 2891 2892 2841
f 3054 3043 3053
f 3020 3013 3015
f 3027 3065 3069
f 3041 3059 3032
f 3046 3008 3007
f 3047 793 2888
f 87 3031 3007
f 3032 3042 3006
f 3032 3034 3059
f 2840 3050 3033
f 3048 3011 3018
f 3044 3027 3069
f 3048 3049 3073
f 3036 3032 3059
f 2892 2891 1929
f 2856 3024 2892
f 3042 3016 3011
f 3013 3074 3011
f 3020 3014 3061
f 2672 3014 2824
f 2841 2843 2842
f 2860 2832 1681
f 3049 3048 3011
f 3071 3027 3043
f 3075 3027 3065
f 2890 793 2891
f 2852 3046 2890
f 3014 3030 3015
f 3064 3069 3034
f 3049 3016 3018
f 3039 3071 3018
f 2861 2860 1681
f 3055 3050 3058
f 3076 2653 3077
f 3058 87 3055
f 3059 3037 3036
f 2888 2900 3047
f 87 3078 3058
f 3079 3080 3081
f 2824 2848 2840
f 2854 3035 2902
f 2892 1929 2856
f 3011 3048 3053
f 3059 3027 3044
f 3040 3015 3012
f 2892 3068 2861
f 3039 3017 3018
f 3064 3069 3065
f 3031 87 2810
f 3036 3005 3040
f 1596 2645 2647
f 3049 3066 3073
f 3034 3038 3059
f 3034 3065 3069
f 87 3058 3078
f 3025 3024 3008
f 3030 3006 3041
f 3049 3048 3073
f 3046 3008 3007
f 1929 3020 3057
f 3062 3028 3027
f 2888 2890 2900
f 3073 3048 3011
f 2937 1966 2842
f 3028 3063 3029
f 3030 3014 3015
f 3020 2891 793
f 3046 1964 2905
f 3027 3059 3044
f 3014 3047 2824
f 3014 3020 3047
f 2890 2841 2852
f 3069 3065 3027
f 3045 3026 2931
f 2902 3035 2900
f 2810 3025 3031
f 3025 1966 3026
f 2900 3046 2905
f 2892 3024 3068
f 3040 3012 3011
f 2885 2861 2860
f 3071 3043 3054
f 3056 2856 3057
f 3071 3054 3049
f 3073 3066 3048
f 3051 3027 3052
f 3044 3059 3043
f 3036 2840 3005
f 3034 3069 3064
f 3059 3044 3069
f 1966 3010 2810
f 87 2854 2905
f 3018 3017 3039
f 3034 3065 3069
f 3027 3052 3069
f 3050 3034 3033
f 3006 1557 2840
f 3017 3051 3029
f 3025 2810 1966
f 2892 1681 2856
f 3013 3012 3011
f 3034 3059 3064
f 2937 1966 3010
f 3063 3017 3029
f 2856 3056 3024
f 3048 3049 3072
f 3074 3013 3030
f 3005 2824 2840
f 3013 3061 3014
f 3069 3064 3059
f 3047 3008 3020
f 3045 2931 2860
f 3046 3007 3008
f 3011 3048 3073
f 3015 3009 3019
f 3052 3051 3059
f 3006 1557 3032
f 3032 3051 3067
f 2822 2851 3082
f 3083 3084 3085
f 3027 3086 3062
f 3075 3065 3027
f 3087 3088 3089
f 3090 3022 3091
f 3083 3085 3077
f 3092 3093 3094
f 2315 2846 3095
f 3027 3075 3086
f 2813 3096 2883
f 3022 3049 3023
f 3090 3097 3098
f 3099 3075 3098
f 3023 3071 3039
f 3100 3087 3097
f 3022 3090 3075
f 3022 3066 3049
f 3101 2536 3102
f 3103 3104 3105
f 3027 3022 3075
f 3106 3107 3108
f 3023 3049 3071
f 3022 3049 3066
f 3087 3109 3090
f 3087 3099 3088
f 3022 3071 3049
f 3106 3108 3110
f 3089 3097 3087
f 3022 3027 3071
f 3107 3110 3108
f 3075 3090 3086
f 3091 3022 3021
f 3111 3112 3080
f 2822 3113 3114
f 3115 3062 3116
f 3021 3117 3091
f 3118 3076 3085
f 3119 3120 3104
f 3090 3098 3075
f 3121 2866 2864
f 3090 3062 3086
f 3096 3114 3122
f 3104 3100 3091
f 3081 3111 3079
f 3062 3023 3039
f 3115 3023 3062
f 3103 3105 3110
f 2978 2960 2981
f 2844 2618 3123
f 3085 3084 3101
f 3122 3124 3095
f 2553 2536 2846
f 2874 2884 2883
f 2807 3125 2806
f 2833 2844 2864
f 2844 3076 2700
f 3113 3122 3114
f 3124 2872 2317
f 3126 3094 3088
f 2868 2866 2870
f 3124 3122 3095
f 2847 2553 2846
f 2536 2553 3127
f 2839 2553 3121
f 3128 3095 3122
f 2807 3083 3077
f 3129 3116 3090
f 3106 2700 3077
f 3109 3087 3130
f 3113 2964 3128
f 3129 3109 3131
f 2618 2844 2700
f 3132 3092 3133
f 3112 3103 3110
f 3121 3101 3092
f 3097 3090 3100
f 3130 3087 3100
f 3092 3133 3127
f 2844 3123 3134
f 2846 2315 2847
f 2862 2822 2884
f 3021 3080 3135
f 3105 3021 3136
f 3077 2651 2807
f 3122 2806 3096
f 3080 3079 3111
f 3094 3130 3137
f 3088 3094 3126
f 2553 2867 2866
f 2553 2847 2536
f 3084 3095 3101
f 3023 3079 3021
f 3083 3107 3138
f 3121 3092 2839
f 3107 3083 3138
f 3087 3139 3130
f 3102 2536 3092
f 3123 3140 3131
f 2844 3134 3133
f 3112 3140 3123
f 3106 3103 2700
f 3109 3130 3131
f 3121 3085 3101
f 2863 2884 2874
f 2536 2847 2846
f 3127 2839 3092
f 3110 3080 3141
f 3119 3142 3077
f 3118 3133 3094
f 3128 2315 3143
f 2652 2833 2864
f 3079 3080 3021
f 2866 2882 3125
f 3102 3092 3101
f 3103 3112 3123
f 3080 3112 3111
f 3135 3136 3021
f 2653 2844 2833
f 3094 3092 3133
f 3128 2997 2315
f 3104 3130 3100
f 3076 3118 3077
f 2813 2883 2884
f 3113 3128 3122
f 3133 3139 3094
f 3112 3141 3111
f 3104 3120 3137
f 2833 2652 2653
f 2651 3077 2653
f 2846 2317 2872
f 2882 3125 2883
f 3125 2882 2883
f 2652 2864 2866
f 2882 2868 2870
f 3114 2822 3082
f 3130 3139 3134
f 3084 3083 2806
f 2315 2997 2316
f 3085 3092 3132
f 3132 3133 3118
f 3087 3098 3089
f 3136 3117 3021
f 3111 3141 3080
f 2872 2867 2553
f 3077 3142 3107
f 3121 2864 2844
f 3110 3119 3103
f 3123 3131 3130
f 3125 3122 3084
f 3079 3115 3129
f 3141 3080 3110
f 3089 3088 3099
f 3130 3104 3137
f 2883 2870 2874
f 3092 3094 3133
f 2882 2883 3125
f 2553 2536 3101
f 2839 3127 2553
f 3111 3131 3140
f 2807 2806 3083
f 3125 2806 3122
f 3119 3077 3118
f 2874 2870 3124
f 2822 2813 2884
f 2822 3114 3113
f 3107 3106 3077
f 3116 3129 3115
f 3129 3131 3111
f 2813 2822 3096
f 3109 3129 3090
f 2924 2516 2515
f 3077 3085 3076
f 2870 2883 2882
f 3077 3107 3083
f 3087 3099 3098
f 2700 3123 2618
f 2700 3103 3123
f 3092 3093 3127
f 3127 3093 3092
f 3101 3095 2553
f 3106 3110 3103
f 3080 3110 3135
f 3094 3139 3088
f 3089 3098 3097
f 2806 3125 2883
f 3110 3141 3112
f 2846 2847 2315
f 3107 3077 3083
f 3076 3077 2700
f 3023 3081 3079
f 2317 2874 3124
f 3114 3082 2964
f 3094 3137 3118
f 3105 3135 3021
f 2882 2866 2868
f 3100 3090 3091
f 3075 3099 3090
f 3125 2652 2866
f 3087 3088 3139
f 3089 3099 3087
f 3110 3080 3141
f 3080 3079 3081
f 3114 2964 3113
f 3127 3133 3092
f 3137 3120 3119
f 3092 2536 3127
f 2866 3124 2870
f 2653 3076 2844
f 3084 2806 3125
f 3118 3085 3132
f 3081 3115 3079
f 3096 2806 2883
f 3097 3090 3087
f 3023 3115 3081
f 3079 3111 3081
f 3092 3094 3093
f 3099 3087 3088
f 2846 2553 3095
f 3110 3105 3135
f 3117 3136 3135
f 3104 3103 3119
f 3130 3094 3088
f 3087 3099 3088
f 3140 3112 3111
f 3084 3122 3095
f 3129 3111 3079
f 3087 3130 3088
f 3133 3092 3121
f 3135 3136 3021
f 2989 3004 868
f 3133 3121 2844
f 3118 3137 3119
f 3062 3090 3116
f 3110 3107 3142
f 2964 3082 2851
f 3096 2822 3114
f 3105 3136 3135
f 2317 2846 2315
f 3105 3117 3135
f 2652 3125 2807
f 2867 2872 2866
f 3143 3095 3128
f 2875 2874 2317
f 3097 3087 3090
f 3128 2654 2997
f 2653 2652 2651
f 2652 2807 2651
f 2872 3124 2866
f 3090 3099 3087
f 2553 2846 2872
f 2654 3128 2964
f 3133 3134 3139
f 3143 2315 3095
f 3092 3085 3121
f 3134 3123 3130
f 2553 2866 3121
f 3117 3105 3104
f 3110 3142 3119
f 3117 3104 3091
f 3144 3145 3146
f 3147 3148 3149
f 3150 3151 3152
f 2679 1382 2908
f 3153 3154 3155
f 3156 2920 3004
f 3157 3158 3159
f 3160 3161 3162
f 3163 3164 3165
f 3165 3166 3167
f 3168 3169 3170
f 3003 2946 2589
f 3171 3172 3173
f 3170 3167 3172
f 3174 3175 3176
f 3177 3178 3150
f 3179 3178 3177
f 3180 3181 3182
f 3170 3165 3167
f 3183 3184 3185
f 3186 1306 2489
f 3187 3188 3189
f 2922 3162 2909
f 3177 3150 3190
f 3151 3191 3192
f 3193 3194 3179
f 3178 3195 3196
f 3197 3198 3199
f 3196 3191 3151
f 3200 3182 3201
f 3194 3202 3179
f 2927 3203 3204
f 3163 1559 1558
f 3157 3205 3191
f 3196 3157 3191
f 3157 3159 3205
f 3206 3185 3161
f 3148 3207 3174
f 3154 3208 2679
f 3206 3174 3183
f 3181 3209 2973
f 3210 3195 3202
f 3211 3160 3145
f 3188 3212 3213
f 3214 3215 3153
f 3216 3180 3210
f 2980 3154 2908
f 3217 3187 3158
f 3218 3219 3197
f 3186 3177 3220
f 3221 2927 2946
f 3153 3215 3154
f 3158 3189 3159
f 3171 3170 3172
f 3221 3222 2927
f 3223 3224 3225
f 3201 3158 3157
f 3161 3185 3226
f 2528 3152 2529
f 3145 2922 2974
f 2589 3003 1196
f 3227 3172 3228
f 3148 3174 3149
f 3155 3154 2980
f 3185 3184 3229
f 3195 3157 3196
f 3180 3182 3200
f 3195 3201 3157
f 3172 3214 3228
f 3215 3208 3154
f 3192 3146 3230
f 3215 3231 3208
f 3232 3194 3193
f 3198 3147 3199
f 3199 3212 3188
f 3167 3233 3214
f 3199 3147 3212
f 3173 3172 3227
f 3152 1168 2529
f 3190 3150 3203
f 3174 3234 3175
f 3151 3192 3152
f 3165 3164 3225
f 3217 3158 3201
f 3154 2679 2908
f 3182 3217 3201
f 3167 3166 3233
f 3225 3224 3223
f 3198 3235 3147
f 3211 3236 3160
f 3193 3179 3177
f 3237 3194 3232
f 3238 3236 3211
f 3236 3161 3160
f 3159 3144 3205
f 3210 3200 3195
f 3150 3152 3203
f 3164 3239 3224
f 3235 3240 3148
f 3174 3176 3183
f 3165 3225 3166
f 3217 3197 3187
f 3228 3214 3153
f 2415 2858 2416
f 3152 3192 1168
f 3185 3229 3226
f 3235 3148 3147
f 3191 3205 3192
f 3169 3163 3165
f 3149 3174 3206
f 3213 3161 3236
f 3188 3213 3238
f 3241 3242 3243
f 1767 3243 2980
f 3227 3228 3241
f 3162 3226 2909
f 3205 3146 3192
f 3156 3216 3210
f 3158 3187 3189
f 3192 3230 1168
f 3178 3151 3150
f 3223 3244 3245
f 2909 3229 2076
f 3239 2534 3246
f 3242 3155 3243
f 3220 3177 3190
f 3247 3248 3234
f 3178 3196 3151
f 3160 3162 2922
f 3222 3203 2927
f 3228 3242 3241
f 3214 3233 3215
f 3193 2489 788
f 3243 3155 2980
f 3148 3247 3207
f 3241 3243 3249
f 3226 3229 2909
f 3003 3221 2946
f 3249 3243 1767
f 3207 3234 3174
f 3212 3206 3213
f 3193 3177 3186
f 3169 3165 3170
f 3146 2974 2919
f 3189 3211 3144
f 3197 3199 3187
f 3219 3198 3197
f 3247 3234 3207
f 3172 3167 3214
f 3237 3156 3194
f 3146 2919 3230
f 3146 3145 2974
f 3210 3180 3200
f 3144 3211 3145
f 3189 3238 3211
f 3189 3188 3238
f 3187 3199 3188
f 3213 3206 3161
f 3250 2962 2982
f 3183 3176 3184
f 3203 3152 2528
f 3228 3153 3242
f 3220 3222 3221
f 3145 3160 2922
f 3200 3201 3195
f 3168 3170 3171
f 3161 3226 3162
f 3147 3149 3212
f 3206 3183 3185
f 3181 3217 3182
f 3159 3189 3144
f 3220 3221 3003
f 3202 3195 3178
f 3242 3153 3155
f 3203 2528 3204
f 3212 3149 3206
f 3179 3202 3178
f 3194 3210 3202
f 3190 3203 3222
f 3229 1767 2076
f 3181 3218 3217
f 3184 3241 3229
f 3240 3247 3148
f 3176 3241 3184
f 3175 3227 3176
f 3218 3197 3217
f 3234 3173 3175
f 3248 3171 3234
f 3229 3249 1767
f 3229 3241 3249
f 3220 3190 3222
f 3156 3210 3194
f 3175 3173 3227
f 3234 3171 3173
f 3248 3168 3171
f 3238 3213 3236
f 3176 3227 3241
f 3205 3144 3146
f 3198 2999 2942
f 3193 788 3232
f 3247 3250 3248
f 3166 3245 3233
f 2962 3235 2942
f 3156 3004 3216
f 3245 3166 3223
f 3186 2489 3193
f 3169 1559 3163
f 3163 1558 3164
f 3218 2973 3219
f 3181 2973 3218
f 2918 786 788
f 2989 3180 3004
f 3235 2962 3240
f 3000 3219 2973
f 3232 786 3237
f 3233 3245 3215
f 1168 2919 1169
f 3239 3164 1558
f 2497 924 3251
f 2920 3156 2986
f 3237 2986 3156
f 2999 3219 3000
f 1306 3186 1090
f 3225 3223 3166
f 3164 3224 3225
f 786 3232 788
f 2911 3169 2912
f 3220 1090 3186
f 1090 3220 3003
f 3216 3004 3180
f 3225 3224 3246
f 3250 3240 2962
f 3252 3248 3250
f 3219 2999 3198
f 3231 3215 3245
f 3168 2912 3169
f 3180 2989 3181
f 2986 3237 786
f 2910 2489 788
f 3248 3252 3168
f 1559 3169 2911
f 3240 3250 3247
f 2912 3168 3252
f 3209 3181 2989
f 3198 2942 3235
f 1196 3003 2589
f 3231 3244 3245
f 3244 3166 3224
f 3208 3231 3253
f 1768 1767 2980
f 2679 3208 3253
f 788 2918 3232
f 2982 2962 2477
f 2945 2514 2595
f 2595 2758 2594
f 2819 2966 2979
f 2921 3004 2920
f 2996 2933 1874
f 1090 1196 3003
f 2909 2076 2932
f 3231 3245 3208
f 1090 3003 1196
f 3232 2910 788
f 3245 2969 2497
f 3208 2497 3251
f 3244 3224 934
f 3231 3208 3253
f 1090 2910 1306
f 1090 1306 2910
f 2958 2953 2926
f 1246 1247 275
f 2982 3252 3250
f 924 1382 2679
f 3225 3246 3166
f 1306 2489 2910
f 1385 2986 126
f 3000 2973 1251
f 3253 3208 3251
f 1090 2910 1306
f 1196 3003 2589
f 3223 3225 3166
f 2969 2707 2497
f 3254 3255 2577
f 3244 934 2969
f 3223 3166 3244
f 3246 3224 3166
f 3253 924 2679
f 2489 1306 2910
f 2489 2910 1306
f 1306 2910 1090
f 1997 3252 2982
f 2528 2927 3204
f 3246 2769 3224
f 1558 2534 3239
f 3208 3245 2497
f 3246 2534 2769
f 3232 788 2489
f 3245 3244 2969
f 2919 1168 3230
f 1306 2910 2489
f 1425 2969 934
f 1525 2769 2534
f 2423 2921 725
f 3231 3245 3244
f 2489 2910 3232
f 3224 2769 934
f 2973 3209 2989
f 3252 1997 2912
f 2932 2922 2909
f 3224 3239 3246
f 3251 924 3253
f 2918 788 3232
f 2975 2929 2930
f 2048 2050 2907
f 2956 3256 3257
f 2972 2414 2959
f 3258 2595 3259
f 2858 2933 2953
f 3260 2994 2949
f 3002 2967 2818
f 3261 3262 3002
f 3002 2818 2947
f 3255 3261 3001
f 2944 2965 2048
f 3257 2970 3263
f 3263 2970 2992
f 2998 817 2956
f 2466 1789 1791
f 2994 2943 2941
f 2345 2940 2709
f 2928 3260 2939
f 2985 3257 3263
f 3264 2976 3256
f 2992 2958 1247
f 3265 2971 2970
f 2710 2990 2467
f 2995 3254 2577
f 3256 2976 3265
f 2988 2466 2977
f 2577 3255 2578
f 2992 2991 2958
f 2313 2957 2470
f 2966 2819 2818
f 2976 2968 3265
f 2972 2971 2414
f 2929 2949 2343
f 2963 2906 2940
f 3259 2594 3266
f 2414 1791 2415
f 2924 2595 2934
f 2988 2709 2466
f 2469 2984 2938
f 2467 2923 1789
f 277 2993 275
f 735 2469 1846
f 2595 2594 3259
f 2470 2984 2469
f 2968 2345 2988
f 3261 3002 3001
f 2469 2938 1846
f 2998 2956 2313
f 2950 2939 2929
f 1847 1846 735
f 3266 3261 3254
f 2933 2996 2953
f 2934 2595 3258
f 2647 2943 2994
f 3262 2913 3267
f 2578 3001 2952
f 3265 2968 2971
f 2977 2466 1791
f 2968 2988 2971
f 2761 2975 3264
f 1247 2958 1245
f 2914 2915 2967
f 2710 2907 2990
f 2970 2972 2991
f 2940 2906 2710
f 3266 2758 3261
f 2906 2907 2710
f 3254 3261 3255
f 817 816 2956
f 2957 3257 2985
f 2965 2049 2048
f 3255 3001 2578
f 2956 3264 3256
f 3267 2967 3002
f 2913 2914 3267
f 3001 2947 2952
f 2758 3262 3261
f 2907 2981 2990
f 2949 2983 2343
f 2993 2992 1247
f 1245 2958 2926
f 2343 2983 2344
f 2949 2994 2983
f 2976 2930 2968
f 2971 2977 2414
f 2957 2956 3257
f 2914 2966 2915
f 2050 2978 2981
f 3267 2914 2967
f 2941 2944 2048
f 3262 3267 3002
f 2709 2467 2466
f 3263 2992 2993
f 816 3264 2956
f 3260 2647 2994
f 2907 2050 2981
f 2983 2994 2963
f 2344 2963 2940
f 3258 3259 3268
f 2934 3258 1596
f 2984 2985 2987
f 3268 3266 3254
f 2758 2913 3262
f 1596 3269 2645
f 2645 3269 2646
f 2985 3263 2993
f 2646 3254 2995
f 3264 2975 2976
f 2959 2416 2953
f 2345 2709 2988
f 3269 3268 2646
f 3268 3254 2646
f 816 2761 3264
f 3257 3256 2970
f 2817 2936 2952
f 2758 2583 2913
f 1597 2647 2928
f 2915 2510 2966
f 2938 2984 2987
f 2987 2993 277
f 2991 2972 2959
f 2049 2955 2978
f 3256 3265 2970
f 2939 3260 2949
f 2470 2957 2984
f 3268 3259 3266
f 2594 2758 3266
f 3269 3258 3268
f 2928 2647 3260
f 1596 3258 3269
f 2277 2276 673
f 673 2276 2626
f 521 229 674
f 674 229 675
f 2337 2143 1608
f 1608 2143 2610
f 2457 2337 1607
f 1607 2337 1608
f 64 66 1752
f 1752 66 1753
f 110 109 2682
f 2682 109 2683
f 381 516 1414
f 1414 516 2613
f 2482 664 1606
f 1606 664 2826
f 2603 627 2190
f 2190 627 2816
f 1404 2603 2192
f 2192 2603 2190
f 972 2482 1957
f 1957 2482 1606
f 626 360 2195
f 2195 360 2196
f 1220 626 1412
f 1412 626 2195
f 516 1220 2613
f 2613 1220 1412
f 526 110 1697
f 1697 110 2682
f 2143 2142 2610
f 2610 2142 2191
f 664 64 2826
f 2826 64 1752
f 360 2377 2196
f 2196 2377 2235
f 1432 521 1075
f 1075 521 674
f 177 972 1956
f 1956 972 1957
f 1782 2185 2532
f 2532 2185 2811
f 2148 526 1696
f 1696 526 1697
f 2142 1404 2191
f 2191 1404 2192
f 2468 381 1413
f 1413 381 1414
f 1528 1432 1522
f 1522 1432 1075
f 229 2277 675
f 675 2277 673
f 2377 2148 2235
f 2235 2148 1696
f 66 2457 1753
f 1753 2457 1607
f 1042 1782 2531
f 2531 1782 2532
f 109 177 2683
f 2683 177 1956
f 2131 1528 2130
f 2130 1528 1522
f 2276 1042 2626
f 2626 1042 2531
f 2379 2131 2378
f 2378 2131 2130
f 2185 2468 2811
f 2811 2468 1413
f 2494 2379 2492
f 2492 2379 2378
f 2612 2494 2611
f 2611 2494 2492
f 2684 2612 2694
f 2694 2612 2611
f 2742 2684 2741
f 2741 2684 2694
f 627 2742 2816
f 2816 2742 2741
f 2837 2836 2830
f 2830 2836 2831
f 2853 2837 2834
f 2834 2837 2830
f 2836 2853 2831
f 2831 2853 2834
f 2354 1450 1511
f 2300 2287 2000
f 1749 712 2685
f 2487 2567 2410
f 951 2590 690
f 1669 513 1240
f 1207 1208 1133
f 212 2533 2827
f 2267 974 1205
f 2763 2747 2762
f 37 778 1323
f 8 1813 1812
f 2717 1037 1754
f 289 2066 2067
f 2287 2153 2000
f 39 37 1323
f 2642 2587 2598
f 1450 693 1511
f 1511 2354 1450
f 2775 2759 2774
f 2533 1565 2827
f 1181 943 1302
f 1323 37 778
f 2351 1701 1601
f 603 776 3270
f 1094 1093 1092
f 1136 3271 1085
f 1983 2521 2475
f 513 512 1240
f 2311 289 2067
f 952 951 2403
f 1726 941 601
f 930 941 2052
f 1701 776 1601
f 1511 1450 2354
f 37 1323 778
f 468 503 480
f 208 604 209
f 604 1302 209
f 3272 3273 3274
f 503 3272 1428
f 3272 480 3273
f 3272 503 480
f 3274 3273 1185
f 1428 3274 1185
f 3272 3274 1428
f 468 1185 480
f 480 1185 3273
f 1764 1185 1665
f 1764 1428 1185
f 2032 2065 2036
f 2032 2026 2065
f 3275 2292 3276
f 2294 2292 3275
f 2567 2487 2410
f 2410 2487 2567
f 3275 3276 2487
f 2487 2410 2567
f 2410 3275 2487
f 2294 3275 2410
f 2292 2444 2487
f 2292 2487 3276
f 2587 2567 2644
f 2567 2642 2644
f 2644 2642 2587
f 2567 2487 2642
f 3277 2642 2487
f 2487 2598 2642
f 2487 2642 3277
f 2693 2642 2692
f 2693 2644 2642
f 1675 635 1663
f 1675 2249 635
f 1253 1663 2451
f 1663 635 2451
f 2115 2197 1533
f 2115 2450 2197
f 1533 2197 1534
f 1534 2197 2198
f 952 2717 1754
f 952 2403 2717
f 950 952 951
f 952 951 2403
f 952 950 951
f 1754 1037 2717
f 2717 1037 1754
f 1037 2717 1754
f 1037 1754 2717
f 1037 2552 1038
f 1037 1754 1417
f 1754 2717 1417
f 1037 1417 2552
f 1828 3 1775
f 1828 223 3
f 1776 3 2084
f 1776 1775 3
f 581 1635 852
f 2085 1635 581
f 1439 852 2519
f 1439 581 852
f 3278 2521 2475
f 2521 2520 2475
f 1984 2476 1208
f 1984 1983 2476
f 1133 3279 1208
f 1133 1208 1207
f 2234 522 3280
f 522 1984 3280
f 1984 1208 3280
f 2234 3279 1133
f 2234 3280 3279
f 3280 1208 3279
f 895 2234 2268
f 2268 2234 3281
f 2234 1133 3281
f 3281 1133 2305
f 2268 2305 1813
f 2268 3281 2305
f 1893 8 670
f 8 1812 670
f 672 671 1388
f 2244 672 1388
f 2549 2244 2778
f 2778 2244 2549
f 2778 2549 3282
f 2549 2244 3282
f 3282 2244 1388
f 3282 1388 2312
f 2778 2312 1390
f 2778 3282 2312
f 495 607 2523
f 2523 607 81
f 329 2523 3283
f 3283 1239 329
f 3283 81 2668
f 3283 2523 81
f 3283 2668 1239
f 644 2760 649
f 3284 2760 644
f 513 2760 3284
f 513 1669 2760
f 513 644 1953
f 513 3284 644
f 646 645 719
f 645 649 648
f 645 644 649
f 645 648 719
f 2814 1397 1092
f 646 719 2814
f 2814 719 1397
f 4 2814 1092
f 1094 3285 1092
f 5 4 2380
f 2380 4 3286
f 3286 1092 3285
f 3286 4 1092
f 3286 1094 2380
f 3286 3285 1094
f 1864 1094 2209
f 3287 1302 604
f 3287 1303 1302
f 2500 1301 3287
f 3287 1301 1303
f 2500 3287 1181
f 3287 604 1181
f 328 1639 72
f 1639 2280 72
f 327 3271 1136
f 327 295 3271
f 1648 1085 1771
f 1648 1140 1085
f 2006 2001 2153
f 2153 2001 2000
f 2287 2300 3288
f 2458 3288 2449
f 2300 2449 3288
f 2287 3288 2458
f 2449 3289 2605
f 2605 3289 2671
f 2459 2449 2605
f 2605 2671 2604
f 2449 2671 3289
f 2449 2530 2671
f 2697 2671 2670
f 2604 2671 2697
f 1853 27 1158
f 1853 2719 27
f 3290 26 3291
f 3290 1159 26
f 1159 27 26
f 1159 1158 27
f 3290 26 1159
f 3290 3291 26
f 662 1284 1271
f 662 1271 2295
f 1992 1271 1510
f 1992 2295 1271
f 623 1629 2250
f 1451 1450 623
f 623 1450 2354
f 1451 623 2250
f 2354 623 1629
f 623 2354 1629
f 2066 625 1629
f 2066 1629 625
f 2066 1629 625
f 2251 2250 703
f 703 1629 2066
f 703 2250 1629
f 289 2067 3292
f 2311 3292 289
f 289 3292 2311
f 2121 1257 2628
f 2121 1256 1257
f 830 3293 3294
f 198 1257 830
f 198 2628 1257
f 198 830 3294
f 198 3293 830
f 3294 3293 198
f 3295 2088 3296
f 3297 3295 3296
f 3298 1622 3295
f 3298 199 1622
f 199 3297 1344
f 3298 3297 199
f 3297 3296 2088
f 3298 3295 3297
f 1622 2088 3295
f 3297 2088 1344
f 1447 3299 2088
f 1448 3300 1447
f 1447 3300 3299
f 3300 1448 3299
f 1448 1447 3299
f 1448 2088 1447
f 1448 1344 2088
f 1447 2088 3299
f 940 930 2052
f 940 2052 941
f 601 603 2052
f 653 1726 941
f 653 2052 603
f 653 941 2052
f 941 1726 2052
f 1832 3270 776
f 1832 653 3270
f 653 603 3270
f 1832 776 1701
f 37 2351 778
f 778 2351 1601
f 2619 778 1323
f 38 1323 2619
f 38 39 1323
f 2619 1323 778
f 1689 3301 1324
f 1689 3301 3302
f 1689 1324 3301
f 1324 3301 54
f 3301 1324 54
f 1689 1324 54
f 3302 3301 1689
f 1689 54 446
f 2527 2617 2616
f 2527 445 2617
f 1993 2326 855
f 1993 855 1955
f 973 855 857
f 973 1955 855
f 974 3303 1205
f 974 3304 3303
f 3304 974 3303
f 974 1205 3303
f 2708 2267 1940
f 2267 1703 1940
f 2708 1940 1939
f 1565 1939 2827
f 1565 330 1939
f 2219 212 2564
f 2219 2533 212
f 1058 2564 211
f 2219 2564 1058
f 1269 3305 211
f 2614 3305 1269
f 2614 1058 3305
f 1058 211 3305
f 2614 1269 2504
f 2126 1269 1268
f 2126 2504 1269
f 1749 2280 1639
f 1749 2685 2280
f 480 503 468
f 2567 2410 2487
f 2642 2598 2587
f 1037 2717 1754
f 2521 3278 2475
f 649 2760 1669
f 1093 1094 1092
f 1094 1864 2380
f 2380 1864 1094
f 1181 604 1302
f 1181 1302 943
f 1085 3271 295
f 295 71 1085
f 2459 2458 2449
f 2348 2449 2300
f 3292 2067 289
f 601 2052 1726
f 330 2708 1939
f 2403 951 952
f 496 2523 329
